solid ASCII
  facet normal 8.867268e-02 4.748815e-01 -8.755711e-01
    outer loop
      vertex   7.521133e+01 -4.784825e+01 3.022229e+01
      vertex   7.234422e+01 -4.731288e+01 3.022229e+01
      vertex   7.523446e+01 -4.772437e+01 3.029182e+01
    endloop
  endfacet
  facet normal 8.867268e-02 4.748815e-01 -8.755711e-01
    outer loop
      vertex   7.523446e+01 -4.772437e+01 3.029182e+01
      vertex   7.234422e+01 -4.731288e+01 3.022229e+01
      vertex   6.947710e+01 -4.677752e+01 3.022229e+01
    endloop
  endfacet
  facet normal 8.867268e-02 4.748815e-01 -8.755711e-01
    outer loop
      vertex   7.523446e+01 -4.772437e+01 3.029182e+01
      vertex   6.947710e+01 -4.677752e+01 3.022229e+01
      vertex   6.660999e+01 -4.624216e+01 3.022229e+01
    endloop
  endfacet
  facet normal 6.468317e-02 3.464070e-01 -9.358516e-01
    outer loop
      vertex   6.660999e+01 -4.624216e+01 3.022229e+01
      vertex   6.947710e+01 -4.677752e+01 3.022229e+01
      vertex   6.658527e+01 -4.637456e+01 3.017157e+01
    endloop
  endfacet
  facet normal 6.468317e-02 3.464070e-01 -9.358516e-01
    outer loop
      vertex   6.660999e+01 -4.624216e+01 3.022229e+01
      vertex   6.658527e+01 -4.637456e+01 3.017157e+01
      vertex   6.371816e+01 -4.583920e+01 3.017157e+01
    endloop
  endfacet
  facet normal 3.935375e-02 2.107568e-01 -9.767461e-01
    outer loop
      vertex   6.371816e+01 -4.583920e+01 3.017157e+01
      vertex   6.658527e+01 -4.637456e+01 3.017157e+01
      vertex   6.369235e+01 -4.597739e+01 3.014071e+01
    endloop
  endfacet
  facet normal 3.935375e-02 2.107568e-01 -9.767461e-01
    outer loop
      vertex   6.371816e+01 -4.583920e+01 3.017157e+01
      vertex   6.369235e+01 -4.597739e+01 3.014071e+01
      vertex   6.082524e+01 -4.544202e+01 3.014071e+01
    endloop
  endfacet
  facet normal 1.320913e-02 7.074072e-02 -9.974073e-01
    outer loop
      vertex   6.082524e+01 -4.544202e+01 3.014071e+01
      vertex   6.369235e+01 -4.597739e+01 3.014071e+01
      vertex   7.513445e+01 -4.825996e+01 3.013035e+01
    endloop
  endfacet
  facet normal 1.320913e-02 7.074072e-02 -9.974073e-01
    outer loop
      vertex   6.082524e+01 -4.544202e+01 3.014071e+01
      vertex   7.513445e+01 -4.825996e+01 3.013035e+01
      vertex   5.795813e+01 -4.490666e+01 3.014071e+01
    endloop
  endfacet
  facet normal 1.320913e-02 7.074072e-02 -9.974073e-01
    outer loop
      vertex   5.795813e+01 -4.490666e+01 3.014071e+01
      vertex   7.513445e+01 -4.825996e+01 3.013035e+01
      vertex   4.072911e+01 -4.183559e+01 3.013035e+01
    endloop
  endfacet
  facet normal 1.320913e-02 7.074072e-02 -9.974073e-01
    outer loop
      vertex   5.795813e+01 -4.490666e+01 3.014071e+01
      vertex   4.072911e+01 -4.183559e+01 3.013035e+01
      vertex   5.509102e+01 -4.437130e+01 3.014071e+01
    endloop
  endfacet
  facet normal 1.320913e-02 7.074072e-02 -9.974073e-01
    outer loop
      vertex   5.509102e+01 -4.437130e+01 3.014071e+01
      vertex   4.072911e+01 -4.183559e+01 3.013035e+01
      vertex   5.222391e+01 -4.383593e+01 3.014071e+01
    endloop
  endfacet
  facet normal 3.935375e-02 2.107568e-01 -9.767461e-01
    outer loop
      vertex   5.509102e+01 -4.437130e+01 3.014071e+01
      vertex   5.222391e+01 -4.383593e+01 3.014071e+01
      vertex   5.511682e+01 -4.423310e+01 3.017157e+01
    endloop
  endfacet
  facet normal 3.935375e-02 2.107568e-01 -9.767461e-01
    outer loop
      vertex   5.511682e+01 -4.423310e+01 3.017157e+01
      vertex   5.222391e+01 -4.383593e+01 3.014071e+01
      vertex   5.224971e+01 -4.369774e+01 3.017157e+01
    endloop
  endfacet
  facet normal 6.468317e-02 3.464070e-01 -9.358516e-01
    outer loop
      vertex   5.511682e+01 -4.423310e+01 3.017157e+01
      vertex   5.224971e+01 -4.369774e+01 3.017157e+01
      vertex   5.514155e+01 -4.410070e+01 3.022229e+01
    endloop
  endfacet
  facet normal 6.468317e-02 3.464070e-01 -9.358516e-01
    outer loop
      vertex   5.514155e+01 -4.410070e+01 3.022229e+01
      vertex   5.224971e+01 -4.369774e+01 3.017157e+01
      vertex   5.227443e+01 -4.356533e+01 3.022229e+01
    endloop
  endfacet
  facet normal 8.867268e-02 4.748815e-01 -8.755711e-01
    outer loop
      vertex   5.514155e+01 -4.410070e+01 3.022229e+01
      vertex   5.227443e+01 -4.356533e+01 3.022229e+01
      vertex   4.082912e+01 -4.130000e+01 3.029182e+01
    endloop
  endfacet
  facet normal 8.867268e-02 4.748815e-01 -8.755711e-01
    outer loop
      vertex   4.082912e+01 -4.130000e+01 3.029182e+01
      vertex   5.227443e+01 -4.356533e+01 3.022229e+01
      vertex   4.940732e+01 -4.302997e+01 3.022229e+01
    endloop
  endfacet
  facet normal 8.867268e-02 4.748815e-01 -8.755711e-01
    outer loop
      vertex   4.082912e+01 -4.130000e+01 3.029182e+01
      vertex   4.940732e+01 -4.302997e+01 3.022229e+01
      vertex   4.654021e+01 -4.249461e+01 3.022229e+01
    endloop
  endfacet
  facet normal 6.468317e-02 3.464070e-01 -9.358516e-01
    outer loop
      vertex   4.654021e+01 -4.249461e+01 3.022229e+01
      vertex   4.940732e+01 -4.302997e+01 3.022229e+01
      vertex   4.651549e+01 -4.262701e+01 3.017157e+01
    endloop
  endfacet
  facet normal 6.468317e-02 3.464070e-01 -9.358516e-01
    outer loop
      vertex   4.654021e+01 -4.249461e+01 3.022229e+01
      vertex   4.651549e+01 -4.262701e+01 3.017157e+01
      vertex   4.364838e+01 -4.209165e+01 3.017157e+01
    endloop
  endfacet
  facet normal 3.935375e-02 2.107568e-01 -9.767461e-01
    outer loop
      vertex   4.364838e+01 -4.209165e+01 3.017157e+01
      vertex   4.651549e+01 -4.262701e+01 3.017157e+01
      vertex   4.362257e+01 -4.222984e+01 3.014071e+01
    endloop
  endfacet
  facet normal 3.935375e-02 2.107568e-01 -9.767461e-01
    outer loop
      vertex   4.364838e+01 -4.209165e+01 3.017157e+01
      vertex   4.362257e+01 -4.222984e+01 3.014071e+01
      vertex   4.075546e+01 -4.169448e+01 3.014071e+01
    endloop
  endfacet
  facet normal 1.320913e-02 7.074072e-02 -9.974073e-01
    outer loop
      vertex   4.075546e+01 -4.169448e+01 3.014071e+01
      vertex   4.362257e+01 -4.222984e+01 3.014071e+01
      vertex   4.072911e+01 -4.183559e+01 3.013035e+01
    endloop
  endfacet
  facet normal 1.320913e-02 7.074072e-02 -9.974073e-01
    outer loop
      vertex   4.072911e+01 -4.183559e+01 3.013035e+01
      vertex   4.362257e+01 -4.222984e+01 3.014071e+01
      vertex   4.648968e+01 -4.276520e+01 3.014071e+01
    endloop
  endfacet
  facet normal 1.320913e-02 7.074072e-02 -9.974073e-01
    outer loop
      vertex   4.072911e+01 -4.183559e+01 3.013035e+01
      vertex   4.648968e+01 -4.276520e+01 3.014071e+01
      vertex   4.935679e+01 -4.330057e+01 3.014071e+01
    endloop
  endfacet
  facet normal 3.935375e-02 2.107568e-01 -9.767461e-01
    outer loop
      vertex   4.935679e+01 -4.330057e+01 3.014071e+01
      vertex   4.648968e+01 -4.276520e+01 3.014071e+01
      vertex   4.938260e+01 -4.316238e+01 3.017157e+01
    endloop
  endfacet
  facet normal 3.935375e-02 2.107568e-01 -9.767461e-01
    outer loop
      vertex   4.935679e+01 -4.330057e+01 3.014071e+01
      vertex   4.938260e+01 -4.316238e+01 3.017157e+01
      vertex   5.224971e+01 -4.369774e+01 3.017157e+01
    endloop
  endfacet
  facet normal 6.468317e-02 3.464070e-01 -9.358516e-01
    outer loop
      vertex   5.224971e+01 -4.369774e+01 3.017157e+01
      vertex   4.938260e+01 -4.316238e+01 3.017157e+01
      vertex   5.227443e+01 -4.356533e+01 3.022229e+01
    endloop
  endfacet
  facet normal 6.468317e-02 3.464070e-01 -9.358516e-01
    outer loop
      vertex   7.234422e+01 -4.731288e+01 3.022229e+01
      vertex   7.521133e+01 -4.784825e+01 3.022229e+01
      vertex   7.231949e+01 -4.744529e+01 3.017157e+01
    endloop
  endfacet
  facet normal 6.468317e-02 3.464070e-01 -9.358516e-01
    outer loop
      vertex   7.231949e+01 -4.744529e+01 3.017157e+01
      vertex   7.521133e+01 -4.784825e+01 3.022229e+01
      vertex   7.518660e+01 -4.798065e+01 3.017157e+01
    endloop
  endfacet
  facet normal 3.935375e-02 2.107568e-01 -9.767461e-01
    outer loop
      vertex   7.231949e+01 -4.744529e+01 3.017157e+01
      vertex   7.518660e+01 -4.798065e+01 3.017157e+01
      vertex   7.229369e+01 -4.758348e+01 3.014071e+01
    endloop
  endfacet
  facet normal 3.935375e-02 2.107568e-01 -9.767461e-01
    outer loop
      vertex   7.229369e+01 -4.758348e+01 3.014071e+01
      vertex   7.518660e+01 -4.798065e+01 3.017157e+01
      vertex   7.516080e+01 -4.811884e+01 3.014071e+01
    endloop
  endfacet
  facet normal 1.320913e-02 7.074072e-02 -9.974073e-01
    outer loop
      vertex   7.229369e+01 -4.758348e+01 3.014071e+01
      vertex   7.516080e+01 -4.811884e+01 3.014071e+01
      vertex   7.513445e+01 -4.825996e+01 3.013035e+01
    endloop
  endfacet
  facet normal 3.935375e-02 2.107568e-01 -9.767461e-01
    outer loop
      vertex   4.075546e+01 -4.169448e+01 3.014071e+01
      vertex   4.078126e+01 -4.155628e+01 3.017157e+01
      vertex   4.364838e+01 -4.209165e+01 3.017157e+01
    endloop
  endfacet
  facet normal 6.468317e-02 3.464070e-01 -9.358516e-01
    outer loop
      vertex   4.364838e+01 -4.209165e+01 3.017157e+01
      vertex   4.078126e+01 -4.155628e+01 3.017157e+01
      vertex   4.367310e+01 -4.195924e+01 3.022229e+01
    endloop
  endfacet
  facet normal 6.468317e-02 3.464070e-01 -9.358516e-01
    outer loop
      vertex   4.364838e+01 -4.209165e+01 3.017157e+01
      vertex   4.367310e+01 -4.195924e+01 3.022229e+01
      vertex   4.654021e+01 -4.249461e+01 3.022229e+01
    endloop
  endfacet
  facet normal 8.867268e-02 4.748815e-01 -8.755711e-01
    outer loop
      vertex   4.654021e+01 -4.249461e+01 3.022229e+01
      vertex   4.367310e+01 -4.195924e+01 3.022229e+01
      vertex   4.082912e+01 -4.130000e+01 3.029182e+01
    endloop
  endfacet
  facet normal 6.468317e-02 3.464070e-01 -9.358516e-01
    outer loop
      vertex   4.078126e+01 -4.155628e+01 3.017157e+01
      vertex   4.080599e+01 -4.142388e+01 3.022229e+01
      vertex   4.367310e+01 -4.195924e+01 3.022229e+01
    endloop
  endfacet
  facet normal 8.867268e-02 4.748815e-01 -8.755711e-01
    outer loop
      vertex   4.367310e+01 -4.195924e+01 3.022229e+01
      vertex   4.080599e+01 -4.142388e+01 3.022229e+01
      vertex   4.082912e+01 -4.130000e+01 3.029182e+01
    endloop
  endfacet
  facet normal 8.867268e-02 4.748815e-01 -8.755711e-01
    outer loop
      vertex   5.514155e+01 -4.410070e+01 3.022229e+01
      vertex   4.082912e+01 -4.130000e+01 3.029182e+01
      vertex   5.800866e+01 -4.463606e+01 3.022229e+01
    endloop
  endfacet
  facet normal 8.867268e-02 4.748815e-01 -8.755711e-01
    outer loop
      vertex   5.800866e+01 -4.463606e+01 3.022229e+01
      vertex   4.082912e+01 -4.130000e+01 3.029182e+01
      vertex   7.523446e+01 -4.772437e+01 3.029182e+01
    endloop
  endfacet
  facet normal 8.867268e-02 4.748815e-01 -8.755711e-01
    outer loop
      vertex   5.800866e+01 -4.463606e+01 3.022229e+01
      vertex   7.523446e+01 -4.772437e+01 3.029182e+01
      vertex   6.087577e+01 -4.517143e+01 3.022229e+01
    endloop
  endfacet
  facet normal 8.867268e-02 4.748815e-01 -8.755711e-01
    outer loop
      vertex   6.087577e+01 -4.517143e+01 3.022229e+01
      vertex   7.523446e+01 -4.772437e+01 3.029182e+01
      vertex   6.374288e+01 -4.570679e+01 3.022229e+01
    endloop
  endfacet
  facet normal 6.468317e-02 3.464070e-01 -9.358516e-01
    outer loop
      vertex   6.087577e+01 -4.517143e+01 3.022229e+01
      vertex   6.374288e+01 -4.570679e+01 3.022229e+01
      vertex   6.085105e+01 -4.530383e+01 3.017157e+01
    endloop
  endfacet
  facet normal 6.468317e-02 3.464070e-01 -9.358516e-01
    outer loop
      vertex   6.085105e+01 -4.530383e+01 3.017157e+01
      vertex   6.374288e+01 -4.570679e+01 3.022229e+01
      vertex   6.371816e+01 -4.583920e+01 3.017157e+01
    endloop
  endfacet
  facet normal 3.935375e-02 2.107568e-01 -9.767461e-01
    outer loop
      vertex   6.085105e+01 -4.530383e+01 3.017157e+01
      vertex   6.371816e+01 -4.583920e+01 3.017157e+01
      vertex   6.082524e+01 -4.544202e+01 3.014071e+01
    endloop
  endfacet
  facet normal 8.867268e-02 4.748815e-01 -8.755711e-01
    outer loop
      vertex   6.374288e+01 -4.570679e+01 3.022229e+01
      vertex   7.523446e+01 -4.772437e+01 3.029182e+01
      vertex   6.660999e+01 -4.624216e+01 3.022229e+01
    endloop
  endfacet
  facet normal 6.468317e-02 3.464070e-01 -9.358516e-01
    outer loop
      vertex   6.947710e+01 -4.677752e+01 3.022229e+01
      vertex   7.234422e+01 -4.731288e+01 3.022229e+01
      vertex   6.945238e+01 -4.690992e+01 3.017157e+01
    endloop
  endfacet
  facet normal 6.468317e-02 3.464070e-01 -9.358516e-01
    outer loop
      vertex   6.945238e+01 -4.690992e+01 3.017157e+01
      vertex   7.234422e+01 -4.731288e+01 3.022229e+01
      vertex   7.231949e+01 -4.744529e+01 3.017157e+01
    endloop
  endfacet
  facet normal 3.935375e-02 2.107568e-01 -9.767461e-01
    outer loop
      vertex   6.945238e+01 -4.690992e+01 3.017157e+01
      vertex   7.231949e+01 -4.744529e+01 3.017157e+01
      vertex   6.942658e+01 -4.704812e+01 3.014071e+01
    endloop
  endfacet
  facet normal 3.935375e-02 2.107568e-01 -9.767461e-01
    outer loop
      vertex   6.942658e+01 -4.704812e+01 3.014071e+01
      vertex   7.231949e+01 -4.744529e+01 3.017157e+01
      vertex   7.229369e+01 -4.758348e+01 3.014071e+01
    endloop
  endfacet
  facet normal 1.320913e-02 7.074072e-02 -9.974073e-01
    outer loop
      vertex   6.942658e+01 -4.704812e+01 3.014071e+01
      vertex   7.229369e+01 -4.758348e+01 3.014071e+01
      vertex   7.513445e+01 -4.825996e+01 3.013035e+01
    endloop
  endfacet
  facet normal 6.468317e-02 3.464070e-01 -9.358516e-01
    outer loop
      vertex   6.371816e+01 -4.583920e+01 3.017157e+01
      vertex   6.374288e+01 -4.570679e+01 3.022229e+01
      vertex   6.660999e+01 -4.624216e+01 3.022229e+01
    endloop
  endfacet
  facet normal 6.468317e-02 3.464070e-01 -9.358516e-01
    outer loop
      vertex   5.511682e+01 -4.423310e+01 3.017157e+01
      vertex   5.514155e+01 -4.410070e+01 3.022229e+01
      vertex   5.800866e+01 -4.463606e+01 3.022229e+01
    endloop
  endfacet
  facet normal 6.468317e-02 3.464070e-01 -9.358516e-01
    outer loop
      vertex   5.800866e+01 -4.463606e+01 3.022229e+01
      vertex   6.087577e+01 -4.517143e+01 3.022229e+01
      vertex   5.798393e+01 -4.476847e+01 3.017157e+01
    endloop
  endfacet
  facet normal 6.468317e-02 3.464070e-01 -9.358516e-01
    outer loop
      vertex   5.798393e+01 -4.476847e+01 3.017157e+01
      vertex   6.087577e+01 -4.517143e+01 3.022229e+01
      vertex   6.085105e+01 -4.530383e+01 3.017157e+01
    endloop
  endfacet
  facet normal 3.935375e-02 2.107568e-01 -9.767461e-01
    outer loop
      vertex   5.798393e+01 -4.476847e+01 3.017157e+01
      vertex   6.085105e+01 -4.530383e+01 3.017157e+01
      vertex   5.795813e+01 -4.490666e+01 3.014071e+01
    endloop
  endfacet
  facet normal 3.935375e-02 2.107568e-01 -9.767461e-01
    outer loop
      vertex   5.795813e+01 -4.490666e+01 3.014071e+01
      vertex   6.085105e+01 -4.530383e+01 3.017157e+01
      vertex   6.082524e+01 -4.544202e+01 3.014071e+01
    endloop
  endfacet
  facet normal 6.468317e-02 3.464070e-01 -9.358516e-01
    outer loop
      vertex   4.651549e+01 -4.262701e+01 3.017157e+01
      vertex   4.940732e+01 -4.302997e+01 3.022229e+01
      vertex   4.938260e+01 -4.316238e+01 3.017157e+01
    endloop
  endfacet
  facet normal 6.468317e-02 3.464070e-01 -9.358516e-01
    outer loop
      vertex   4.938260e+01 -4.316238e+01 3.017157e+01
      vertex   4.940732e+01 -4.302997e+01 3.022229e+01
      vertex   5.227443e+01 -4.356533e+01 3.022229e+01
    endloop
  endfacet
  facet normal 6.468317e-02 3.464070e-01 -9.358516e-01
    outer loop
      vertex   6.947710e+01 -4.677752e+01 3.022229e+01
      vertex   6.945238e+01 -4.690992e+01 3.017157e+01
      vertex   6.658527e+01 -4.637456e+01 3.017157e+01
    endloop
  endfacet
  facet normal 3.935375e-02 2.107568e-01 -9.767461e-01
    outer loop
      vertex   6.658527e+01 -4.637456e+01 3.017157e+01
      vertex   6.945238e+01 -4.690992e+01 3.017157e+01
      vertex   6.655947e+01 -4.651275e+01 3.014071e+01
    endloop
  endfacet
  facet normal 3.935375e-02 2.107568e-01 -9.767461e-01
    outer loop
      vertex   6.658527e+01 -4.637456e+01 3.017157e+01
      vertex   6.655947e+01 -4.651275e+01 3.014071e+01
      vertex   6.369235e+01 -4.597739e+01 3.014071e+01
    endloop
  endfacet
  facet normal 1.320913e-02 7.074072e-02 -9.974073e-01
    outer loop
      vertex   6.369235e+01 -4.597739e+01 3.014071e+01
      vertex   6.655947e+01 -4.651275e+01 3.014071e+01
      vertex   7.513445e+01 -4.825996e+01 3.013035e+01
    endloop
  endfacet
  facet normal 3.935375e-02 2.107568e-01 -9.767461e-01
    outer loop
      vertex   6.655947e+01 -4.651275e+01 3.014071e+01
      vertex   6.945238e+01 -4.690992e+01 3.017157e+01
      vertex   6.942658e+01 -4.704812e+01 3.014071e+01
    endloop
  endfacet
  facet normal 3.935375e-02 2.107568e-01 -9.767461e-01
    outer loop
      vertex   5.509102e+01 -4.437130e+01 3.014071e+01
      vertex   5.511682e+01 -4.423310e+01 3.017157e+01
      vertex   5.798393e+01 -4.476847e+01 3.017157e+01
    endloop
  endfacet
  facet normal 6.468317e-02 3.464070e-01 -9.358516e-01
    outer loop
      vertex   5.798393e+01 -4.476847e+01 3.017157e+01
      vertex   5.511682e+01 -4.423310e+01 3.017157e+01
      vertex   5.800866e+01 -4.463606e+01 3.022229e+01
    endloop
  endfacet
  facet normal 3.935375e-02 2.107568e-01 -9.767461e-01
    outer loop
      vertex   5.509102e+01 -4.437130e+01 3.014071e+01
      vertex   5.798393e+01 -4.476847e+01 3.017157e+01
      vertex   5.795813e+01 -4.490666e+01 3.014071e+01
    endloop
  endfacet
  facet normal 3.935375e-02 2.107568e-01 -9.767461e-01
    outer loop
      vertex   4.935679e+01 -4.330057e+01 3.014071e+01
      vertex   5.224971e+01 -4.369774e+01 3.017157e+01
      vertex   5.222391e+01 -4.383593e+01 3.014071e+01
    endloop
  endfacet
  facet normal 3.935375e-02 2.107568e-01 -9.767461e-01
    outer loop
      vertex   4.362257e+01 -4.222984e+01 3.014071e+01
      vertex   4.651549e+01 -4.262701e+01 3.017157e+01
      vertex   4.648968e+01 -4.276520e+01 3.014071e+01
    endloop
  endfacet
  facet normal 3.935375e-02 2.107568e-01 -9.767461e-01
    outer loop
      vertex   4.648968e+01 -4.276520e+01 3.014071e+01
      vertex   4.651549e+01 -4.262701e+01 3.017157e+01
      vertex   4.938260e+01 -4.316238e+01 3.017157e+01
    endloop
  endfacet
  facet normal 1.320913e-02 7.074072e-02 -9.974073e-01
    outer loop
      vertex   7.513445e+01 -4.825996e+01 3.013035e+01
      vertex   6.655947e+01 -4.651275e+01 3.014071e+01
      vertex   6.942658e+01 -4.704812e+01 3.014071e+01
    endloop
  endfacet
  facet normal 1.320913e-02 7.074072e-02 -9.974073e-01
    outer loop
      vertex   4.072911e+01 -4.183559e+01 3.013035e+01
      vertex   4.935679e+01 -4.330057e+01 3.014071e+01
      vertex   5.222391e+01 -4.383593e+01 3.014071e+01
    endloop
  endfacet
  facet normal 9.830097e-01 -1.835534e-01 -3.436704e-13
    outer loop
      vertex   7.516080e+01 -4.811884e+01 3.014071e+01
      vertex   7.523446e+01 -4.772437e+01 3.029182e+01
      vertex   7.513445e+01 -4.825996e+01 3.013035e+01
    endloop
  endfacet
  facet normal 9.830097e-01 -1.835534e-01 -2.003368e-14
    outer loop
      vertex   7.513445e+01 -4.825996e+01 3.013035e+01
      vertex   7.523446e+01 -4.772437e+01 3.029182e+01
      vertex   7.571854e+01 -4.513191e+01 3.254820e+01
    endloop
  endfacet
  facet normal 9.830097e-01 -1.835534e-01 -3.935460e-16
    outer loop
      vertex   7.513445e+01 -4.825996e+01 3.013035e+01
      vertex   7.571854e+01 -4.513191e+01 3.254820e+01
      vertex   7.422140e+01 -5.314976e+01 4.018077e+01
    endloop
  endfacet
  facet normal 9.830097e-01 -1.835534e-01 -4.878137e-16
    outer loop
      vertex   7.422140e+01 -5.314976e+01 4.018077e+01
      vertex   7.571854e+01 -4.513191e+01 3.254820e+01
      vertex   7.553499e+01 -4.611491e+01 4.018077e+01
    endloop
  endfacet
  facet normal 9.830097e-01 -1.835534e-01 -2.109108e-15
    outer loop
      vertex   7.553499e+01 -4.611491e+01 4.018077e+01
      vertex   7.571854e+01 -4.513191e+01 3.254820e+01
      vertex   7.571854e+01 -4.513191e+01 3.918077e+01
    endloop
  endfacet
  facet normal 9.830097e-01 -1.835534e-01 1.801201e-14
    outer loop
      vertex   7.553499e+01 -4.611491e+01 4.018077e+01
      vertex   7.571854e+01 -4.513191e+01 3.918077e+01
      vertex   7.556111e+01 -4.597502e+01 4.017059e+01
    endloop
  endfacet
  facet normal 9.830097e-01 -1.835534e-01 -3.934584e-15
    outer loop
      vertex   7.556111e+01 -4.597502e+01 4.017059e+01
      vertex   7.571854e+01 -4.513191e+01 3.918077e+01
      vertex   7.558670e+01 -4.583797e+01 4.014027e+01
    endloop
  endfacet
  facet normal 9.830097e-01 -1.835534e-01 2.750674e-14
    outer loop
      vertex   7.558670e+01 -4.583797e+01 4.014027e+01
      vertex   7.571854e+01 -4.513191e+01 3.918077e+01
      vertex   7.561124e+01 -4.570656e+01 4.009040e+01
    endloop
  endfacet
  facet normal 9.830097e-01 -1.835534e-01 4.049607e-14
    outer loop
      vertex   7.561124e+01 -4.570656e+01 4.009040e+01
      vertex   7.571854e+01 -4.513191e+01 3.918077e+01
      vertex   7.563422e+01 -4.558346e+01 4.002203e+01
    endloop
  endfacet
  facet normal 9.830097e-01 -1.835534e-01 9.783432e-14
    outer loop
      vertex   7.563422e+01 -4.558346e+01 4.002203e+01
      vertex   7.571854e+01 -4.513191e+01 3.918077e+01
      vertex   7.565519e+01 -4.547118e+01 3.993652e+01
    endloop
  endfacet
  facet normal 9.830097e-01 -1.835534e-01 -3.218112e-14
    outer loop
      vertex   7.565519e+01 -4.547118e+01 3.993652e+01
      vertex   7.571854e+01 -4.513191e+01 3.918077e+01
      vertex   7.567371e+01 -4.537201e+01 3.983563e+01
    endloop
  endfacet
  facet normal 9.830097e-01 -1.835534e-01 -4.700345e-14
    outer loop
      vertex   7.567371e+01 -4.537201e+01 3.983563e+01
      vertex   7.571854e+01 -4.513191e+01 3.918077e+01
      vertex   7.568940e+01 -4.528795e+01 3.972141e+01
    endloop
  endfacet
  facet normal 9.830097e-01 -1.835534e-01 1.119412e-13
    outer loop
      vertex   7.568940e+01 -4.528795e+01 3.972141e+01
      vertex   7.571854e+01 -4.513191e+01 3.918077e+01
      vertex   7.570195e+01 -4.522074e+01 3.959619e+01
    endloop
  endfacet
  facet normal 9.830097e-01 -1.835534e-01 3.097225e-14
    outer loop
      vertex   7.570195e+01 -4.522074e+01 3.959619e+01
      vertex   7.571854e+01 -4.513191e+01 3.918077e+01
      vertex   7.571110e+01 -4.517172e+01 3.946251e+01
    endloop
  endfacet
  facet normal 9.830097e-01 -1.835534e-01 1.633347e-13
    outer loop
      vertex   7.571110e+01 -4.517172e+01 3.946251e+01
      vertex   7.571854e+01 -4.513191e+01 3.918077e+01
      vertex   7.571667e+01 -4.514191e+01 3.932309e+01
    endloop
  endfacet
  facet normal 9.830097e-01 -1.835534e-01 4.620964e-13
    outer loop
      vertex   7.516080e+01 -4.811884e+01 3.014071e+01
      vertex   7.518660e+01 -4.798065e+01 3.017157e+01
      vertex   7.523446e+01 -4.772437e+01 3.029182e+01
    endloop
  endfacet
  facet normal 9.830097e-01 -1.835534e-01 -4.643503e-13
    outer loop
      vertex   7.523446e+01 -4.772437e+01 3.029182e+01
      vertex   7.518660e+01 -4.798065e+01 3.017157e+01
      vertex   7.521133e+01 -4.784825e+01 3.022229e+01
    endloop
  endfacet
  facet normal 9.830097e-01 -1.835534e-01 -3.749342e-15
    outer loop
      vertex   7.523446e+01 -4.772437e+01 3.029182e+01
      vertex   7.563499e+01 -4.557933e+01 3.170967e+01
      vertex   7.571854e+01 -4.513191e+01 3.254820e+01
    endloop
  endfacet
  facet normal 9.830097e-01 -1.835534e-01 5.618964e-14
    outer loop
      vertex   7.571854e+01 -4.513191e+01 3.254820e+01
      vertex   7.563499e+01 -4.557933e+01 3.170967e+01
      vertex   7.565578e+01 -4.546800e+01 3.179527e+01
    endloop
  endfacet
  facet normal 9.830097e-01 -1.835534e-01 -1.159928e-14
    outer loop
      vertex   7.571854e+01 -4.513191e+01 3.254820e+01
      vertex   7.565578e+01 -4.546800e+01 3.179527e+01
      vertex   7.567414e+01 -4.536971e+01 3.189605e+01
    endloop
  endfacet
  facet normal 9.830097e-01 -1.835534e-01 -1.298623e-14
    outer loop
      vertex   7.567414e+01 -4.536971e+01 3.189605e+01
      vertex   7.568968e+01 -4.528644e+01 3.200997e+01
      vertex   7.571854e+01 -4.513191e+01 3.254820e+01
    endloop
  endfacet
  facet normal 9.830097e-01 -1.835534e-01 -6.874595e-14
    outer loop
      vertex   7.571854e+01 -4.513191e+01 3.254820e+01
      vertex   7.568968e+01 -4.528644e+01 3.200997e+01
      vertex   7.570212e+01 -4.521986e+01 3.213474e+01
    endloop
  endfacet
  facet normal 9.830097e-01 -1.835534e-01 1.407979e-13
    outer loop
      vertex   7.571854e+01 -4.513191e+01 3.254820e+01
      vertex   7.570212e+01 -4.521986e+01 3.213474e+01
      vertex   7.571118e+01 -4.517133e+01 3.226784e+01
    endloop
  endfacet
  facet normal 9.830097e-01 -1.835534e-01 4.270971e-14
    outer loop
      vertex   7.571118e+01 -4.517133e+01 3.226784e+01
      vertex   7.571669e+01 -4.514181e+01 3.240660e+01
      vertex   7.571854e+01 -4.513191e+01 3.254820e+01
    endloop
  endfacet
  facet normal 9.830097e-01 -1.835534e-01 9.336840e-14
    outer loop
      vertex   7.419528e+01 -5.328965e+01 4.017059e+01
      vertex   7.403785e+01 -5.413277e+01 3.918077e+01
      vertex   7.422140e+01 -5.314976e+01 4.018077e+01
    endloop
  endfacet
  facet normal 9.830097e-01 -1.835534e-01 -1.966827e-16
    outer loop
      vertex   7.422140e+01 -5.314976e+01 4.018077e+01
      vertex   7.403785e+01 -5.413277e+01 3.918077e+01
      vertex   7.403785e+01 -5.413277e+01 3.254820e+01
    endloop
  endfacet
  facet normal 9.830097e-01 -1.835534e-01 -1.394763e-15
    outer loop
      vertex   7.422140e+01 -5.314976e+01 4.018077e+01
      vertex   7.403785e+01 -5.413277e+01 3.254820e+01
      vertex   7.462193e+01 -5.100471e+01 3.013035e+01
    endloop
  endfacet
  facet normal 9.830097e-01 -1.835534e-01 -2.217521e-14
    outer loop
      vertex   7.462193e+01 -5.100471e+01 3.013035e+01
      vertex   7.403785e+01 -5.413277e+01 3.254820e+01
      vertex   7.452193e+01 -5.154030e+01 3.029182e+01
    endloop
  endfacet
  facet normal 9.830097e-01 -1.835534e-01 -4.611950e-13
    outer loop
      vertex   7.462193e+01 -5.100471e+01 3.013035e+01
      vertex   7.452193e+01 -5.154030e+01 3.029182e+01
      vertex   7.459558e+01 -5.114583e+01 3.014071e+01
    endloop
  endfacet
  facet normal 9.830097e-01 -1.835534e-01 -3.348241e-14
    outer loop
      vertex   7.459558e+01 -5.114583e+01 3.014071e+01
      vertex   7.452193e+01 -5.154030e+01 3.029182e+01
      vertex   7.456978e+01 -5.128402e+01 3.017157e+01
    endloop
  endfacet
  facet normal 9.830097e-01 -1.835534e-01 4.051398e-13
    outer loop
      vertex   7.456978e+01 -5.128402e+01 3.017157e+01
      vertex   7.452193e+01 -5.154030e+01 3.029182e+01
      vertex   7.454506e+01 -5.141643e+01 3.022229e+01
    endloop
  endfacet
  facet normal 9.830097e-01 -1.835534e-01 8.086035e-15
    outer loop
      vertex   7.419528e+01 -5.328965e+01 4.017059e+01
      vertex   7.416969e+01 -5.342670e+01 4.014027e+01
      vertex   7.403785e+01 -5.413277e+01 3.918077e+01
    endloop
  endfacet
  facet normal 9.830097e-01 -1.835534e-01 -2.851995e-15
    outer loop
      vertex   7.403785e+01 -5.413277e+01 3.918077e+01
      vertex   7.416969e+01 -5.342670e+01 4.014027e+01
      vertex   7.414515e+01 -5.355812e+01 4.009040e+01
    endloop
  endfacet
  facet normal 9.830097e-01 -1.835534e-01 -1.098039e-14
    outer loop
      vertex   7.403785e+01 -5.413277e+01 3.918077e+01
      vertex   7.414515e+01 -5.355812e+01 4.009040e+01
      vertex   7.412216e+01 -5.368121e+01 4.002203e+01
    endloop
  endfacet
  facet normal 9.830097e-01 -1.835534e-01 5.114622e-14
    outer loop
      vertex   7.412216e+01 -5.368121e+01 4.002203e+01
      vertex   7.410120e+01 -5.379349e+01 3.993652e+01
      vertex   7.403785e+01 -5.413277e+01 3.918077e+01
    endloop
  endfacet
  facet normal 9.830097e-01 -1.835534e-01 -2.700953e-14
    outer loop
      vertex   7.403785e+01 -5.413277e+01 3.918077e+01
      vertex   7.410120e+01 -5.379349e+01 3.993652e+01
      vertex   7.408268e+01 -5.389267e+01 3.983563e+01
    endloop
  endfacet
  facet normal 9.830097e-01 -1.835534e-01 8.554782e-14
    outer loop
      vertex   7.403785e+01 -5.413277e+01 3.918077e+01
      vertex   7.408268e+01 -5.389267e+01 3.983563e+01
      vertex   7.406698e+01 -5.397672e+01 3.972141e+01
    endloop
  endfacet
  facet normal 9.830097e-01 -1.835534e-01 -4.915666e-14
    outer loop
      vertex   7.406698e+01 -5.397672e+01 3.972141e+01
      vertex   7.405443e+01 -5.404394e+01 3.959619e+01
      vertex   7.403785e+01 -5.413277e+01 3.918077e+01
    endloop
  endfacet
  facet normal 9.830097e-01 -1.835534e-01 4.971133e-14
    outer loop
      vertex   7.403785e+01 -5.413277e+01 3.918077e+01
      vertex   7.405443e+01 -5.404394e+01 3.959619e+01
      vertex   7.404528e+01 -5.409295e+01 3.946251e+01
    endloop
  endfacet
  facet normal 9.830097e-01 -1.835534e-01 -3.533242e-14
    outer loop
      vertex   7.403785e+01 -5.413277e+01 3.918077e+01
      vertex   7.404528e+01 -5.409295e+01 3.946251e+01
      vertex   7.403971e+01 -5.412276e+01 3.932309e+01
    endloop
  endfacet
  facet normal 9.830097e-01 -1.835534e-01 1.363135e-13
    outer loop
      vertex   7.403969e+01 -5.412286e+01 3.240660e+01
      vertex   7.404521e+01 -5.409334e+01 3.226784e+01
      vertex   7.403785e+01 -5.413277e+01 3.254820e+01
    endloop
  endfacet
  facet normal 9.830097e-01 -1.835534e-01 1.375597e-14
    outer loop
      vertex   7.403785e+01 -5.413277e+01 3.254820e+01
      vertex   7.404521e+01 -5.409334e+01 3.226784e+01
      vertex   7.405427e+01 -5.404481e+01 3.213474e+01
    endloop
  endfacet
  facet normal 9.830097e-01 -1.835534e-01 7.400041e-14
    outer loop
      vertex   7.403785e+01 -5.413277e+01 3.254820e+01
      vertex   7.405427e+01 -5.404481e+01 3.213474e+01
      vertex   7.406670e+01 -5.397824e+01 3.200997e+01
    endloop
  endfacet
  facet normal 9.830097e-01 -1.835534e-01 1.698079e-14
    outer loop
      vertex   7.406670e+01 -5.397824e+01 3.200997e+01
      vertex   7.408225e+01 -5.389496e+01 3.189605e+01
      vertex   7.403785e+01 -5.413277e+01 3.254820e+01
    endloop
  endfacet
  facet normal 9.830097e-01 -1.835534e-01 -7.567148e-14
    outer loop
      vertex   7.403785e+01 -5.413277e+01 3.254820e+01
      vertex   7.408225e+01 -5.389496e+01 3.189605e+01
      vertex   7.410060e+01 -5.379667e+01 3.179527e+01
    endloop
  endfacet
  facet normal 9.830097e-01 -1.835534e-01 5.470282e-14
    outer loop
      vertex   7.403785e+01 -5.413277e+01 3.254820e+01
      vertex   7.410060e+01 -5.379667e+01 3.179527e+01
      vertex   7.412139e+01 -5.368535e+01 3.170967e+01
    endloop
  endfacet
  facet normal 9.830097e-01 -1.835534e-01 1.281806e-14
    outer loop
      vertex   7.412139e+01 -5.368535e+01 3.170967e+01
      vertex   7.452193e+01 -5.154030e+01 3.029182e+01
      vertex   7.403785e+01 -5.413277e+01 3.254820e+01
    endloop
  endfacet
  facet normal 9.830097e-01 -1.835534e-01 -2.294607e-16
    outer loop
      vertex   7.462193e+01 -5.100471e+01 3.013035e+01
      vertex   7.513445e+01 -4.825996e+01 3.013035e+01
      vertex   7.422140e+01 -5.314976e+01 4.018077e+01
    endloop
  endfacet
  facet normal 1.000083e-01 5.355888e-01 -8.385362e-01
    outer loop
      vertex   4.082912e+01 -4.130000e+01 3.029182e+01
      vertex   4.122965e+01 -3.915496e+01 3.170967e+01
      vertex   7.523446e+01 -4.772437e+01 3.029182e+01
    endloop
  endfacet
  facet normal 1.000083e-01 5.355888e-01 -8.385362e-01
    outer loop
      vertex   7.523446e+01 -4.772437e+01 3.029182e+01
      vertex   4.122965e+01 -3.915496e+01 3.170967e+01
      vertex   7.563499e+01 -4.557933e+01 3.170967e+01
    endloop
  endfacet
  facet normal 1.830904e-01 9.805302e-01 -7.098247e-02
    outer loop
      vertex   7.571669e+01 -4.514181e+01 3.240660e+01
      vertex   7.284958e+01 -4.460645e+01 3.240660e+01
      vertex   7.571854e+01 -4.513191e+01 3.254820e+01
    endloop
  endfacet
  facet normal 1.830904e-01 9.805302e-01 -7.098247e-02
    outer loop
      vertex   7.571854e+01 -4.513191e+01 3.254820e+01
      vertex   7.284958e+01 -4.460645e+01 3.240660e+01
      vertex   6.998247e+01 -4.407108e+01 3.240660e+01
    endloop
  endfacet
  facet normal 1.830904e-01 9.805302e-01 -7.098247e-02
    outer loop
      vertex   7.571854e+01 -4.513191e+01 3.254820e+01
      vertex   6.998247e+01 -4.407108e+01 3.240660e+01
      vertex   6.711535e+01 -4.353572e+01 3.240660e+01
    endloop
  endfacet
  facet normal 1.794004e-01 9.607685e-01 -2.115168e-01
    outer loop
      vertex   6.711535e+01 -4.353572e+01 3.240660e+01
      vertex   6.998247e+01 -4.407108e+01 3.240660e+01
      vertex   6.710984e+01 -4.356524e+01 3.226784e+01
    endloop
  endfacet
  facet normal 1.794004e-01 9.607685e-01 -2.115168e-01
    outer loop
      vertex   6.711535e+01 -4.353572e+01 3.240660e+01
      vertex   6.710984e+01 -4.356524e+01 3.226784e+01
      vertex   6.424273e+01 -4.302987e+01 3.226784e+01
    endloop
  endfacet
  facet normal 1.720947e-01 9.216435e-01 -3.477883e-01
    outer loop
      vertex   6.424273e+01 -4.302987e+01 3.226784e+01
      vertex   6.710984e+01 -4.356524e+01 3.226784e+01
      vertex   6.423367e+01 -4.307841e+01 3.213474e+01
    endloop
  endfacet
  facet normal 1.720947e-01 9.216435e-01 -3.477883e-01
    outer loop
      vertex   6.424273e+01 -4.302987e+01 3.226784e+01
      vertex   6.423367e+01 -4.307841e+01 3.213474e+01
      vertex   6.136656e+01 -4.254304e+01 3.213474e+01
    endloop
  endfacet
  facet normal 1.613207e-01 8.639436e-01 -4.770504e-01
    outer loop
      vertex   6.136656e+01 -4.254304e+01 3.213474e+01
      vertex   6.423367e+01 -4.307841e+01 3.213474e+01
      vertex   6.135413e+01 -4.260962e+01 3.200997e+01
    endloop
  endfacet
  facet normal 1.613207e-01 8.639436e-01 -4.770504e-01
    outer loop
      vertex   6.136656e+01 -4.254304e+01 3.213474e+01
      vertex   6.135413e+01 -4.260962e+01 3.200997e+01
      vertex   5.848701e+01 -4.207425e+01 3.200997e+01
    endloop
  endfacet
  facet normal 1.472953e-01 7.888318e-01 -5.966980e-01
    outer loop
      vertex   5.848701e+01 -4.207425e+01 3.200997e+01
      vertex   6.135413e+01 -4.260962e+01 3.200997e+01
      vertex   5.847147e+01 -4.215752e+01 3.189605e+01
    endloop
  endfacet
  facet normal 1.472953e-01 7.888318e-01 -5.966980e-01
    outer loop
      vertex   5.848701e+01 -4.207425e+01 3.200997e+01
      vertex   5.847147e+01 -4.215752e+01 3.189605e+01
      vertex   5.560435e+01 -4.162216e+01 3.189605e+01
    endloop
  endfacet
  facet normal 1.303014e-01 6.978218e-01 -7.043197e-01
    outer loop
      vertex   5.560435e+01 -4.162216e+01 3.189605e+01
      vertex   5.847147e+01 -4.215752e+01 3.189605e+01
      vertex   5.558600e+01 -4.172045e+01 3.179527e+01
    endloop
  endfacet
  facet normal 1.303014e-01 6.978218e-01 -7.043197e-01
    outer loop
      vertex   5.560435e+01 -4.162216e+01 3.189605e+01
      vertex   5.558600e+01 -4.172045e+01 3.179527e+01
      vertex   5.271889e+01 -4.118509e+01 3.179527e+01
    endloop
  endfacet
  facet normal 1.106814e-01 5.927479e-01 -7.977466e-01
    outer loop
      vertex   5.271889e+01 -4.118509e+01 3.179527e+01
      vertex   5.558600e+01 -4.172045e+01 3.179527e+01
      vertex   4.122965e+01 -3.915496e+01 3.170967e+01
    endloop
  endfacet
  facet normal 1.106814e-01 5.927479e-01 -7.977466e-01
    outer loop
      vertex   5.271889e+01 -4.118509e+01 3.179527e+01
      vertex   4.122965e+01 -3.915496e+01 3.170967e+01
      vertex   4.985178e+01 -4.064972e+01 3.179527e+01
    endloop
  endfacet
  facet normal 1.106814e-01 5.927479e-01 -7.977466e-01
    outer loop
      vertex   4.985178e+01 -4.064972e+01 3.179527e+01
      vertex   4.122965e+01 -3.915496e+01 3.170967e+01
      vertex   4.698466e+01 -4.011436e+01 3.179527e+01
    endloop
  endfacet
  facet normal 1.303014e-01 6.978218e-01 -7.043197e-01
    outer loop
      vertex   4.985178e+01 -4.064972e+01 3.179527e+01
      vertex   4.698466e+01 -4.011436e+01 3.179527e+01
      vertex   4.987013e+01 -4.055143e+01 3.189605e+01
    endloop
  endfacet
  facet normal 1.303014e-01 6.978218e-01 -7.043197e-01
    outer loop
      vertex   4.987013e+01 -4.055143e+01 3.189605e+01
      vertex   4.698466e+01 -4.011436e+01 3.179527e+01
      vertex   4.700302e+01 -4.001607e+01 3.189605e+01
    endloop
  endfacet
  facet normal 1.472953e-01 7.888318e-01 -5.966980e-01
    outer loop
      vertex   4.987013e+01 -4.055143e+01 3.189605e+01
      vertex   4.700302e+01 -4.001607e+01 3.189605e+01
      vertex   4.988568e+01 -4.046816e+01 3.200997e+01
    endloop
  endfacet
  facet normal 1.472953e-01 7.888318e-01 -5.966980e-01
    outer loop
      vertex   4.988568e+01 -4.046816e+01 3.200997e+01
      vertex   4.700302e+01 -4.001607e+01 3.189605e+01
      vertex   4.701857e+01 -3.993280e+01 3.200997e+01
    endloop
  endfacet
  facet normal 1.613207e-01 8.639436e-01 -4.770504e-01
    outer loop
      vertex   4.988568e+01 -4.046816e+01 3.200997e+01
      vertex   4.701857e+01 -3.993280e+01 3.200997e+01
      vertex   4.989811e+01 -4.040159e+01 3.213474e+01
    endloop
  endfacet
  facet normal 1.613207e-01 8.639436e-01 -4.770504e-01
    outer loop
      vertex   4.989811e+01 -4.040159e+01 3.213474e+01
      vertex   4.701857e+01 -3.993280e+01 3.200997e+01
      vertex   4.703100e+01 -3.986622e+01 3.213474e+01
    endloop
  endfacet
  facet normal 1.720947e-01 9.216435e-01 -3.477883e-01
    outer loop
      vertex   4.989811e+01 -4.040159e+01 3.213474e+01
      vertex   4.703100e+01 -3.986622e+01 3.213474e+01
      vertex   4.990717e+01 -4.035305e+01 3.226784e+01
    endloop
  endfacet
  facet normal 1.720947e-01 9.216435e-01 -3.477883e-01
    outer loop
      vertex   4.990717e+01 -4.035305e+01 3.226784e+01
      vertex   4.703100e+01 -3.986622e+01 3.213474e+01
      vertex   4.704006e+01 -3.981769e+01 3.226784e+01
    endloop
  endfacet
  facet normal 1.794004e-01 9.607685e-01 -2.115168e-01
    outer loop
      vertex   4.990717e+01 -4.035305e+01 3.226784e+01
      vertex   4.704006e+01 -3.981769e+01 3.226784e+01
      vertex   4.991268e+01 -4.032353e+01 3.240660e+01
    endloop
  endfacet
  facet normal 1.794004e-01 9.607685e-01 -2.115168e-01
    outer loop
      vertex   4.991268e+01 -4.032353e+01 3.240660e+01
      vertex   4.704006e+01 -3.981769e+01 3.226784e+01
      vertex   4.704557e+01 -3.978817e+01 3.240660e+01
    endloop
  endfacet
  facet normal 1.830904e-01 9.805302e-01 -7.098247e-02
    outer loop
      vertex   4.991268e+01 -4.032353e+01 3.240660e+01
      vertex   4.704557e+01 -3.978817e+01 3.240660e+01
      vertex   4.131320e+01 -3.870754e+01 3.254820e+01
    endloop
  endfacet
  facet normal 1.830904e-01 9.805302e-01 -7.098247e-02
    outer loop
      vertex   4.131320e+01 -3.870754e+01 3.254820e+01
      vertex   4.704557e+01 -3.978817e+01 3.240660e+01
      vertex   4.417846e+01 -3.925281e+01 3.240660e+01
    endloop
  endfacet
  facet normal 1.830904e-01 9.805302e-01 -7.098247e-02
    outer loop
      vertex   4.131320e+01 -3.870754e+01 3.254820e+01
      vertex   4.417846e+01 -3.925281e+01 3.240660e+01
      vertex   4.131135e+01 -3.871744e+01 3.240660e+01
    endloop
  endfacet
  facet normal 1.794004e-01 9.607685e-01 -2.115168e-01
    outer loop
      vertex   4.131135e+01 -3.871744e+01 3.240660e+01
      vertex   4.417846e+01 -3.925281e+01 3.240660e+01
      vertex   4.130584e+01 -3.874696e+01 3.226784e+01
    endloop
  endfacet
  facet normal 1.794004e-01 9.607685e-01 -2.115168e-01
    outer loop
      vertex   4.130584e+01 -3.874696e+01 3.226784e+01
      vertex   4.417846e+01 -3.925281e+01 3.240660e+01
      vertex   4.417295e+01 -3.928232e+01 3.226784e+01
    endloop
  endfacet
  facet normal 1.720947e-01 9.216435e-01 -3.477883e-01
    outer loop
      vertex   4.130584e+01 -3.874696e+01 3.226784e+01
      vertex   4.417295e+01 -3.928232e+01 3.226784e+01
      vertex   4.129677e+01 -3.879549e+01 3.213474e+01
    endloop
  endfacet
  facet normal 1.720947e-01 9.216435e-01 -3.477883e-01
    outer loop
      vertex   4.129677e+01 -3.879549e+01 3.213474e+01
      vertex   4.417295e+01 -3.928232e+01 3.226784e+01
      vertex   4.416389e+01 -3.933086e+01 3.213474e+01
    endloop
  endfacet
  facet normal 1.613207e-01 8.639436e-01 -4.770504e-01
    outer loop
      vertex   4.129677e+01 -3.879549e+01 3.213474e+01
      vertex   4.416389e+01 -3.933086e+01 3.213474e+01
      vertex   4.128434e+01 -3.886207e+01 3.200997e+01
    endloop
  endfacet
  facet normal 1.613207e-01 8.639436e-01 -4.770504e-01
    outer loop
      vertex   4.128434e+01 -3.886207e+01 3.200997e+01
      vertex   4.416389e+01 -3.933086e+01 3.213474e+01
      vertex   4.415146e+01 -3.939743e+01 3.200997e+01
    endloop
  endfacet
  facet normal 1.472953e-01 7.888318e-01 -5.966980e-01
    outer loop
      vertex   4.128434e+01 -3.886207e+01 3.200997e+01
      vertex   4.415146e+01 -3.939743e+01 3.200997e+01
      vertex   4.126879e+01 -3.894534e+01 3.189605e+01
    endloop
  endfacet
  facet normal 1.472953e-01 7.888318e-01 -5.966980e-01
    outer loop
      vertex   4.126879e+01 -3.894534e+01 3.189605e+01
      vertex   4.415146e+01 -3.939743e+01 3.200997e+01
      vertex   4.413591e+01 -3.948070e+01 3.189605e+01
    endloop
  endfacet
  facet normal 1.303014e-01 6.978218e-01 -7.043197e-01
    outer loop
      vertex   4.126879e+01 -3.894534e+01 3.189605e+01
      vertex   4.413591e+01 -3.948070e+01 3.189605e+01
      vertex   4.125044e+01 -3.904363e+01 3.179527e+01
    endloop
  endfacet
  facet normal 1.303014e-01 6.978218e-01 -7.043197e-01
    outer loop
      vertex   4.125044e+01 -3.904363e+01 3.179527e+01
      vertex   4.413591e+01 -3.948070e+01 3.189605e+01
      vertex   4.411755e+01 -3.957899e+01 3.179527e+01
    endloop
  endfacet
  facet normal 1.106814e-01 5.927479e-01 -7.977466e-01
    outer loop
      vertex   4.125044e+01 -3.904363e+01 3.179527e+01
      vertex   4.411755e+01 -3.957899e+01 3.179527e+01
      vertex   4.122965e+01 -3.915496e+01 3.170967e+01
    endloop
  endfacet
  facet normal 1.106814e-01 5.927479e-01 -7.977466e-01
    outer loop
      vertex   4.122965e+01 -3.915496e+01 3.170967e+01
      vertex   4.411755e+01 -3.957899e+01 3.179527e+01
      vertex   4.698466e+01 -4.011436e+01 3.179527e+01
    endloop
  endfacet
  facet normal 1.794004e-01 9.607685e-01 -2.115168e-01
    outer loop
      vertex   7.284958e+01 -4.460645e+01 3.240660e+01
      vertex   7.571669e+01 -4.514181e+01 3.240660e+01
      vertex   7.284407e+01 -4.463596e+01 3.226784e+01
    endloop
  endfacet
  facet normal 1.794004e-01 9.607685e-01 -2.115168e-01
    outer loop
      vertex   7.284407e+01 -4.463596e+01 3.226784e+01
      vertex   7.571669e+01 -4.514181e+01 3.240660e+01
      vertex   7.571118e+01 -4.517133e+01 3.226784e+01
    endloop
  endfacet
  facet normal 1.720947e-01 9.216435e-01 -3.477883e-01
    outer loop
      vertex   7.284407e+01 -4.463596e+01 3.226784e+01
      vertex   7.571118e+01 -4.517133e+01 3.226784e+01
      vertex   7.283500e+01 -4.468450e+01 3.213474e+01
    endloop
  endfacet
  facet normal 1.720947e-01 9.216435e-01 -3.477883e-01
    outer loop
      vertex   7.283500e+01 -4.468450e+01 3.213474e+01
      vertex   7.571118e+01 -4.517133e+01 3.226784e+01
      vertex   7.570212e+01 -4.521986e+01 3.213474e+01
    endloop
  endfacet
  facet normal 1.613207e-01 8.639436e-01 -4.770504e-01
    outer loop
      vertex   7.283500e+01 -4.468450e+01 3.213474e+01
      vertex   7.570212e+01 -4.521986e+01 3.213474e+01
      vertex   7.282257e+01 -4.475107e+01 3.200997e+01
    endloop
  endfacet
  facet normal 1.613207e-01 8.639436e-01 -4.770504e-01
    outer loop
      vertex   7.282257e+01 -4.475107e+01 3.200997e+01
      vertex   7.570212e+01 -4.521986e+01 3.213474e+01
      vertex   7.568968e+01 -4.528644e+01 3.200997e+01
    endloop
  endfacet
  facet normal 1.472953e-01 7.888318e-01 -5.966980e-01
    outer loop
      vertex   7.282257e+01 -4.475107e+01 3.200997e+01
      vertex   7.568968e+01 -4.528644e+01 3.200997e+01
      vertex   7.280702e+01 -4.483434e+01 3.189605e+01
    endloop
  endfacet
  facet normal 1.472953e-01 7.888318e-01 -5.966980e-01
    outer loop
      vertex   7.280702e+01 -4.483434e+01 3.189605e+01
      vertex   7.568968e+01 -4.528644e+01 3.200997e+01
      vertex   7.567414e+01 -4.536971e+01 3.189605e+01
    endloop
  endfacet
  facet normal 1.303014e-01 6.978218e-01 -7.043197e-01
    outer loop
      vertex   7.280702e+01 -4.483434e+01 3.189605e+01
      vertex   7.567414e+01 -4.536971e+01 3.189605e+01
      vertex   7.278867e+01 -4.493263e+01 3.179527e+01
    endloop
  endfacet
  facet normal 1.303014e-01 6.978218e-01 -7.043197e-01
    outer loop
      vertex   7.278867e+01 -4.493263e+01 3.179527e+01
      vertex   7.567414e+01 -4.536971e+01 3.189605e+01
      vertex   7.565578e+01 -4.546800e+01 3.179527e+01
    endloop
  endfacet
  facet normal 1.106814e-01 5.927479e-01 -7.977466e-01
    outer loop
      vertex   7.278867e+01 -4.493263e+01 3.179527e+01
      vertex   7.565578e+01 -4.546800e+01 3.179527e+01
      vertex   7.563499e+01 -4.557933e+01 3.170967e+01
    endloop
  endfacet
  facet normal 1.106814e-01 5.927479e-01 -7.977466e-01
    outer loop
      vertex   4.122965e+01 -3.915496e+01 3.170967e+01
      vertex   5.845311e+01 -4.225581e+01 3.179527e+01
      vertex   7.563499e+01 -4.557933e+01 3.170967e+01
    endloop
  endfacet
  facet normal 1.106814e-01 5.927479e-01 -7.977466e-01
    outer loop
      vertex   7.563499e+01 -4.557933e+01 3.170967e+01
      vertex   5.845311e+01 -4.225581e+01 3.179527e+01
      vertex   6.132022e+01 -4.279118e+01 3.179527e+01
    endloop
  endfacet
  facet normal 1.106814e-01 5.927479e-01 -7.977466e-01
    outer loop
      vertex   7.563499e+01 -4.557933e+01 3.170967e+01
      vertex   6.132022e+01 -4.279118e+01 3.179527e+01
      vertex   6.418734e+01 -4.332654e+01 3.179527e+01
    endloop
  endfacet
  facet normal 1.303014e-01 6.978218e-01 -7.043197e-01
    outer loop
      vertex   6.418734e+01 -4.332654e+01 3.179527e+01
      vertex   6.132022e+01 -4.279118e+01 3.179527e+01
      vertex   6.420569e+01 -4.322825e+01 3.189605e+01
    endloop
  endfacet
  facet normal 1.303014e-01 6.978218e-01 -7.043197e-01
    outer loop
      vertex   6.418734e+01 -4.332654e+01 3.179527e+01
      vertex   6.420569e+01 -4.322825e+01 3.189605e+01
      vertex   6.707280e+01 -4.376362e+01 3.189605e+01
    endloop
  endfacet
  facet normal 1.472953e-01 7.888318e-01 -5.966980e-01
    outer loop
      vertex   6.707280e+01 -4.376362e+01 3.189605e+01
      vertex   6.420569e+01 -4.322825e+01 3.189605e+01
      vertex   6.708835e+01 -4.368035e+01 3.200997e+01
    endloop
  endfacet
  facet normal 1.472953e-01 7.888318e-01 -5.966980e-01
    outer loop
      vertex   6.707280e+01 -4.376362e+01 3.189605e+01
      vertex   6.708835e+01 -4.368035e+01 3.200997e+01
      vertex   6.995546e+01 -4.421571e+01 3.200997e+01
    endloop
  endfacet
  facet normal 1.613207e-01 8.639436e-01 -4.770504e-01
    outer loop
      vertex   6.995546e+01 -4.421571e+01 3.200997e+01
      vertex   6.708835e+01 -4.368035e+01 3.200997e+01
      vertex   6.996789e+01 -4.414914e+01 3.213474e+01
    endloop
  endfacet
  facet normal 1.613207e-01 8.639436e-01 -4.770504e-01
    outer loop
      vertex   6.995546e+01 -4.421571e+01 3.200997e+01
      vertex   6.996789e+01 -4.414914e+01 3.213474e+01
      vertex   7.283500e+01 -4.468450e+01 3.213474e+01
    endloop
  endfacet
  facet normal 1.720947e-01 9.216435e-01 -3.477883e-01
    outer loop
      vertex   7.283500e+01 -4.468450e+01 3.213474e+01
      vertex   6.996789e+01 -4.414914e+01 3.213474e+01
      vertex   7.284407e+01 -4.463596e+01 3.226784e+01
    endloop
  endfacet
  facet normal 1.830904e-01 9.805302e-01 -7.098247e-02
    outer loop
      vertex   7.571854e+01 -4.513191e+01 3.254820e+01
      vertex   5.851402e+01 -4.192963e+01 3.240660e+01
      vertex   4.131320e+01 -3.870754e+01 3.254820e+01
    endloop
  endfacet
  facet normal 1.830904e-01 9.805302e-01 -7.098247e-02
    outer loop
      vertex   4.131320e+01 -3.870754e+01 3.254820e+01
      vertex   5.851402e+01 -4.192963e+01 3.240660e+01
      vertex   5.564691e+01 -4.139426e+01 3.240660e+01
    endloop
  endfacet
  facet normal 1.830904e-01 9.805302e-01 -7.098247e-02
    outer loop
      vertex   4.131320e+01 -3.870754e+01 3.254820e+01
      vertex   5.564691e+01 -4.139426e+01 3.240660e+01
      vertex   5.277980e+01 -4.085890e+01 3.240660e+01
    endloop
  endfacet
  facet normal 1.794004e-01 9.607685e-01 -2.115168e-01
    outer loop
      vertex   5.277980e+01 -4.085890e+01 3.240660e+01
      vertex   5.564691e+01 -4.139426e+01 3.240660e+01
      vertex   5.277428e+01 -4.088842e+01 3.226784e+01
    endloop
  endfacet
  facet normal 1.794004e-01 9.607685e-01 -2.115168e-01
    outer loop
      vertex   5.277980e+01 -4.085890e+01 3.240660e+01
      vertex   5.277428e+01 -4.088842e+01 3.226784e+01
      vertex   4.990717e+01 -4.035305e+01 3.226784e+01
    endloop
  endfacet
  facet normal 1.720947e-01 9.216435e-01 -3.477883e-01
    outer loop
      vertex   4.990717e+01 -4.035305e+01 3.226784e+01
      vertex   5.277428e+01 -4.088842e+01 3.226784e+01
      vertex   4.989811e+01 -4.040159e+01 3.213474e+01
    endloop
  endfacet
  facet normal 1.794004e-01 9.607685e-01 -2.115168e-01
    outer loop
      vertex   6.998247e+01 -4.407108e+01 3.240660e+01
      vertex   7.284958e+01 -4.460645e+01 3.240660e+01
      vertex   6.997695e+01 -4.410060e+01 3.226784e+01
    endloop
  endfacet
  facet normal 1.794004e-01 9.607685e-01 -2.115168e-01
    outer loop
      vertex   6.997695e+01 -4.410060e+01 3.226784e+01
      vertex   7.284958e+01 -4.460645e+01 3.240660e+01
      vertex   7.284407e+01 -4.463596e+01 3.226784e+01
    endloop
  endfacet
  facet normal 1.720947e-01 9.216435e-01 -3.477883e-01
    outer loop
      vertex   6.997695e+01 -4.410060e+01 3.226784e+01
      vertex   7.284407e+01 -4.463596e+01 3.226784e+01
      vertex   6.996789e+01 -4.414914e+01 3.213474e+01
    endloop
  endfacet
  facet normal 1.830904e-01 9.805302e-01 -7.098247e-02
    outer loop
      vertex   6.711535e+01 -4.353572e+01 3.240660e+01
      vertex   6.424824e+01 -4.300035e+01 3.240660e+01
      vertex   7.571854e+01 -4.513191e+01 3.254820e+01
    endloop
  endfacet
  facet normal 1.830904e-01 9.805302e-01 -7.098247e-02
    outer loop
      vertex   7.571854e+01 -4.513191e+01 3.254820e+01
      vertex   6.424824e+01 -4.300035e+01 3.240660e+01
      vertex   6.138113e+01 -4.246499e+01 3.240660e+01
    endloop
  endfacet
  facet normal 1.830904e-01 9.805302e-01 -7.098247e-02
    outer loop
      vertex   7.571854e+01 -4.513191e+01 3.254820e+01
      vertex   6.138113e+01 -4.246499e+01 3.240660e+01
      vertex   5.851402e+01 -4.192963e+01 3.240660e+01
    endloop
  endfacet
  facet normal 1.794004e-01 9.607685e-01 -2.115168e-01
    outer loop
      vertex   5.851402e+01 -4.192963e+01 3.240660e+01
      vertex   6.138113e+01 -4.246499e+01 3.240660e+01
      vertex   5.850851e+01 -4.195914e+01 3.226784e+01
    endloop
  endfacet
  facet normal 1.794004e-01 9.607685e-01 -2.115168e-01
    outer loop
      vertex   5.851402e+01 -4.192963e+01 3.240660e+01
      vertex   5.850851e+01 -4.195914e+01 3.226784e+01
      vertex   5.564140e+01 -4.142378e+01 3.226784e+01
    endloop
  endfacet
  facet normal 1.720947e-01 9.216435e-01 -3.477883e-01
    outer loop
      vertex   5.564140e+01 -4.142378e+01 3.226784e+01
      vertex   5.850851e+01 -4.195914e+01 3.226784e+01
      vertex   5.563233e+01 -4.147231e+01 3.213474e+01
    endloop
  endfacet
  facet normal 1.720947e-01 9.216435e-01 -3.477883e-01
    outer loop
      vertex   5.564140e+01 -4.142378e+01 3.226784e+01
      vertex   5.563233e+01 -4.147231e+01 3.213474e+01
      vertex   5.276522e+01 -4.093695e+01 3.213474e+01
    endloop
  endfacet
  facet normal 1.613207e-01 8.639436e-01 -4.770504e-01
    outer loop
      vertex   5.276522e+01 -4.093695e+01 3.213474e+01
      vertex   5.563233e+01 -4.147231e+01 3.213474e+01
      vertex   5.275279e+01 -4.100352e+01 3.200997e+01
    endloop
  endfacet
  facet normal 1.613207e-01 8.639436e-01 -4.770504e-01
    outer loop
      vertex   5.276522e+01 -4.093695e+01 3.213474e+01
      vertex   5.275279e+01 -4.100352e+01 3.200997e+01
      vertex   4.988568e+01 -4.046816e+01 3.200997e+01
    endloop
  endfacet
  facet normal 1.472953e-01 7.888318e-01 -5.966980e-01
    outer loop
      vertex   4.988568e+01 -4.046816e+01 3.200997e+01
      vertex   5.275279e+01 -4.100352e+01 3.200997e+01
      vertex   4.987013e+01 -4.055143e+01 3.189605e+01
    endloop
  endfacet
  facet normal 1.794004e-01 9.607685e-01 -2.115168e-01
    outer loop
      vertex   6.711535e+01 -4.353572e+01 3.240660e+01
      vertex   6.424273e+01 -4.302987e+01 3.226784e+01
      vertex   6.424824e+01 -4.300035e+01 3.240660e+01
    endloop
  endfacet
  facet normal 1.794004e-01 9.607685e-01 -2.115168e-01
    outer loop
      vertex   6.424824e+01 -4.300035e+01 3.240660e+01
      vertex   6.424273e+01 -4.302987e+01 3.226784e+01
      vertex   6.137562e+01 -4.249451e+01 3.226784e+01
    endloop
  endfacet
  facet normal 1.794004e-01 9.607685e-01 -2.115168e-01
    outer loop
      vertex   6.424824e+01 -4.300035e+01 3.240660e+01
      vertex   6.137562e+01 -4.249451e+01 3.226784e+01
      vertex   6.138113e+01 -4.246499e+01 3.240660e+01
    endloop
  endfacet
  facet normal 1.794004e-01 9.607685e-01 -2.115168e-01
    outer loop
      vertex   6.138113e+01 -4.246499e+01 3.240660e+01
      vertex   6.137562e+01 -4.249451e+01 3.226784e+01
      vertex   5.850851e+01 -4.195914e+01 3.226784e+01
    endloop
  endfacet
  facet normal 1.830904e-01 9.805302e-01 -7.098247e-02
    outer loop
      vertex   4.991268e+01 -4.032353e+01 3.240660e+01
      vertex   4.131320e+01 -3.870754e+01 3.254820e+01
      vertex   5.277980e+01 -4.085890e+01 3.240660e+01
    endloop
  endfacet
  facet normal 1.794004e-01 9.607685e-01 -2.115168e-01
    outer loop
      vertex   5.277428e+01 -4.088842e+01 3.226784e+01
      vertex   5.564691e+01 -4.139426e+01 3.240660e+01
      vertex   5.564140e+01 -4.142378e+01 3.226784e+01
    endloop
  endfacet
  facet normal 1.794004e-01 9.607685e-01 -2.115168e-01
    outer loop
      vertex   5.564140e+01 -4.142378e+01 3.226784e+01
      vertex   5.564691e+01 -4.139426e+01 3.240660e+01
      vertex   5.851402e+01 -4.192963e+01 3.240660e+01
    endloop
  endfacet
  facet normal 1.794004e-01 9.607685e-01 -2.115168e-01
    outer loop
      vertex   4.990717e+01 -4.035305e+01 3.226784e+01
      vertex   4.991268e+01 -4.032353e+01 3.240660e+01
      vertex   5.277980e+01 -4.085890e+01 3.240660e+01
    endloop
  endfacet
  facet normal 1.794004e-01 9.607685e-01 -2.115168e-01
    outer loop
      vertex   4.417295e+01 -3.928232e+01 3.226784e+01
      vertex   4.417846e+01 -3.925281e+01 3.240660e+01
      vertex   4.704557e+01 -3.978817e+01 3.240660e+01
    endloop
  endfacet
  facet normal 1.794004e-01 9.607685e-01 -2.115168e-01
    outer loop
      vertex   4.417295e+01 -3.928232e+01 3.226784e+01
      vertex   4.704557e+01 -3.978817e+01 3.240660e+01
      vertex   4.704006e+01 -3.981769e+01 3.226784e+01
    endloop
  endfacet
  facet normal 1.794004e-01 9.607685e-01 -2.115168e-01
    outer loop
      vertex   6.998247e+01 -4.407108e+01 3.240660e+01
      vertex   6.997695e+01 -4.410060e+01 3.226784e+01
      vertex   6.710984e+01 -4.356524e+01 3.226784e+01
    endloop
  endfacet
  facet normal 1.720947e-01 9.216435e-01 -3.477883e-01
    outer loop
      vertex   6.710984e+01 -4.356524e+01 3.226784e+01
      vertex   6.997695e+01 -4.410060e+01 3.226784e+01
      vertex   6.710078e+01 -4.361377e+01 3.213474e+01
    endloop
  endfacet
  facet normal 1.720947e-01 9.216435e-01 -3.477883e-01
    outer loop
      vertex   6.710984e+01 -4.356524e+01 3.226784e+01
      vertex   6.710078e+01 -4.361377e+01 3.213474e+01
      vertex   6.423367e+01 -4.307841e+01 3.213474e+01
    endloop
  endfacet
  facet normal 1.613207e-01 8.639436e-01 -4.770504e-01
    outer loop
      vertex   6.423367e+01 -4.307841e+01 3.213474e+01
      vertex   6.710078e+01 -4.361377e+01 3.213474e+01
      vertex   6.422124e+01 -4.314498e+01 3.200997e+01
    endloop
  endfacet
  facet normal 1.613207e-01 8.639436e-01 -4.770504e-01
    outer loop
      vertex   6.423367e+01 -4.307841e+01 3.213474e+01
      vertex   6.422124e+01 -4.314498e+01 3.200997e+01
      vertex   6.135413e+01 -4.260962e+01 3.200997e+01
    endloop
  endfacet
  facet normal 1.472953e-01 7.888318e-01 -5.966980e-01
    outer loop
      vertex   6.135413e+01 -4.260962e+01 3.200997e+01
      vertex   6.422124e+01 -4.314498e+01 3.200997e+01
      vertex   6.133858e+01 -4.269289e+01 3.189605e+01
    endloop
  endfacet
  facet normal 1.472953e-01 7.888318e-01 -5.966980e-01
    outer loop
      vertex   6.135413e+01 -4.260962e+01 3.200997e+01
      vertex   6.133858e+01 -4.269289e+01 3.189605e+01
      vertex   5.847147e+01 -4.215752e+01 3.189605e+01
    endloop
  endfacet
  facet normal 1.303014e-01 6.978218e-01 -7.043197e-01
    outer loop
      vertex   5.847147e+01 -4.215752e+01 3.189605e+01
      vertex   6.133858e+01 -4.269289e+01 3.189605e+01
      vertex   5.845311e+01 -4.225581e+01 3.179527e+01
    endloop
  endfacet
  facet normal 1.303014e-01 6.978218e-01 -7.043197e-01
    outer loop
      vertex   5.847147e+01 -4.215752e+01 3.189605e+01
      vertex   5.845311e+01 -4.225581e+01 3.179527e+01
      vertex   5.558600e+01 -4.172045e+01 3.179527e+01
    endloop
  endfacet
  facet normal 1.106814e-01 5.927479e-01 -7.977466e-01
    outer loop
      vertex   5.558600e+01 -4.172045e+01 3.179527e+01
      vertex   5.845311e+01 -4.225581e+01 3.179527e+01
      vertex   4.122965e+01 -3.915496e+01 3.170967e+01
    endloop
  endfacet
  facet normal 1.720947e-01 9.216435e-01 -3.477883e-01
    outer loop
      vertex   6.710078e+01 -4.361377e+01 3.213474e+01
      vertex   6.997695e+01 -4.410060e+01 3.226784e+01
      vertex   6.996789e+01 -4.414914e+01 3.213474e+01
    endloop
  endfacet
  facet normal 1.720947e-01 9.216435e-01 -3.477883e-01
    outer loop
      vertex   6.424273e+01 -4.302987e+01 3.226784e+01
      vertex   6.136656e+01 -4.254304e+01 3.213474e+01
      vertex   6.137562e+01 -4.249451e+01 3.226784e+01
    endloop
  endfacet
  facet normal 1.720947e-01 9.216435e-01 -3.477883e-01
    outer loop
      vertex   6.137562e+01 -4.249451e+01 3.226784e+01
      vertex   6.136656e+01 -4.254304e+01 3.213474e+01
      vertex   5.849945e+01 -4.200768e+01 3.213474e+01
    endloop
  endfacet
  facet normal 1.720947e-01 9.216435e-01 -3.477883e-01
    outer loop
      vertex   6.137562e+01 -4.249451e+01 3.226784e+01
      vertex   5.849945e+01 -4.200768e+01 3.213474e+01
      vertex   5.850851e+01 -4.195914e+01 3.226784e+01
    endloop
  endfacet
  facet normal 1.720947e-01 9.216435e-01 -3.477883e-01
    outer loop
      vertex   5.850851e+01 -4.195914e+01 3.226784e+01
      vertex   5.849945e+01 -4.200768e+01 3.213474e+01
      vertex   5.563233e+01 -4.147231e+01 3.213474e+01
    endloop
  endfacet
  facet normal 1.720947e-01 9.216435e-01 -3.477883e-01
    outer loop
      vertex   4.989811e+01 -4.040159e+01 3.213474e+01
      vertex   5.277428e+01 -4.088842e+01 3.226784e+01
      vertex   5.276522e+01 -4.093695e+01 3.213474e+01
    endloop
  endfacet
  facet normal 1.720947e-01 9.216435e-01 -3.477883e-01
    outer loop
      vertex   5.276522e+01 -4.093695e+01 3.213474e+01
      vertex   5.277428e+01 -4.088842e+01 3.226784e+01
      vertex   5.564140e+01 -4.142378e+01 3.226784e+01
    endloop
  endfacet
  facet normal 1.720947e-01 9.216435e-01 -3.477883e-01
    outer loop
      vertex   4.416389e+01 -3.933086e+01 3.213474e+01
      vertex   4.417295e+01 -3.928232e+01 3.226784e+01
      vertex   4.704006e+01 -3.981769e+01 3.226784e+01
    endloop
  endfacet
  facet normal 1.720947e-01 9.216435e-01 -3.477883e-01
    outer loop
      vertex   4.416389e+01 -3.933086e+01 3.213474e+01
      vertex   4.704006e+01 -3.981769e+01 3.226784e+01
      vertex   4.703100e+01 -3.986622e+01 3.213474e+01
    endloop
  endfacet
  facet normal 1.613207e-01 8.639436e-01 -4.770504e-01
    outer loop
      vertex   6.995546e+01 -4.421571e+01 3.200997e+01
      vertex   7.283500e+01 -4.468450e+01 3.213474e+01
      vertex   7.282257e+01 -4.475107e+01 3.200997e+01
    endloop
  endfacet
  facet normal 1.613207e-01 8.639436e-01 -4.770504e-01
    outer loop
      vertex   6.422124e+01 -4.314498e+01 3.200997e+01
      vertex   6.710078e+01 -4.361377e+01 3.213474e+01
      vertex   6.708835e+01 -4.368035e+01 3.200997e+01
    endloop
  endfacet
  facet normal 1.613207e-01 8.639436e-01 -4.770504e-01
    outer loop
      vertex   6.708835e+01 -4.368035e+01 3.200997e+01
      vertex   6.710078e+01 -4.361377e+01 3.213474e+01
      vertex   6.996789e+01 -4.414914e+01 3.213474e+01
    endloop
  endfacet
  facet normal 1.613207e-01 8.639436e-01 -4.770504e-01
    outer loop
      vertex   6.136656e+01 -4.254304e+01 3.213474e+01
      vertex   5.848701e+01 -4.207425e+01 3.200997e+01
      vertex   5.849945e+01 -4.200768e+01 3.213474e+01
    endloop
  endfacet
  facet normal 1.613207e-01 8.639436e-01 -4.770504e-01
    outer loop
      vertex   5.849945e+01 -4.200768e+01 3.213474e+01
      vertex   5.848701e+01 -4.207425e+01 3.200997e+01
      vertex   5.561990e+01 -4.153889e+01 3.200997e+01
    endloop
  endfacet
  facet normal 1.613207e-01 8.639436e-01 -4.770504e-01
    outer loop
      vertex   5.849945e+01 -4.200768e+01 3.213474e+01
      vertex   5.561990e+01 -4.153889e+01 3.200997e+01
      vertex   5.563233e+01 -4.147231e+01 3.213474e+01
    endloop
  endfacet
  facet normal 1.613207e-01 8.639436e-01 -4.770504e-01
    outer loop
      vertex   5.563233e+01 -4.147231e+01 3.213474e+01
      vertex   5.561990e+01 -4.153889e+01 3.200997e+01
      vertex   5.275279e+01 -4.100352e+01 3.200997e+01
    endloop
  endfacet
  facet normal 1.613207e-01 8.639436e-01 -4.770504e-01
    outer loop
      vertex   4.988568e+01 -4.046816e+01 3.200997e+01
      vertex   4.989811e+01 -4.040159e+01 3.213474e+01
      vertex   5.276522e+01 -4.093695e+01 3.213474e+01
    endloop
  endfacet
  facet normal 1.613207e-01 8.639436e-01 -4.770504e-01
    outer loop
      vertex   4.415146e+01 -3.939743e+01 3.200997e+01
      vertex   4.416389e+01 -3.933086e+01 3.213474e+01
      vertex   4.703100e+01 -3.986622e+01 3.213474e+01
    endloop
  endfacet
  facet normal 1.613207e-01 8.639436e-01 -4.770504e-01
    outer loop
      vertex   4.415146e+01 -3.939743e+01 3.200997e+01
      vertex   4.703100e+01 -3.986622e+01 3.213474e+01
      vertex   4.701857e+01 -3.993280e+01 3.200997e+01
    endloop
  endfacet
  facet normal 1.472953e-01 7.888318e-01 -5.966980e-01
    outer loop
      vertex   6.995546e+01 -4.421571e+01 3.200997e+01
      vertex   7.282257e+01 -4.475107e+01 3.200997e+01
      vertex   6.993991e+01 -4.429898e+01 3.189605e+01
    endloop
  endfacet
  facet normal 1.472953e-01 7.888318e-01 -5.966980e-01
    outer loop
      vertex   6.993991e+01 -4.429898e+01 3.189605e+01
      vertex   7.282257e+01 -4.475107e+01 3.200997e+01
      vertex   7.280702e+01 -4.483434e+01 3.189605e+01
    endloop
  endfacet
  facet normal 1.303014e-01 6.978218e-01 -7.043197e-01
    outer loop
      vertex   6.993991e+01 -4.429898e+01 3.189605e+01
      vertex   7.280702e+01 -4.483434e+01 3.189605e+01
      vertex   6.992156e+01 -4.439727e+01 3.179527e+01
    endloop
  endfacet
  facet normal 1.303014e-01 6.978218e-01 -7.043197e-01
    outer loop
      vertex   6.992156e+01 -4.439727e+01 3.179527e+01
      vertex   7.280702e+01 -4.483434e+01 3.189605e+01
      vertex   7.278867e+01 -4.493263e+01 3.179527e+01
    endloop
  endfacet
  facet normal 1.106814e-01 5.927479e-01 -7.977466e-01
    outer loop
      vertex   6.992156e+01 -4.439727e+01 3.179527e+01
      vertex   7.278867e+01 -4.493263e+01 3.179527e+01
      vertex   7.563499e+01 -4.557933e+01 3.170967e+01
    endloop
  endfacet
  facet normal 1.472953e-01 7.888318e-01 -5.966980e-01
    outer loop
      vertex   6.133858e+01 -4.269289e+01 3.189605e+01
      vertex   6.422124e+01 -4.314498e+01 3.200997e+01
      vertex   6.420569e+01 -4.322825e+01 3.189605e+01
    endloop
  endfacet
  facet normal 1.472953e-01 7.888318e-01 -5.966980e-01
    outer loop
      vertex   6.420569e+01 -4.322825e+01 3.189605e+01
      vertex   6.422124e+01 -4.314498e+01 3.200997e+01
      vertex   6.708835e+01 -4.368035e+01 3.200997e+01
    endloop
  endfacet
  facet normal 1.472953e-01 7.888318e-01 -5.966980e-01
    outer loop
      vertex   5.848701e+01 -4.207425e+01 3.200997e+01
      vertex   5.560435e+01 -4.162216e+01 3.189605e+01
      vertex   5.561990e+01 -4.153889e+01 3.200997e+01
    endloop
  endfacet
  facet normal 1.472953e-01 7.888318e-01 -5.966980e-01
    outer loop
      vertex   5.561990e+01 -4.153889e+01 3.200997e+01
      vertex   5.560435e+01 -4.162216e+01 3.189605e+01
      vertex   5.273724e+01 -4.108680e+01 3.189605e+01
    endloop
  endfacet
  facet normal 1.472953e-01 7.888318e-01 -5.966980e-01
    outer loop
      vertex   5.561990e+01 -4.153889e+01 3.200997e+01
      vertex   5.273724e+01 -4.108680e+01 3.189605e+01
      vertex   5.275279e+01 -4.100352e+01 3.200997e+01
    endloop
  endfacet
  facet normal 1.472953e-01 7.888318e-01 -5.966980e-01
    outer loop
      vertex   5.275279e+01 -4.100352e+01 3.200997e+01
      vertex   5.273724e+01 -4.108680e+01 3.189605e+01
      vertex   4.987013e+01 -4.055143e+01 3.189605e+01
    endloop
  endfacet
  facet normal 1.472953e-01 7.888318e-01 -5.966980e-01
    outer loop
      vertex   4.413591e+01 -3.948070e+01 3.189605e+01
      vertex   4.415146e+01 -3.939743e+01 3.200997e+01
      vertex   4.701857e+01 -3.993280e+01 3.200997e+01
    endloop
  endfacet
  facet normal 1.472953e-01 7.888318e-01 -5.966980e-01
    outer loop
      vertex   4.413591e+01 -3.948070e+01 3.189605e+01
      vertex   4.701857e+01 -3.993280e+01 3.200997e+01
      vertex   4.700302e+01 -4.001607e+01 3.189605e+01
    endloop
  endfacet
  facet normal 1.472953e-01 7.888318e-01 -5.966980e-01
    outer loop
      vertex   6.995546e+01 -4.421571e+01 3.200997e+01
      vertex   6.993991e+01 -4.429898e+01 3.189605e+01
      vertex   6.707280e+01 -4.376362e+01 3.189605e+01
    endloop
  endfacet
  facet normal 1.303014e-01 6.978218e-01 -7.043197e-01
    outer loop
      vertex   6.707280e+01 -4.376362e+01 3.189605e+01
      vertex   6.993991e+01 -4.429898e+01 3.189605e+01
      vertex   6.705445e+01 -4.386191e+01 3.179527e+01
    endloop
  endfacet
  facet normal 1.303014e-01 6.978218e-01 -7.043197e-01
    outer loop
      vertex   6.707280e+01 -4.376362e+01 3.189605e+01
      vertex   6.705445e+01 -4.386191e+01 3.179527e+01
      vertex   6.418734e+01 -4.332654e+01 3.179527e+01
    endloop
  endfacet
  facet normal 1.106814e-01 5.927479e-01 -7.977466e-01
    outer loop
      vertex   6.418734e+01 -4.332654e+01 3.179527e+01
      vertex   6.705445e+01 -4.386191e+01 3.179527e+01
      vertex   7.563499e+01 -4.557933e+01 3.170967e+01
    endloop
  endfacet
  facet normal 1.303014e-01 6.978218e-01 -7.043197e-01
    outer loop
      vertex   6.705445e+01 -4.386191e+01 3.179527e+01
      vertex   6.993991e+01 -4.429898e+01 3.189605e+01
      vertex   6.992156e+01 -4.439727e+01 3.179527e+01
    endloop
  endfacet
  facet normal 1.303014e-01 6.978218e-01 -7.043197e-01
    outer loop
      vertex   5.845311e+01 -4.225581e+01 3.179527e+01
      vertex   6.133858e+01 -4.269289e+01 3.189605e+01
      vertex   6.132022e+01 -4.279118e+01 3.179527e+01
    endloop
  endfacet
  facet normal 1.303014e-01 6.978218e-01 -7.043197e-01
    outer loop
      vertex   6.132022e+01 -4.279118e+01 3.179527e+01
      vertex   6.133858e+01 -4.269289e+01 3.189605e+01
      vertex   6.420569e+01 -4.322825e+01 3.189605e+01
    endloop
  endfacet
  facet normal 1.303014e-01 6.978218e-01 -7.043197e-01
    outer loop
      vertex   4.985178e+01 -4.064972e+01 3.179527e+01
      vertex   4.987013e+01 -4.055143e+01 3.189605e+01
      vertex   5.273724e+01 -4.108680e+01 3.189605e+01
    endloop
  endfacet
  facet normal 1.303014e-01 6.978218e-01 -7.043197e-01
    outer loop
      vertex   4.985178e+01 -4.064972e+01 3.179527e+01
      vertex   5.273724e+01 -4.108680e+01 3.189605e+01
      vertex   5.271889e+01 -4.118509e+01 3.179527e+01
    endloop
  endfacet
  facet normal 1.303014e-01 6.978218e-01 -7.043197e-01
    outer loop
      vertex   5.271889e+01 -4.118509e+01 3.179527e+01
      vertex   5.273724e+01 -4.108680e+01 3.189605e+01
      vertex   5.560435e+01 -4.162216e+01 3.189605e+01
    endloop
  endfacet
  facet normal 1.303014e-01 6.978218e-01 -7.043197e-01
    outer loop
      vertex   4.411755e+01 -3.957899e+01 3.179527e+01
      vertex   4.413591e+01 -3.948070e+01 3.189605e+01
      vertex   4.700302e+01 -4.001607e+01 3.189605e+01
    endloop
  endfacet
  facet normal 1.303014e-01 6.978218e-01 -7.043197e-01
    outer loop
      vertex   4.411755e+01 -3.957899e+01 3.179527e+01
      vertex   4.700302e+01 -4.001607e+01 3.189605e+01
      vertex   4.698466e+01 -4.011436e+01 3.179527e+01
    endloop
  endfacet
  facet normal 1.106814e-01 5.927479e-01 -7.977466e-01
    outer loop
      vertex   7.563499e+01 -4.557933e+01 3.170967e+01
      vertex   6.705445e+01 -4.386191e+01 3.179527e+01
      vertex   6.992156e+01 -4.439727e+01 3.179527e+01
    endloop
  endfacet
  facet normal 1.309455e-02 7.012711e-02 9.974521e-01
    outer loop
      vertex   7.556111e+01 -4.597502e+01 4.017059e+01
      vertex   7.269400e+01 -4.543965e+01 4.017059e+01
      vertex   7.553499e+01 -4.611491e+01 4.018077e+01
    endloop
  endfacet
  facet normal 1.309455e-02 7.012711e-02 9.974521e-01
    outer loop
      vertex   7.553499e+01 -4.611491e+01 4.018077e+01
      vertex   7.269400e+01 -4.543965e+01 4.017059e+01
      vertex   6.982689e+01 -4.490429e+01 4.017059e+01
    endloop
  endfacet
  facet normal 1.309455e-02 7.012711e-02 9.974521e-01
    outer loop
      vertex   7.553499e+01 -4.611491e+01 4.018077e+01
      vertex   6.982689e+01 -4.490429e+01 4.017059e+01
      vertex   6.695977e+01 -4.436893e+01 4.017059e+01
    endloop
  endfacet
  facet normal 3.901708e-02 2.089538e-01 9.771469e-01
    outer loop
      vertex   6.695977e+01 -4.436893e+01 4.017059e+01
      vertex   6.982689e+01 -4.490429e+01 4.017059e+01
      vertex   6.698536e+01 -4.423188e+01 4.014027e+01
    endloop
  endfacet
  facet normal 3.901708e-02 2.089538e-01 9.771469e-01
    outer loop
      vertex   6.695977e+01 -4.436893e+01 4.017059e+01
      vertex   6.698536e+01 -4.423188e+01 4.014027e+01
      vertex   6.411825e+01 -4.369651e+01 4.014027e+01
    endloop
  endfacet
  facet normal 6.414534e-02 3.435267e-01 9.369497e-01
    outer loop
      vertex   6.411825e+01 -4.369651e+01 4.014027e+01
      vertex   6.698536e+01 -4.423188e+01 4.014027e+01
      vertex   6.414279e+01 -4.356510e+01 4.009040e+01
    endloop
  endfacet
  facet normal 6.414534e-02 3.435267e-01 9.369497e-01
    outer loop
      vertex   6.411825e+01 -4.369651e+01 4.014027e+01
      vertex   6.414279e+01 -4.356510e+01 4.009040e+01
      vertex   6.127568e+01 -4.302974e+01 4.009040e+01
    endloop
  endfacet
  facet normal 8.796778e-02 4.711064e-01 8.776790e-01
    outer loop
      vertex   6.127568e+01 -4.302974e+01 4.009040e+01
      vertex   6.414279e+01 -4.356510e+01 4.009040e+01
      vertex   6.129866e+01 -4.290664e+01 4.002203e+01
    endloop
  endfacet
  facet normal 8.796778e-02 4.711064e-01 8.776790e-01
    outer loop
      vertex   6.127568e+01 -4.302974e+01 4.009040e+01
      vertex   6.129866e+01 -4.290664e+01 4.002203e+01
      vertex   5.843155e+01 -4.237128e+01 4.002203e+01
    endloop
  endfacet
  facet normal 1.099995e-01 5.890958e-01 8.005412e-01
    outer loop
      vertex   5.843155e+01 -4.237128e+01 4.002203e+01
      vertex   6.129866e+01 -4.290664e+01 4.002203e+01
      vertex   5.845252e+01 -4.225900e+01 3.993652e+01
    endloop
  endfacet
  facet normal 1.099995e-01 5.890958e-01 8.005412e-01
    outer loop
      vertex   5.843155e+01 -4.237128e+01 4.002203e+01
      vertex   5.845252e+01 -4.225900e+01 3.993652e+01
      vertex   5.558541e+01 -4.172363e+01 3.993652e+01
    endloop
  endfacet
  facet normal 1.297919e-01 6.950929e-01 7.071068e-01
    outer loop
      vertex   5.558541e+01 -4.172363e+01 3.993652e+01
      vertex   5.845252e+01 -4.225900e+01 3.993652e+01
      vertex   5.560392e+01 -4.162446e+01 3.983563e+01
    endloop
  endfacet
  facet normal 1.297919e-01 6.950929e-01 7.071068e-01
    outer loop
      vertex   5.558541e+01 -4.172363e+01 3.993652e+01
      vertex   5.560392e+01 -4.162446e+01 3.983563e+01
      vertex   5.273681e+01 -4.108909e+01 3.983563e+01
    endloop
  endfacet
  facet normal 1.469421e-01 7.869398e-01 5.992777e-01
    outer loop
      vertex   5.273681e+01 -4.108909e+01 3.983563e+01
      vertex   5.560392e+01 -4.162446e+01 3.983563e+01
      vertex   5.275251e+01 -4.100504e+01 3.972141e+01
    endloop
  endfacet
  facet normal 1.469421e-01 7.869398e-01 5.992777e-01
    outer loop
      vertex   5.273681e+01 -4.108909e+01 3.983563e+01
      vertex   5.275251e+01 -4.100504e+01 3.972141e+01
      vertex   4.988540e+01 -4.046968e+01 3.972141e+01
    endloop
  endfacet
  facet normal 1.611010e-01 8.627670e-01 4.792490e-01
    outer loop
      vertex   4.988540e+01 -4.046968e+01 3.972141e+01
      vertex   5.275251e+01 -4.100504e+01 3.972141e+01
      vertex   4.989795e+01 -4.040246e+01 3.959619e+01
    endloop
  endfacet
  facet normal 1.611010e-01 8.627670e-01 4.792490e-01
    outer loop
      vertex   4.988540e+01 -4.046968e+01 3.972141e+01
      vertex   4.989795e+01 -4.040246e+01 3.959619e+01
      vertex   4.703083e+01 -3.986710e+01 3.959619e+01
    endloop
  endfacet
  facet normal 1.719803e-01 9.210307e-01 3.494642e-01
    outer loop
      vertex   4.703083e+01 -3.986710e+01 3.959619e+01
      vertex   4.989795e+01 -4.040246e+01 3.959619e+01
      vertex   4.703999e+01 -3.981808e+01 3.946251e+01
    endloop
  endfacet
  facet normal 1.719803e-01 9.210307e-01 3.494642e-01
    outer loop
      vertex   4.703083e+01 -3.986710e+01 3.959619e+01
      vertex   4.703999e+01 -3.981808e+01 3.946251e+01
      vertex   4.417288e+01 -3.928272e+01 3.946251e+01
    endloop
  endfacet
  facet normal 1.793586e-01 9.605449e-01 2.125653e-01
    outer loop
      vertex   4.417288e+01 -3.928272e+01 3.946251e+01
      vertex   4.703999e+01 -3.981808e+01 3.946251e+01
      vertex   4.417844e+01 -3.925291e+01 3.932309e+01
    endloop
  endfacet
  facet normal 1.793586e-01 9.605449e-01 2.125653e-01
    outer loop
      vertex   4.417288e+01 -3.928272e+01 3.946251e+01
      vertex   4.417844e+01 -3.925291e+01 3.932309e+01
      vertex   4.131133e+01 -3.871754e+01 3.932309e+01
    endloop
  endfacet
  facet normal 1.830857e-01 9.805051e-01 7.133918e-02
    outer loop
      vertex   4.131133e+01 -3.871754e+01 3.932309e+01
      vertex   4.417844e+01 -3.925291e+01 3.932309e+01
      vertex   4.131320e+01 -3.870754e+01 3.918077e+01
    endloop
  endfacet
  facet normal 1.830857e-01 9.805051e-01 7.133918e-02
    outer loop
      vertex   4.131320e+01 -3.870754e+01 3.918077e+01
      vertex   4.417844e+01 -3.925291e+01 3.932309e+01
      vertex   4.704555e+01 -3.978827e+01 3.932309e+01
    endloop
  endfacet
  facet normal 1.830857e-01 9.805051e-01 7.133918e-02
    outer loop
      vertex   4.131320e+01 -3.870754e+01 3.918077e+01
      vertex   4.704555e+01 -3.978827e+01 3.932309e+01
      vertex   4.991267e+01 -4.032363e+01 3.932309e+01
    endloop
  endfacet
  facet normal 1.793586e-01 9.605449e-01 2.125653e-01
    outer loop
      vertex   4.991267e+01 -4.032363e+01 3.932309e+01
      vertex   4.704555e+01 -3.978827e+01 3.932309e+01
      vertex   4.990710e+01 -4.035345e+01 3.946251e+01
    endloop
  endfacet
  facet normal 1.793586e-01 9.605449e-01 2.125653e-01
    outer loop
      vertex   4.991267e+01 -4.032363e+01 3.932309e+01
      vertex   4.990710e+01 -4.035345e+01 3.946251e+01
      vertex   5.277421e+01 -4.088881e+01 3.946251e+01
    endloop
  endfacet
  facet normal 1.719803e-01 9.210307e-01 3.494642e-01
    outer loop
      vertex   5.277421e+01 -4.088881e+01 3.946251e+01
      vertex   4.990710e+01 -4.035345e+01 3.946251e+01
      vertex   5.276506e+01 -4.093783e+01 3.959619e+01
    endloop
  endfacet
  facet normal 1.719803e-01 9.210307e-01 3.494642e-01
    outer loop
      vertex   5.277421e+01 -4.088881e+01 3.946251e+01
      vertex   5.276506e+01 -4.093783e+01 3.959619e+01
      vertex   5.563217e+01 -4.147319e+01 3.959619e+01
    endloop
  endfacet
  facet normal 1.611010e-01 8.627670e-01 4.792490e-01
    outer loop
      vertex   5.563217e+01 -4.147319e+01 3.959619e+01
      vertex   5.276506e+01 -4.093783e+01 3.959619e+01
      vertex   5.561962e+01 -4.154041e+01 3.972141e+01
    endloop
  endfacet
  facet normal 1.611010e-01 8.627670e-01 4.792490e-01
    outer loop
      vertex   5.563217e+01 -4.147319e+01 3.959619e+01
      vertex   5.561962e+01 -4.154041e+01 3.972141e+01
      vertex   5.848673e+01 -4.207577e+01 3.972141e+01
    endloop
  endfacet
  facet normal 1.469421e-01 7.869398e-01 5.992777e-01
    outer loop
      vertex   5.848673e+01 -4.207577e+01 3.972141e+01
      vertex   5.561962e+01 -4.154041e+01 3.972141e+01
      vertex   5.847104e+01 -4.215982e+01 3.983563e+01
    endloop
  endfacet
  facet normal 1.469421e-01 7.869398e-01 5.992777e-01
    outer loop
      vertex   5.848673e+01 -4.207577e+01 3.972141e+01
      vertex   5.847104e+01 -4.215982e+01 3.983563e+01
      vertex   6.133815e+01 -4.269519e+01 3.983563e+01
    endloop
  endfacet
  facet normal 1.297919e-01 6.950929e-01 7.071068e-01
    outer loop
      vertex   6.133815e+01 -4.269519e+01 3.983563e+01
      vertex   5.847104e+01 -4.215982e+01 3.983563e+01
      vertex   6.131963e+01 -4.279436e+01 3.993652e+01
    endloop
  endfacet
  facet normal 1.297919e-01 6.950929e-01 7.071068e-01
    outer loop
      vertex   6.133815e+01 -4.269519e+01 3.983563e+01
      vertex   6.131963e+01 -4.279436e+01 3.993652e+01
      vertex   6.418674e+01 -4.332972e+01 3.993652e+01
    endloop
  endfacet
  facet normal 1.099995e-01 5.890958e-01 8.005412e-01
    outer loop
      vertex   6.418674e+01 -4.332972e+01 3.993652e+01
      vertex   6.131963e+01 -4.279436e+01 3.993652e+01
      vertex   6.416578e+01 -4.344200e+01 4.002203e+01
    endloop
  endfacet
  facet normal 1.099995e-01 5.890958e-01 8.005412e-01
    outer loop
      vertex   6.418674e+01 -4.332972e+01 3.993652e+01
      vertex   6.416578e+01 -4.344200e+01 4.002203e+01
      vertex   6.703289e+01 -4.397737e+01 4.002203e+01
    endloop
  endfacet
  facet normal 8.796778e-02 4.711064e-01 8.776790e-01
    outer loop
      vertex   6.703289e+01 -4.397737e+01 4.002203e+01
      vertex   6.416578e+01 -4.344200e+01 4.002203e+01
      vertex   6.700990e+01 -4.410047e+01 4.009040e+01
    endloop
  endfacet
  facet normal 8.796778e-02 4.711064e-01 8.776790e-01
    outer loop
      vertex   6.703289e+01 -4.397737e+01 4.002203e+01
      vertex   6.700990e+01 -4.410047e+01 4.009040e+01
      vertex   6.987701e+01 -4.463583e+01 4.009040e+01
    endloop
  endfacet
  facet normal 6.414534e-02 3.435267e-01 9.369497e-01
    outer loop
      vertex   6.987701e+01 -4.463583e+01 4.009040e+01
      vertex   6.700990e+01 -4.410047e+01 4.009040e+01
      vertex   6.985248e+01 -4.476724e+01 4.014027e+01
    endloop
  endfacet
  facet normal 6.414534e-02 3.435267e-01 9.369497e-01
    outer loop
      vertex   6.987701e+01 -4.463583e+01 4.009040e+01
      vertex   6.985248e+01 -4.476724e+01 4.014027e+01
      vertex   7.271959e+01 -4.530260e+01 4.014027e+01
    endloop
  endfacet
  facet normal 3.901708e-02 2.089538e-01 9.771469e-01
    outer loop
      vertex   7.271959e+01 -4.530260e+01 4.014027e+01
      vertex   6.985248e+01 -4.476724e+01 4.014027e+01
      vertex   7.269400e+01 -4.543965e+01 4.017059e+01
    endloop
  endfacet
  facet normal 3.901708e-02 2.089538e-01 9.771469e-01
    outer loop
      vertex   7.271959e+01 -4.530260e+01 4.014027e+01
      vertex   7.269400e+01 -4.543965e+01 4.017059e+01
      vertex   7.556111e+01 -4.597502e+01 4.017059e+01
    endloop
  endfacet
  facet normal 3.901708e-02 2.089538e-01 9.771469e-01
    outer loop
      vertex   7.556111e+01 -4.597502e+01 4.017059e+01
      vertex   7.558670e+01 -4.583797e+01 4.014027e+01
      vertex   7.271959e+01 -4.530260e+01 4.014027e+01
    endloop
  endfacet
  facet normal 6.414534e-02 3.435267e-01 9.369497e-01
    outer loop
      vertex   7.271959e+01 -4.530260e+01 4.014027e+01
      vertex   7.558670e+01 -4.583797e+01 4.014027e+01
      vertex   7.274413e+01 -4.517119e+01 4.009040e+01
    endloop
  endfacet
  facet normal 6.414534e-02 3.435267e-01 9.369497e-01
    outer loop
      vertex   7.271959e+01 -4.530260e+01 4.014027e+01
      vertex   7.274413e+01 -4.517119e+01 4.009040e+01
      vertex   6.987701e+01 -4.463583e+01 4.009040e+01
    endloop
  endfacet
  facet normal 8.796778e-02 4.711064e-01 8.776790e-01
    outer loop
      vertex   6.987701e+01 -4.463583e+01 4.009040e+01
      vertex   7.274413e+01 -4.517119e+01 4.009040e+01
      vertex   6.990000e+01 -4.451273e+01 4.002203e+01
    endloop
  endfacet
  facet normal 8.796778e-02 4.711064e-01 8.776790e-01
    outer loop
      vertex   6.987701e+01 -4.463583e+01 4.009040e+01
      vertex   6.990000e+01 -4.451273e+01 4.002203e+01
      vertex   6.703289e+01 -4.397737e+01 4.002203e+01
    endloop
  endfacet
  facet normal 1.099995e-01 5.890958e-01 8.005412e-01
    outer loop
      vertex   6.703289e+01 -4.397737e+01 4.002203e+01
      vertex   6.990000e+01 -4.451273e+01 4.002203e+01
      vertex   6.705385e+01 -4.386509e+01 3.993652e+01
    endloop
  endfacet
  facet normal 1.099995e-01 5.890958e-01 8.005412e-01
    outer loop
      vertex   6.703289e+01 -4.397737e+01 4.002203e+01
      vertex   6.705385e+01 -4.386509e+01 3.993652e+01
      vertex   6.418674e+01 -4.332972e+01 3.993652e+01
    endloop
  endfacet
  facet normal 1.297919e-01 6.950929e-01 7.071068e-01
    outer loop
      vertex   6.418674e+01 -4.332972e+01 3.993652e+01
      vertex   6.705385e+01 -4.386509e+01 3.993652e+01
      vertex   6.420526e+01 -4.323055e+01 3.983563e+01
    endloop
  endfacet
  facet normal 1.297919e-01 6.950929e-01 7.071068e-01
    outer loop
      vertex   6.418674e+01 -4.332972e+01 3.993652e+01
      vertex   6.420526e+01 -4.323055e+01 3.983563e+01
      vertex   6.133815e+01 -4.269519e+01 3.983563e+01
    endloop
  endfacet
  facet normal 1.469421e-01 7.869398e-01 5.992777e-01
    outer loop
      vertex   6.133815e+01 -4.269519e+01 3.983563e+01
      vertex   6.420526e+01 -4.323055e+01 3.983563e+01
      vertex   6.135384e+01 -4.261113e+01 3.972141e+01
    endloop
  endfacet
  facet normal 1.469421e-01 7.869398e-01 5.992777e-01
    outer loop
      vertex   6.133815e+01 -4.269519e+01 3.983563e+01
      vertex   6.135384e+01 -4.261113e+01 3.972141e+01
      vertex   5.848673e+01 -4.207577e+01 3.972141e+01
    endloop
  endfacet
  facet normal 1.611010e-01 8.627670e-01 4.792490e-01
    outer loop
      vertex   5.848673e+01 -4.207577e+01 3.972141e+01
      vertex   6.135384e+01 -4.261113e+01 3.972141e+01
      vertex   5.849928e+01 -4.200855e+01 3.959619e+01
    endloop
  endfacet
  facet normal 1.611010e-01 8.627670e-01 4.792490e-01
    outer loop
      vertex   5.848673e+01 -4.207577e+01 3.972141e+01
      vertex   5.849928e+01 -4.200855e+01 3.959619e+01
      vertex   5.563217e+01 -4.147319e+01 3.959619e+01
    endloop
  endfacet
  facet normal 1.719803e-01 9.210307e-01 3.494642e-01
    outer loop
      vertex   5.563217e+01 -4.147319e+01 3.959619e+01
      vertex   5.849928e+01 -4.200855e+01 3.959619e+01
      vertex   5.564132e+01 -4.142418e+01 3.946251e+01
    endloop
  endfacet
  facet normal 1.719803e-01 9.210307e-01 3.494642e-01
    outer loop
      vertex   5.563217e+01 -4.147319e+01 3.959619e+01
      vertex   5.564132e+01 -4.142418e+01 3.946251e+01
      vertex   5.277421e+01 -4.088881e+01 3.946251e+01
    endloop
  endfacet
  facet normal 1.793586e-01 9.605449e-01 2.125653e-01
    outer loop
      vertex   5.277421e+01 -4.088881e+01 3.946251e+01
      vertex   5.564132e+01 -4.142418e+01 3.946251e+01
      vertex   5.277978e+01 -4.085900e+01 3.932309e+01
    endloop
  endfacet
  facet normal 1.793586e-01 9.605449e-01 2.125653e-01
    outer loop
      vertex   5.277421e+01 -4.088881e+01 3.946251e+01
      vertex   5.277978e+01 -4.085900e+01 3.932309e+01
      vertex   4.991267e+01 -4.032363e+01 3.932309e+01
    endloop
  endfacet
  facet normal 1.830857e-01 9.805051e-01 7.133918e-02
    outer loop
      vertex   4.991267e+01 -4.032363e+01 3.932309e+01
      vertex   5.277978e+01 -4.085900e+01 3.932309e+01
      vertex   4.131320e+01 -3.870754e+01 3.918077e+01
    endloop
  endfacet
  facet normal 6.414534e-02 3.435267e-01 9.369497e-01
    outer loop
      vertex   7.558670e+01 -4.583797e+01 4.014027e+01
      vertex   7.561124e+01 -4.570656e+01 4.009040e+01
      vertex   7.274413e+01 -4.517119e+01 4.009040e+01
    endloop
  endfacet
  facet normal 8.796778e-02 4.711064e-01 8.776790e-01
    outer loop
      vertex   7.274413e+01 -4.517119e+01 4.009040e+01
      vertex   7.561124e+01 -4.570656e+01 4.009040e+01
      vertex   7.276711e+01 -4.504810e+01 4.002203e+01
    endloop
  endfacet
  facet normal 8.796778e-02 4.711064e-01 8.776790e-01
    outer loop
      vertex   7.274413e+01 -4.517119e+01 4.009040e+01
      vertex   7.276711e+01 -4.504810e+01 4.002203e+01
      vertex   6.990000e+01 -4.451273e+01 4.002203e+01
    endloop
  endfacet
  facet normal 1.099995e-01 5.890958e-01 8.005412e-01
    outer loop
      vertex   6.990000e+01 -4.451273e+01 4.002203e+01
      vertex   7.276711e+01 -4.504810e+01 4.002203e+01
      vertex   6.992096e+01 -4.440045e+01 3.993652e+01
    endloop
  endfacet
  facet normal 1.099995e-01 5.890958e-01 8.005412e-01
    outer loop
      vertex   6.990000e+01 -4.451273e+01 4.002203e+01
      vertex   6.992096e+01 -4.440045e+01 3.993652e+01
      vertex   6.705385e+01 -4.386509e+01 3.993652e+01
    endloop
  endfacet
  facet normal 1.297919e-01 6.950929e-01 7.071068e-01
    outer loop
      vertex   6.705385e+01 -4.386509e+01 3.993652e+01
      vertex   6.992096e+01 -4.440045e+01 3.993652e+01
      vertex   6.707237e+01 -4.376591e+01 3.983563e+01
    endloop
  endfacet
  facet normal 1.297919e-01 6.950929e-01 7.071068e-01
    outer loop
      vertex   6.705385e+01 -4.386509e+01 3.993652e+01
      vertex   6.707237e+01 -4.376591e+01 3.983563e+01
      vertex   6.420526e+01 -4.323055e+01 3.983563e+01
    endloop
  endfacet
  facet normal 1.469421e-01 7.869398e-01 5.992777e-01
    outer loop
      vertex   6.420526e+01 -4.323055e+01 3.983563e+01
      vertex   6.707237e+01 -4.376591e+01 3.983563e+01
      vertex   6.422095e+01 -4.314650e+01 3.972141e+01
    endloop
  endfacet
  facet normal 1.469421e-01 7.869398e-01 5.992777e-01
    outer loop
      vertex   6.420526e+01 -4.323055e+01 3.983563e+01
      vertex   6.422095e+01 -4.314650e+01 3.972141e+01
      vertex   6.135384e+01 -4.261113e+01 3.972141e+01
    endloop
  endfacet
  facet normal 1.611010e-01 8.627670e-01 4.792490e-01
    outer loop
      vertex   6.135384e+01 -4.261113e+01 3.972141e+01
      vertex   6.422095e+01 -4.314650e+01 3.972141e+01
      vertex   6.136639e+01 -4.254392e+01 3.959619e+01
    endloop
  endfacet
  facet normal 1.611010e-01 8.627670e-01 4.792490e-01
    outer loop
      vertex   6.135384e+01 -4.261113e+01 3.972141e+01
      vertex   6.136639e+01 -4.254392e+01 3.959619e+01
      vertex   5.849928e+01 -4.200855e+01 3.959619e+01
    endloop
  endfacet
  facet normal 1.719803e-01 9.210307e-01 3.494642e-01
    outer loop
      vertex   5.849928e+01 -4.200855e+01 3.959619e+01
      vertex   6.136639e+01 -4.254392e+01 3.959619e+01
      vertex   5.850843e+01 -4.195954e+01 3.946251e+01
    endloop
  endfacet
  facet normal 1.719803e-01 9.210307e-01 3.494642e-01
    outer loop
      vertex   5.849928e+01 -4.200855e+01 3.959619e+01
      vertex   5.850843e+01 -4.195954e+01 3.946251e+01
      vertex   5.564132e+01 -4.142418e+01 3.946251e+01
    endloop
  endfacet
  facet normal 1.793586e-01 9.605449e-01 2.125653e-01
    outer loop
      vertex   5.564132e+01 -4.142418e+01 3.946251e+01
      vertex   5.850843e+01 -4.195954e+01 3.946251e+01
      vertex   5.564689e+01 -4.139436e+01 3.932309e+01
    endloop
  endfacet
  facet normal 1.793586e-01 9.605449e-01 2.125653e-01
    outer loop
      vertex   5.564132e+01 -4.142418e+01 3.946251e+01
      vertex   5.564689e+01 -4.139436e+01 3.932309e+01
      vertex   5.277978e+01 -4.085900e+01 3.932309e+01
    endloop
  endfacet
  facet normal 1.830857e-01 9.805051e-01 7.133918e-02
    outer loop
      vertex   5.277978e+01 -4.085900e+01 3.932309e+01
      vertex   5.564689e+01 -4.139436e+01 3.932309e+01
      vertex   4.131320e+01 -3.870754e+01 3.918077e+01
    endloop
  endfacet
  facet normal 8.796778e-02 4.711064e-01 8.776790e-01
    outer loop
      vertex   7.561124e+01 -4.570656e+01 4.009040e+01
      vertex   7.563422e+01 -4.558346e+01 4.002203e+01
      vertex   7.276711e+01 -4.504810e+01 4.002203e+01
    endloop
  endfacet
  facet normal 1.099995e-01 5.890958e-01 8.005412e-01
    outer loop
      vertex   7.276711e+01 -4.504810e+01 4.002203e+01
      vertex   7.563422e+01 -4.558346e+01 4.002203e+01
      vertex   7.278808e+01 -4.493582e+01 3.993652e+01
    endloop
  endfacet
  facet normal 1.099995e-01 5.890958e-01 8.005412e-01
    outer loop
      vertex   7.276711e+01 -4.504810e+01 4.002203e+01
      vertex   7.278808e+01 -4.493582e+01 3.993652e+01
      vertex   6.992096e+01 -4.440045e+01 3.993652e+01
    endloop
  endfacet
  facet normal 1.297919e-01 6.950929e-01 7.071068e-01
    outer loop
      vertex   6.992096e+01 -4.440045e+01 3.993652e+01
      vertex   7.278808e+01 -4.493582e+01 3.993652e+01
      vertex   6.993948e+01 -4.430128e+01 3.983563e+01
    endloop
  endfacet
  facet normal 1.297919e-01 6.950929e-01 7.071068e-01
    outer loop
      vertex   6.992096e+01 -4.440045e+01 3.993652e+01
      vertex   6.993948e+01 -4.430128e+01 3.983563e+01
      vertex   6.707237e+01 -4.376591e+01 3.983563e+01
    endloop
  endfacet
  facet normal 1.469421e-01 7.869398e-01 5.992777e-01
    outer loop
      vertex   6.707237e+01 -4.376591e+01 3.983563e+01
      vertex   6.993948e+01 -4.430128e+01 3.983563e+01
      vertex   6.708807e+01 -4.368186e+01 3.972141e+01
    endloop
  endfacet
  facet normal 1.469421e-01 7.869398e-01 5.992777e-01
    outer loop
      vertex   6.707237e+01 -4.376591e+01 3.983563e+01
      vertex   6.708807e+01 -4.368186e+01 3.972141e+01
      vertex   6.422095e+01 -4.314650e+01 3.972141e+01
    endloop
  endfacet
  facet normal 1.611010e-01 8.627670e-01 4.792490e-01
    outer loop
      vertex   6.422095e+01 -4.314650e+01 3.972141e+01
      vertex   6.708807e+01 -4.368186e+01 3.972141e+01
      vertex   6.423351e+01 -4.307928e+01 3.959619e+01
    endloop
  endfacet
  facet normal 1.611010e-01 8.627670e-01 4.792490e-01
    outer loop
      vertex   6.422095e+01 -4.314650e+01 3.972141e+01
      vertex   6.423351e+01 -4.307928e+01 3.959619e+01
      vertex   6.136639e+01 -4.254392e+01 3.959619e+01
    endloop
  endfacet
  facet normal 1.719803e-01 9.210307e-01 3.494642e-01
    outer loop
      vertex   6.136639e+01 -4.254392e+01 3.959619e+01
      vertex   6.423351e+01 -4.307928e+01 3.959619e+01
      vertex   6.137555e+01 -4.249490e+01 3.946251e+01
    endloop
  endfacet
  facet normal 1.719803e-01 9.210307e-01 3.494642e-01
    outer loop
      vertex   6.136639e+01 -4.254392e+01 3.959619e+01
      vertex   6.137555e+01 -4.249490e+01 3.946251e+01
      vertex   5.850843e+01 -4.195954e+01 3.946251e+01
    endloop
  endfacet
  facet normal 1.793586e-01 9.605449e-01 2.125653e-01
    outer loop
      vertex   5.850843e+01 -4.195954e+01 3.946251e+01
      vertex   6.137555e+01 -4.249490e+01 3.946251e+01
      vertex   5.851400e+01 -4.192973e+01 3.932309e+01
    endloop
  endfacet
  facet normal 1.793586e-01 9.605449e-01 2.125653e-01
    outer loop
      vertex   5.850843e+01 -4.195954e+01 3.946251e+01
      vertex   5.851400e+01 -4.192973e+01 3.932309e+01
      vertex   5.564689e+01 -4.139436e+01 3.932309e+01
    endloop
  endfacet
  facet normal 1.830857e-01 9.805051e-01 7.133918e-02
    outer loop
      vertex   5.564689e+01 -4.139436e+01 3.932309e+01
      vertex   5.851400e+01 -4.192973e+01 3.932309e+01
      vertex   4.131320e+01 -3.870754e+01 3.918077e+01
    endloop
  endfacet
  facet normal 1.099995e-01 5.890958e-01 8.005412e-01
    outer loop
      vertex   7.563422e+01 -4.558346e+01 4.002203e+01
      vertex   7.565519e+01 -4.547118e+01 3.993652e+01
      vertex   7.278808e+01 -4.493582e+01 3.993652e+01
    endloop
  endfacet
  facet normal 1.297919e-01 6.950929e-01 7.071068e-01
    outer loop
      vertex   7.278808e+01 -4.493582e+01 3.993652e+01
      vertex   7.565519e+01 -4.547118e+01 3.993652e+01
      vertex   7.280659e+01 -4.483664e+01 3.983563e+01
    endloop
  endfacet
  facet normal 1.297919e-01 6.950929e-01 7.071068e-01
    outer loop
      vertex   7.278808e+01 -4.493582e+01 3.993652e+01
      vertex   7.280659e+01 -4.483664e+01 3.983563e+01
      vertex   6.993948e+01 -4.430128e+01 3.983563e+01
    endloop
  endfacet
  facet normal 1.469421e-01 7.869398e-01 5.992777e-01
    outer loop
      vertex   6.993948e+01 -4.430128e+01 3.983563e+01
      vertex   7.280659e+01 -4.483664e+01 3.983563e+01
      vertex   6.995518e+01 -4.421723e+01 3.972141e+01
    endloop
  endfacet
  facet normal 1.469421e-01 7.869398e-01 5.992777e-01
    outer loop
      vertex   6.993948e+01 -4.430128e+01 3.983563e+01
      vertex   6.995518e+01 -4.421723e+01 3.972141e+01
      vertex   6.708807e+01 -4.368186e+01 3.972141e+01
    endloop
  endfacet
  facet normal 1.611010e-01 8.627670e-01 4.792490e-01
    outer loop
      vertex   6.708807e+01 -4.368186e+01 3.972141e+01
      vertex   6.995518e+01 -4.421723e+01 3.972141e+01
      vertex   6.710062e+01 -4.361465e+01 3.959619e+01
    endloop
  endfacet
  facet normal 1.611010e-01 8.627670e-01 4.792490e-01
    outer loop
      vertex   6.708807e+01 -4.368186e+01 3.972141e+01
      vertex   6.710062e+01 -4.361465e+01 3.959619e+01
      vertex   6.423351e+01 -4.307928e+01 3.959619e+01
    endloop
  endfacet
  facet normal 1.719803e-01 9.210307e-01 3.494642e-01
    outer loop
      vertex   6.423351e+01 -4.307928e+01 3.959619e+01
      vertex   6.710062e+01 -4.361465e+01 3.959619e+01
      vertex   6.424266e+01 -4.303027e+01 3.946251e+01
    endloop
  endfacet
  facet normal 1.719803e-01 9.210307e-01 3.494642e-01
    outer loop
      vertex   6.423351e+01 -4.307928e+01 3.959619e+01
      vertex   6.424266e+01 -4.303027e+01 3.946251e+01
      vertex   6.137555e+01 -4.249490e+01 3.946251e+01
    endloop
  endfacet
  facet normal 1.793586e-01 9.605449e-01 2.125653e-01
    outer loop
      vertex   6.137555e+01 -4.249490e+01 3.946251e+01
      vertex   6.424266e+01 -4.303027e+01 3.946251e+01
      vertex   6.138111e+01 -4.246509e+01 3.932309e+01
    endloop
  endfacet
  facet normal 1.793586e-01 9.605449e-01 2.125653e-01
    outer loop
      vertex   6.137555e+01 -4.249490e+01 3.946251e+01
      vertex   6.138111e+01 -4.246509e+01 3.932309e+01
      vertex   5.851400e+01 -4.192973e+01 3.932309e+01
    endloop
  endfacet
  facet normal 1.830857e-01 9.805051e-01 7.133918e-02
    outer loop
      vertex   5.851400e+01 -4.192973e+01 3.932309e+01
      vertex   6.138111e+01 -4.246509e+01 3.932309e+01
      vertex   7.571854e+01 -4.513191e+01 3.918077e+01
    endloop
  endfacet
  facet normal 1.830857e-01 9.805051e-01 7.133918e-02
    outer loop
      vertex   5.851400e+01 -4.192973e+01 3.932309e+01
      vertex   7.571854e+01 -4.513191e+01 3.918077e+01
      vertex   4.131320e+01 -3.870754e+01 3.918077e+01
    endloop
  endfacet
  facet normal 1.297919e-01 6.950929e-01 7.071068e-01
    outer loop
      vertex   7.565519e+01 -4.547118e+01 3.993652e+01
      vertex   7.567371e+01 -4.537201e+01 3.983563e+01
      vertex   7.280659e+01 -4.483664e+01 3.983563e+01
    endloop
  endfacet
  facet normal 1.469421e-01 7.869398e-01 5.992777e-01
    outer loop
      vertex   7.280659e+01 -4.483664e+01 3.983563e+01
      vertex   7.567371e+01 -4.537201e+01 3.983563e+01
      vertex   7.282229e+01 -4.475259e+01 3.972141e+01
    endloop
  endfacet
  facet normal 1.469421e-01 7.869398e-01 5.992777e-01
    outer loop
      vertex   7.280659e+01 -4.483664e+01 3.983563e+01
      vertex   7.282229e+01 -4.475259e+01 3.972141e+01
      vertex   6.995518e+01 -4.421723e+01 3.972141e+01
    endloop
  endfacet
  facet normal 1.611010e-01 8.627670e-01 4.792490e-01
    outer loop
      vertex   6.995518e+01 -4.421723e+01 3.972141e+01
      vertex   7.282229e+01 -4.475259e+01 3.972141e+01
      vertex   6.996773e+01 -4.415001e+01 3.959619e+01
    endloop
  endfacet
  facet normal 1.611010e-01 8.627670e-01 4.792490e-01
    outer loop
      vertex   6.995518e+01 -4.421723e+01 3.972141e+01
      vertex   6.996773e+01 -4.415001e+01 3.959619e+01
      vertex   6.710062e+01 -4.361465e+01 3.959619e+01
    endloop
  endfacet
  facet normal 1.719803e-01 9.210307e-01 3.494642e-01
    outer loop
      vertex   6.710062e+01 -4.361465e+01 3.959619e+01
      vertex   6.996773e+01 -4.415001e+01 3.959619e+01
      vertex   6.710977e+01 -4.356563e+01 3.946251e+01
    endloop
  endfacet
  facet normal 1.719803e-01 9.210307e-01 3.494642e-01
    outer loop
      vertex   6.710062e+01 -4.361465e+01 3.959619e+01
      vertex   6.710977e+01 -4.356563e+01 3.946251e+01
      vertex   6.424266e+01 -4.303027e+01 3.946251e+01
    endloop
  endfacet
  facet normal 1.793586e-01 9.605449e-01 2.125653e-01
    outer loop
      vertex   6.424266e+01 -4.303027e+01 3.946251e+01
      vertex   6.710977e+01 -4.356563e+01 3.946251e+01
      vertex   6.424822e+01 -4.300045e+01 3.932309e+01
    endloop
  endfacet
  facet normal 1.793586e-01 9.605449e-01 2.125653e-01
    outer loop
      vertex   6.424266e+01 -4.303027e+01 3.946251e+01
      vertex   6.424822e+01 -4.300045e+01 3.932309e+01
      vertex   6.138111e+01 -4.246509e+01 3.932309e+01
    endloop
  endfacet
  facet normal 1.830857e-01 9.805051e-01 7.133918e-02
    outer loop
      vertex   6.138111e+01 -4.246509e+01 3.932309e+01
      vertex   6.424822e+01 -4.300045e+01 3.932309e+01
      vertex   7.571854e+01 -4.513191e+01 3.918077e+01
    endloop
  endfacet
  facet normal 1.469421e-01 7.869398e-01 5.992777e-01
    outer loop
      vertex   7.567371e+01 -4.537201e+01 3.983563e+01
      vertex   7.568940e+01 -4.528795e+01 3.972141e+01
      vertex   7.282229e+01 -4.475259e+01 3.972141e+01
    endloop
  endfacet
  facet normal 1.611010e-01 8.627670e-01 4.792490e-01
    outer loop
      vertex   7.282229e+01 -4.475259e+01 3.972141e+01
      vertex   7.568940e+01 -4.528795e+01 3.972141e+01
      vertex   7.283484e+01 -4.468537e+01 3.959619e+01
    endloop
  endfacet
  facet normal 1.611010e-01 8.627670e-01 4.792490e-01
    outer loop
      vertex   7.282229e+01 -4.475259e+01 3.972141e+01
      vertex   7.283484e+01 -4.468537e+01 3.959619e+01
      vertex   6.996773e+01 -4.415001e+01 3.959619e+01
    endloop
  endfacet
  facet normal 1.719803e-01 9.210307e-01 3.494642e-01
    outer loop
      vertex   6.996773e+01 -4.415001e+01 3.959619e+01
      vertex   7.283484e+01 -4.468537e+01 3.959619e+01
      vertex   6.997688e+01 -4.410100e+01 3.946251e+01
    endloop
  endfacet
  facet normal 1.719803e-01 9.210307e-01 3.494642e-01
    outer loop
      vertex   6.996773e+01 -4.415001e+01 3.959619e+01
      vertex   6.997688e+01 -4.410100e+01 3.946251e+01
      vertex   6.710977e+01 -4.356563e+01 3.946251e+01
    endloop
  endfacet
  facet normal 1.793586e-01 9.605449e-01 2.125653e-01
    outer loop
      vertex   6.710977e+01 -4.356563e+01 3.946251e+01
      vertex   6.997688e+01 -4.410100e+01 3.946251e+01
      vertex   6.711534e+01 -4.353582e+01 3.932309e+01
    endloop
  endfacet
  facet normal 1.793586e-01 9.605449e-01 2.125653e-01
    outer loop
      vertex   6.710977e+01 -4.356563e+01 3.946251e+01
      vertex   6.711534e+01 -4.353582e+01 3.932309e+01
      vertex   6.424822e+01 -4.300045e+01 3.932309e+01
    endloop
  endfacet
  facet normal 1.830857e-01 9.805051e-01 7.133918e-02
    outer loop
      vertex   6.424822e+01 -4.300045e+01 3.932309e+01
      vertex   6.711534e+01 -4.353582e+01 3.932309e+01
      vertex   7.571854e+01 -4.513191e+01 3.918077e+01
    endloop
  endfacet
  facet normal 1.611010e-01 8.627670e-01 4.792490e-01
    outer loop
      vertex   7.568940e+01 -4.528795e+01 3.972141e+01
      vertex   7.570195e+01 -4.522074e+01 3.959619e+01
      vertex   7.283484e+01 -4.468537e+01 3.959619e+01
    endloop
  endfacet
  facet normal 1.719803e-01 9.210307e-01 3.494642e-01
    outer loop
      vertex   7.283484e+01 -4.468537e+01 3.959619e+01
      vertex   7.570195e+01 -4.522074e+01 3.959619e+01
      vertex   7.284399e+01 -4.463636e+01 3.946251e+01
    endloop
  endfacet
  facet normal 1.719803e-01 9.210307e-01 3.494642e-01
    outer loop
      vertex   7.283484e+01 -4.468537e+01 3.959619e+01
      vertex   7.284399e+01 -4.463636e+01 3.946251e+01
      vertex   6.997688e+01 -4.410100e+01 3.946251e+01
    endloop
  endfacet
  facet normal 1.793586e-01 9.605449e-01 2.125653e-01
    outer loop
      vertex   6.997688e+01 -4.410100e+01 3.946251e+01
      vertex   7.284399e+01 -4.463636e+01 3.946251e+01
      vertex   6.998245e+01 -4.407118e+01 3.932309e+01
    endloop
  endfacet
  facet normal 1.793586e-01 9.605449e-01 2.125653e-01
    outer loop
      vertex   6.997688e+01 -4.410100e+01 3.946251e+01
      vertex   6.998245e+01 -4.407118e+01 3.932309e+01
      vertex   6.711534e+01 -4.353582e+01 3.932309e+01
    endloop
  endfacet
  facet normal 1.830857e-01 9.805051e-01 7.133918e-02
    outer loop
      vertex   6.711534e+01 -4.353582e+01 3.932309e+01
      vertex   6.998245e+01 -4.407118e+01 3.932309e+01
      vertex   7.571854e+01 -4.513191e+01 3.918077e+01
    endloop
  endfacet
  facet normal 1.719803e-01 9.210307e-01 3.494642e-01
    outer loop
      vertex   7.570195e+01 -4.522074e+01 3.959619e+01
      vertex   7.571110e+01 -4.517172e+01 3.946251e+01
      vertex   7.284399e+01 -4.463636e+01 3.946251e+01
    endloop
  endfacet
  facet normal 1.793586e-01 9.605449e-01 2.125653e-01
    outer loop
      vertex   7.284399e+01 -4.463636e+01 3.946251e+01
      vertex   7.571110e+01 -4.517172e+01 3.946251e+01
      vertex   7.284956e+01 -4.460655e+01 3.932309e+01
    endloop
  endfacet
  facet normal 1.793586e-01 9.605449e-01 2.125653e-01
    outer loop
      vertex   7.284399e+01 -4.463636e+01 3.946251e+01
      vertex   7.284956e+01 -4.460655e+01 3.932309e+01
      vertex   6.998245e+01 -4.407118e+01 3.932309e+01
    endloop
  endfacet
  facet normal 1.830857e-01 9.805051e-01 7.133918e-02
    outer loop
      vertex   6.998245e+01 -4.407118e+01 3.932309e+01
      vertex   7.284956e+01 -4.460655e+01 3.932309e+01
      vertex   7.571854e+01 -4.513191e+01 3.918077e+01
    endloop
  endfacet
  facet normal 1.793586e-01 9.605449e-01 2.125653e-01
    outer loop
      vertex   7.571110e+01 -4.517172e+01 3.946251e+01
      vertex   7.571667e+01 -4.514191e+01 3.932309e+01
      vertex   7.284956e+01 -4.460655e+01 3.932309e+01
    endloop
  endfacet
  facet normal 1.830857e-01 9.805051e-01 7.133918e-02
    outer loop
      vertex   7.284956e+01 -4.460655e+01 3.932309e+01
      vertex   7.571667e+01 -4.514191e+01 3.932309e+01
      vertex   7.571854e+01 -4.513191e+01 3.918077e+01
    endloop
  endfacet
  facet normal 1.793586e-01 9.605449e-01 2.125653e-01
    outer loop
      vertex   4.131133e+01 -3.871754e+01 3.932309e+01
      vertex   4.130576e+01 -3.874735e+01 3.946251e+01
      vertex   4.417288e+01 -3.928272e+01 3.946251e+01
    endloop
  endfacet
  facet normal 1.719803e-01 9.210307e-01 3.494642e-01
    outer loop
      vertex   4.417288e+01 -3.928272e+01 3.946251e+01
      vertex   4.130576e+01 -3.874735e+01 3.946251e+01
      vertex   4.416372e+01 -3.933173e+01 3.959619e+01
    endloop
  endfacet
  facet normal 1.719803e-01 9.210307e-01 3.494642e-01
    outer loop
      vertex   4.417288e+01 -3.928272e+01 3.946251e+01
      vertex   4.416372e+01 -3.933173e+01 3.959619e+01
      vertex   4.703083e+01 -3.986710e+01 3.959619e+01
    endloop
  endfacet
  facet normal 1.611010e-01 8.627670e-01 4.792490e-01
    outer loop
      vertex   4.703083e+01 -3.986710e+01 3.959619e+01
      vertex   4.416372e+01 -3.933173e+01 3.959619e+01
      vertex   4.701828e+01 -3.993431e+01 3.972141e+01
    endloop
  endfacet
  facet normal 1.611010e-01 8.627670e-01 4.792490e-01
    outer loop
      vertex   4.703083e+01 -3.986710e+01 3.959619e+01
      vertex   4.701828e+01 -3.993431e+01 3.972141e+01
      vertex   4.988540e+01 -4.046968e+01 3.972141e+01
    endloop
  endfacet
  facet normal 1.469421e-01 7.869398e-01 5.992777e-01
    outer loop
      vertex   4.988540e+01 -4.046968e+01 3.972141e+01
      vertex   4.701828e+01 -3.993431e+01 3.972141e+01
      vertex   4.986970e+01 -4.055373e+01 3.983563e+01
    endloop
  endfacet
  facet normal 1.469421e-01 7.869398e-01 5.992777e-01
    outer loop
      vertex   4.988540e+01 -4.046968e+01 3.972141e+01
      vertex   4.986970e+01 -4.055373e+01 3.983563e+01
      vertex   5.273681e+01 -4.108909e+01 3.983563e+01
    endloop
  endfacet
  facet normal 1.297919e-01 6.950929e-01 7.071068e-01
    outer loop
      vertex   5.273681e+01 -4.108909e+01 3.983563e+01
      vertex   4.986970e+01 -4.055373e+01 3.983563e+01
      vertex   5.271829e+01 -4.118827e+01 3.993652e+01
    endloop
  endfacet
  facet normal 1.297919e-01 6.950929e-01 7.071068e-01
    outer loop
      vertex   5.273681e+01 -4.108909e+01 3.983563e+01
      vertex   5.271829e+01 -4.118827e+01 3.993652e+01
      vertex   5.558541e+01 -4.172363e+01 3.993652e+01
    endloop
  endfacet
  facet normal 1.099995e-01 5.890958e-01 8.005412e-01
    outer loop
      vertex   5.558541e+01 -4.172363e+01 3.993652e+01
      vertex   5.271829e+01 -4.118827e+01 3.993652e+01
      vertex   5.556444e+01 -4.183591e+01 4.002203e+01
    endloop
  endfacet
  facet normal 1.099995e-01 5.890958e-01 8.005412e-01
    outer loop
      vertex   5.558541e+01 -4.172363e+01 3.993652e+01
      vertex   5.556444e+01 -4.183591e+01 4.002203e+01
      vertex   5.843155e+01 -4.237128e+01 4.002203e+01
    endloop
  endfacet
  facet normal 8.796778e-02 4.711064e-01 8.776790e-01
    outer loop
      vertex   5.843155e+01 -4.237128e+01 4.002203e+01
      vertex   5.556444e+01 -4.183591e+01 4.002203e+01
      vertex   5.840857e+01 -4.249437e+01 4.009040e+01
    endloop
  endfacet
  facet normal 8.796778e-02 4.711064e-01 8.776790e-01
    outer loop
      vertex   5.843155e+01 -4.237128e+01 4.002203e+01
      vertex   5.840857e+01 -4.249437e+01 4.009040e+01
      vertex   6.127568e+01 -4.302974e+01 4.009040e+01
    endloop
  endfacet
  facet normal 6.414534e-02 3.435267e-01 9.369497e-01
    outer loop
      vertex   6.127568e+01 -4.302974e+01 4.009040e+01
      vertex   5.840857e+01 -4.249437e+01 4.009040e+01
      vertex   6.125114e+01 -4.316115e+01 4.014027e+01
    endloop
  endfacet
  facet normal 6.414534e-02 3.435267e-01 9.369497e-01
    outer loop
      vertex   6.127568e+01 -4.302974e+01 4.009040e+01
      vertex   6.125114e+01 -4.316115e+01 4.014027e+01
      vertex   6.411825e+01 -4.369651e+01 4.014027e+01
    endloop
  endfacet
  facet normal 3.901708e-02 2.089538e-01 9.771469e-01
    outer loop
      vertex   6.411825e+01 -4.369651e+01 4.014027e+01
      vertex   6.125114e+01 -4.316115e+01 4.014027e+01
      vertex   6.409266e+01 -4.383356e+01 4.017059e+01
    endloop
  endfacet
  facet normal 3.901708e-02 2.089538e-01 9.771469e-01
    outer loop
      vertex   6.411825e+01 -4.369651e+01 4.014027e+01
      vertex   6.409266e+01 -4.383356e+01 4.017059e+01
      vertex   6.695977e+01 -4.436893e+01 4.017059e+01
    endloop
  endfacet
  facet normal 1.309455e-02 7.012711e-02 9.974521e-01
    outer loop
      vertex   6.695977e+01 -4.436893e+01 4.017059e+01
      vertex   6.409266e+01 -4.383356e+01 4.017059e+01
      vertex   7.553499e+01 -4.611491e+01 4.018077e+01
    endloop
  endfacet
  facet normal 1.719803e-01 9.210307e-01 3.494642e-01
    outer loop
      vertex   4.130576e+01 -3.874735e+01 3.946251e+01
      vertex   4.129661e+01 -3.879637e+01 3.959619e+01
      vertex   4.416372e+01 -3.933173e+01 3.959619e+01
    endloop
  endfacet
  facet normal 1.611010e-01 8.627670e-01 4.792490e-01
    outer loop
      vertex   4.416372e+01 -3.933173e+01 3.959619e+01
      vertex   4.129661e+01 -3.879637e+01 3.959619e+01
      vertex   4.415117e+01 -3.939895e+01 3.972141e+01
    endloop
  endfacet
  facet normal 1.611010e-01 8.627670e-01 4.792490e-01
    outer loop
      vertex   4.416372e+01 -3.933173e+01 3.959619e+01
      vertex   4.415117e+01 -3.939895e+01 3.972141e+01
      vertex   4.701828e+01 -3.993431e+01 3.972141e+01
    endloop
  endfacet
  facet normal 1.469421e-01 7.869398e-01 5.992777e-01
    outer loop
      vertex   4.701828e+01 -3.993431e+01 3.972141e+01
      vertex   4.415117e+01 -3.939895e+01 3.972141e+01
      vertex   4.700259e+01 -4.001836e+01 3.983563e+01
    endloop
  endfacet
  facet normal 1.469421e-01 7.869398e-01 5.992777e-01
    outer loop
      vertex   4.701828e+01 -3.993431e+01 3.972141e+01
      vertex   4.700259e+01 -4.001836e+01 3.983563e+01
      vertex   4.986970e+01 -4.055373e+01 3.983563e+01
    endloop
  endfacet
  facet normal 1.297919e-01 6.950929e-01 7.071068e-01
    outer loop
      vertex   4.986970e+01 -4.055373e+01 3.983563e+01
      vertex   4.700259e+01 -4.001836e+01 3.983563e+01
      vertex   4.985118e+01 -4.065290e+01 3.993652e+01
    endloop
  endfacet
  facet normal 1.297919e-01 6.950929e-01 7.071068e-01
    outer loop
      vertex   4.986970e+01 -4.055373e+01 3.983563e+01
      vertex   4.985118e+01 -4.065290e+01 3.993652e+01
      vertex   5.271829e+01 -4.118827e+01 3.993652e+01
    endloop
  endfacet
  facet normal 1.099995e-01 5.890958e-01 8.005412e-01
    outer loop
      vertex   5.271829e+01 -4.118827e+01 3.993652e+01
      vertex   4.985118e+01 -4.065290e+01 3.993652e+01
      vertex   5.269733e+01 -4.130055e+01 4.002203e+01
    endloop
  endfacet
  facet normal 1.099995e-01 5.890958e-01 8.005412e-01
    outer loop
      vertex   5.271829e+01 -4.118827e+01 3.993652e+01
      vertex   5.269733e+01 -4.130055e+01 4.002203e+01
      vertex   5.556444e+01 -4.183591e+01 4.002203e+01
    endloop
  endfacet
  facet normal 8.796778e-02 4.711064e-01 8.776790e-01
    outer loop
      vertex   5.556444e+01 -4.183591e+01 4.002203e+01
      vertex   5.269733e+01 -4.130055e+01 4.002203e+01
      vertex   5.554145e+01 -4.195901e+01 4.009040e+01
    endloop
  endfacet
  facet normal 8.796778e-02 4.711064e-01 8.776790e-01
    outer loop
      vertex   5.556444e+01 -4.183591e+01 4.002203e+01
      vertex   5.554145e+01 -4.195901e+01 4.009040e+01
      vertex   5.840857e+01 -4.249437e+01 4.009040e+01
    endloop
  endfacet
  facet normal 6.414534e-02 3.435267e-01 9.369497e-01
    outer loop
      vertex   5.840857e+01 -4.249437e+01 4.009040e+01
      vertex   5.554145e+01 -4.195901e+01 4.009040e+01
      vertex   5.838403e+01 -4.262578e+01 4.014027e+01
    endloop
  endfacet
  facet normal 6.414534e-02 3.435267e-01 9.369497e-01
    outer loop
      vertex   5.840857e+01 -4.249437e+01 4.009040e+01
      vertex   5.838403e+01 -4.262578e+01 4.014027e+01
      vertex   6.125114e+01 -4.316115e+01 4.014027e+01
    endloop
  endfacet
  facet normal 3.901708e-02 2.089538e-01 9.771469e-01
    outer loop
      vertex   6.125114e+01 -4.316115e+01 4.014027e+01
      vertex   5.838403e+01 -4.262578e+01 4.014027e+01
      vertex   6.122555e+01 -4.329820e+01 4.017059e+01
    endloop
  endfacet
  facet normal 3.901708e-02 2.089538e-01 9.771469e-01
    outer loop
      vertex   6.125114e+01 -4.316115e+01 4.014027e+01
      vertex   6.122555e+01 -4.329820e+01 4.017059e+01
      vertex   6.409266e+01 -4.383356e+01 4.017059e+01
    endloop
  endfacet
  facet normal 1.309455e-02 7.012711e-02 9.974521e-01
    outer loop
      vertex   6.409266e+01 -4.383356e+01 4.017059e+01
      vertex   6.122555e+01 -4.329820e+01 4.017059e+01
      vertex   7.553499e+01 -4.611491e+01 4.018077e+01
    endloop
  endfacet
  facet normal 1.611010e-01 8.627670e-01 4.792490e-01
    outer loop
      vertex   4.129661e+01 -3.879637e+01 3.959619e+01
      vertex   4.128406e+01 -3.886359e+01 3.972141e+01
      vertex   4.415117e+01 -3.939895e+01 3.972141e+01
    endloop
  endfacet
  facet normal 1.469421e-01 7.869398e-01 5.992777e-01
    outer loop
      vertex   4.415117e+01 -3.939895e+01 3.972141e+01
      vertex   4.128406e+01 -3.886359e+01 3.972141e+01
      vertex   4.413548e+01 -3.948300e+01 3.983563e+01
    endloop
  endfacet
  facet normal 1.469421e-01 7.869398e-01 5.992777e-01
    outer loop
      vertex   4.415117e+01 -3.939895e+01 3.972141e+01
      vertex   4.413548e+01 -3.948300e+01 3.983563e+01
      vertex   4.700259e+01 -4.001836e+01 3.983563e+01
    endloop
  endfacet
  facet normal 1.297919e-01 6.950929e-01 7.071068e-01
    outer loop
      vertex   4.700259e+01 -4.001836e+01 3.983563e+01
      vertex   4.413548e+01 -3.948300e+01 3.983563e+01
      vertex   4.698407e+01 -4.011754e+01 3.993652e+01
    endloop
  endfacet
  facet normal 1.297919e-01 6.950929e-01 7.071068e-01
    outer loop
      vertex   4.700259e+01 -4.001836e+01 3.983563e+01
      vertex   4.698407e+01 -4.011754e+01 3.993652e+01
      vertex   4.985118e+01 -4.065290e+01 3.993652e+01
    endloop
  endfacet
  facet normal 1.099995e-01 5.890958e-01 8.005412e-01
    outer loop
      vertex   4.985118e+01 -4.065290e+01 3.993652e+01
      vertex   4.698407e+01 -4.011754e+01 3.993652e+01
      vertex   4.983022e+01 -4.076518e+01 4.002203e+01
    endloop
  endfacet
  facet normal 1.099995e-01 5.890958e-01 8.005412e-01
    outer loop
      vertex   4.985118e+01 -4.065290e+01 3.993652e+01
      vertex   4.983022e+01 -4.076518e+01 4.002203e+01
      vertex   5.269733e+01 -4.130055e+01 4.002203e+01
    endloop
  endfacet
  facet normal 8.796778e-02 4.711064e-01 8.776790e-01
    outer loop
      vertex   5.269733e+01 -4.130055e+01 4.002203e+01
      vertex   4.983022e+01 -4.076518e+01 4.002203e+01
      vertex   5.267434e+01 -4.142365e+01 4.009040e+01
    endloop
  endfacet
  facet normal 8.796778e-02 4.711064e-01 8.776790e-01
    outer loop
      vertex   5.269733e+01 -4.130055e+01 4.002203e+01
      vertex   5.267434e+01 -4.142365e+01 4.009040e+01
      vertex   5.554145e+01 -4.195901e+01 4.009040e+01
    endloop
  endfacet
  facet normal 6.414534e-02 3.435267e-01 9.369497e-01
    outer loop
      vertex   5.554145e+01 -4.195901e+01 4.009040e+01
      vertex   5.267434e+01 -4.142365e+01 4.009040e+01
      vertex   5.551692e+01 -4.209042e+01 4.014027e+01
    endloop
  endfacet
  facet normal 6.414534e-02 3.435267e-01 9.369497e-01
    outer loop
      vertex   5.554145e+01 -4.195901e+01 4.009040e+01
      vertex   5.551692e+01 -4.209042e+01 4.014027e+01
      vertex   5.838403e+01 -4.262578e+01 4.014027e+01
    endloop
  endfacet
  facet normal 3.901708e-02 2.089538e-01 9.771469e-01
    outer loop
      vertex   5.838403e+01 -4.262578e+01 4.014027e+01
      vertex   5.551692e+01 -4.209042e+01 4.014027e+01
      vertex   5.835844e+01 -4.276283e+01 4.017059e+01
    endloop
  endfacet
  facet normal 3.901708e-02 2.089538e-01 9.771469e-01
    outer loop
      vertex   5.838403e+01 -4.262578e+01 4.014027e+01
      vertex   5.835844e+01 -4.276283e+01 4.017059e+01
      vertex   6.122555e+01 -4.329820e+01 4.017059e+01
    endloop
  endfacet
  facet normal 1.309455e-02 7.012711e-02 9.974521e-01
    outer loop
      vertex   6.122555e+01 -4.329820e+01 4.017059e+01
      vertex   5.835844e+01 -4.276283e+01 4.017059e+01
      vertex   7.553499e+01 -4.611491e+01 4.018077e+01
    endloop
  endfacet
  facet normal 1.469421e-01 7.869398e-01 5.992777e-01
    outer loop
      vertex   4.128406e+01 -3.886359e+01 3.972141e+01
      vertex   4.126837e+01 -3.894764e+01 3.983563e+01
      vertex   4.413548e+01 -3.948300e+01 3.983563e+01
    endloop
  endfacet
  facet normal 1.297919e-01 6.950929e-01 7.071068e-01
    outer loop
      vertex   4.413548e+01 -3.948300e+01 3.983563e+01
      vertex   4.126837e+01 -3.894764e+01 3.983563e+01
      vertex   4.411696e+01 -3.958218e+01 3.993652e+01
    endloop
  endfacet
  facet normal 1.297919e-01 6.950929e-01 7.071068e-01
    outer loop
      vertex   4.413548e+01 -3.948300e+01 3.983563e+01
      vertex   4.411696e+01 -3.958218e+01 3.993652e+01
      vertex   4.698407e+01 -4.011754e+01 3.993652e+01
    endloop
  endfacet
  facet normal 1.099995e-01 5.890958e-01 8.005412e-01
    outer loop
      vertex   4.698407e+01 -4.011754e+01 3.993652e+01
      vertex   4.411696e+01 -3.958218e+01 3.993652e+01
      vertex   4.696311e+01 -4.022982e+01 4.002203e+01
    endloop
  endfacet
  facet normal 1.099995e-01 5.890958e-01 8.005412e-01
    outer loop
      vertex   4.698407e+01 -4.011754e+01 3.993652e+01
      vertex   4.696311e+01 -4.022982e+01 4.002203e+01
      vertex   4.983022e+01 -4.076518e+01 4.002203e+01
    endloop
  endfacet
  facet normal 8.796778e-02 4.711064e-01 8.776790e-01
    outer loop
      vertex   4.983022e+01 -4.076518e+01 4.002203e+01
      vertex   4.696311e+01 -4.022982e+01 4.002203e+01
      vertex   4.980723e+01 -4.088828e+01 4.009040e+01
    endloop
  endfacet
  facet normal 8.796778e-02 4.711064e-01 8.776790e-01
    outer loop
      vertex   4.983022e+01 -4.076518e+01 4.002203e+01
      vertex   4.980723e+01 -4.088828e+01 4.009040e+01
      vertex   5.267434e+01 -4.142365e+01 4.009040e+01
    endloop
  endfacet
  facet normal 6.414534e-02 3.435267e-01 9.369497e-01
    outer loop
      vertex   5.267434e+01 -4.142365e+01 4.009040e+01
      vertex   4.980723e+01 -4.088828e+01 4.009040e+01
      vertex   5.264981e+01 -4.155506e+01 4.014027e+01
    endloop
  endfacet
  facet normal 6.414534e-02 3.435267e-01 9.369497e-01
    outer loop
      vertex   5.267434e+01 -4.142365e+01 4.009040e+01
      vertex   5.264981e+01 -4.155506e+01 4.014027e+01
      vertex   5.551692e+01 -4.209042e+01 4.014027e+01
    endloop
  endfacet
  facet normal 3.901708e-02 2.089538e-01 9.771469e-01
    outer loop
      vertex   5.551692e+01 -4.209042e+01 4.014027e+01
      vertex   5.264981e+01 -4.155506e+01 4.014027e+01
      vertex   5.549133e+01 -4.222747e+01 4.017059e+01
    endloop
  endfacet
  facet normal 3.901708e-02 2.089538e-01 9.771469e-01
    outer loop
      vertex   5.551692e+01 -4.209042e+01 4.014027e+01
      vertex   5.549133e+01 -4.222747e+01 4.017059e+01
      vertex   5.835844e+01 -4.276283e+01 4.017059e+01
    endloop
  endfacet
  facet normal 1.309455e-02 7.012711e-02 9.974521e-01
    outer loop
      vertex   5.835844e+01 -4.276283e+01 4.017059e+01
      vertex   5.549133e+01 -4.222747e+01 4.017059e+01
      vertex   4.112965e+01 -3.969055e+01 4.018077e+01
    endloop
  endfacet
  facet normal 1.309455e-02 7.012711e-02 9.974521e-01
    outer loop
      vertex   5.835844e+01 -4.276283e+01 4.017059e+01
      vertex   4.112965e+01 -3.969055e+01 4.018077e+01
      vertex   7.553499e+01 -4.611491e+01 4.018077e+01
    endloop
  endfacet
  facet normal 1.297919e-01 6.950929e-01 7.071068e-01
    outer loop
      vertex   4.126837e+01 -3.894764e+01 3.983563e+01
      vertex   4.124985e+01 -3.904681e+01 3.993652e+01
      vertex   4.411696e+01 -3.958218e+01 3.993652e+01
    endloop
  endfacet
  facet normal 1.099995e-01 5.890958e-01 8.005412e-01
    outer loop
      vertex   4.411696e+01 -3.958218e+01 3.993652e+01
      vertex   4.124985e+01 -3.904681e+01 3.993652e+01
      vertex   4.409599e+01 -3.969445e+01 4.002203e+01
    endloop
  endfacet
  facet normal 1.099995e-01 5.890958e-01 8.005412e-01
    outer loop
      vertex   4.411696e+01 -3.958218e+01 3.993652e+01
      vertex   4.409599e+01 -3.969445e+01 4.002203e+01
      vertex   4.696311e+01 -4.022982e+01 4.002203e+01
    endloop
  endfacet
  facet normal 8.796778e-02 4.711064e-01 8.776790e-01
    outer loop
      vertex   4.696311e+01 -4.022982e+01 4.002203e+01
      vertex   4.409599e+01 -3.969445e+01 4.002203e+01
      vertex   4.694012e+01 -4.035292e+01 4.009040e+01
    endloop
  endfacet
  facet normal 8.796778e-02 4.711064e-01 8.776790e-01
    outer loop
      vertex   4.696311e+01 -4.022982e+01 4.002203e+01
      vertex   4.694012e+01 -4.035292e+01 4.009040e+01
      vertex   4.980723e+01 -4.088828e+01 4.009040e+01
    endloop
  endfacet
  facet normal 6.414534e-02 3.435267e-01 9.369497e-01
    outer loop
      vertex   4.980723e+01 -4.088828e+01 4.009040e+01
      vertex   4.694012e+01 -4.035292e+01 4.009040e+01
      vertex   4.978269e+01 -4.101969e+01 4.014027e+01
    endloop
  endfacet
  facet normal 6.414534e-02 3.435267e-01 9.369497e-01
    outer loop
      vertex   4.980723e+01 -4.088828e+01 4.009040e+01
      vertex   4.978269e+01 -4.101969e+01 4.014027e+01
      vertex   5.264981e+01 -4.155506e+01 4.014027e+01
    endloop
  endfacet
  facet normal 3.901708e-02 2.089538e-01 9.771469e-01
    outer loop
      vertex   5.264981e+01 -4.155506e+01 4.014027e+01
      vertex   4.978269e+01 -4.101969e+01 4.014027e+01
      vertex   5.262421e+01 -4.169211e+01 4.017059e+01
    endloop
  endfacet
  facet normal 3.901708e-02 2.089538e-01 9.771469e-01
    outer loop
      vertex   5.264981e+01 -4.155506e+01 4.014027e+01
      vertex   5.262421e+01 -4.169211e+01 4.017059e+01
      vertex   5.549133e+01 -4.222747e+01 4.017059e+01
    endloop
  endfacet
  facet normal 1.309455e-02 7.012711e-02 9.974521e-01
    outer loop
      vertex   5.549133e+01 -4.222747e+01 4.017059e+01
      vertex   5.262421e+01 -4.169211e+01 4.017059e+01
      vertex   4.112965e+01 -3.969055e+01 4.018077e+01
    endloop
  endfacet
  facet normal 1.099995e-01 5.890958e-01 8.005412e-01
    outer loop
      vertex   4.124985e+01 -3.904681e+01 3.993652e+01
      vertex   4.122888e+01 -3.915909e+01 4.002203e+01
      vertex   4.409599e+01 -3.969445e+01 4.002203e+01
    endloop
  endfacet
  facet normal 8.796778e-02 4.711064e-01 8.776790e-01
    outer loop
      vertex   4.409599e+01 -3.969445e+01 4.002203e+01
      vertex   4.122888e+01 -3.915909e+01 4.002203e+01
      vertex   4.407301e+01 -3.981755e+01 4.009040e+01
    endloop
  endfacet
  facet normal 8.796778e-02 4.711064e-01 8.776790e-01
    outer loop
      vertex   4.409599e+01 -3.969445e+01 4.002203e+01
      vertex   4.407301e+01 -3.981755e+01 4.009040e+01
      vertex   4.694012e+01 -4.035292e+01 4.009040e+01
    endloop
  endfacet
  facet normal 6.414534e-02 3.435267e-01 9.369497e-01
    outer loop
      vertex   4.694012e+01 -4.035292e+01 4.009040e+01
      vertex   4.407301e+01 -3.981755e+01 4.009040e+01
      vertex   4.691558e+01 -4.048433e+01 4.014027e+01
    endloop
  endfacet
  facet normal 6.414534e-02 3.435267e-01 9.369497e-01
    outer loop
      vertex   4.694012e+01 -4.035292e+01 4.009040e+01
      vertex   4.691558e+01 -4.048433e+01 4.014027e+01
      vertex   4.978269e+01 -4.101969e+01 4.014027e+01
    endloop
  endfacet
  facet normal 3.901708e-02 2.089538e-01 9.771469e-01
    outer loop
      vertex   4.978269e+01 -4.101969e+01 4.014027e+01
      vertex   4.691558e+01 -4.048433e+01 4.014027e+01
      vertex   4.975710e+01 -4.115674e+01 4.017059e+01
    endloop
  endfacet
  facet normal 3.901708e-02 2.089538e-01 9.771469e-01
    outer loop
      vertex   4.978269e+01 -4.101969e+01 4.014027e+01
      vertex   4.975710e+01 -4.115674e+01 4.017059e+01
      vertex   5.262421e+01 -4.169211e+01 4.017059e+01
    endloop
  endfacet
  facet normal 1.309455e-02 7.012711e-02 9.974521e-01
    outer loop
      vertex   5.262421e+01 -4.169211e+01 4.017059e+01
      vertex   4.975710e+01 -4.115674e+01 4.017059e+01
      vertex   4.112965e+01 -3.969055e+01 4.018077e+01
    endloop
  endfacet
  facet normal 8.796778e-02 4.711064e-01 8.776790e-01
    outer loop
      vertex   4.122888e+01 -3.915909e+01 4.002203e+01
      vertex   4.120590e+01 -3.928219e+01 4.009040e+01
      vertex   4.407301e+01 -3.981755e+01 4.009040e+01
    endloop
  endfacet
  facet normal 6.414534e-02 3.435267e-01 9.369497e-01
    outer loop
      vertex   4.407301e+01 -3.981755e+01 4.009040e+01
      vertex   4.120590e+01 -3.928219e+01 4.009040e+01
      vertex   4.404847e+01 -3.994896e+01 4.014027e+01
    endloop
  endfacet
  facet normal 6.414534e-02 3.435267e-01 9.369497e-01
    outer loop
      vertex   4.407301e+01 -3.981755e+01 4.009040e+01
      vertex   4.404847e+01 -3.994896e+01 4.014027e+01
      vertex   4.691558e+01 -4.048433e+01 4.014027e+01
    endloop
  endfacet
  facet normal 3.901708e-02 2.089538e-01 9.771469e-01
    outer loop
      vertex   4.691558e+01 -4.048433e+01 4.014027e+01
      vertex   4.404847e+01 -3.994896e+01 4.014027e+01
      vertex   4.688999e+01 -4.062138e+01 4.017059e+01
    endloop
  endfacet
  facet normal 3.901708e-02 2.089538e-01 9.771469e-01
    outer loop
      vertex   4.691558e+01 -4.048433e+01 4.014027e+01
      vertex   4.688999e+01 -4.062138e+01 4.017059e+01
      vertex   4.975710e+01 -4.115674e+01 4.017059e+01
    endloop
  endfacet
  facet normal 1.309455e-02 7.012711e-02 9.974521e-01
    outer loop
      vertex   4.975710e+01 -4.115674e+01 4.017059e+01
      vertex   4.688999e+01 -4.062138e+01 4.017059e+01
      vertex   4.112965e+01 -3.969055e+01 4.018077e+01
    endloop
  endfacet
  facet normal 6.414534e-02 3.435267e-01 9.369497e-01
    outer loop
      vertex   4.120590e+01 -3.928219e+01 4.009040e+01
      vertex   4.118136e+01 -3.941360e+01 4.014027e+01
      vertex   4.404847e+01 -3.994896e+01 4.014027e+01
    endloop
  endfacet
  facet normal 3.901708e-02 2.089538e-01 9.771469e-01
    outer loop
      vertex   4.404847e+01 -3.994896e+01 4.014027e+01
      vertex   4.118136e+01 -3.941360e+01 4.014027e+01
      vertex   4.402288e+01 -4.008601e+01 4.017059e+01
    endloop
  endfacet
  facet normal 3.901708e-02 2.089538e-01 9.771469e-01
    outer loop
      vertex   4.404847e+01 -3.994896e+01 4.014027e+01
      vertex   4.402288e+01 -4.008601e+01 4.017059e+01
      vertex   4.688999e+01 -4.062138e+01 4.017059e+01
    endloop
  endfacet
  facet normal 1.309455e-02 7.012711e-02 9.974521e-01
    outer loop
      vertex   4.688999e+01 -4.062138e+01 4.017059e+01
      vertex   4.402288e+01 -4.008601e+01 4.017059e+01
      vertex   4.112965e+01 -3.969055e+01 4.018077e+01
    endloop
  endfacet
  facet normal 3.901708e-02 2.089538e-01 9.771469e-01
    outer loop
      vertex   4.118136e+01 -3.941360e+01 4.014027e+01
      vertex   4.115577e+01 -3.955065e+01 4.017059e+01
      vertex   4.402288e+01 -4.008601e+01 4.017059e+01
    endloop
  endfacet
  facet normal 1.309455e-02 7.012711e-02 9.974521e-01
    outer loop
      vertex   4.402288e+01 -4.008601e+01 4.017059e+01
      vertex   4.115577e+01 -3.955065e+01 4.017059e+01
      vertex   4.112965e+01 -3.969055e+01 4.018077e+01
    endloop
  endfacet
  facet normal 3.901708e-02 2.089538e-01 9.771469e-01
    outer loop
      vertex   6.698536e+01 -4.423188e+01 4.014027e+01
      vertex   6.982689e+01 -4.490429e+01 4.017059e+01
      vertex   6.985248e+01 -4.476724e+01 4.014027e+01
    endloop
  endfacet
  facet normal 3.901708e-02 2.089538e-01 9.771469e-01
    outer loop
      vertex   6.985248e+01 -4.476724e+01 4.014027e+01
      vertex   6.982689e+01 -4.490429e+01 4.017059e+01
      vertex   7.269400e+01 -4.543965e+01 4.017059e+01
    endloop
  endfacet
  facet normal 6.414534e-02 3.435267e-01 9.369497e-01
    outer loop
      vertex   6.414279e+01 -4.356510e+01 4.009040e+01
      vertex   6.698536e+01 -4.423188e+01 4.014027e+01
      vertex   6.700990e+01 -4.410047e+01 4.009040e+01
    endloop
  endfacet
  facet normal 6.414534e-02 3.435267e-01 9.369497e-01
    outer loop
      vertex   6.700990e+01 -4.410047e+01 4.009040e+01
      vertex   6.698536e+01 -4.423188e+01 4.014027e+01
      vertex   6.985248e+01 -4.476724e+01 4.014027e+01
    endloop
  endfacet
  facet normal 8.796778e-02 4.711064e-01 8.776790e-01
    outer loop
      vertex   6.129866e+01 -4.290664e+01 4.002203e+01
      vertex   6.414279e+01 -4.356510e+01 4.009040e+01
      vertex   6.416578e+01 -4.344200e+01 4.002203e+01
    endloop
  endfacet
  facet normal 8.796778e-02 4.711064e-01 8.776790e-01
    outer loop
      vertex   6.416578e+01 -4.344200e+01 4.002203e+01
      vertex   6.414279e+01 -4.356510e+01 4.009040e+01
      vertex   6.700990e+01 -4.410047e+01 4.009040e+01
    endloop
  endfacet
  facet normal 1.099995e-01 5.890958e-01 8.005412e-01
    outer loop
      vertex   5.845252e+01 -4.225900e+01 3.993652e+01
      vertex   6.129866e+01 -4.290664e+01 4.002203e+01
      vertex   6.131963e+01 -4.279436e+01 3.993652e+01
    endloop
  endfacet
  facet normal 1.099995e-01 5.890958e-01 8.005412e-01
    outer loop
      vertex   6.131963e+01 -4.279436e+01 3.993652e+01
      vertex   6.129866e+01 -4.290664e+01 4.002203e+01
      vertex   6.416578e+01 -4.344200e+01 4.002203e+01
    endloop
  endfacet
  facet normal 1.297919e-01 6.950929e-01 7.071068e-01
    outer loop
      vertex   5.560392e+01 -4.162446e+01 3.983563e+01
      vertex   5.845252e+01 -4.225900e+01 3.993652e+01
      vertex   5.847104e+01 -4.215982e+01 3.983563e+01
    endloop
  endfacet
  facet normal 1.297919e-01 6.950929e-01 7.071068e-01
    outer loop
      vertex   5.847104e+01 -4.215982e+01 3.983563e+01
      vertex   5.845252e+01 -4.225900e+01 3.993652e+01
      vertex   6.131963e+01 -4.279436e+01 3.993652e+01
    endloop
  endfacet
  facet normal 1.469421e-01 7.869398e-01 5.992777e-01
    outer loop
      vertex   5.275251e+01 -4.100504e+01 3.972141e+01
      vertex   5.560392e+01 -4.162446e+01 3.983563e+01
      vertex   5.561962e+01 -4.154041e+01 3.972141e+01
    endloop
  endfacet
  facet normal 1.469421e-01 7.869398e-01 5.992777e-01
    outer loop
      vertex   5.561962e+01 -4.154041e+01 3.972141e+01
      vertex   5.560392e+01 -4.162446e+01 3.983563e+01
      vertex   5.847104e+01 -4.215982e+01 3.983563e+01
    endloop
  endfacet
  facet normal 1.611010e-01 8.627670e-01 4.792490e-01
    outer loop
      vertex   4.989795e+01 -4.040246e+01 3.959619e+01
      vertex   5.275251e+01 -4.100504e+01 3.972141e+01
      vertex   5.276506e+01 -4.093783e+01 3.959619e+01
    endloop
  endfacet
  facet normal 1.611010e-01 8.627670e-01 4.792490e-01
    outer loop
      vertex   5.276506e+01 -4.093783e+01 3.959619e+01
      vertex   5.275251e+01 -4.100504e+01 3.972141e+01
      vertex   5.561962e+01 -4.154041e+01 3.972141e+01
    endloop
  endfacet
  facet normal 1.719803e-01 9.210307e-01 3.494642e-01
    outer loop
      vertex   4.703999e+01 -3.981808e+01 3.946251e+01
      vertex   4.989795e+01 -4.040246e+01 3.959619e+01
      vertex   4.990710e+01 -4.035345e+01 3.946251e+01
    endloop
  endfacet
  facet normal 1.719803e-01 9.210307e-01 3.494642e-01
    outer loop
      vertex   4.990710e+01 -4.035345e+01 3.946251e+01
      vertex   4.989795e+01 -4.040246e+01 3.959619e+01
      vertex   5.276506e+01 -4.093783e+01 3.959619e+01
    endloop
  endfacet
  facet normal 1.793586e-01 9.605449e-01 2.125653e-01
    outer loop
      vertex   4.417844e+01 -3.925291e+01 3.932309e+01
      vertex   4.703999e+01 -3.981808e+01 3.946251e+01
      vertex   4.704555e+01 -3.978827e+01 3.932309e+01
    endloop
  endfacet
  facet normal 1.793586e-01 9.605449e-01 2.125653e-01
    outer loop
      vertex   4.704555e+01 -3.978827e+01 3.932309e+01
      vertex   4.703999e+01 -3.981808e+01 3.946251e+01
      vertex   4.990710e+01 -4.035345e+01 3.946251e+01
    endloop
  endfacet
  facet normal 3.991260e-16 -7.452716e-17 1.000000e+00
    outer loop
      vertex   4.112965e+01 -3.969055e+01 4.018077e+01
      vertex   3.981606e+01 -4.672539e+01 4.018077e+01
      vertex   7.553499e+01 -4.611491e+01 4.018077e+01
    endloop
  endfacet
  facet normal 3.991260e-16 -7.452716e-17 1.000000e+00
    outer loop
      vertex   7.553499e+01 -4.611491e+01 4.018077e+01
      vertex   3.981606e+01 -4.672539e+01 4.018077e+01
      vertex   7.422140e+01 -5.314976e+01 4.018077e+01
    endloop
  endfacet
  facet normal -1.830857e-01 -9.805051e-01 7.133918e-02
    outer loop
      vertex   7.403971e+01 -5.412276e+01 3.932309e+01
      vertex   7.117260e+01 -5.358740e+01 3.932309e+01
      vertex   7.403785e+01 -5.413277e+01 3.918077e+01
    endloop
  endfacet
  facet normal -1.830857e-01 -9.805051e-01 7.133918e-02
    outer loop
      vertex   7.403785e+01 -5.413277e+01 3.918077e+01
      vertex   7.117260e+01 -5.358740e+01 3.932309e+01
      vertex   6.830549e+01 -5.305203e+01 3.932309e+01
    endloop
  endfacet
  facet normal -1.830857e-01 -9.805051e-01 7.133918e-02
    outer loop
      vertex   7.403785e+01 -5.413277e+01 3.918077e+01
      vertex   6.830549e+01 -5.305203e+01 3.932309e+01
      vertex   6.543838e+01 -5.251667e+01 3.932309e+01
    endloop
  endfacet
  facet normal -1.793586e-01 -9.605449e-01 2.125653e-01
    outer loop
      vertex   6.543838e+01 -5.251667e+01 3.932309e+01
      vertex   6.830549e+01 -5.305203e+01 3.932309e+01
      vertex   6.544395e+01 -5.248686e+01 3.946251e+01
    endloop
  endfacet
  facet normal -1.793586e-01 -9.605449e-01 2.125653e-01
    outer loop
      vertex   6.543838e+01 -5.251667e+01 3.932309e+01
      vertex   6.544395e+01 -5.248686e+01 3.946251e+01
      vertex   6.257683e+01 -5.195149e+01 3.946251e+01
    endloop
  endfacet
  facet normal -1.719803e-01 -9.210307e-01 3.494642e-01
    outer loop
      vertex   6.257683e+01 -5.195149e+01 3.946251e+01
      vertex   6.544395e+01 -5.248686e+01 3.946251e+01
      vertex   6.258599e+01 -5.190248e+01 3.959619e+01
    endloop
  endfacet
  facet normal -1.719803e-01 -9.210307e-01 3.494642e-01
    outer loop
      vertex   6.257683e+01 -5.195149e+01 3.946251e+01
      vertex   6.258599e+01 -5.190248e+01 3.959619e+01
      vertex   5.971887e+01 -5.136711e+01 3.959619e+01
    endloop
  endfacet
  facet normal -1.611010e-01 -8.627670e-01 4.792490e-01
    outer loop
      vertex   5.971887e+01 -5.136711e+01 3.959619e+01
      vertex   6.258599e+01 -5.190248e+01 3.959619e+01
      vertex   5.973143e+01 -5.129990e+01 3.972141e+01
    endloop
  endfacet
  facet normal -1.611010e-01 -8.627670e-01 4.792490e-01
    outer loop
      vertex   5.971887e+01 -5.136711e+01 3.959619e+01
      vertex   5.973143e+01 -5.129990e+01 3.972141e+01
      vertex   5.686431e+01 -5.076453e+01 3.972141e+01
    endloop
  endfacet
  facet normal -1.469421e-01 -7.869398e-01 5.992777e-01
    outer loop
      vertex   5.686431e+01 -5.076453e+01 3.972141e+01
      vertex   5.973143e+01 -5.129990e+01 3.972141e+01
      vertex   5.688001e+01 -5.068048e+01 3.983563e+01
    endloop
  endfacet
  facet normal -1.469421e-01 -7.869398e-01 5.992777e-01
    outer loop
      vertex   5.686431e+01 -5.076453e+01 3.972141e+01
      vertex   5.688001e+01 -5.068048e+01 3.983563e+01
      vertex   5.401290e+01 -5.014512e+01 3.983563e+01
    endloop
  endfacet
  facet normal -1.297919e-01 -6.950929e-01 7.071068e-01
    outer loop
      vertex   5.401290e+01 -5.014512e+01 3.983563e+01
      vertex   5.688001e+01 -5.068048e+01 3.983563e+01
      vertex   5.403141e+01 -5.004594e+01 3.993652e+01
    endloop
  endfacet
  facet normal -1.297919e-01 -6.950929e-01 7.071068e-01
    outer loop
      vertex   5.401290e+01 -5.014512e+01 3.983563e+01
      vertex   5.403141e+01 -5.004594e+01 3.993652e+01
      vertex   5.116430e+01 -4.951058e+01 3.993652e+01
    endloop
  endfacet
  facet normal -1.099995e-01 -5.890958e-01 8.005412e-01
    outer loop
      vertex   5.116430e+01 -4.951058e+01 3.993652e+01
      vertex   5.403141e+01 -5.004594e+01 3.993652e+01
      vertex   5.118527e+01 -4.939830e+01 4.002203e+01
    endloop
  endfacet
  facet normal -1.099995e-01 -5.890958e-01 8.005412e-01
    outer loop
      vertex   5.116430e+01 -4.951058e+01 3.993652e+01
      vertex   5.118527e+01 -4.939830e+01 4.002203e+01
      vertex   4.831816e+01 -4.886294e+01 4.002203e+01
    endloop
  endfacet
  facet normal -8.796778e-02 -4.711064e-01 8.776790e-01
    outer loop
      vertex   4.831816e+01 -4.886294e+01 4.002203e+01
      vertex   5.118527e+01 -4.939830e+01 4.002203e+01
      vertex   4.834114e+01 -4.873984e+01 4.009040e+01
    endloop
  endfacet
  facet normal -8.796778e-02 -4.711064e-01 8.776790e-01
    outer loop
      vertex   4.831816e+01 -4.886294e+01 4.002203e+01
      vertex   4.834114e+01 -4.873984e+01 4.009040e+01
      vertex   4.547403e+01 -4.820447e+01 4.009040e+01
    endloop
  endfacet
  facet normal -6.414534e-02 -3.435267e-01 9.369497e-01
    outer loop
      vertex   4.547403e+01 -4.820447e+01 4.009040e+01
      vertex   4.834114e+01 -4.873984e+01 4.009040e+01
      vertex   4.549857e+01 -4.807306e+01 4.014027e+01
    endloop
  endfacet
  facet normal -6.414534e-02 -3.435267e-01 9.369497e-01
    outer loop
      vertex   4.547403e+01 -4.820447e+01 4.009040e+01
      vertex   4.549857e+01 -4.807306e+01 4.014027e+01
      vertex   4.263146e+01 -4.753770e+01 4.014027e+01
    endloop
  endfacet
  facet normal -3.901708e-02 -2.089538e-01 9.771469e-01
    outer loop
      vertex   4.263146e+01 -4.753770e+01 4.014027e+01
      vertex   4.549857e+01 -4.807306e+01 4.014027e+01
      vertex   4.265705e+01 -4.740065e+01 4.017059e+01
    endloop
  endfacet
  facet normal -3.901708e-02 -2.089538e-01 9.771469e-01
    outer loop
      vertex   4.263146e+01 -4.753770e+01 4.014027e+01
      vertex   4.265705e+01 -4.740065e+01 4.017059e+01
      vertex   3.978994e+01 -4.686529e+01 4.017059e+01
    endloop
  endfacet
  facet normal -1.309455e-02 -7.012711e-02 9.974521e-01
    outer loop
      vertex   3.978994e+01 -4.686529e+01 4.017059e+01
      vertex   4.265705e+01 -4.740065e+01 4.017059e+01
      vertex   3.981606e+01 -4.672539e+01 4.018077e+01
    endloop
  endfacet
  facet normal -1.309455e-02 -7.012711e-02 9.974521e-01
    outer loop
      vertex   3.981606e+01 -4.672539e+01 4.018077e+01
      vertex   4.265705e+01 -4.740065e+01 4.017059e+01
      vertex   4.552416e+01 -4.793601e+01 4.017059e+01
    endloop
  endfacet
  facet normal -1.309455e-02 -7.012711e-02 9.974521e-01
    outer loop
      vertex   3.981606e+01 -4.672539e+01 4.018077e+01
      vertex   4.552416e+01 -4.793601e+01 4.017059e+01
      vertex   4.839127e+01 -4.847138e+01 4.017059e+01
    endloop
  endfacet
  facet normal -3.901708e-02 -2.089538e-01 9.771469e-01
    outer loop
      vertex   4.839127e+01 -4.847138e+01 4.017059e+01
      vertex   4.552416e+01 -4.793601e+01 4.017059e+01
      vertex   4.836568e+01 -4.860843e+01 4.014027e+01
    endloop
  endfacet
  facet normal -3.901708e-02 -2.089538e-01 9.771469e-01
    outer loop
      vertex   4.839127e+01 -4.847138e+01 4.017059e+01
      vertex   4.836568e+01 -4.860843e+01 4.014027e+01
      vertex   5.123279e+01 -4.914379e+01 4.014027e+01
    endloop
  endfacet
  facet normal -6.414534e-02 -3.435267e-01 9.369497e-01
    outer loop
      vertex   5.123279e+01 -4.914379e+01 4.014027e+01
      vertex   4.836568e+01 -4.860843e+01 4.014027e+01
      vertex   5.120825e+01 -4.927520e+01 4.009040e+01
    endloop
  endfacet
  facet normal -6.414534e-02 -3.435267e-01 9.369497e-01
    outer loop
      vertex   5.123279e+01 -4.914379e+01 4.014027e+01
      vertex   5.120825e+01 -4.927520e+01 4.009040e+01
      vertex   5.407537e+01 -4.981057e+01 4.009040e+01
    endloop
  endfacet
  facet normal -8.796778e-02 -4.711064e-01 8.776790e-01
    outer loop
      vertex   5.407537e+01 -4.981057e+01 4.009040e+01
      vertex   5.120825e+01 -4.927520e+01 4.009040e+01
      vertex   5.405238e+01 -4.993366e+01 4.002203e+01
    endloop
  endfacet
  facet normal -8.796778e-02 -4.711064e-01 8.776790e-01
    outer loop
      vertex   5.407537e+01 -4.981057e+01 4.009040e+01
      vertex   5.405238e+01 -4.993366e+01 4.002203e+01
      vertex   5.691949e+01 -5.046903e+01 4.002203e+01
    endloop
  endfacet
  facet normal -1.099995e-01 -5.890958e-01 8.005412e-01
    outer loop
      vertex   5.691949e+01 -5.046903e+01 4.002203e+01
      vertex   5.405238e+01 -4.993366e+01 4.002203e+01
      vertex   5.689853e+01 -5.058131e+01 3.993652e+01
    endloop
  endfacet
  facet normal -1.099995e-01 -5.890958e-01 8.005412e-01
    outer loop
      vertex   5.691949e+01 -5.046903e+01 4.002203e+01
      vertex   5.689853e+01 -5.058131e+01 3.993652e+01
      vertex   5.976564e+01 -5.111667e+01 3.993652e+01
    endloop
  endfacet
  facet normal -1.297919e-01 -6.950929e-01 7.071068e-01
    outer loop
      vertex   5.976564e+01 -5.111667e+01 3.993652e+01
      vertex   5.689853e+01 -5.058131e+01 3.993652e+01
      vertex   5.974712e+01 -5.121585e+01 3.983563e+01
    endloop
  endfacet
  facet normal -1.297919e-01 -6.950929e-01 7.071068e-01
    outer loop
      vertex   5.976564e+01 -5.111667e+01 3.993652e+01
      vertex   5.974712e+01 -5.121585e+01 3.983563e+01
      vertex   6.261423e+01 -5.175121e+01 3.983563e+01
    endloop
  endfacet
  facet normal -1.469421e-01 -7.869398e-01 5.992777e-01
    outer loop
      vertex   6.261423e+01 -5.175121e+01 3.983563e+01
      vertex   5.974712e+01 -5.121585e+01 3.983563e+01
      vertex   6.259854e+01 -5.183526e+01 3.972141e+01
    endloop
  endfacet
  facet normal -1.469421e-01 -7.869398e-01 5.992777e-01
    outer loop
      vertex   6.261423e+01 -5.175121e+01 3.983563e+01
      vertex   6.259854e+01 -5.183526e+01 3.972141e+01
      vertex   6.546565e+01 -5.237063e+01 3.972141e+01
    endloop
  endfacet
  facet normal -1.611010e-01 -8.627670e-01 4.792490e-01
    outer loop
      vertex   6.546565e+01 -5.237063e+01 3.972141e+01
      vertex   6.259854e+01 -5.183526e+01 3.972141e+01
      vertex   6.545310e+01 -5.243784e+01 3.959619e+01
    endloop
  endfacet
  facet normal -1.611010e-01 -8.627670e-01 4.792490e-01
    outer loop
      vertex   6.546565e+01 -5.237063e+01 3.972141e+01
      vertex   6.545310e+01 -5.243784e+01 3.959619e+01
      vertex   6.832021e+01 -5.297321e+01 3.959619e+01
    endloop
  endfacet
  facet normal -1.719803e-01 -9.210307e-01 3.494642e-01
    outer loop
      vertex   6.832021e+01 -5.297321e+01 3.959619e+01
      vertex   6.545310e+01 -5.243784e+01 3.959619e+01
      vertex   6.831106e+01 -5.302222e+01 3.946251e+01
    endloop
  endfacet
  facet normal -1.719803e-01 -9.210307e-01 3.494642e-01
    outer loop
      vertex   6.832021e+01 -5.297321e+01 3.959619e+01
      vertex   6.831106e+01 -5.302222e+01 3.946251e+01
      vertex   7.117817e+01 -5.355758e+01 3.946251e+01
    endloop
  endfacet
  facet normal -1.793586e-01 -9.605449e-01 2.125653e-01
    outer loop
      vertex   7.117817e+01 -5.355758e+01 3.946251e+01
      vertex   6.831106e+01 -5.302222e+01 3.946251e+01
      vertex   7.117260e+01 -5.358740e+01 3.932309e+01
    endloop
  endfacet
  facet normal -1.793586e-01 -9.605449e-01 2.125653e-01
    outer loop
      vertex   7.117817e+01 -5.355758e+01 3.946251e+01
      vertex   7.117260e+01 -5.358740e+01 3.932309e+01
      vertex   7.403971e+01 -5.412276e+01 3.932309e+01
    endloop
  endfacet
  facet normal -1.793586e-01 -9.605449e-01 2.125653e-01
    outer loop
      vertex   7.403971e+01 -5.412276e+01 3.932309e+01
      vertex   7.404528e+01 -5.409295e+01 3.946251e+01
      vertex   7.117817e+01 -5.355758e+01 3.946251e+01
    endloop
  endfacet
  facet normal -1.719803e-01 -9.210307e-01 3.494642e-01
    outer loop
      vertex   7.117817e+01 -5.355758e+01 3.946251e+01
      vertex   7.404528e+01 -5.409295e+01 3.946251e+01
      vertex   7.118732e+01 -5.350857e+01 3.959619e+01
    endloop
  endfacet
  facet normal -1.719803e-01 -9.210307e-01 3.494642e-01
    outer loop
      vertex   7.117817e+01 -5.355758e+01 3.946251e+01
      vertex   7.118732e+01 -5.350857e+01 3.959619e+01
      vertex   6.832021e+01 -5.297321e+01 3.959619e+01
    endloop
  endfacet
  facet normal -1.611010e-01 -8.627670e-01 4.792490e-01
    outer loop
      vertex   6.832021e+01 -5.297321e+01 3.959619e+01
      vertex   7.118732e+01 -5.350857e+01 3.959619e+01
      vertex   6.833276e+01 -5.290599e+01 3.972141e+01
    endloop
  endfacet
  facet normal -1.611010e-01 -8.627670e-01 4.792490e-01
    outer loop
      vertex   6.832021e+01 -5.297321e+01 3.959619e+01
      vertex   6.833276e+01 -5.290599e+01 3.972141e+01
      vertex   6.546565e+01 -5.237063e+01 3.972141e+01
    endloop
  endfacet
  facet normal -1.469421e-01 -7.869398e-01 5.992777e-01
    outer loop
      vertex   6.546565e+01 -5.237063e+01 3.972141e+01
      vertex   6.833276e+01 -5.290599e+01 3.972141e+01
      vertex   6.548134e+01 -5.228657e+01 3.983563e+01
    endloop
  endfacet
  facet normal -1.469421e-01 -7.869398e-01 5.992777e-01
    outer loop
      vertex   6.546565e+01 -5.237063e+01 3.972141e+01
      vertex   6.548134e+01 -5.228657e+01 3.983563e+01
      vertex   6.261423e+01 -5.175121e+01 3.983563e+01
    endloop
  endfacet
  facet normal -1.297919e-01 -6.950929e-01 7.071068e-01
    outer loop
      vertex   6.261423e+01 -5.175121e+01 3.983563e+01
      vertex   6.548134e+01 -5.228657e+01 3.983563e+01
      vertex   6.263275e+01 -5.165204e+01 3.993652e+01
    endloop
  endfacet
  facet normal -1.297919e-01 -6.950929e-01 7.071068e-01
    outer loop
      vertex   6.261423e+01 -5.175121e+01 3.983563e+01
      vertex   6.263275e+01 -5.165204e+01 3.993652e+01
      vertex   5.976564e+01 -5.111667e+01 3.993652e+01
    endloop
  endfacet
  facet normal -1.099995e-01 -5.890958e-01 8.005412e-01
    outer loop
      vertex   5.976564e+01 -5.111667e+01 3.993652e+01
      vertex   6.263275e+01 -5.165204e+01 3.993652e+01
      vertex   5.978660e+01 -5.100439e+01 4.002203e+01
    endloop
  endfacet
  facet normal -1.099995e-01 -5.890958e-01 8.005412e-01
    outer loop
      vertex   5.976564e+01 -5.111667e+01 3.993652e+01
      vertex   5.978660e+01 -5.100439e+01 4.002203e+01
      vertex   5.691949e+01 -5.046903e+01 4.002203e+01
    endloop
  endfacet
  facet normal -8.796778e-02 -4.711064e-01 8.776790e-01
    outer loop
      vertex   5.691949e+01 -5.046903e+01 4.002203e+01
      vertex   5.978660e+01 -5.100439e+01 4.002203e+01
      vertex   5.694248e+01 -5.034593e+01 4.009040e+01
    endloop
  endfacet
  facet normal -8.796778e-02 -4.711064e-01 8.776790e-01
    outer loop
      vertex   5.691949e+01 -5.046903e+01 4.002203e+01
      vertex   5.694248e+01 -5.034593e+01 4.009040e+01
      vertex   5.407537e+01 -4.981057e+01 4.009040e+01
    endloop
  endfacet
  facet normal -6.414534e-02 -3.435267e-01 9.369497e-01
    outer loop
      vertex   5.407537e+01 -4.981057e+01 4.009040e+01
      vertex   5.694248e+01 -5.034593e+01 4.009040e+01
      vertex   5.409990e+01 -4.967916e+01 4.014027e+01
    endloop
  endfacet
  facet normal -6.414534e-02 -3.435267e-01 9.369497e-01
    outer loop
      vertex   5.407537e+01 -4.981057e+01 4.009040e+01
      vertex   5.409990e+01 -4.967916e+01 4.014027e+01
      vertex   5.123279e+01 -4.914379e+01 4.014027e+01
    endloop
  endfacet
  facet normal -3.901708e-02 -2.089538e-01 9.771469e-01
    outer loop
      vertex   5.123279e+01 -4.914379e+01 4.014027e+01
      vertex   5.409990e+01 -4.967916e+01 4.014027e+01
      vertex   5.125838e+01 -4.900674e+01 4.017059e+01
    endloop
  endfacet
  facet normal -3.901708e-02 -2.089538e-01 9.771469e-01
    outer loop
      vertex   5.123279e+01 -4.914379e+01 4.014027e+01
      vertex   5.125838e+01 -4.900674e+01 4.017059e+01
      vertex   4.839127e+01 -4.847138e+01 4.017059e+01
    endloop
  endfacet
  facet normal -1.309455e-02 -7.012711e-02 9.974521e-01
    outer loop
      vertex   4.839127e+01 -4.847138e+01 4.017059e+01
      vertex   5.125838e+01 -4.900674e+01 4.017059e+01
      vertex   3.981606e+01 -4.672539e+01 4.018077e+01
    endloop
  endfacet
  facet normal -1.719803e-01 -9.210307e-01 3.494642e-01
    outer loop
      vertex   7.404528e+01 -5.409295e+01 3.946251e+01
      vertex   7.405443e+01 -5.404394e+01 3.959619e+01
      vertex   7.118732e+01 -5.350857e+01 3.959619e+01
    endloop
  endfacet
  facet normal -1.611010e-01 -8.627670e-01 4.792490e-01
    outer loop
      vertex   7.118732e+01 -5.350857e+01 3.959619e+01
      vertex   7.405443e+01 -5.404394e+01 3.959619e+01
      vertex   7.119987e+01 -5.344135e+01 3.972141e+01
    endloop
  endfacet
  facet normal -1.611010e-01 -8.627670e-01 4.792490e-01
    outer loop
      vertex   7.118732e+01 -5.350857e+01 3.959619e+01
      vertex   7.119987e+01 -5.344135e+01 3.972141e+01
      vertex   6.833276e+01 -5.290599e+01 3.972141e+01
    endloop
  endfacet
  facet normal -1.469421e-01 -7.869398e-01 5.992777e-01
    outer loop
      vertex   6.833276e+01 -5.290599e+01 3.972141e+01
      vertex   7.119987e+01 -5.344135e+01 3.972141e+01
      vertex   6.834845e+01 -5.282194e+01 3.983563e+01
    endloop
  endfacet
  facet normal -1.469421e-01 -7.869398e-01 5.992777e-01
    outer loop
      vertex   6.833276e+01 -5.290599e+01 3.972141e+01
      vertex   6.834845e+01 -5.282194e+01 3.983563e+01
      vertex   6.548134e+01 -5.228657e+01 3.983563e+01
    endloop
  endfacet
  facet normal -1.297919e-01 -6.950929e-01 7.071068e-01
    outer loop
      vertex   6.548134e+01 -5.228657e+01 3.983563e+01
      vertex   6.834845e+01 -5.282194e+01 3.983563e+01
      vertex   6.549986e+01 -5.218740e+01 3.993652e+01
    endloop
  endfacet
  facet normal -1.297919e-01 -6.950929e-01 7.071068e-01
    outer loop
      vertex   6.548134e+01 -5.228657e+01 3.983563e+01
      vertex   6.549986e+01 -5.218740e+01 3.993652e+01
      vertex   6.263275e+01 -5.165204e+01 3.993652e+01
    endloop
  endfacet
  facet normal -1.099995e-01 -5.890958e-01 8.005412e-01
    outer loop
      vertex   6.263275e+01 -5.165204e+01 3.993652e+01
      vertex   6.549986e+01 -5.218740e+01 3.993652e+01
      vertex   6.265372e+01 -5.153976e+01 4.002203e+01
    endloop
  endfacet
  facet normal -1.099995e-01 -5.890958e-01 8.005412e-01
    outer loop
      vertex   6.263275e+01 -5.165204e+01 3.993652e+01
      vertex   6.265372e+01 -5.153976e+01 4.002203e+01
      vertex   5.978660e+01 -5.100439e+01 4.002203e+01
    endloop
  endfacet
  facet normal -8.796778e-02 -4.711064e-01 8.776790e-01
    outer loop
      vertex   5.978660e+01 -5.100439e+01 4.002203e+01
      vertex   6.265372e+01 -5.153976e+01 4.002203e+01
      vertex   5.980959e+01 -5.088129e+01 4.009040e+01
    endloop
  endfacet
  facet normal -8.796778e-02 -4.711064e-01 8.776790e-01
    outer loop
      vertex   5.978660e+01 -5.100439e+01 4.002203e+01
      vertex   5.980959e+01 -5.088129e+01 4.009040e+01
      vertex   5.694248e+01 -5.034593e+01 4.009040e+01
    endloop
  endfacet
  facet normal -6.414534e-02 -3.435267e-01 9.369497e-01
    outer loop
      vertex   5.694248e+01 -5.034593e+01 4.009040e+01
      vertex   5.980959e+01 -5.088129e+01 4.009040e+01
      vertex   5.696702e+01 -5.021452e+01 4.014027e+01
    endloop
  endfacet
  facet normal -6.414534e-02 -3.435267e-01 9.369497e-01
    outer loop
      vertex   5.694248e+01 -5.034593e+01 4.009040e+01
      vertex   5.696702e+01 -5.021452e+01 4.014027e+01
      vertex   5.409990e+01 -4.967916e+01 4.014027e+01
    endloop
  endfacet
  facet normal -3.901708e-02 -2.089538e-01 9.771469e-01
    outer loop
      vertex   5.409990e+01 -4.967916e+01 4.014027e+01
      vertex   5.696702e+01 -5.021452e+01 4.014027e+01
      vertex   5.412549e+01 -4.954211e+01 4.017059e+01
    endloop
  endfacet
  facet normal -3.901708e-02 -2.089538e-01 9.771469e-01
    outer loop
      vertex   5.409990e+01 -4.967916e+01 4.014027e+01
      vertex   5.412549e+01 -4.954211e+01 4.017059e+01
      vertex   5.125838e+01 -4.900674e+01 4.017059e+01
    endloop
  endfacet
  facet normal -1.309455e-02 -7.012711e-02 9.974521e-01
    outer loop
      vertex   5.125838e+01 -4.900674e+01 4.017059e+01
      vertex   5.412549e+01 -4.954211e+01 4.017059e+01
      vertex   3.981606e+01 -4.672539e+01 4.018077e+01
    endloop
  endfacet
  facet normal -1.611010e-01 -8.627670e-01 4.792490e-01
    outer loop
      vertex   7.405443e+01 -5.404394e+01 3.959619e+01
      vertex   7.406698e+01 -5.397672e+01 3.972141e+01
      vertex   7.119987e+01 -5.344135e+01 3.972141e+01
    endloop
  endfacet
  facet normal -1.469421e-01 -7.869398e-01 5.992777e-01
    outer loop
      vertex   7.119987e+01 -5.344135e+01 3.972141e+01
      vertex   7.406698e+01 -5.397672e+01 3.972141e+01
      vertex   7.121557e+01 -5.335730e+01 3.983563e+01
    endloop
  endfacet
  facet normal -1.469421e-01 -7.869398e-01 5.992777e-01
    outer loop
      vertex   7.119987e+01 -5.344135e+01 3.972141e+01
      vertex   7.121557e+01 -5.335730e+01 3.983563e+01
      vertex   6.834845e+01 -5.282194e+01 3.983563e+01
    endloop
  endfacet
  facet normal -1.297919e-01 -6.950929e-01 7.071068e-01
    outer loop
      vertex   6.834845e+01 -5.282194e+01 3.983563e+01
      vertex   7.121557e+01 -5.335730e+01 3.983563e+01
      vertex   6.836697e+01 -5.272276e+01 3.993652e+01
    endloop
  endfacet
  facet normal -1.297919e-01 -6.950929e-01 7.071068e-01
    outer loop
      vertex   6.834845e+01 -5.282194e+01 3.983563e+01
      vertex   6.836697e+01 -5.272276e+01 3.993652e+01
      vertex   6.549986e+01 -5.218740e+01 3.993652e+01
    endloop
  endfacet
  facet normal -1.099995e-01 -5.890958e-01 8.005412e-01
    outer loop
      vertex   6.549986e+01 -5.218740e+01 3.993652e+01
      vertex   6.836697e+01 -5.272276e+01 3.993652e+01
      vertex   6.552083e+01 -5.207512e+01 4.002203e+01
    endloop
  endfacet
  facet normal -1.099995e-01 -5.890958e-01 8.005412e-01
    outer loop
      vertex   6.549986e+01 -5.218740e+01 3.993652e+01
      vertex   6.552083e+01 -5.207512e+01 4.002203e+01
      vertex   6.265372e+01 -5.153976e+01 4.002203e+01
    endloop
  endfacet
  facet normal -8.796778e-02 -4.711064e-01 8.776790e-01
    outer loop
      vertex   6.265372e+01 -5.153976e+01 4.002203e+01
      vertex   6.552083e+01 -5.207512e+01 4.002203e+01
      vertex   6.267670e+01 -5.141666e+01 4.009040e+01
    endloop
  endfacet
  facet normal -8.796778e-02 -4.711064e-01 8.776790e-01
    outer loop
      vertex   6.265372e+01 -5.153976e+01 4.002203e+01
      vertex   6.267670e+01 -5.141666e+01 4.009040e+01
      vertex   5.980959e+01 -5.088129e+01 4.009040e+01
    endloop
  endfacet
  facet normal -6.414534e-02 -3.435267e-01 9.369497e-01
    outer loop
      vertex   5.980959e+01 -5.088129e+01 4.009040e+01
      vertex   6.267670e+01 -5.141666e+01 4.009040e+01
      vertex   5.983413e+01 -5.074988e+01 4.014027e+01
    endloop
  endfacet
  facet normal -6.414534e-02 -3.435267e-01 9.369497e-01
    outer loop
      vertex   5.980959e+01 -5.088129e+01 4.009040e+01
      vertex   5.983413e+01 -5.074988e+01 4.014027e+01
      vertex   5.696702e+01 -5.021452e+01 4.014027e+01
    endloop
  endfacet
  facet normal -3.901708e-02 -2.089538e-01 9.771469e-01
    outer loop
      vertex   5.696702e+01 -5.021452e+01 4.014027e+01
      vertex   5.983413e+01 -5.074988e+01 4.014027e+01
      vertex   5.699261e+01 -5.007747e+01 4.017059e+01
    endloop
  endfacet
  facet normal -3.901708e-02 -2.089538e-01 9.771469e-01
    outer loop
      vertex   5.696702e+01 -5.021452e+01 4.014027e+01
      vertex   5.699261e+01 -5.007747e+01 4.017059e+01
      vertex   5.412549e+01 -4.954211e+01 4.017059e+01
    endloop
  endfacet
  facet normal -1.309455e-02 -7.012711e-02 9.974521e-01
    outer loop
      vertex   5.412549e+01 -4.954211e+01 4.017059e+01
      vertex   5.699261e+01 -5.007747e+01 4.017059e+01
      vertex   3.981606e+01 -4.672539e+01 4.018077e+01
    endloop
  endfacet
  facet normal -1.469421e-01 -7.869398e-01 5.992777e-01
    outer loop
      vertex   7.406698e+01 -5.397672e+01 3.972141e+01
      vertex   7.408268e+01 -5.389267e+01 3.983563e+01
      vertex   7.121557e+01 -5.335730e+01 3.983563e+01
    endloop
  endfacet
  facet normal -1.297919e-01 -6.950929e-01 7.071068e-01
    outer loop
      vertex   7.121557e+01 -5.335730e+01 3.983563e+01
      vertex   7.408268e+01 -5.389267e+01 3.983563e+01
      vertex   7.123409e+01 -5.325813e+01 3.993652e+01
    endloop
  endfacet
  facet normal -1.297919e-01 -6.950929e-01 7.071068e-01
    outer loop
      vertex   7.121557e+01 -5.335730e+01 3.983563e+01
      vertex   7.123409e+01 -5.325813e+01 3.993652e+01
      vertex   6.836697e+01 -5.272276e+01 3.993652e+01
    endloop
  endfacet
  facet normal -1.099995e-01 -5.890958e-01 8.005412e-01
    outer loop
      vertex   6.836697e+01 -5.272276e+01 3.993652e+01
      vertex   7.123409e+01 -5.325813e+01 3.993652e+01
      vertex   6.838794e+01 -5.261049e+01 4.002203e+01
    endloop
  endfacet
  facet normal -1.099995e-01 -5.890958e-01 8.005412e-01
    outer loop
      vertex   6.836697e+01 -5.272276e+01 3.993652e+01
      vertex   6.838794e+01 -5.261049e+01 4.002203e+01
      vertex   6.552083e+01 -5.207512e+01 4.002203e+01
    endloop
  endfacet
  facet normal -8.796778e-02 -4.711064e-01 8.776790e-01
    outer loop
      vertex   6.552083e+01 -5.207512e+01 4.002203e+01
      vertex   6.838794e+01 -5.261049e+01 4.002203e+01
      vertex   6.554381e+01 -5.195202e+01 4.009040e+01
    endloop
  endfacet
  facet normal -8.796778e-02 -4.711064e-01 8.776790e-01
    outer loop
      vertex   6.552083e+01 -5.207512e+01 4.002203e+01
      vertex   6.554381e+01 -5.195202e+01 4.009040e+01
      vertex   6.267670e+01 -5.141666e+01 4.009040e+01
    endloop
  endfacet
  facet normal -6.414534e-02 -3.435267e-01 9.369497e-01
    outer loop
      vertex   6.267670e+01 -5.141666e+01 4.009040e+01
      vertex   6.554381e+01 -5.195202e+01 4.009040e+01
      vertex   6.270124e+01 -5.128525e+01 4.014027e+01
    endloop
  endfacet
  facet normal -6.414534e-02 -3.435267e-01 9.369497e-01
    outer loop
      vertex   6.267670e+01 -5.141666e+01 4.009040e+01
      vertex   6.270124e+01 -5.128525e+01 4.014027e+01
      vertex   5.983413e+01 -5.074988e+01 4.014027e+01
    endloop
  endfacet
  facet normal -3.901708e-02 -2.089538e-01 9.771469e-01
    outer loop
      vertex   5.983413e+01 -5.074988e+01 4.014027e+01
      vertex   6.270124e+01 -5.128525e+01 4.014027e+01
      vertex   5.985972e+01 -5.061283e+01 4.017059e+01
    endloop
  endfacet
  facet normal -3.901708e-02 -2.089538e-01 9.771469e-01
    outer loop
      vertex   5.983413e+01 -5.074988e+01 4.014027e+01
      vertex   5.985972e+01 -5.061283e+01 4.017059e+01
      vertex   5.699261e+01 -5.007747e+01 4.017059e+01
    endloop
  endfacet
  facet normal -1.309455e-02 -7.012711e-02 9.974521e-01
    outer loop
      vertex   5.699261e+01 -5.007747e+01 4.017059e+01
      vertex   5.985972e+01 -5.061283e+01 4.017059e+01
      vertex   7.422140e+01 -5.314976e+01 4.018077e+01
    endloop
  endfacet
  facet normal -1.309455e-02 -7.012711e-02 9.974521e-01
    outer loop
      vertex   5.699261e+01 -5.007747e+01 4.017059e+01
      vertex   7.422140e+01 -5.314976e+01 4.018077e+01
      vertex   3.981606e+01 -4.672539e+01 4.018077e+01
    endloop
  endfacet
  facet normal -1.297919e-01 -6.950929e-01 7.071068e-01
    outer loop
      vertex   7.408268e+01 -5.389267e+01 3.983563e+01
      vertex   7.410120e+01 -5.379349e+01 3.993652e+01
      vertex   7.123409e+01 -5.325813e+01 3.993652e+01
    endloop
  endfacet
  facet normal -1.099995e-01 -5.890958e-01 8.005412e-01
    outer loop
      vertex   7.123409e+01 -5.325813e+01 3.993652e+01
      vertex   7.410120e+01 -5.379349e+01 3.993652e+01
      vertex   7.125505e+01 -5.314585e+01 4.002203e+01
    endloop
  endfacet
  facet normal -1.099995e-01 -5.890958e-01 8.005412e-01
    outer loop
      vertex   7.123409e+01 -5.325813e+01 3.993652e+01
      vertex   7.125505e+01 -5.314585e+01 4.002203e+01
      vertex   6.838794e+01 -5.261049e+01 4.002203e+01
    endloop
  endfacet
  facet normal -8.796778e-02 -4.711064e-01 8.776790e-01
    outer loop
      vertex   6.838794e+01 -5.261049e+01 4.002203e+01
      vertex   7.125505e+01 -5.314585e+01 4.002203e+01
      vertex   6.841092e+01 -5.248739e+01 4.009040e+01
    endloop
  endfacet
  facet normal -8.796778e-02 -4.711064e-01 8.776790e-01
    outer loop
      vertex   6.838794e+01 -5.261049e+01 4.002203e+01
      vertex   6.841092e+01 -5.248739e+01 4.009040e+01
      vertex   6.554381e+01 -5.195202e+01 4.009040e+01
    endloop
  endfacet
  facet normal -6.414534e-02 -3.435267e-01 9.369497e-01
    outer loop
      vertex   6.554381e+01 -5.195202e+01 4.009040e+01
      vertex   6.841092e+01 -5.248739e+01 4.009040e+01
      vertex   6.556835e+01 -5.182061e+01 4.014027e+01
    endloop
  endfacet
  facet normal -6.414534e-02 -3.435267e-01 9.369497e-01
    outer loop
      vertex   6.554381e+01 -5.195202e+01 4.009040e+01
      vertex   6.556835e+01 -5.182061e+01 4.014027e+01
      vertex   6.270124e+01 -5.128525e+01 4.014027e+01
    endloop
  endfacet
  facet normal -3.901708e-02 -2.089538e-01 9.771469e-01
    outer loop
      vertex   6.270124e+01 -5.128525e+01 4.014027e+01
      vertex   6.556835e+01 -5.182061e+01 4.014027e+01
      vertex   6.272683e+01 -5.114820e+01 4.017059e+01
    endloop
  endfacet
  facet normal -3.901708e-02 -2.089538e-01 9.771469e-01
    outer loop
      vertex   6.270124e+01 -5.128525e+01 4.014027e+01
      vertex   6.272683e+01 -5.114820e+01 4.017059e+01
      vertex   5.985972e+01 -5.061283e+01 4.017059e+01
    endloop
  endfacet
  facet normal -1.309455e-02 -7.012711e-02 9.974521e-01
    outer loop
      vertex   5.985972e+01 -5.061283e+01 4.017059e+01
      vertex   6.272683e+01 -5.114820e+01 4.017059e+01
      vertex   7.422140e+01 -5.314976e+01 4.018077e+01
    endloop
  endfacet
  facet normal -1.099995e-01 -5.890958e-01 8.005412e-01
    outer loop
      vertex   7.410120e+01 -5.379349e+01 3.993652e+01
      vertex   7.412216e+01 -5.368121e+01 4.002203e+01
      vertex   7.125505e+01 -5.314585e+01 4.002203e+01
    endloop
  endfacet
  facet normal -8.796778e-02 -4.711064e-01 8.776790e-01
    outer loop
      vertex   7.125505e+01 -5.314585e+01 4.002203e+01
      vertex   7.412216e+01 -5.368121e+01 4.002203e+01
      vertex   7.127804e+01 -5.302275e+01 4.009040e+01
    endloop
  endfacet
  facet normal -8.796778e-02 -4.711064e-01 8.776790e-01
    outer loop
      vertex   7.125505e+01 -5.314585e+01 4.002203e+01
      vertex   7.127804e+01 -5.302275e+01 4.009040e+01
      vertex   6.841092e+01 -5.248739e+01 4.009040e+01
    endloop
  endfacet
  facet normal -6.414534e-02 -3.435267e-01 9.369497e-01
    outer loop
      vertex   6.841092e+01 -5.248739e+01 4.009040e+01
      vertex   7.127804e+01 -5.302275e+01 4.009040e+01
      vertex   6.843546e+01 -5.235598e+01 4.014027e+01
    endloop
  endfacet
  facet normal -6.414534e-02 -3.435267e-01 9.369497e-01
    outer loop
      vertex   6.841092e+01 -5.248739e+01 4.009040e+01
      vertex   6.843546e+01 -5.235598e+01 4.014027e+01
      vertex   6.556835e+01 -5.182061e+01 4.014027e+01
    endloop
  endfacet
  facet normal -3.901708e-02 -2.089538e-01 9.771469e-01
    outer loop
      vertex   6.556835e+01 -5.182061e+01 4.014027e+01
      vertex   6.843546e+01 -5.235598e+01 4.014027e+01
      vertex   6.559394e+01 -5.168356e+01 4.017059e+01
    endloop
  endfacet
  facet normal -3.901708e-02 -2.089538e-01 9.771469e-01
    outer loop
      vertex   6.556835e+01 -5.182061e+01 4.014027e+01
      vertex   6.559394e+01 -5.168356e+01 4.017059e+01
      vertex   6.272683e+01 -5.114820e+01 4.017059e+01
    endloop
  endfacet
  facet normal -1.309455e-02 -7.012711e-02 9.974521e-01
    outer loop
      vertex   6.272683e+01 -5.114820e+01 4.017059e+01
      vertex   6.559394e+01 -5.168356e+01 4.017059e+01
      vertex   7.422140e+01 -5.314976e+01 4.018077e+01
    endloop
  endfacet
  facet normal -8.796778e-02 -4.711064e-01 8.776790e-01
    outer loop
      vertex   7.412216e+01 -5.368121e+01 4.002203e+01
      vertex   7.414515e+01 -5.355812e+01 4.009040e+01
      vertex   7.127804e+01 -5.302275e+01 4.009040e+01
    endloop
  endfacet
  facet normal -6.414534e-02 -3.435267e-01 9.369497e-01
    outer loop
      vertex   7.127804e+01 -5.302275e+01 4.009040e+01
      vertex   7.414515e+01 -5.355812e+01 4.009040e+01
      vertex   7.130257e+01 -5.289134e+01 4.014027e+01
    endloop
  endfacet
  facet normal -6.414534e-02 -3.435267e-01 9.369497e-01
    outer loop
      vertex   7.127804e+01 -5.302275e+01 4.009040e+01
      vertex   7.130257e+01 -5.289134e+01 4.014027e+01
      vertex   6.843546e+01 -5.235598e+01 4.014027e+01
    endloop
  endfacet
  facet normal -3.901708e-02 -2.089538e-01 9.771469e-01
    outer loop
      vertex   6.843546e+01 -5.235598e+01 4.014027e+01
      vertex   7.130257e+01 -5.289134e+01 4.014027e+01
      vertex   6.846105e+01 -5.221893e+01 4.017059e+01
    endloop
  endfacet
  facet normal -3.901708e-02 -2.089538e-01 9.771469e-01
    outer loop
      vertex   6.843546e+01 -5.235598e+01 4.014027e+01
      vertex   6.846105e+01 -5.221893e+01 4.017059e+01
      vertex   6.559394e+01 -5.168356e+01 4.017059e+01
    endloop
  endfacet
  facet normal -1.309455e-02 -7.012711e-02 9.974521e-01
    outer loop
      vertex   6.559394e+01 -5.168356e+01 4.017059e+01
      vertex   6.846105e+01 -5.221893e+01 4.017059e+01
      vertex   7.422140e+01 -5.314976e+01 4.018077e+01
    endloop
  endfacet
  facet normal -6.414534e-02 -3.435267e-01 9.369497e-01
    outer loop
      vertex   7.414515e+01 -5.355812e+01 4.009040e+01
      vertex   7.416969e+01 -5.342670e+01 4.014027e+01
      vertex   7.130257e+01 -5.289134e+01 4.014027e+01
    endloop
  endfacet
  facet normal -3.901708e-02 -2.089538e-01 9.771469e-01
    outer loop
      vertex   7.130257e+01 -5.289134e+01 4.014027e+01
      vertex   7.416969e+01 -5.342670e+01 4.014027e+01
      vertex   7.132816e+01 -5.275429e+01 4.017059e+01
    endloop
  endfacet
  facet normal -3.901708e-02 -2.089538e-01 9.771469e-01
    outer loop
      vertex   7.130257e+01 -5.289134e+01 4.014027e+01
      vertex   7.132816e+01 -5.275429e+01 4.017059e+01
      vertex   6.846105e+01 -5.221893e+01 4.017059e+01
    endloop
  endfacet
  facet normal -1.309455e-02 -7.012711e-02 9.974521e-01
    outer loop
      vertex   6.846105e+01 -5.221893e+01 4.017059e+01
      vertex   7.132816e+01 -5.275429e+01 4.017059e+01
      vertex   7.422140e+01 -5.314976e+01 4.018077e+01
    endloop
  endfacet
  facet normal -3.901708e-02 -2.089538e-01 9.771469e-01
    outer loop
      vertex   7.416969e+01 -5.342670e+01 4.014027e+01
      vertex   7.419528e+01 -5.328965e+01 4.017059e+01
      vertex   7.132816e+01 -5.275429e+01 4.017059e+01
    endloop
  endfacet
  facet normal -1.309455e-02 -7.012711e-02 9.974521e-01
    outer loop
      vertex   7.132816e+01 -5.275429e+01 4.017059e+01
      vertex   7.419528e+01 -5.328965e+01 4.017059e+01
      vertex   7.422140e+01 -5.314976e+01 4.018077e+01
    endloop
  endfacet
  facet normal -3.901708e-02 -2.089538e-01 9.771469e-01
    outer loop
      vertex   3.978994e+01 -4.686529e+01 4.017059e+01
      vertex   3.976434e+01 -4.700233e+01 4.014027e+01
      vertex   4.263146e+01 -4.753770e+01 4.014027e+01
    endloop
  endfacet
  facet normal -6.414534e-02 -3.435267e-01 9.369497e-01
    outer loop
      vertex   4.263146e+01 -4.753770e+01 4.014027e+01
      vertex   3.976434e+01 -4.700233e+01 4.014027e+01
      vertex   4.260692e+01 -4.766911e+01 4.009040e+01
    endloop
  endfacet
  facet normal -6.414534e-02 -3.435267e-01 9.369497e-01
    outer loop
      vertex   4.263146e+01 -4.753770e+01 4.014027e+01
      vertex   4.260692e+01 -4.766911e+01 4.009040e+01
      vertex   4.547403e+01 -4.820447e+01 4.009040e+01
    endloop
  endfacet
  facet normal -8.796778e-02 -4.711064e-01 8.776790e-01
    outer loop
      vertex   4.547403e+01 -4.820447e+01 4.009040e+01
      vertex   4.260692e+01 -4.766911e+01 4.009040e+01
      vertex   4.545104e+01 -4.832757e+01 4.002203e+01
    endloop
  endfacet
  facet normal -8.796778e-02 -4.711064e-01 8.776790e-01
    outer loop
      vertex   4.547403e+01 -4.820447e+01 4.009040e+01
      vertex   4.545104e+01 -4.832757e+01 4.002203e+01
      vertex   4.831816e+01 -4.886294e+01 4.002203e+01
    endloop
  endfacet
  facet normal -1.099995e-01 -5.890958e-01 8.005412e-01
    outer loop
      vertex   4.831816e+01 -4.886294e+01 4.002203e+01
      vertex   4.545104e+01 -4.832757e+01 4.002203e+01
      vertex   4.829719e+01 -4.897522e+01 3.993652e+01
    endloop
  endfacet
  facet normal -1.099995e-01 -5.890958e-01 8.005412e-01
    outer loop
      vertex   4.831816e+01 -4.886294e+01 4.002203e+01
      vertex   4.829719e+01 -4.897522e+01 3.993652e+01
      vertex   5.116430e+01 -4.951058e+01 3.993652e+01
    endloop
  endfacet
  facet normal -1.297919e-01 -6.950929e-01 7.071068e-01
    outer loop
      vertex   5.116430e+01 -4.951058e+01 3.993652e+01
      vertex   4.829719e+01 -4.897522e+01 3.993652e+01
      vertex   5.114578e+01 -4.960975e+01 3.983563e+01
    endloop
  endfacet
  facet normal -1.297919e-01 -6.950929e-01 7.071068e-01
    outer loop
      vertex   5.116430e+01 -4.951058e+01 3.993652e+01
      vertex   5.114578e+01 -4.960975e+01 3.983563e+01
      vertex   5.401290e+01 -5.014512e+01 3.983563e+01
    endloop
  endfacet
  facet normal -1.469421e-01 -7.869398e-01 5.992777e-01
    outer loop
      vertex   5.401290e+01 -5.014512e+01 3.983563e+01
      vertex   5.114578e+01 -4.960975e+01 3.983563e+01
      vertex   5.399720e+01 -5.022917e+01 3.972141e+01
    endloop
  endfacet
  facet normal -1.469421e-01 -7.869398e-01 5.992777e-01
    outer loop
      vertex   5.401290e+01 -5.014512e+01 3.983563e+01
      vertex   5.399720e+01 -5.022917e+01 3.972141e+01
      vertex   5.686431e+01 -5.076453e+01 3.972141e+01
    endloop
  endfacet
  facet normal -1.611010e-01 -8.627670e-01 4.792490e-01
    outer loop
      vertex   5.686431e+01 -5.076453e+01 3.972141e+01
      vertex   5.399720e+01 -5.022917e+01 3.972141e+01
      vertex   5.685176e+01 -5.083175e+01 3.959619e+01
    endloop
  endfacet
  facet normal -1.611010e-01 -8.627670e-01 4.792490e-01
    outer loop
      vertex   5.686431e+01 -5.076453e+01 3.972141e+01
      vertex   5.685176e+01 -5.083175e+01 3.959619e+01
      vertex   5.971887e+01 -5.136711e+01 3.959619e+01
    endloop
  endfacet
  facet normal -1.719803e-01 -9.210307e-01 3.494642e-01
    outer loop
      vertex   5.971887e+01 -5.136711e+01 3.959619e+01
      vertex   5.685176e+01 -5.083175e+01 3.959619e+01
      vertex   5.970972e+01 -5.141613e+01 3.946251e+01
    endloop
  endfacet
  facet normal -1.719803e-01 -9.210307e-01 3.494642e-01
    outer loop
      vertex   5.971887e+01 -5.136711e+01 3.959619e+01
      vertex   5.970972e+01 -5.141613e+01 3.946251e+01
      vertex   6.257683e+01 -5.195149e+01 3.946251e+01
    endloop
  endfacet
  facet normal -1.793586e-01 -9.605449e-01 2.125653e-01
    outer loop
      vertex   6.257683e+01 -5.195149e+01 3.946251e+01
      vertex   5.970972e+01 -5.141613e+01 3.946251e+01
      vertex   6.257127e+01 -5.198131e+01 3.932309e+01
    endloop
  endfacet
  facet normal -1.793586e-01 -9.605449e-01 2.125653e-01
    outer loop
      vertex   6.257683e+01 -5.195149e+01 3.946251e+01
      vertex   6.257127e+01 -5.198131e+01 3.932309e+01
      vertex   6.543838e+01 -5.251667e+01 3.932309e+01
    endloop
  endfacet
  facet normal -1.830857e-01 -9.805051e-01 7.133918e-02
    outer loop
      vertex   6.543838e+01 -5.251667e+01 3.932309e+01
      vertex   6.257127e+01 -5.198131e+01 3.932309e+01
      vertex   7.403785e+01 -5.413277e+01 3.918077e+01
    endloop
  endfacet
  facet normal -6.414534e-02 -3.435267e-01 9.369497e-01
    outer loop
      vertex   3.976434e+01 -4.700233e+01 4.014027e+01
      vertex   3.973981e+01 -4.713375e+01 4.009040e+01
      vertex   4.260692e+01 -4.766911e+01 4.009040e+01
    endloop
  endfacet
  facet normal -8.796778e-02 -4.711064e-01 8.776790e-01
    outer loop
      vertex   4.260692e+01 -4.766911e+01 4.009040e+01
      vertex   3.973981e+01 -4.713375e+01 4.009040e+01
      vertex   4.258393e+01 -4.779221e+01 4.002203e+01
    endloop
  endfacet
  facet normal -8.796778e-02 -4.711064e-01 8.776790e-01
    outer loop
      vertex   4.260692e+01 -4.766911e+01 4.009040e+01
      vertex   4.258393e+01 -4.779221e+01 4.002203e+01
      vertex   4.545104e+01 -4.832757e+01 4.002203e+01
    endloop
  endfacet
  facet normal -1.099995e-01 -5.890958e-01 8.005412e-01
    outer loop
      vertex   4.545104e+01 -4.832757e+01 4.002203e+01
      vertex   4.258393e+01 -4.779221e+01 4.002203e+01
      vertex   4.543008e+01 -4.843985e+01 3.993652e+01
    endloop
  endfacet
  facet normal -1.099995e-01 -5.890958e-01 8.005412e-01
    outer loop
      vertex   4.545104e+01 -4.832757e+01 4.002203e+01
      vertex   4.543008e+01 -4.843985e+01 3.993652e+01
      vertex   4.829719e+01 -4.897522e+01 3.993652e+01
    endloop
  endfacet
  facet normal -1.297919e-01 -6.950929e-01 7.071068e-01
    outer loop
      vertex   4.829719e+01 -4.897522e+01 3.993652e+01
      vertex   4.543008e+01 -4.843985e+01 3.993652e+01
      vertex   4.827867e+01 -4.907439e+01 3.983563e+01
    endloop
  endfacet
  facet normal -1.297919e-01 -6.950929e-01 7.071068e-01
    outer loop
      vertex   4.829719e+01 -4.897522e+01 3.993652e+01
      vertex   4.827867e+01 -4.907439e+01 3.983563e+01
      vertex   5.114578e+01 -4.960975e+01 3.983563e+01
    endloop
  endfacet
  facet normal -1.469421e-01 -7.869398e-01 5.992777e-01
    outer loop
      vertex   5.114578e+01 -4.960975e+01 3.983563e+01
      vertex   4.827867e+01 -4.907439e+01 3.983563e+01
      vertex   5.113009e+01 -4.969381e+01 3.972141e+01
    endloop
  endfacet
  facet normal -1.469421e-01 -7.869398e-01 5.992777e-01
    outer loop
      vertex   5.114578e+01 -4.960975e+01 3.983563e+01
      vertex   5.113009e+01 -4.969381e+01 3.972141e+01
      vertex   5.399720e+01 -5.022917e+01 3.972141e+01
    endloop
  endfacet
  facet normal -1.611010e-01 -8.627670e-01 4.792490e-01
    outer loop
      vertex   5.399720e+01 -5.022917e+01 3.972141e+01
      vertex   5.113009e+01 -4.969381e+01 3.972141e+01
      vertex   5.398465e+01 -5.029639e+01 3.959619e+01
    endloop
  endfacet
  facet normal -1.611010e-01 -8.627670e-01 4.792490e-01
    outer loop
      vertex   5.399720e+01 -5.022917e+01 3.972141e+01
      vertex   5.398465e+01 -5.029639e+01 3.959619e+01
      vertex   5.685176e+01 -5.083175e+01 3.959619e+01
    endloop
  endfacet
  facet normal -1.719803e-01 -9.210307e-01 3.494642e-01
    outer loop
      vertex   5.685176e+01 -5.083175e+01 3.959619e+01
      vertex   5.398465e+01 -5.029639e+01 3.959619e+01
      vertex   5.684261e+01 -5.088076e+01 3.946251e+01
    endloop
  endfacet
  facet normal -1.719803e-01 -9.210307e-01 3.494642e-01
    outer loop
      vertex   5.685176e+01 -5.083175e+01 3.959619e+01
      vertex   5.684261e+01 -5.088076e+01 3.946251e+01
      vertex   5.970972e+01 -5.141613e+01 3.946251e+01
    endloop
  endfacet
  facet normal -1.793586e-01 -9.605449e-01 2.125653e-01
    outer loop
      vertex   5.970972e+01 -5.141613e+01 3.946251e+01
      vertex   5.684261e+01 -5.088076e+01 3.946251e+01
      vertex   5.970415e+01 -5.144594e+01 3.932309e+01
    endloop
  endfacet
  facet normal -1.793586e-01 -9.605449e-01 2.125653e-01
    outer loop
      vertex   5.970972e+01 -5.141613e+01 3.946251e+01
      vertex   5.970415e+01 -5.144594e+01 3.932309e+01
      vertex   6.257127e+01 -5.198131e+01 3.932309e+01
    endloop
  endfacet
  facet normal -1.830857e-01 -9.805051e-01 7.133918e-02
    outer loop
      vertex   6.257127e+01 -5.198131e+01 3.932309e+01
      vertex   5.970415e+01 -5.144594e+01 3.932309e+01
      vertex   7.403785e+01 -5.413277e+01 3.918077e+01
    endloop
  endfacet
  facet normal -8.796778e-02 -4.711064e-01 8.776790e-01
    outer loop
      vertex   3.973981e+01 -4.713375e+01 4.009040e+01
      vertex   3.971682e+01 -4.725684e+01 4.002203e+01
      vertex   4.258393e+01 -4.779221e+01 4.002203e+01
    endloop
  endfacet
  facet normal -1.099995e-01 -5.890958e-01 8.005412e-01
    outer loop
      vertex   4.258393e+01 -4.779221e+01 4.002203e+01
      vertex   3.971682e+01 -4.725684e+01 4.002203e+01
      vertex   4.256297e+01 -4.790449e+01 3.993652e+01
    endloop
  endfacet
  facet normal -1.099995e-01 -5.890958e-01 8.005412e-01
    outer loop
      vertex   4.258393e+01 -4.779221e+01 4.002203e+01
      vertex   4.256297e+01 -4.790449e+01 3.993652e+01
      vertex   4.543008e+01 -4.843985e+01 3.993652e+01
    endloop
  endfacet
  facet normal -1.297919e-01 -6.950929e-01 7.071068e-01
    outer loop
      vertex   4.543008e+01 -4.843985e+01 3.993652e+01
      vertex   4.256297e+01 -4.790449e+01 3.993652e+01
      vertex   4.541156e+01 -4.853903e+01 3.983563e+01
    endloop
  endfacet
  facet normal -1.297919e-01 -6.950929e-01 7.071068e-01
    outer loop
      vertex   4.543008e+01 -4.843985e+01 3.993652e+01
      vertex   4.541156e+01 -4.853903e+01 3.983563e+01
      vertex   4.827867e+01 -4.907439e+01 3.983563e+01
    endloop
  endfacet
  facet normal -1.469421e-01 -7.869398e-01 5.992777e-01
    outer loop
      vertex   4.827867e+01 -4.907439e+01 3.983563e+01
      vertex   4.541156e+01 -4.853903e+01 3.983563e+01
      vertex   4.826298e+01 -4.915844e+01 3.972141e+01
    endloop
  endfacet
  facet normal -1.469421e-01 -7.869398e-01 5.992777e-01
    outer loop
      vertex   4.827867e+01 -4.907439e+01 3.983563e+01
      vertex   4.826298e+01 -4.915844e+01 3.972141e+01
      vertex   5.113009e+01 -4.969381e+01 3.972141e+01
    endloop
  endfacet
  facet normal -1.611010e-01 -8.627670e-01 4.792490e-01
    outer loop
      vertex   5.113009e+01 -4.969381e+01 3.972141e+01
      vertex   4.826298e+01 -4.915844e+01 3.972141e+01
      vertex   5.111754e+01 -4.976102e+01 3.959619e+01
    endloop
  endfacet
  facet normal -1.611010e-01 -8.627670e-01 4.792490e-01
    outer loop
      vertex   5.113009e+01 -4.969381e+01 3.972141e+01
      vertex   5.111754e+01 -4.976102e+01 3.959619e+01
      vertex   5.398465e+01 -5.029639e+01 3.959619e+01
    endloop
  endfacet
  facet normal -1.719803e-01 -9.210307e-01 3.494642e-01
    outer loop
      vertex   5.398465e+01 -5.029639e+01 3.959619e+01
      vertex   5.111754e+01 -4.976102e+01 3.959619e+01
      vertex   5.397550e+01 -5.034540e+01 3.946251e+01
    endloop
  endfacet
  facet normal -1.719803e-01 -9.210307e-01 3.494642e-01
    outer loop
      vertex   5.398465e+01 -5.029639e+01 3.959619e+01
      vertex   5.397550e+01 -5.034540e+01 3.946251e+01
      vertex   5.684261e+01 -5.088076e+01 3.946251e+01
    endloop
  endfacet
  facet normal -1.793586e-01 -9.605449e-01 2.125653e-01
    outer loop
      vertex   5.684261e+01 -5.088076e+01 3.946251e+01
      vertex   5.397550e+01 -5.034540e+01 3.946251e+01
      vertex   5.683704e+01 -5.091058e+01 3.932309e+01
    endloop
  endfacet
  facet normal -1.793586e-01 -9.605449e-01 2.125653e-01
    outer loop
      vertex   5.684261e+01 -5.088076e+01 3.946251e+01
      vertex   5.683704e+01 -5.091058e+01 3.932309e+01
      vertex   5.970415e+01 -5.144594e+01 3.932309e+01
    endloop
  endfacet
  facet normal -1.830857e-01 -9.805051e-01 7.133918e-02
    outer loop
      vertex   5.970415e+01 -5.144594e+01 3.932309e+01
      vertex   5.683704e+01 -5.091058e+01 3.932309e+01
      vertex   7.403785e+01 -5.413277e+01 3.918077e+01
    endloop
  endfacet
  facet normal -1.099995e-01 -5.890958e-01 8.005412e-01
    outer loop
      vertex   3.971682e+01 -4.725684e+01 4.002203e+01
      vertex   3.969586e+01 -4.736912e+01 3.993652e+01
      vertex   4.256297e+01 -4.790449e+01 3.993652e+01
    endloop
  endfacet
  facet normal -1.297919e-01 -6.950929e-01 7.071068e-01
    outer loop
      vertex   4.256297e+01 -4.790449e+01 3.993652e+01
      vertex   3.969586e+01 -4.736912e+01 3.993652e+01
      vertex   4.254445e+01 -4.800366e+01 3.983563e+01
    endloop
  endfacet
  facet normal -1.297919e-01 -6.950929e-01 7.071068e-01
    outer loop
      vertex   4.256297e+01 -4.790449e+01 3.993652e+01
      vertex   4.254445e+01 -4.800366e+01 3.983563e+01
      vertex   4.541156e+01 -4.853903e+01 3.983563e+01
    endloop
  endfacet
  facet normal -1.469421e-01 -7.869398e-01 5.992777e-01
    outer loop
      vertex   4.541156e+01 -4.853903e+01 3.983563e+01
      vertex   4.254445e+01 -4.800366e+01 3.983563e+01
      vertex   4.539587e+01 -4.862308e+01 3.972141e+01
    endloop
  endfacet
  facet normal -1.469421e-01 -7.869398e-01 5.992777e-01
    outer loop
      vertex   4.541156e+01 -4.853903e+01 3.983563e+01
      vertex   4.539587e+01 -4.862308e+01 3.972141e+01
      vertex   4.826298e+01 -4.915844e+01 3.972141e+01
    endloop
  endfacet
  facet normal -1.611010e-01 -8.627670e-01 4.792490e-01
    outer loop
      vertex   4.826298e+01 -4.915844e+01 3.972141e+01
      vertex   4.539587e+01 -4.862308e+01 3.972141e+01
      vertex   4.825043e+01 -4.922566e+01 3.959619e+01
    endloop
  endfacet
  facet normal -1.611010e-01 -8.627670e-01 4.792490e-01
    outer loop
      vertex   4.826298e+01 -4.915844e+01 3.972141e+01
      vertex   4.825043e+01 -4.922566e+01 3.959619e+01
      vertex   5.111754e+01 -4.976102e+01 3.959619e+01
    endloop
  endfacet
  facet normal -1.719803e-01 -9.210307e-01 3.494642e-01
    outer loop
      vertex   5.111754e+01 -4.976102e+01 3.959619e+01
      vertex   4.825043e+01 -4.922566e+01 3.959619e+01
      vertex   5.110839e+01 -4.981004e+01 3.946251e+01
    endloop
  endfacet
  facet normal -1.719803e-01 -9.210307e-01 3.494642e-01
    outer loop
      vertex   5.111754e+01 -4.976102e+01 3.959619e+01
      vertex   5.110839e+01 -4.981004e+01 3.946251e+01
      vertex   5.397550e+01 -5.034540e+01 3.946251e+01
    endloop
  endfacet
  facet normal -1.793586e-01 -9.605449e-01 2.125653e-01
    outer loop
      vertex   5.397550e+01 -5.034540e+01 3.946251e+01
      vertex   5.110839e+01 -4.981004e+01 3.946251e+01
      vertex   5.396993e+01 -5.037521e+01 3.932309e+01
    endloop
  endfacet
  facet normal -1.793586e-01 -9.605449e-01 2.125653e-01
    outer loop
      vertex   5.397550e+01 -5.034540e+01 3.946251e+01
      vertex   5.396993e+01 -5.037521e+01 3.932309e+01
      vertex   5.683704e+01 -5.091058e+01 3.932309e+01
    endloop
  endfacet
  facet normal -1.830857e-01 -9.805051e-01 7.133918e-02
    outer loop
      vertex   5.683704e+01 -5.091058e+01 3.932309e+01
      vertex   5.396993e+01 -5.037521e+01 3.932309e+01
      vertex   3.963250e+01 -4.770840e+01 3.918077e+01
    endloop
  endfacet
  facet normal -1.830857e-01 -9.805051e-01 7.133918e-02
    outer loop
      vertex   5.683704e+01 -5.091058e+01 3.932309e+01
      vertex   3.963250e+01 -4.770840e+01 3.918077e+01
      vertex   7.403785e+01 -5.413277e+01 3.918077e+01
    endloop
  endfacet
  facet normal -1.297919e-01 -6.950929e-01 7.071068e-01
    outer loop
      vertex   3.969586e+01 -4.736912e+01 3.993652e+01
      vertex   3.967734e+01 -4.746830e+01 3.983563e+01
      vertex   4.254445e+01 -4.800366e+01 3.983563e+01
    endloop
  endfacet
  facet normal -1.469421e-01 -7.869398e-01 5.992777e-01
    outer loop
      vertex   4.254445e+01 -4.800366e+01 3.983563e+01
      vertex   3.967734e+01 -4.746830e+01 3.983563e+01
      vertex   4.252875e+01 -4.808771e+01 3.972141e+01
    endloop
  endfacet
  facet normal -1.469421e-01 -7.869398e-01 5.992777e-01
    outer loop
      vertex   4.254445e+01 -4.800366e+01 3.983563e+01
      vertex   4.252875e+01 -4.808771e+01 3.972141e+01
      vertex   4.539587e+01 -4.862308e+01 3.972141e+01
    endloop
  endfacet
  facet normal -1.611010e-01 -8.627670e-01 4.792490e-01
    outer loop
      vertex   4.539587e+01 -4.862308e+01 3.972141e+01
      vertex   4.252875e+01 -4.808771e+01 3.972141e+01
      vertex   4.538332e+01 -4.869029e+01 3.959619e+01
    endloop
  endfacet
  facet normal -1.611010e-01 -8.627670e-01 4.792490e-01
    outer loop
      vertex   4.539587e+01 -4.862308e+01 3.972141e+01
      vertex   4.538332e+01 -4.869029e+01 3.959619e+01
      vertex   4.825043e+01 -4.922566e+01 3.959619e+01
    endloop
  endfacet
  facet normal -1.719803e-01 -9.210307e-01 3.494642e-01
    outer loop
      vertex   4.825043e+01 -4.922566e+01 3.959619e+01
      vertex   4.538332e+01 -4.869029e+01 3.959619e+01
      vertex   4.824127e+01 -4.927467e+01 3.946251e+01
    endloop
  endfacet
  facet normal -1.719803e-01 -9.210307e-01 3.494642e-01
    outer loop
      vertex   4.825043e+01 -4.922566e+01 3.959619e+01
      vertex   4.824127e+01 -4.927467e+01 3.946251e+01
      vertex   5.110839e+01 -4.981004e+01 3.946251e+01
    endloop
  endfacet
  facet normal -1.793586e-01 -9.605449e-01 2.125653e-01
    outer loop
      vertex   5.110839e+01 -4.981004e+01 3.946251e+01
      vertex   4.824127e+01 -4.927467e+01 3.946251e+01
      vertex   5.110282e+01 -4.983985e+01 3.932309e+01
    endloop
  endfacet
  facet normal -1.793586e-01 -9.605449e-01 2.125653e-01
    outer loop
      vertex   5.110839e+01 -4.981004e+01 3.946251e+01
      vertex   5.110282e+01 -4.983985e+01 3.932309e+01
      vertex   5.396993e+01 -5.037521e+01 3.932309e+01
    endloop
  endfacet
  facet normal -1.830857e-01 -9.805051e-01 7.133918e-02
    outer loop
      vertex   5.396993e+01 -5.037521e+01 3.932309e+01
      vertex   5.110282e+01 -4.983985e+01 3.932309e+01
      vertex   3.963250e+01 -4.770840e+01 3.918077e+01
    endloop
  endfacet
  facet normal -1.469421e-01 -7.869398e-01 5.992777e-01
    outer loop
      vertex   3.967734e+01 -4.746830e+01 3.983563e+01
      vertex   3.966164e+01 -4.755235e+01 3.972141e+01
      vertex   4.252875e+01 -4.808771e+01 3.972141e+01
    endloop
  endfacet
  facet normal -1.611010e-01 -8.627670e-01 4.792490e-01
    outer loop
      vertex   4.252875e+01 -4.808771e+01 3.972141e+01
      vertex   3.966164e+01 -4.755235e+01 3.972141e+01
      vertex   4.251620e+01 -4.815493e+01 3.959619e+01
    endloop
  endfacet
  facet normal -1.611010e-01 -8.627670e-01 4.792490e-01
    outer loop
      vertex   4.252875e+01 -4.808771e+01 3.972141e+01
      vertex   4.251620e+01 -4.815493e+01 3.959619e+01
      vertex   4.538332e+01 -4.869029e+01 3.959619e+01
    endloop
  endfacet
  facet normal -1.719803e-01 -9.210307e-01 3.494642e-01
    outer loop
      vertex   4.538332e+01 -4.869029e+01 3.959619e+01
      vertex   4.251620e+01 -4.815493e+01 3.959619e+01
      vertex   4.537416e+01 -4.873931e+01 3.946251e+01
    endloop
  endfacet
  facet normal -1.719803e-01 -9.210307e-01 3.494642e-01
    outer loop
      vertex   4.538332e+01 -4.869029e+01 3.959619e+01
      vertex   4.537416e+01 -4.873931e+01 3.946251e+01
      vertex   4.824127e+01 -4.927467e+01 3.946251e+01
    endloop
  endfacet
  facet normal -1.793586e-01 -9.605449e-01 2.125653e-01
    outer loop
      vertex   4.824127e+01 -4.927467e+01 3.946251e+01
      vertex   4.537416e+01 -4.873931e+01 3.946251e+01
      vertex   4.823571e+01 -4.930449e+01 3.932309e+01
    endloop
  endfacet
  facet normal -1.793586e-01 -9.605449e-01 2.125653e-01
    outer loop
      vertex   4.824127e+01 -4.927467e+01 3.946251e+01
      vertex   4.823571e+01 -4.930449e+01 3.932309e+01
      vertex   5.110282e+01 -4.983985e+01 3.932309e+01
    endloop
  endfacet
  facet normal -1.830857e-01 -9.805051e-01 7.133918e-02
    outer loop
      vertex   5.110282e+01 -4.983985e+01 3.932309e+01
      vertex   4.823571e+01 -4.930449e+01 3.932309e+01
      vertex   3.963250e+01 -4.770840e+01 3.918077e+01
    endloop
  endfacet
  facet normal -1.611010e-01 -8.627670e-01 4.792490e-01
    outer loop
      vertex   3.966164e+01 -4.755235e+01 3.972141e+01
      vertex   3.964909e+01 -4.761957e+01 3.959619e+01
      vertex   4.251620e+01 -4.815493e+01 3.959619e+01
    endloop
  endfacet
  facet normal -1.719803e-01 -9.210307e-01 3.494642e-01
    outer loop
      vertex   4.251620e+01 -4.815493e+01 3.959619e+01
      vertex   3.964909e+01 -4.761957e+01 3.959619e+01
      vertex   4.250705e+01 -4.820394e+01 3.946251e+01
    endloop
  endfacet
  facet normal -1.719803e-01 -9.210307e-01 3.494642e-01
    outer loop
      vertex   4.251620e+01 -4.815493e+01 3.959619e+01
      vertex   4.250705e+01 -4.820394e+01 3.946251e+01
      vertex   4.537416e+01 -4.873931e+01 3.946251e+01
    endloop
  endfacet
  facet normal -1.793586e-01 -9.605449e-01 2.125653e-01
    outer loop
      vertex   4.537416e+01 -4.873931e+01 3.946251e+01
      vertex   4.250705e+01 -4.820394e+01 3.946251e+01
      vertex   4.536860e+01 -4.876912e+01 3.932309e+01
    endloop
  endfacet
  facet normal -1.793586e-01 -9.605449e-01 2.125653e-01
    outer loop
      vertex   4.537416e+01 -4.873931e+01 3.946251e+01
      vertex   4.536860e+01 -4.876912e+01 3.932309e+01
      vertex   4.823571e+01 -4.930449e+01 3.932309e+01
    endloop
  endfacet
  facet normal -1.830857e-01 -9.805051e-01 7.133918e-02
    outer loop
      vertex   4.823571e+01 -4.930449e+01 3.932309e+01
      vertex   4.536860e+01 -4.876912e+01 3.932309e+01
      vertex   3.963250e+01 -4.770840e+01 3.918077e+01
    endloop
  endfacet
  facet normal -1.719803e-01 -9.210307e-01 3.494642e-01
    outer loop
      vertex   3.964909e+01 -4.761957e+01 3.959619e+01
      vertex   3.963994e+01 -4.766858e+01 3.946251e+01
      vertex   4.250705e+01 -4.820394e+01 3.946251e+01
    endloop
  endfacet
  facet normal -1.793586e-01 -9.605449e-01 2.125653e-01
    outer loop
      vertex   4.250705e+01 -4.820394e+01 3.946251e+01
      vertex   3.963994e+01 -4.766858e+01 3.946251e+01
      vertex   4.250148e+01 -4.823376e+01 3.932309e+01
    endloop
  endfacet
  facet normal -1.793586e-01 -9.605449e-01 2.125653e-01
    outer loop
      vertex   4.250705e+01 -4.820394e+01 3.946251e+01
      vertex   4.250148e+01 -4.823376e+01 3.932309e+01
      vertex   4.536860e+01 -4.876912e+01 3.932309e+01
    endloop
  endfacet
  facet normal -1.830857e-01 -9.805051e-01 7.133918e-02
    outer loop
      vertex   4.536860e+01 -4.876912e+01 3.932309e+01
      vertex   4.250148e+01 -4.823376e+01 3.932309e+01
      vertex   3.963250e+01 -4.770840e+01 3.918077e+01
    endloop
  endfacet
  facet normal -1.793586e-01 -9.605449e-01 2.125653e-01
    outer loop
      vertex   3.963994e+01 -4.766858e+01 3.946251e+01
      vertex   3.963437e+01 -4.769839e+01 3.932309e+01
      vertex   4.250148e+01 -4.823376e+01 3.932309e+01
    endloop
  endfacet
  facet normal -1.830857e-01 -9.805051e-01 7.133918e-02
    outer loop
      vertex   4.250148e+01 -4.823376e+01 3.932309e+01
      vertex   3.963437e+01 -4.769839e+01 3.932309e+01
      vertex   3.963250e+01 -4.770840e+01 3.918077e+01
    endloop
  endfacet
  facet normal -1.793586e-01 -9.605449e-01 2.125653e-01
    outer loop
      vertex   6.544395e+01 -5.248686e+01 3.946251e+01
      vertex   6.830549e+01 -5.305203e+01 3.932309e+01
      vertex   6.831106e+01 -5.302222e+01 3.946251e+01
    endloop
  endfacet
  facet normal -1.793586e-01 -9.605449e-01 2.125653e-01
    outer loop
      vertex   6.831106e+01 -5.302222e+01 3.946251e+01
      vertex   6.830549e+01 -5.305203e+01 3.932309e+01
      vertex   7.117260e+01 -5.358740e+01 3.932309e+01
    endloop
  endfacet
  facet normal -1.719803e-01 -9.210307e-01 3.494642e-01
    outer loop
      vertex   6.258599e+01 -5.190248e+01 3.959619e+01
      vertex   6.544395e+01 -5.248686e+01 3.946251e+01
      vertex   6.545310e+01 -5.243784e+01 3.959619e+01
    endloop
  endfacet
  facet normal -1.719803e-01 -9.210307e-01 3.494642e-01
    outer loop
      vertex   6.545310e+01 -5.243784e+01 3.959619e+01
      vertex   6.544395e+01 -5.248686e+01 3.946251e+01
      vertex   6.831106e+01 -5.302222e+01 3.946251e+01
    endloop
  endfacet
  facet normal -1.611010e-01 -8.627670e-01 4.792490e-01
    outer loop
      vertex   5.973143e+01 -5.129990e+01 3.972141e+01
      vertex   6.258599e+01 -5.190248e+01 3.959619e+01
      vertex   6.259854e+01 -5.183526e+01 3.972141e+01
    endloop
  endfacet
  facet normal -1.611010e-01 -8.627670e-01 4.792490e-01
    outer loop
      vertex   6.259854e+01 -5.183526e+01 3.972141e+01
      vertex   6.258599e+01 -5.190248e+01 3.959619e+01
      vertex   6.545310e+01 -5.243784e+01 3.959619e+01
    endloop
  endfacet
  facet normal -1.469421e-01 -7.869398e-01 5.992777e-01
    outer loop
      vertex   5.688001e+01 -5.068048e+01 3.983563e+01
      vertex   5.973143e+01 -5.129990e+01 3.972141e+01
      vertex   5.974712e+01 -5.121585e+01 3.983563e+01
    endloop
  endfacet
  facet normal -1.469421e-01 -7.869398e-01 5.992777e-01
    outer loop
      vertex   5.974712e+01 -5.121585e+01 3.983563e+01
      vertex   5.973143e+01 -5.129990e+01 3.972141e+01
      vertex   6.259854e+01 -5.183526e+01 3.972141e+01
    endloop
  endfacet
  facet normal -1.297919e-01 -6.950929e-01 7.071068e-01
    outer loop
      vertex   5.403141e+01 -5.004594e+01 3.993652e+01
      vertex   5.688001e+01 -5.068048e+01 3.983563e+01
      vertex   5.689853e+01 -5.058131e+01 3.993652e+01
    endloop
  endfacet
  facet normal -1.297919e-01 -6.950929e-01 7.071068e-01
    outer loop
      vertex   5.689853e+01 -5.058131e+01 3.993652e+01
      vertex   5.688001e+01 -5.068048e+01 3.983563e+01
      vertex   5.974712e+01 -5.121585e+01 3.983563e+01
    endloop
  endfacet
  facet normal -1.099995e-01 -5.890958e-01 8.005412e-01
    outer loop
      vertex   5.118527e+01 -4.939830e+01 4.002203e+01
      vertex   5.403141e+01 -5.004594e+01 3.993652e+01
      vertex   5.405238e+01 -4.993366e+01 4.002203e+01
    endloop
  endfacet
  facet normal -1.099995e-01 -5.890958e-01 8.005412e-01
    outer loop
      vertex   5.405238e+01 -4.993366e+01 4.002203e+01
      vertex   5.403141e+01 -5.004594e+01 3.993652e+01
      vertex   5.689853e+01 -5.058131e+01 3.993652e+01
    endloop
  endfacet
  facet normal -8.796778e-02 -4.711064e-01 8.776790e-01
    outer loop
      vertex   4.834114e+01 -4.873984e+01 4.009040e+01
      vertex   5.118527e+01 -4.939830e+01 4.002203e+01
      vertex   5.120825e+01 -4.927520e+01 4.009040e+01
    endloop
  endfacet
  facet normal -8.796778e-02 -4.711064e-01 8.776790e-01
    outer loop
      vertex   5.120825e+01 -4.927520e+01 4.009040e+01
      vertex   5.118527e+01 -4.939830e+01 4.002203e+01
      vertex   5.405238e+01 -4.993366e+01 4.002203e+01
    endloop
  endfacet
  facet normal -6.414534e-02 -3.435267e-01 9.369497e-01
    outer loop
      vertex   4.549857e+01 -4.807306e+01 4.014027e+01
      vertex   4.834114e+01 -4.873984e+01 4.009040e+01
      vertex   4.836568e+01 -4.860843e+01 4.014027e+01
    endloop
  endfacet
  facet normal -6.414534e-02 -3.435267e-01 9.369497e-01
    outer loop
      vertex   4.836568e+01 -4.860843e+01 4.014027e+01
      vertex   4.834114e+01 -4.873984e+01 4.009040e+01
      vertex   5.120825e+01 -4.927520e+01 4.009040e+01
    endloop
  endfacet
  facet normal -3.901708e-02 -2.089538e-01 9.771469e-01
    outer loop
      vertex   4.265705e+01 -4.740065e+01 4.017059e+01
      vertex   4.549857e+01 -4.807306e+01 4.014027e+01
      vertex   4.552416e+01 -4.793601e+01 4.017059e+01
    endloop
  endfacet
  facet normal -3.901708e-02 -2.089538e-01 9.771469e-01
    outer loop
      vertex   4.552416e+01 -4.793601e+01 4.017059e+01
      vertex   4.549857e+01 -4.807306e+01 4.014027e+01
      vertex   4.836568e+01 -4.860843e+01 4.014027e+01
    endloop
  endfacet
  facet normal -1.106814e-01 -5.927479e-01 -7.977466e-01
    outer loop
      vertex   7.410060e+01 -5.379667e+01 3.179527e+01
      vertex   7.123349e+01 -5.326131e+01 3.179527e+01
      vertex   7.412139e+01 -5.368535e+01 3.170967e+01
    endloop
  endfacet
  facet normal -1.106814e-01 -5.927479e-01 -7.977466e-01
    outer loop
      vertex   7.412139e+01 -5.368535e+01 3.170967e+01
      vertex   7.123349e+01 -5.326131e+01 3.179527e+01
      vertex   6.836638e+01 -5.272595e+01 3.179527e+01
    endloop
  endfacet
  facet normal -1.106814e-01 -5.927479e-01 -7.977466e-01
    outer loop
      vertex   7.412139e+01 -5.368535e+01 3.170967e+01
      vertex   6.836638e+01 -5.272595e+01 3.179527e+01
      vertex   6.549927e+01 -5.219058e+01 3.179527e+01
    endloop
  endfacet
  facet normal -1.303014e-01 -6.978218e-01 -7.043197e-01
    outer loop
      vertex   6.549927e+01 -5.219058e+01 3.179527e+01
      vertex   6.836638e+01 -5.272595e+01 3.179527e+01
      vertex   6.548091e+01 -5.228887e+01 3.189605e+01
    endloop
  endfacet
  facet normal -1.303014e-01 -6.978218e-01 -7.043197e-01
    outer loop
      vertex   6.549927e+01 -5.219058e+01 3.179527e+01
      vertex   6.548091e+01 -5.228887e+01 3.189605e+01
      vertex   6.261380e+01 -5.175351e+01 3.189605e+01
    endloop
  endfacet
  facet normal -1.472953e-01 -7.888318e-01 -5.966980e-01
    outer loop
      vertex   6.261380e+01 -5.175351e+01 3.189605e+01
      vertex   6.548091e+01 -5.228887e+01 3.189605e+01
      vertex   6.259825e+01 -5.183678e+01 3.200997e+01
    endloop
  endfacet
  facet normal -1.472953e-01 -7.888318e-01 -5.966980e-01
    outer loop
      vertex   6.261380e+01 -5.175351e+01 3.189605e+01
      vertex   6.259825e+01 -5.183678e+01 3.200997e+01
      vertex   5.973114e+01 -5.130142e+01 3.200997e+01
    endloop
  endfacet
  facet normal -1.613207e-01 -8.639436e-01 -4.770504e-01
    outer loop
      vertex   5.973114e+01 -5.130142e+01 3.200997e+01
      vertex   6.259825e+01 -5.183678e+01 3.200997e+01
      vertex   5.971871e+01 -5.136799e+01 3.213474e+01
    endloop
  endfacet
  facet normal -1.613207e-01 -8.639436e-01 -4.770504e-01
    outer loop
      vertex   5.973114e+01 -5.130142e+01 3.200997e+01
      vertex   5.971871e+01 -5.136799e+01 3.213474e+01
      vertex   5.685160e+01 -5.083262e+01 3.213474e+01
    endloop
  endfacet
  facet normal -1.720947e-01 -9.216435e-01 -3.477883e-01
    outer loop
      vertex   5.685160e+01 -5.083262e+01 3.213474e+01
      vertex   5.971871e+01 -5.136799e+01 3.213474e+01
      vertex   5.684254e+01 -5.088116e+01 3.226784e+01
    endloop
  endfacet
  facet normal -1.720947e-01 -9.216435e-01 -3.477883e-01
    outer loop
      vertex   5.685160e+01 -5.083262e+01 3.213474e+01
      vertex   5.684254e+01 -5.088116e+01 3.226784e+01
      vertex   5.397542e+01 -5.034580e+01 3.226784e+01
    endloop
  endfacet
  facet normal -1.794004e-01 -9.607685e-01 -2.115168e-01
    outer loop
      vertex   5.397542e+01 -5.034580e+01 3.226784e+01
      vertex   5.684254e+01 -5.088116e+01 3.226784e+01
      vertex   5.396991e+01 -5.037531e+01 3.240660e+01
    endloop
  endfacet
  facet normal -1.794004e-01 -9.607685e-01 -2.115168e-01
    outer loop
      vertex   5.397542e+01 -5.034580e+01 3.226784e+01
      vertex   5.396991e+01 -5.037531e+01 3.240660e+01
      vertex   5.110280e+01 -4.983995e+01 3.240660e+01
    endloop
  endfacet
  facet normal -1.830904e-01 -9.805302e-01 -7.098247e-02
    outer loop
      vertex   5.110280e+01 -4.983995e+01 3.240660e+01
      vertex   5.396991e+01 -5.037531e+01 3.240660e+01
      vertex   3.963250e+01 -4.770840e+01 3.254820e+01
    endloop
  endfacet
  facet normal -1.830904e-01 -9.805302e-01 -7.098247e-02
    outer loop
      vertex   5.110280e+01 -4.983995e+01 3.240660e+01
      vertex   3.963250e+01 -4.770840e+01 3.254820e+01
      vertex   4.823569e+01 -4.930459e+01 3.240660e+01
    endloop
  endfacet
  facet normal -1.830904e-01 -9.805302e-01 -7.098247e-02
    outer loop
      vertex   4.823569e+01 -4.930459e+01 3.240660e+01
      vertex   3.963250e+01 -4.770840e+01 3.254820e+01
      vertex   4.536858e+01 -4.876922e+01 3.240660e+01
    endloop
  endfacet
  facet normal -1.794004e-01 -9.607685e-01 -2.115168e-01
    outer loop
      vertex   4.823569e+01 -4.930459e+01 3.240660e+01
      vertex   4.536858e+01 -4.876922e+01 3.240660e+01
      vertex   4.824120e+01 -4.927507e+01 3.226784e+01
    endloop
  endfacet
  facet normal -1.794004e-01 -9.607685e-01 -2.115168e-01
    outer loop
      vertex   4.824120e+01 -4.927507e+01 3.226784e+01
      vertex   4.536858e+01 -4.876922e+01 3.240660e+01
      vertex   4.537409e+01 -4.873970e+01 3.226784e+01
    endloop
  endfacet
  facet normal -1.720947e-01 -9.216435e-01 -3.477883e-01
    outer loop
      vertex   4.824120e+01 -4.927507e+01 3.226784e+01
      vertex   4.537409e+01 -4.873970e+01 3.226784e+01
      vertex   4.825026e+01 -4.922653e+01 3.213474e+01
    endloop
  endfacet
  facet normal -1.720947e-01 -9.216435e-01 -3.477883e-01
    outer loop
      vertex   4.825026e+01 -4.922653e+01 3.213474e+01
      vertex   4.537409e+01 -4.873970e+01 3.226784e+01
      vertex   4.538315e+01 -4.869117e+01 3.213474e+01
    endloop
  endfacet
  facet normal -1.613207e-01 -8.639436e-01 -4.770504e-01
    outer loop
      vertex   4.825026e+01 -4.922653e+01 3.213474e+01
      vertex   4.538315e+01 -4.869117e+01 3.213474e+01
      vertex   4.826269e+01 -4.915996e+01 3.200997e+01
    endloop
  endfacet
  facet normal -1.613207e-01 -8.639436e-01 -4.770504e-01
    outer loop
      vertex   4.826269e+01 -4.915996e+01 3.200997e+01
      vertex   4.538315e+01 -4.869117e+01 3.213474e+01
      vertex   4.539558e+01 -4.862459e+01 3.200997e+01
    endloop
  endfacet
  facet normal -1.472953e-01 -7.888318e-01 -5.966980e-01
    outer loop
      vertex   4.826269e+01 -4.915996e+01 3.200997e+01
      vertex   4.539558e+01 -4.862459e+01 3.200997e+01
      vertex   4.827824e+01 -4.907669e+01 3.189605e+01
    endloop
  endfacet
  facet normal -1.472953e-01 -7.888318e-01 -5.966980e-01
    outer loop
      vertex   4.827824e+01 -4.907669e+01 3.189605e+01
      vertex   4.539558e+01 -4.862459e+01 3.200997e+01
      vertex   4.541113e+01 -4.854132e+01 3.189605e+01
    endloop
  endfacet
  facet normal -1.303014e-01 -6.978218e-01 -7.043197e-01
    outer loop
      vertex   4.827824e+01 -4.907669e+01 3.189605e+01
      vertex   4.541113e+01 -4.854132e+01 3.189605e+01
      vertex   4.829660e+01 -4.897840e+01 3.179527e+01
    endloop
  endfacet
  facet normal -1.303014e-01 -6.978218e-01 -7.043197e-01
    outer loop
      vertex   4.829660e+01 -4.897840e+01 3.179527e+01
      vertex   4.541113e+01 -4.854132e+01 3.189605e+01
      vertex   4.542949e+01 -4.844303e+01 3.179527e+01
    endloop
  endfacet
  facet normal -1.106814e-01 -5.927479e-01 -7.977466e-01
    outer loop
      vertex   4.829660e+01 -4.897840e+01 3.179527e+01
      vertex   4.542949e+01 -4.844303e+01 3.179527e+01
      vertex   3.971605e+01 -4.726098e+01 3.170967e+01
    endloop
  endfacet
  facet normal -1.106814e-01 -5.927479e-01 -7.977466e-01
    outer loop
      vertex   3.971605e+01 -4.726098e+01 3.170967e+01
      vertex   4.542949e+01 -4.844303e+01 3.179527e+01
      vertex   4.256237e+01 -4.790767e+01 3.179527e+01
    endloop
  endfacet
  facet normal -1.106814e-01 -5.927479e-01 -7.977466e-01
    outer loop
      vertex   3.971605e+01 -4.726098e+01 3.170967e+01
      vertex   4.256237e+01 -4.790767e+01 3.179527e+01
      vertex   3.969526e+01 -4.737231e+01 3.179527e+01
    endloop
  endfacet
  facet normal -1.303014e-01 -6.978218e-01 -7.043197e-01
    outer loop
      vertex   3.969526e+01 -4.737231e+01 3.179527e+01
      vertex   4.256237e+01 -4.790767e+01 3.179527e+01
      vertex   3.967691e+01 -4.747060e+01 3.189605e+01
    endloop
  endfacet
  facet normal -1.303014e-01 -6.978218e-01 -7.043197e-01
    outer loop
      vertex   3.967691e+01 -4.747060e+01 3.189605e+01
      vertex   4.256237e+01 -4.790767e+01 3.179527e+01
      vertex   4.254402e+01 -4.800596e+01 3.189605e+01
    endloop
  endfacet
  facet normal -1.472953e-01 -7.888318e-01 -5.966980e-01
    outer loop
      vertex   3.967691e+01 -4.747060e+01 3.189605e+01
      vertex   4.254402e+01 -4.800596e+01 3.189605e+01
      vertex   3.966136e+01 -4.755387e+01 3.200997e+01
    endloop
  endfacet
  facet normal -1.472953e-01 -7.888318e-01 -5.966980e-01
    outer loop
      vertex   3.966136e+01 -4.755387e+01 3.200997e+01
      vertex   4.254402e+01 -4.800596e+01 3.189605e+01
      vertex   4.252847e+01 -4.808923e+01 3.200997e+01
    endloop
  endfacet
  facet normal -1.613207e-01 -8.639436e-01 -4.770504e-01
    outer loop
      vertex   3.966136e+01 -4.755387e+01 3.200997e+01
      vertex   4.252847e+01 -4.808923e+01 3.200997e+01
      vertex   3.964893e+01 -4.762044e+01 3.213474e+01
    endloop
  endfacet
  facet normal -1.613207e-01 -8.639436e-01 -4.770504e-01
    outer loop
      vertex   3.964893e+01 -4.762044e+01 3.213474e+01
      vertex   4.252847e+01 -4.808923e+01 3.200997e+01
      vertex   4.251604e+01 -4.815580e+01 3.213474e+01
    endloop
  endfacet
  facet normal -1.720947e-01 -9.216435e-01 -3.477883e-01
    outer loop
      vertex   3.964893e+01 -4.762044e+01 3.213474e+01
      vertex   4.251604e+01 -4.815580e+01 3.213474e+01
      vertex   3.963987e+01 -4.766898e+01 3.226784e+01
    endloop
  endfacet
  facet normal -1.720947e-01 -9.216435e-01 -3.477883e-01
    outer loop
      vertex   3.963987e+01 -4.766898e+01 3.226784e+01
      vertex   4.251604e+01 -4.815580e+01 3.213474e+01
      vertex   4.250698e+01 -4.820434e+01 3.226784e+01
    endloop
  endfacet
  facet normal -1.794004e-01 -9.607685e-01 -2.115168e-01
    outer loop
      vertex   3.963987e+01 -4.766898e+01 3.226784e+01
      vertex   4.250698e+01 -4.820434e+01 3.226784e+01
      vertex   3.963435e+01 -4.769849e+01 3.240660e+01
    endloop
  endfacet
  facet normal -1.794004e-01 -9.607685e-01 -2.115168e-01
    outer loop
      vertex   3.963435e+01 -4.769849e+01 3.240660e+01
      vertex   4.250698e+01 -4.820434e+01 3.226784e+01
      vertex   4.250147e+01 -4.823386e+01 3.240660e+01
    endloop
  endfacet
  facet normal -1.830904e-01 -9.805302e-01 -7.098247e-02
    outer loop
      vertex   3.963435e+01 -4.769849e+01 3.240660e+01
      vertex   4.250147e+01 -4.823386e+01 3.240660e+01
      vertex   3.963250e+01 -4.770840e+01 3.254820e+01
    endloop
  endfacet
  facet normal -1.830904e-01 -9.805302e-01 -7.098247e-02
    outer loop
      vertex   3.963250e+01 -4.770840e+01 3.254820e+01
      vertex   4.250147e+01 -4.823386e+01 3.240660e+01
      vertex   4.536858e+01 -4.876922e+01 3.240660e+01
    endloop
  endfacet
  facet normal -1.303014e-01 -6.978218e-01 -7.043197e-01
    outer loop
      vertex   7.123349e+01 -5.326131e+01 3.179527e+01
      vertex   7.410060e+01 -5.379667e+01 3.179527e+01
      vertex   7.121514e+01 -5.335960e+01 3.189605e+01
    endloop
  endfacet
  facet normal -1.303014e-01 -6.978218e-01 -7.043197e-01
    outer loop
      vertex   7.121514e+01 -5.335960e+01 3.189605e+01
      vertex   7.410060e+01 -5.379667e+01 3.179527e+01
      vertex   7.408225e+01 -5.389496e+01 3.189605e+01
    endloop
  endfacet
  facet normal -1.472953e-01 -7.888318e-01 -5.966980e-01
    outer loop
      vertex   7.121514e+01 -5.335960e+01 3.189605e+01
      vertex   7.408225e+01 -5.389496e+01 3.189605e+01
      vertex   7.119959e+01 -5.344287e+01 3.200997e+01
    endloop
  endfacet
  facet normal -1.472953e-01 -7.888318e-01 -5.966980e-01
    outer loop
      vertex   7.119959e+01 -5.344287e+01 3.200997e+01
      vertex   7.408225e+01 -5.389496e+01 3.189605e+01
      vertex   7.406670e+01 -5.397824e+01 3.200997e+01
    endloop
  endfacet
  facet normal -1.613207e-01 -8.639436e-01 -4.770504e-01
    outer loop
      vertex   7.119959e+01 -5.344287e+01 3.200997e+01
      vertex   7.406670e+01 -5.397824e+01 3.200997e+01
      vertex   7.118716e+01 -5.350945e+01 3.213474e+01
    endloop
  endfacet
  facet normal -1.613207e-01 -8.639436e-01 -4.770504e-01
    outer loop
      vertex   7.118716e+01 -5.350945e+01 3.213474e+01
      vertex   7.406670e+01 -5.397824e+01 3.200997e+01
      vertex   7.405427e+01 -5.404481e+01 3.213474e+01
    endloop
  endfacet
  facet normal -1.720947e-01 -9.216435e-01 -3.477883e-01
    outer loop
      vertex   7.118716e+01 -5.350945e+01 3.213474e+01
      vertex   7.405427e+01 -5.404481e+01 3.213474e+01
      vertex   7.117809e+01 -5.355798e+01 3.226784e+01
    endloop
  endfacet
  facet normal -1.720947e-01 -9.216435e-01 -3.477883e-01
    outer loop
      vertex   7.117809e+01 -5.355798e+01 3.226784e+01
      vertex   7.405427e+01 -5.404481e+01 3.213474e+01
      vertex   7.404521e+01 -5.409334e+01 3.226784e+01
    endloop
  endfacet
  facet normal -1.794004e-01 -9.607685e-01 -2.115168e-01
    outer loop
      vertex   7.117809e+01 -5.355798e+01 3.226784e+01
      vertex   7.404521e+01 -5.409334e+01 3.226784e+01
      vertex   7.117258e+01 -5.358750e+01 3.240660e+01
    endloop
  endfacet
  facet normal -1.794004e-01 -9.607685e-01 -2.115168e-01
    outer loop
      vertex   7.117258e+01 -5.358750e+01 3.240660e+01
      vertex   7.404521e+01 -5.409334e+01 3.226784e+01
      vertex   7.403969e+01 -5.412286e+01 3.240660e+01
    endloop
  endfacet
  facet normal -1.830904e-01 -9.805302e-01 -7.098247e-02
    outer loop
      vertex   7.117258e+01 -5.358750e+01 3.240660e+01
      vertex   7.403969e+01 -5.412286e+01 3.240660e+01
      vertex   7.403785e+01 -5.413277e+01 3.254820e+01
    endloop
  endfacet
  facet normal -1.830904e-01 -9.805302e-01 -7.098247e-02
    outer loop
      vertex   3.963250e+01 -4.770840e+01 3.254820e+01
      vertex   5.683702e+01 -5.091068e+01 3.240660e+01
      vertex   7.403785e+01 -5.413277e+01 3.254820e+01
    endloop
  endfacet
  facet normal -1.830904e-01 -9.805302e-01 -7.098247e-02
    outer loop
      vertex   7.403785e+01 -5.413277e+01 3.254820e+01
      vertex   5.683702e+01 -5.091068e+01 3.240660e+01
      vertex   5.970414e+01 -5.144604e+01 3.240660e+01
    endloop
  endfacet
  facet normal -1.830904e-01 -9.805302e-01 -7.098247e-02
    outer loop
      vertex   7.403785e+01 -5.413277e+01 3.254820e+01
      vertex   5.970414e+01 -5.144604e+01 3.240660e+01
      vertex   6.257125e+01 -5.198141e+01 3.240660e+01
    endloop
  endfacet
  facet normal -1.794004e-01 -9.607685e-01 -2.115168e-01
    outer loop
      vertex   6.257125e+01 -5.198141e+01 3.240660e+01
      vertex   5.970414e+01 -5.144604e+01 3.240660e+01
      vertex   6.257676e+01 -5.195189e+01 3.226784e+01
    endloop
  endfacet
  facet normal -1.794004e-01 -9.607685e-01 -2.115168e-01
    outer loop
      vertex   6.257125e+01 -5.198141e+01 3.240660e+01
      vertex   6.257676e+01 -5.195189e+01 3.226784e+01
      vertex   6.544387e+01 -5.248725e+01 3.226784e+01
    endloop
  endfacet
  facet normal -1.720947e-01 -9.216435e-01 -3.477883e-01
    outer loop
      vertex   6.544387e+01 -5.248725e+01 3.226784e+01
      vertex   6.257676e+01 -5.195189e+01 3.226784e+01
      vertex   6.545293e+01 -5.243872e+01 3.213474e+01
    endloop
  endfacet
  facet normal -1.720947e-01 -9.216435e-01 -3.477883e-01
    outer loop
      vertex   6.544387e+01 -5.248725e+01 3.226784e+01
      vertex   6.545293e+01 -5.243872e+01 3.213474e+01
      vertex   6.832005e+01 -5.297408e+01 3.213474e+01
    endloop
  endfacet
  facet normal -1.613207e-01 -8.639436e-01 -4.770504e-01
    outer loop
      vertex   6.832005e+01 -5.297408e+01 3.213474e+01
      vertex   6.545293e+01 -5.243872e+01 3.213474e+01
      vertex   6.833248e+01 -5.290751e+01 3.200997e+01
    endloop
  endfacet
  facet normal -1.613207e-01 -8.639436e-01 -4.770504e-01
    outer loop
      vertex   6.832005e+01 -5.297408e+01 3.213474e+01
      vertex   6.833248e+01 -5.290751e+01 3.200997e+01
      vertex   7.119959e+01 -5.344287e+01 3.200997e+01
    endloop
  endfacet
  facet normal -1.472953e-01 -7.888318e-01 -5.966980e-01
    outer loop
      vertex   7.119959e+01 -5.344287e+01 3.200997e+01
      vertex   6.833248e+01 -5.290751e+01 3.200997e+01
      vertex   7.121514e+01 -5.335960e+01 3.189605e+01
    endloop
  endfacet
  facet normal -1.106814e-01 -5.927479e-01 -7.977466e-01
    outer loop
      vertex   7.412139e+01 -5.368535e+01 3.170967e+01
      vertex   5.689793e+01 -5.058449e+01 3.179527e+01
      vertex   3.971605e+01 -4.726098e+01 3.170967e+01
    endloop
  endfacet
  facet normal -1.106814e-01 -5.927479e-01 -7.977466e-01
    outer loop
      vertex   3.971605e+01 -4.726098e+01 3.170967e+01
      vertex   5.689793e+01 -5.058449e+01 3.179527e+01
      vertex   5.403082e+01 -5.004913e+01 3.179527e+01
    endloop
  endfacet
  facet normal -1.106814e-01 -5.927479e-01 -7.977466e-01
    outer loop
      vertex   3.971605e+01 -4.726098e+01 3.170967e+01
      vertex   5.403082e+01 -5.004913e+01 3.179527e+01
      vertex   5.116371e+01 -4.951376e+01 3.179527e+01
    endloop
  endfacet
  facet normal -1.303014e-01 -6.978218e-01 -7.043197e-01
    outer loop
      vertex   5.116371e+01 -4.951376e+01 3.179527e+01
      vertex   5.403082e+01 -5.004913e+01 3.179527e+01
      vertex   5.114536e+01 -4.961205e+01 3.189605e+01
    endloop
  endfacet
  facet normal -1.303014e-01 -6.978218e-01 -7.043197e-01
    outer loop
      vertex   5.116371e+01 -4.951376e+01 3.179527e+01
      vertex   5.114536e+01 -4.961205e+01 3.189605e+01
      vertex   4.827824e+01 -4.907669e+01 3.189605e+01
    endloop
  endfacet
  facet normal -1.472953e-01 -7.888318e-01 -5.966980e-01
    outer loop
      vertex   4.827824e+01 -4.907669e+01 3.189605e+01
      vertex   5.114536e+01 -4.961205e+01 3.189605e+01
      vertex   4.826269e+01 -4.915996e+01 3.200997e+01
    endloop
  endfacet
  facet normal -1.303014e-01 -6.978218e-01 -7.043197e-01
    outer loop
      vertex   6.836638e+01 -5.272595e+01 3.179527e+01
      vertex   7.123349e+01 -5.326131e+01 3.179527e+01
      vertex   6.834803e+01 -5.282424e+01 3.189605e+01
    endloop
  endfacet
  facet normal -1.303014e-01 -6.978218e-01 -7.043197e-01
    outer loop
      vertex   6.834803e+01 -5.282424e+01 3.189605e+01
      vertex   7.123349e+01 -5.326131e+01 3.179527e+01
      vertex   7.121514e+01 -5.335960e+01 3.189605e+01
    endloop
  endfacet
  facet normal -1.472953e-01 -7.888318e-01 -5.966980e-01
    outer loop
      vertex   6.834803e+01 -5.282424e+01 3.189605e+01
      vertex   7.121514e+01 -5.335960e+01 3.189605e+01
      vertex   6.833248e+01 -5.290751e+01 3.200997e+01
    endloop
  endfacet
  facet normal -1.106814e-01 -5.927479e-01 -7.977466e-01
    outer loop
      vertex   6.549927e+01 -5.219058e+01 3.179527e+01
      vertex   6.263216e+01 -5.165522e+01 3.179527e+01
      vertex   7.412139e+01 -5.368535e+01 3.170967e+01
    endloop
  endfacet
  facet normal -1.106814e-01 -5.927479e-01 -7.977466e-01
    outer loop
      vertex   7.412139e+01 -5.368535e+01 3.170967e+01
      vertex   6.263216e+01 -5.165522e+01 3.179527e+01
      vertex   5.976504e+01 -5.111985e+01 3.179527e+01
    endloop
  endfacet
  facet normal -1.106814e-01 -5.927479e-01 -7.977466e-01
    outer loop
      vertex   7.412139e+01 -5.368535e+01 3.170967e+01
      vertex   5.976504e+01 -5.111985e+01 3.179527e+01
      vertex   5.689793e+01 -5.058449e+01 3.179527e+01
    endloop
  endfacet
  facet normal -1.303014e-01 -6.978218e-01 -7.043197e-01
    outer loop
      vertex   5.689793e+01 -5.058449e+01 3.179527e+01
      vertex   5.976504e+01 -5.111985e+01 3.179527e+01
      vertex   5.687958e+01 -5.068278e+01 3.189605e+01
    endloop
  endfacet
  facet normal -1.303014e-01 -6.978218e-01 -7.043197e-01
    outer loop
      vertex   5.689793e+01 -5.058449e+01 3.179527e+01
      vertex   5.687958e+01 -5.068278e+01 3.189605e+01
      vertex   5.401247e+01 -5.014742e+01 3.189605e+01
    endloop
  endfacet
  facet normal -1.472953e-01 -7.888318e-01 -5.966980e-01
    outer loop
      vertex   5.401247e+01 -5.014742e+01 3.189605e+01
      vertex   5.687958e+01 -5.068278e+01 3.189605e+01
      vertex   5.399692e+01 -5.023069e+01 3.200997e+01
    endloop
  endfacet
  facet normal -1.472953e-01 -7.888318e-01 -5.966980e-01
    outer loop
      vertex   5.401247e+01 -5.014742e+01 3.189605e+01
      vertex   5.399692e+01 -5.023069e+01 3.200997e+01
      vertex   5.112981e+01 -4.969532e+01 3.200997e+01
    endloop
  endfacet
  facet normal -1.613207e-01 -8.639436e-01 -4.770504e-01
    outer loop
      vertex   5.112981e+01 -4.969532e+01 3.200997e+01
      vertex   5.399692e+01 -5.023069e+01 3.200997e+01
      vertex   5.111738e+01 -4.976190e+01 3.213474e+01
    endloop
  endfacet
  facet normal -1.613207e-01 -8.639436e-01 -4.770504e-01
    outer loop
      vertex   5.112981e+01 -4.969532e+01 3.200997e+01
      vertex   5.111738e+01 -4.976190e+01 3.213474e+01
      vertex   4.825026e+01 -4.922653e+01 3.213474e+01
    endloop
  endfacet
  facet normal -1.720947e-01 -9.216435e-01 -3.477883e-01
    outer loop
      vertex   4.825026e+01 -4.922653e+01 3.213474e+01
      vertex   5.111738e+01 -4.976190e+01 3.213474e+01
      vertex   4.824120e+01 -4.927507e+01 3.226784e+01
    endloop
  endfacet
  facet normal -1.303014e-01 -6.978218e-01 -7.043197e-01
    outer loop
      vertex   6.549927e+01 -5.219058e+01 3.179527e+01
      vertex   6.261380e+01 -5.175351e+01 3.189605e+01
      vertex   6.263216e+01 -5.165522e+01 3.179527e+01
    endloop
  endfacet
  facet normal -1.303014e-01 -6.978218e-01 -7.043197e-01
    outer loop
      vertex   6.263216e+01 -5.165522e+01 3.179527e+01
      vertex   6.261380e+01 -5.175351e+01 3.189605e+01
      vertex   5.974669e+01 -5.121814e+01 3.189605e+01
    endloop
  endfacet
  facet normal -1.303014e-01 -6.978218e-01 -7.043197e-01
    outer loop
      vertex   6.263216e+01 -5.165522e+01 3.179527e+01
      vertex   5.974669e+01 -5.121814e+01 3.189605e+01
      vertex   5.976504e+01 -5.111985e+01 3.179527e+01
    endloop
  endfacet
  facet normal -1.303014e-01 -6.978218e-01 -7.043197e-01
    outer loop
      vertex   5.976504e+01 -5.111985e+01 3.179527e+01
      vertex   5.974669e+01 -5.121814e+01 3.189605e+01
      vertex   5.687958e+01 -5.068278e+01 3.189605e+01
    endloop
  endfacet
  facet normal -1.106814e-01 -5.927479e-01 -7.977466e-01
    outer loop
      vertex   4.829660e+01 -4.897840e+01 3.179527e+01
      vertex   3.971605e+01 -4.726098e+01 3.170967e+01
      vertex   5.116371e+01 -4.951376e+01 3.179527e+01
    endloop
  endfacet
  facet normal -1.303014e-01 -6.978218e-01 -7.043197e-01
    outer loop
      vertex   5.114536e+01 -4.961205e+01 3.189605e+01
      vertex   5.403082e+01 -5.004913e+01 3.179527e+01
      vertex   5.401247e+01 -5.014742e+01 3.189605e+01
    endloop
  endfacet
  facet normal -1.303014e-01 -6.978218e-01 -7.043197e-01
    outer loop
      vertex   5.401247e+01 -5.014742e+01 3.189605e+01
      vertex   5.403082e+01 -5.004913e+01 3.179527e+01
      vertex   5.689793e+01 -5.058449e+01 3.179527e+01
    endloop
  endfacet
  facet normal -1.303014e-01 -6.978218e-01 -7.043197e-01
    outer loop
      vertex   4.827824e+01 -4.907669e+01 3.189605e+01
      vertex   4.829660e+01 -4.897840e+01 3.179527e+01
      vertex   5.116371e+01 -4.951376e+01 3.179527e+01
    endloop
  endfacet
  facet normal -1.303014e-01 -6.978218e-01 -7.043197e-01
    outer loop
      vertex   4.254402e+01 -4.800596e+01 3.189605e+01
      vertex   4.256237e+01 -4.790767e+01 3.179527e+01
      vertex   4.542949e+01 -4.844303e+01 3.179527e+01
    endloop
  endfacet
  facet normal -1.303014e-01 -6.978218e-01 -7.043197e-01
    outer loop
      vertex   4.254402e+01 -4.800596e+01 3.189605e+01
      vertex   4.542949e+01 -4.844303e+01 3.179527e+01
      vertex   4.541113e+01 -4.854132e+01 3.189605e+01
    endloop
  endfacet
  facet normal -1.303014e-01 -6.978218e-01 -7.043197e-01
    outer loop
      vertex   6.836638e+01 -5.272595e+01 3.179527e+01
      vertex   6.834803e+01 -5.282424e+01 3.189605e+01
      vertex   6.548091e+01 -5.228887e+01 3.189605e+01
    endloop
  endfacet
  facet normal -1.472953e-01 -7.888318e-01 -5.966980e-01
    outer loop
      vertex   6.548091e+01 -5.228887e+01 3.189605e+01
      vertex   6.834803e+01 -5.282424e+01 3.189605e+01
      vertex   6.546537e+01 -5.237214e+01 3.200997e+01
    endloop
  endfacet
  facet normal -1.472953e-01 -7.888318e-01 -5.966980e-01
    outer loop
      vertex   6.548091e+01 -5.228887e+01 3.189605e+01
      vertex   6.546537e+01 -5.237214e+01 3.200997e+01
      vertex   6.259825e+01 -5.183678e+01 3.200997e+01
    endloop
  endfacet
  facet normal -1.613207e-01 -8.639436e-01 -4.770504e-01
    outer loop
      vertex   6.259825e+01 -5.183678e+01 3.200997e+01
      vertex   6.546537e+01 -5.237214e+01 3.200997e+01
      vertex   6.258582e+01 -5.190335e+01 3.213474e+01
    endloop
  endfacet
  facet normal -1.613207e-01 -8.639436e-01 -4.770504e-01
    outer loop
      vertex   6.259825e+01 -5.183678e+01 3.200997e+01
      vertex   6.258582e+01 -5.190335e+01 3.213474e+01
      vertex   5.971871e+01 -5.136799e+01 3.213474e+01
    endloop
  endfacet
  facet normal -1.720947e-01 -9.216435e-01 -3.477883e-01
    outer loop
      vertex   5.971871e+01 -5.136799e+01 3.213474e+01
      vertex   6.258582e+01 -5.190335e+01 3.213474e+01
      vertex   5.970965e+01 -5.141652e+01 3.226784e+01
    endloop
  endfacet
  facet normal -1.720947e-01 -9.216435e-01 -3.477883e-01
    outer loop
      vertex   5.971871e+01 -5.136799e+01 3.213474e+01
      vertex   5.970965e+01 -5.141652e+01 3.226784e+01
      vertex   5.684254e+01 -5.088116e+01 3.226784e+01
    endloop
  endfacet
  facet normal -1.794004e-01 -9.607685e-01 -2.115168e-01
    outer loop
      vertex   5.684254e+01 -5.088116e+01 3.226784e+01
      vertex   5.970965e+01 -5.141652e+01 3.226784e+01
      vertex   5.683702e+01 -5.091068e+01 3.240660e+01
    endloop
  endfacet
  facet normal -1.794004e-01 -9.607685e-01 -2.115168e-01
    outer loop
      vertex   5.684254e+01 -5.088116e+01 3.226784e+01
      vertex   5.683702e+01 -5.091068e+01 3.240660e+01
      vertex   5.396991e+01 -5.037531e+01 3.240660e+01
    endloop
  endfacet
  facet normal -1.830904e-01 -9.805302e-01 -7.098247e-02
    outer loop
      vertex   5.396991e+01 -5.037531e+01 3.240660e+01
      vertex   5.683702e+01 -5.091068e+01 3.240660e+01
      vertex   3.963250e+01 -4.770840e+01 3.254820e+01
    endloop
  endfacet
  facet normal -1.472953e-01 -7.888318e-01 -5.966980e-01
    outer loop
      vertex   6.546537e+01 -5.237214e+01 3.200997e+01
      vertex   6.834803e+01 -5.282424e+01 3.189605e+01
      vertex   6.833248e+01 -5.290751e+01 3.200997e+01
    endloop
  endfacet
  facet normal -1.472953e-01 -7.888318e-01 -5.966980e-01
    outer loop
      vertex   6.261380e+01 -5.175351e+01 3.189605e+01
      vertex   5.973114e+01 -5.130142e+01 3.200997e+01
      vertex   5.974669e+01 -5.121814e+01 3.189605e+01
    endloop
  endfacet
  facet normal -1.472953e-01 -7.888318e-01 -5.966980e-01
    outer loop
      vertex   5.974669e+01 -5.121814e+01 3.189605e+01
      vertex   5.973114e+01 -5.130142e+01 3.200997e+01
      vertex   5.686403e+01 -5.076605e+01 3.200997e+01
    endloop
  endfacet
  facet normal -1.472953e-01 -7.888318e-01 -5.966980e-01
    outer loop
      vertex   5.974669e+01 -5.121814e+01 3.189605e+01
      vertex   5.686403e+01 -5.076605e+01 3.200997e+01
      vertex   5.687958e+01 -5.068278e+01 3.189605e+01
    endloop
  endfacet
  facet normal -1.472953e-01 -7.888318e-01 -5.966980e-01
    outer loop
      vertex   5.687958e+01 -5.068278e+01 3.189605e+01
      vertex   5.686403e+01 -5.076605e+01 3.200997e+01
      vertex   5.399692e+01 -5.023069e+01 3.200997e+01
    endloop
  endfacet
  facet normal -1.472953e-01 -7.888318e-01 -5.966980e-01
    outer loop
      vertex   4.826269e+01 -4.915996e+01 3.200997e+01
      vertex   5.114536e+01 -4.961205e+01 3.189605e+01
      vertex   5.112981e+01 -4.969532e+01 3.200997e+01
    endloop
  endfacet
  facet normal -1.472953e-01 -7.888318e-01 -5.966980e-01
    outer loop
      vertex   5.112981e+01 -4.969532e+01 3.200997e+01
      vertex   5.114536e+01 -4.961205e+01 3.189605e+01
      vertex   5.401247e+01 -5.014742e+01 3.189605e+01
    endloop
  endfacet
  facet normal -1.472953e-01 -7.888318e-01 -5.966980e-01
    outer loop
      vertex   4.252847e+01 -4.808923e+01 3.200997e+01
      vertex   4.254402e+01 -4.800596e+01 3.189605e+01
      vertex   4.541113e+01 -4.854132e+01 3.189605e+01
    endloop
  endfacet
  facet normal -1.472953e-01 -7.888318e-01 -5.966980e-01
    outer loop
      vertex   4.252847e+01 -4.808923e+01 3.200997e+01
      vertex   4.541113e+01 -4.854132e+01 3.189605e+01
      vertex   4.539558e+01 -4.862459e+01 3.200997e+01
    endloop
  endfacet
  facet normal -1.613207e-01 -8.639436e-01 -4.770504e-01
    outer loop
      vertex   6.832005e+01 -5.297408e+01 3.213474e+01
      vertex   7.119959e+01 -5.344287e+01 3.200997e+01
      vertex   7.118716e+01 -5.350945e+01 3.213474e+01
    endloop
  endfacet
  facet normal -1.613207e-01 -8.639436e-01 -4.770504e-01
    outer loop
      vertex   6.258582e+01 -5.190335e+01 3.213474e+01
      vertex   6.546537e+01 -5.237214e+01 3.200997e+01
      vertex   6.545293e+01 -5.243872e+01 3.213474e+01
    endloop
  endfacet
  facet normal -1.613207e-01 -8.639436e-01 -4.770504e-01
    outer loop
      vertex   6.545293e+01 -5.243872e+01 3.213474e+01
      vertex   6.546537e+01 -5.237214e+01 3.200997e+01
      vertex   6.833248e+01 -5.290751e+01 3.200997e+01
    endloop
  endfacet
  facet normal -1.613207e-01 -8.639436e-01 -4.770504e-01
    outer loop
      vertex   5.973114e+01 -5.130142e+01 3.200997e+01
      vertex   5.685160e+01 -5.083262e+01 3.213474e+01
      vertex   5.686403e+01 -5.076605e+01 3.200997e+01
    endloop
  endfacet
  facet normal -1.613207e-01 -8.639436e-01 -4.770504e-01
    outer loop
      vertex   5.686403e+01 -5.076605e+01 3.200997e+01
      vertex   5.685160e+01 -5.083262e+01 3.213474e+01
      vertex   5.398449e+01 -5.029726e+01 3.213474e+01
    endloop
  endfacet
  facet normal -1.613207e-01 -8.639436e-01 -4.770504e-01
    outer loop
      vertex   5.686403e+01 -5.076605e+01 3.200997e+01
      vertex   5.398449e+01 -5.029726e+01 3.213474e+01
      vertex   5.399692e+01 -5.023069e+01 3.200997e+01
    endloop
  endfacet
  facet normal -1.613207e-01 -8.639436e-01 -4.770504e-01
    outer loop
      vertex   5.399692e+01 -5.023069e+01 3.200997e+01
      vertex   5.398449e+01 -5.029726e+01 3.213474e+01
      vertex   5.111738e+01 -4.976190e+01 3.213474e+01
    endloop
  endfacet
  facet normal -1.613207e-01 -8.639436e-01 -4.770504e-01
    outer loop
      vertex   4.825026e+01 -4.922653e+01 3.213474e+01
      vertex   4.826269e+01 -4.915996e+01 3.200997e+01
      vertex   5.112981e+01 -4.969532e+01 3.200997e+01
    endloop
  endfacet
  facet normal -1.613207e-01 -8.639436e-01 -4.770504e-01
    outer loop
      vertex   4.251604e+01 -4.815580e+01 3.213474e+01
      vertex   4.252847e+01 -4.808923e+01 3.200997e+01
      vertex   4.539558e+01 -4.862459e+01 3.200997e+01
    endloop
  endfacet
  facet normal -1.613207e-01 -8.639436e-01 -4.770504e-01
    outer loop
      vertex   4.251604e+01 -4.815580e+01 3.213474e+01
      vertex   4.539558e+01 -4.862459e+01 3.200997e+01
      vertex   4.538315e+01 -4.869117e+01 3.213474e+01
    endloop
  endfacet
  facet normal -1.720947e-01 -9.216435e-01 -3.477883e-01
    outer loop
      vertex   6.832005e+01 -5.297408e+01 3.213474e+01
      vertex   7.118716e+01 -5.350945e+01 3.213474e+01
      vertex   6.831098e+01 -5.302262e+01 3.226784e+01
    endloop
  endfacet
  facet normal -1.720947e-01 -9.216435e-01 -3.477883e-01
    outer loop
      vertex   6.831098e+01 -5.302262e+01 3.226784e+01
      vertex   7.118716e+01 -5.350945e+01 3.213474e+01
      vertex   7.117809e+01 -5.355798e+01 3.226784e+01
    endloop
  endfacet
  facet normal -1.794004e-01 -9.607685e-01 -2.115168e-01
    outer loop
      vertex   6.831098e+01 -5.302262e+01 3.226784e+01
      vertex   7.117809e+01 -5.355798e+01 3.226784e+01
      vertex   6.830547e+01 -5.305213e+01 3.240660e+01
    endloop
  endfacet
  facet normal -1.794004e-01 -9.607685e-01 -2.115168e-01
    outer loop
      vertex   6.830547e+01 -5.305213e+01 3.240660e+01
      vertex   7.117809e+01 -5.355798e+01 3.226784e+01
      vertex   7.117258e+01 -5.358750e+01 3.240660e+01
    endloop
  endfacet
  facet normal -1.830904e-01 -9.805302e-01 -7.098247e-02
    outer loop
      vertex   6.830547e+01 -5.305213e+01 3.240660e+01
      vertex   7.117258e+01 -5.358750e+01 3.240660e+01
      vertex   7.403785e+01 -5.413277e+01 3.254820e+01
    endloop
  endfacet
  facet normal -1.720947e-01 -9.216435e-01 -3.477883e-01
    outer loop
      vertex   5.970965e+01 -5.141652e+01 3.226784e+01
      vertex   6.258582e+01 -5.190335e+01 3.213474e+01
      vertex   6.257676e+01 -5.195189e+01 3.226784e+01
    endloop
  endfacet
  facet normal -1.720947e-01 -9.216435e-01 -3.477883e-01
    outer loop
      vertex   6.257676e+01 -5.195189e+01 3.226784e+01
      vertex   6.258582e+01 -5.190335e+01 3.213474e+01
      vertex   6.545293e+01 -5.243872e+01 3.213474e+01
    endloop
  endfacet
  facet normal -1.720947e-01 -9.216435e-01 -3.477883e-01
    outer loop
      vertex   5.685160e+01 -5.083262e+01 3.213474e+01
      vertex   5.397542e+01 -5.034580e+01 3.226784e+01
      vertex   5.398449e+01 -5.029726e+01 3.213474e+01
    endloop
  endfacet
  facet normal -1.720947e-01 -9.216435e-01 -3.477883e-01
    outer loop
      vertex   5.398449e+01 -5.029726e+01 3.213474e+01
      vertex   5.397542e+01 -5.034580e+01 3.226784e+01
      vertex   5.110831e+01 -4.981043e+01 3.226784e+01
    endloop
  endfacet
  facet normal -1.720947e-01 -9.216435e-01 -3.477883e-01
    outer loop
      vertex   5.398449e+01 -5.029726e+01 3.213474e+01
      vertex   5.110831e+01 -4.981043e+01 3.226784e+01
      vertex   5.111738e+01 -4.976190e+01 3.213474e+01
    endloop
  endfacet
  facet normal -1.720947e-01 -9.216435e-01 -3.477883e-01
    outer loop
      vertex   5.111738e+01 -4.976190e+01 3.213474e+01
      vertex   5.110831e+01 -4.981043e+01 3.226784e+01
      vertex   4.824120e+01 -4.927507e+01 3.226784e+01
    endloop
  endfacet
  facet normal -1.720947e-01 -9.216435e-01 -3.477883e-01
    outer loop
      vertex   4.250698e+01 -4.820434e+01 3.226784e+01
      vertex   4.251604e+01 -4.815580e+01 3.213474e+01
      vertex   4.538315e+01 -4.869117e+01 3.213474e+01
    endloop
  endfacet
  facet normal -1.720947e-01 -9.216435e-01 -3.477883e-01
    outer loop
      vertex   4.250698e+01 -4.820434e+01 3.226784e+01
      vertex   4.538315e+01 -4.869117e+01 3.213474e+01
      vertex   4.537409e+01 -4.873970e+01 3.226784e+01
    endloop
  endfacet
  facet normal -1.720947e-01 -9.216435e-01 -3.477883e-01
    outer loop
      vertex   6.832005e+01 -5.297408e+01 3.213474e+01
      vertex   6.831098e+01 -5.302262e+01 3.226784e+01
      vertex   6.544387e+01 -5.248725e+01 3.226784e+01
    endloop
  endfacet
  facet normal -1.794004e-01 -9.607685e-01 -2.115168e-01
    outer loop
      vertex   6.544387e+01 -5.248725e+01 3.226784e+01
      vertex   6.831098e+01 -5.302262e+01 3.226784e+01
      vertex   6.543836e+01 -5.251677e+01 3.240660e+01
    endloop
  endfacet
  facet normal -1.794004e-01 -9.607685e-01 -2.115168e-01
    outer loop
      vertex   6.544387e+01 -5.248725e+01 3.226784e+01
      vertex   6.543836e+01 -5.251677e+01 3.240660e+01
      vertex   6.257125e+01 -5.198141e+01 3.240660e+01
    endloop
  endfacet
  facet normal -1.830904e-01 -9.805302e-01 -7.098247e-02
    outer loop
      vertex   6.257125e+01 -5.198141e+01 3.240660e+01
      vertex   6.543836e+01 -5.251677e+01 3.240660e+01
      vertex   7.403785e+01 -5.413277e+01 3.254820e+01
    endloop
  endfacet
  facet normal -1.794004e-01 -9.607685e-01 -2.115168e-01
    outer loop
      vertex   6.543836e+01 -5.251677e+01 3.240660e+01
      vertex   6.831098e+01 -5.302262e+01 3.226784e+01
      vertex   6.830547e+01 -5.305213e+01 3.240660e+01
    endloop
  endfacet
  facet normal -1.794004e-01 -9.607685e-01 -2.115168e-01
    outer loop
      vertex   5.683702e+01 -5.091068e+01 3.240660e+01
      vertex   5.970965e+01 -5.141652e+01 3.226784e+01
      vertex   5.970414e+01 -5.144604e+01 3.240660e+01
    endloop
  endfacet
  facet normal -1.794004e-01 -9.607685e-01 -2.115168e-01
    outer loop
      vertex   5.970414e+01 -5.144604e+01 3.240660e+01
      vertex   5.970965e+01 -5.141652e+01 3.226784e+01
      vertex   6.257676e+01 -5.195189e+01 3.226784e+01
    endloop
  endfacet
  facet normal -1.794004e-01 -9.607685e-01 -2.115168e-01
    outer loop
      vertex   4.823569e+01 -4.930459e+01 3.240660e+01
      vertex   4.824120e+01 -4.927507e+01 3.226784e+01
      vertex   5.110831e+01 -4.981043e+01 3.226784e+01
    endloop
  endfacet
  facet normal -1.794004e-01 -9.607685e-01 -2.115168e-01
    outer loop
      vertex   4.823569e+01 -4.930459e+01 3.240660e+01
      vertex   5.110831e+01 -4.981043e+01 3.226784e+01
      vertex   5.110280e+01 -4.983995e+01 3.240660e+01
    endloop
  endfacet
  facet normal -1.794004e-01 -9.607685e-01 -2.115168e-01
    outer loop
      vertex   5.110280e+01 -4.983995e+01 3.240660e+01
      vertex   5.110831e+01 -4.981043e+01 3.226784e+01
      vertex   5.397542e+01 -5.034580e+01 3.226784e+01
    endloop
  endfacet
  facet normal -1.794004e-01 -9.607685e-01 -2.115168e-01
    outer loop
      vertex   4.250147e+01 -4.823386e+01 3.240660e+01
      vertex   4.250698e+01 -4.820434e+01 3.226784e+01
      vertex   4.537409e+01 -4.873970e+01 3.226784e+01
    endloop
  endfacet
  facet normal -1.794004e-01 -9.607685e-01 -2.115168e-01
    outer loop
      vertex   4.250147e+01 -4.823386e+01 3.240660e+01
      vertex   4.537409e+01 -4.873970e+01 3.226784e+01
      vertex   4.536858e+01 -4.876922e+01 3.240660e+01
    endloop
  endfacet
  facet normal -1.830904e-01 -9.805302e-01 -7.098247e-02
    outer loop
      vertex   7.403785e+01 -5.413277e+01 3.254820e+01
      vertex   6.543836e+01 -5.251677e+01 3.240660e+01
      vertex   6.830547e+01 -5.305213e+01 3.240660e+01
    endloop
  endfacet
  facet normal -1.000083e-01 -5.355888e-01 -8.385362e-01
    outer loop
      vertex   3.971605e+01 -4.726098e+01 3.170967e+01
      vertex   4.011658e+01 -4.511593e+01 3.029182e+01
      vertex   7.412139e+01 -5.368535e+01 3.170967e+01
    endloop
  endfacet
  facet normal -1.000083e-01 -5.355888e-01 -8.385362e-01
    outer loop
      vertex   7.412139e+01 -5.368535e+01 3.170967e+01
      vertex   4.011658e+01 -4.511593e+01 3.029182e+01
      vertex   7.452193e+01 -5.154030e+01 3.029182e+01
    endloop
  endfacet
  facet normal -1.320913e-02 -7.074072e-02 -9.974073e-01
    outer loop
      vertex   7.459558e+01 -5.114583e+01 3.014071e+01
      vertex   7.172847e+01 -5.061046e+01 3.014071e+01
      vertex   7.462193e+01 -5.100471e+01 3.013035e+01
    endloop
  endfacet
  facet normal -1.320913e-02 -7.074072e-02 -9.974073e-01
    outer loop
      vertex   7.462193e+01 -5.100471e+01 3.013035e+01
      vertex   7.172847e+01 -5.061046e+01 3.014071e+01
      vertex   6.886136e+01 -5.007510e+01 3.014071e+01
    endloop
  endfacet
  facet normal -1.320913e-02 -7.074072e-02 -9.974073e-01
    outer loop
      vertex   7.462193e+01 -5.100471e+01 3.013035e+01
      vertex   6.886136e+01 -5.007510e+01 3.014071e+01
      vertex   6.599425e+01 -4.953974e+01 3.014071e+01
    endloop
  endfacet
  facet normal -3.935375e-02 -2.107568e-01 -9.767461e-01
    outer loop
      vertex   6.599425e+01 -4.953974e+01 3.014071e+01
      vertex   6.886136e+01 -5.007510e+01 3.014071e+01
      vertex   6.596845e+01 -4.967793e+01 3.017157e+01
    endloop
  endfacet
  facet normal -3.935375e-02 -2.107568e-01 -9.767461e-01
    outer loop
      vertex   6.599425e+01 -4.953974e+01 3.014071e+01
      vertex   6.596845e+01 -4.967793e+01 3.017157e+01
      vertex   6.310133e+01 -4.914256e+01 3.017157e+01
    endloop
  endfacet
  facet normal -6.468317e-02 -3.464070e-01 -9.358516e-01
    outer loop
      vertex   6.310133e+01 -4.914256e+01 3.017157e+01
      vertex   6.596845e+01 -4.967793e+01 3.017157e+01
      vertex   6.307661e+01 -4.927497e+01 3.022229e+01
    endloop
  endfacet
  facet normal -6.468317e-02 -3.464070e-01 -9.358516e-01
    outer loop
      vertex   6.310133e+01 -4.914256e+01 3.017157e+01
      vertex   6.307661e+01 -4.927497e+01 3.022229e+01
      vertex   6.020950e+01 -4.873960e+01 3.022229e+01
    endloop
  endfacet
  facet normal -8.867268e-02 -4.748815e-01 -8.755711e-01
    outer loop
      vertex   6.020950e+01 -4.873960e+01 3.022229e+01
      vertex   6.307661e+01 -4.927497e+01 3.022229e+01
      vertex   7.452193e+01 -5.154030e+01 3.029182e+01
    endloop
  endfacet
  facet normal -8.867268e-02 -4.748815e-01 -8.755711e-01
    outer loop
      vertex   6.020950e+01 -4.873960e+01 3.022229e+01
      vertex   7.452193e+01 -5.154030e+01 3.029182e+01
      vertex   5.734239e+01 -4.820424e+01 3.022229e+01
    endloop
  endfacet
  facet normal -8.867268e-02 -4.748815e-01 -8.755711e-01
    outer loop
      vertex   5.734239e+01 -4.820424e+01 3.022229e+01
      vertex   7.452193e+01 -5.154030e+01 3.029182e+01
      vertex   4.011658e+01 -4.511593e+01 3.029182e+01
    endloop
  endfacet
  facet normal -8.867268e-02 -4.748815e-01 -8.755711e-01
    outer loop
      vertex   5.734239e+01 -4.820424e+01 3.022229e+01
      vertex   4.011658e+01 -4.511593e+01 3.029182e+01
      vertex   5.447527e+01 -4.766888e+01 3.022229e+01
    endloop
  endfacet
  facet normal -8.867268e-02 -4.748815e-01 -8.755711e-01
    outer loop
      vertex   5.447527e+01 -4.766888e+01 3.022229e+01
      vertex   4.011658e+01 -4.511593e+01 3.029182e+01
      vertex   5.160816e+01 -4.713351e+01 3.022229e+01
    endloop
  endfacet
  facet normal -6.468317e-02 -3.464070e-01 -9.358516e-01
    outer loop
      vertex   5.447527e+01 -4.766888e+01 3.022229e+01
      vertex   5.160816e+01 -4.713351e+01 3.022229e+01
      vertex   5.450000e+01 -4.753647e+01 3.017157e+01
    endloop
  endfacet
  facet normal -6.468317e-02 -3.464070e-01 -9.358516e-01
    outer loop
      vertex   5.450000e+01 -4.753647e+01 3.017157e+01
      vertex   5.160816e+01 -4.713351e+01 3.022229e+01
      vertex   5.163289e+01 -4.700111e+01 3.017157e+01
    endloop
  endfacet
  facet normal -3.935375e-02 -2.107568e-01 -9.767461e-01
    outer loop
      vertex   5.450000e+01 -4.753647e+01 3.017157e+01
      vertex   5.163289e+01 -4.700111e+01 3.017157e+01
      vertex   5.452580e+01 -4.739828e+01 3.014071e+01
    endloop
  endfacet
  facet normal -3.935375e-02 -2.107568e-01 -9.767461e-01
    outer loop
      vertex   5.452580e+01 -4.739828e+01 3.014071e+01
      vertex   5.163289e+01 -4.700111e+01 3.017157e+01
      vertex   5.165869e+01 -4.686292e+01 3.014071e+01
    endloop
  endfacet
  facet normal -1.320913e-02 -7.074072e-02 -9.974073e-01
    outer loop
      vertex   5.452580e+01 -4.739828e+01 3.014071e+01
      vertex   5.165869e+01 -4.686292e+01 3.014071e+01
      vertex   4.021659e+01 -4.458034e+01 3.013035e+01
    endloop
  endfacet
  facet normal -1.320913e-02 -7.074072e-02 -9.974073e-01
    outer loop
      vertex   4.021659e+01 -4.458034e+01 3.013035e+01
      vertex   5.165869e+01 -4.686292e+01 3.014071e+01
      vertex   4.879158e+01 -4.632755e+01 3.014071e+01
    endloop
  endfacet
  facet normal -1.320913e-02 -7.074072e-02 -9.974073e-01
    outer loop
      vertex   4.021659e+01 -4.458034e+01 3.013035e+01
      vertex   4.879158e+01 -4.632755e+01 3.014071e+01
      vertex   4.592447e+01 -4.579219e+01 3.014071e+01
    endloop
  endfacet
  facet normal -3.935375e-02 -2.107568e-01 -9.767461e-01
    outer loop
      vertex   4.592447e+01 -4.579219e+01 3.014071e+01
      vertex   4.879158e+01 -4.632755e+01 3.014071e+01
      vertex   4.589866e+01 -4.593038e+01 3.017157e+01
    endloop
  endfacet
  facet normal -3.935375e-02 -2.107568e-01 -9.767461e-01
    outer loop
      vertex   4.592447e+01 -4.579219e+01 3.014071e+01
      vertex   4.589866e+01 -4.593038e+01 3.017157e+01
      vertex   4.303155e+01 -4.539501e+01 3.017157e+01
    endloop
  endfacet
  facet normal -6.468317e-02 -3.464070e-01 -9.358516e-01
    outer loop
      vertex   4.303155e+01 -4.539501e+01 3.017157e+01
      vertex   4.589866e+01 -4.593038e+01 3.017157e+01
      vertex   4.300683e+01 -4.552742e+01 3.022229e+01
    endloop
  endfacet
  facet normal -6.468317e-02 -3.464070e-01 -9.358516e-01
    outer loop
      vertex   4.303155e+01 -4.539501e+01 3.017157e+01
      vertex   4.300683e+01 -4.552742e+01 3.022229e+01
      vertex   4.013972e+01 -4.499206e+01 3.022229e+01
    endloop
  endfacet
  facet normal -8.867268e-02 -4.748815e-01 -8.755711e-01
    outer loop
      vertex   4.013972e+01 -4.499206e+01 3.022229e+01
      vertex   4.300683e+01 -4.552742e+01 3.022229e+01
      vertex   4.011658e+01 -4.511593e+01 3.029182e+01
    endloop
  endfacet
  facet normal -8.867268e-02 -4.748815e-01 -8.755711e-01
    outer loop
      vertex   4.011658e+01 -4.511593e+01 3.029182e+01
      vertex   4.300683e+01 -4.552742e+01 3.022229e+01
      vertex   4.587394e+01 -4.606278e+01 3.022229e+01
    endloop
  endfacet
  facet normal -8.867268e-02 -4.748815e-01 -8.755711e-01
    outer loop
      vertex   4.011658e+01 -4.511593e+01 3.029182e+01
      vertex   4.587394e+01 -4.606278e+01 3.022229e+01
      vertex   4.874105e+01 -4.659815e+01 3.022229e+01
    endloop
  endfacet
  facet normal -6.468317e-02 -3.464070e-01 -9.358516e-01
    outer loop
      vertex   4.874105e+01 -4.659815e+01 3.022229e+01
      vertex   4.587394e+01 -4.606278e+01 3.022229e+01
      vertex   4.876577e+01 -4.646574e+01 3.017157e+01
    endloop
  endfacet
  facet normal -6.468317e-02 -3.464070e-01 -9.358516e-01
    outer loop
      vertex   4.874105e+01 -4.659815e+01 3.022229e+01
      vertex   4.876577e+01 -4.646574e+01 3.017157e+01
      vertex   5.163289e+01 -4.700111e+01 3.017157e+01
    endloop
  endfacet
  facet normal -3.935375e-02 -2.107568e-01 -9.767461e-01
    outer loop
      vertex   5.163289e+01 -4.700111e+01 3.017157e+01
      vertex   4.876577e+01 -4.646574e+01 3.017157e+01
      vertex   5.165869e+01 -4.686292e+01 3.014071e+01
    endloop
  endfacet
  facet normal -3.935375e-02 -2.107568e-01 -9.767461e-01
    outer loop
      vertex   7.172847e+01 -5.061046e+01 3.014071e+01
      vertex   7.459558e+01 -5.114583e+01 3.014071e+01
      vertex   7.170267e+01 -5.074866e+01 3.017157e+01
    endloop
  endfacet
  facet normal -3.935375e-02 -2.107568e-01 -9.767461e-01
    outer loop
      vertex   7.170267e+01 -5.074866e+01 3.017157e+01
      vertex   7.459558e+01 -5.114583e+01 3.014071e+01
      vertex   7.456978e+01 -5.128402e+01 3.017157e+01
    endloop
  endfacet
  facet normal -6.468317e-02 -3.464070e-01 -9.358516e-01
    outer loop
      vertex   7.170267e+01 -5.074866e+01 3.017157e+01
      vertex   7.456978e+01 -5.128402e+01 3.017157e+01
      vertex   7.167795e+01 -5.088106e+01 3.022229e+01
    endloop
  endfacet
  facet normal -6.468317e-02 -3.464070e-01 -9.358516e-01
    outer loop
      vertex   7.167795e+01 -5.088106e+01 3.022229e+01
      vertex   7.456978e+01 -5.128402e+01 3.017157e+01
      vertex   7.454506e+01 -5.141643e+01 3.022229e+01
    endloop
  endfacet
  facet normal -8.867268e-02 -4.748815e-01 -8.755711e-01
    outer loop
      vertex   7.167795e+01 -5.088106e+01 3.022229e+01
      vertex   7.454506e+01 -5.141643e+01 3.022229e+01
      vertex   7.452193e+01 -5.154030e+01 3.029182e+01
    endloop
  endfacet
  facet normal -6.468317e-02 -3.464070e-01 -9.358516e-01
    outer loop
      vertex   4.013972e+01 -4.499206e+01 3.022229e+01
      vertex   4.016444e+01 -4.485965e+01 3.017157e+01
      vertex   4.303155e+01 -4.539501e+01 3.017157e+01
    endloop
  endfacet
  facet normal -3.935375e-02 -2.107568e-01 -9.767461e-01
    outer loop
      vertex   4.303155e+01 -4.539501e+01 3.017157e+01
      vertex   4.016444e+01 -4.485965e+01 3.017157e+01
      vertex   4.305736e+01 -4.525682e+01 3.014071e+01
    endloop
  endfacet
  facet normal -3.935375e-02 -2.107568e-01 -9.767461e-01
    outer loop
      vertex   4.303155e+01 -4.539501e+01 3.017157e+01
      vertex   4.305736e+01 -4.525682e+01 3.014071e+01
      vertex   4.592447e+01 -4.579219e+01 3.014071e+01
    endloop
  endfacet
  facet normal -1.320913e-02 -7.074072e-02 -9.974073e-01
    outer loop
      vertex   4.592447e+01 -4.579219e+01 3.014071e+01
      vertex   4.305736e+01 -4.525682e+01 3.014071e+01
      vertex   4.021659e+01 -4.458034e+01 3.013035e+01
    endloop
  endfacet
  facet normal -3.935375e-02 -2.107568e-01 -9.767461e-01
    outer loop
      vertex   4.016444e+01 -4.485965e+01 3.017157e+01
      vertex   4.019024e+01 -4.472146e+01 3.014071e+01
      vertex   4.305736e+01 -4.525682e+01 3.014071e+01
    endloop
  endfacet
  facet normal -1.320913e-02 -7.074072e-02 -9.974073e-01
    outer loop
      vertex   4.305736e+01 -4.525682e+01 3.014071e+01
      vertex   4.019024e+01 -4.472146e+01 3.014071e+01
      vertex   4.021659e+01 -4.458034e+01 3.013035e+01
    endloop
  endfacet
  facet normal -1.320913e-02 -7.074072e-02 -9.974073e-01
    outer loop
      vertex   5.452580e+01 -4.739828e+01 3.014071e+01
      vertex   4.021659e+01 -4.458034e+01 3.013035e+01
      vertex   5.739291e+01 -4.793364e+01 3.014071e+01
    endloop
  endfacet
  facet normal -1.320913e-02 -7.074072e-02 -9.974073e-01
    outer loop
      vertex   5.739291e+01 -4.793364e+01 3.014071e+01
      vertex   4.021659e+01 -4.458034e+01 3.013035e+01
      vertex   7.462193e+01 -5.100471e+01 3.013035e+01
    endloop
  endfacet
  facet normal -1.320913e-02 -7.074072e-02 -9.974073e-01
    outer loop
      vertex   5.739291e+01 -4.793364e+01 3.014071e+01
      vertex   7.462193e+01 -5.100471e+01 3.013035e+01
      vertex   6.026003e+01 -4.846901e+01 3.014071e+01
    endloop
  endfacet
  facet normal -1.320913e-02 -7.074072e-02 -9.974073e-01
    outer loop
      vertex   6.026003e+01 -4.846901e+01 3.014071e+01
      vertex   7.462193e+01 -5.100471e+01 3.013035e+01
      vertex   6.312714e+01 -4.900437e+01 3.014071e+01
    endloop
  endfacet
  facet normal -3.935375e-02 -2.107568e-01 -9.767461e-01
    outer loop
      vertex   6.026003e+01 -4.846901e+01 3.014071e+01
      vertex   6.312714e+01 -4.900437e+01 3.014071e+01
      vertex   6.023422e+01 -4.860720e+01 3.017157e+01
    endloop
  endfacet
  facet normal -3.935375e-02 -2.107568e-01 -9.767461e-01
    outer loop
      vertex   6.023422e+01 -4.860720e+01 3.017157e+01
      vertex   6.312714e+01 -4.900437e+01 3.014071e+01
      vertex   6.310133e+01 -4.914256e+01 3.017157e+01
    endloop
  endfacet
  facet normal -6.468317e-02 -3.464070e-01 -9.358516e-01
    outer loop
      vertex   6.023422e+01 -4.860720e+01 3.017157e+01
      vertex   6.310133e+01 -4.914256e+01 3.017157e+01
      vertex   6.020950e+01 -4.873960e+01 3.022229e+01
    endloop
  endfacet
  facet normal -1.320913e-02 -7.074072e-02 -9.974073e-01
    outer loop
      vertex   6.312714e+01 -4.900437e+01 3.014071e+01
      vertex   7.462193e+01 -5.100471e+01 3.013035e+01
      vertex   6.599425e+01 -4.953974e+01 3.014071e+01
    endloop
  endfacet
  facet normal -3.935375e-02 -2.107568e-01 -9.767461e-01
    outer loop
      vertex   6.886136e+01 -5.007510e+01 3.014071e+01
      vertex   7.172847e+01 -5.061046e+01 3.014071e+01
      vertex   6.883556e+01 -5.021329e+01 3.017157e+01
    endloop
  endfacet
  facet normal -3.935375e-02 -2.107568e-01 -9.767461e-01
    outer loop
      vertex   6.883556e+01 -5.021329e+01 3.017157e+01
      vertex   7.172847e+01 -5.061046e+01 3.014071e+01
      vertex   7.170267e+01 -5.074866e+01 3.017157e+01
    endloop
  endfacet
  facet normal -6.468317e-02 -3.464070e-01 -9.358516e-01
    outer loop
      vertex   6.883556e+01 -5.021329e+01 3.017157e+01
      vertex   7.170267e+01 -5.074866e+01 3.017157e+01
      vertex   6.881083e+01 -5.034570e+01 3.022229e+01
    endloop
  endfacet
  facet normal -6.468317e-02 -3.464070e-01 -9.358516e-01
    outer loop
      vertex   6.881083e+01 -5.034570e+01 3.022229e+01
      vertex   7.170267e+01 -5.074866e+01 3.017157e+01
      vertex   7.167795e+01 -5.088106e+01 3.022229e+01
    endloop
  endfacet
  facet normal -8.867268e-02 -4.748815e-01 -8.755711e-01
    outer loop
      vertex   6.881083e+01 -5.034570e+01 3.022229e+01
      vertex   7.167795e+01 -5.088106e+01 3.022229e+01
      vertex   7.452193e+01 -5.154030e+01 3.029182e+01
    endloop
  endfacet
  facet normal -3.935375e-02 -2.107568e-01 -9.767461e-01
    outer loop
      vertex   6.310133e+01 -4.914256e+01 3.017157e+01
      vertex   6.312714e+01 -4.900437e+01 3.014071e+01
      vertex   6.599425e+01 -4.953974e+01 3.014071e+01
    endloop
  endfacet
  facet normal -3.935375e-02 -2.107568e-01 -9.767461e-01
    outer loop
      vertex   5.450000e+01 -4.753647e+01 3.017157e+01
      vertex   5.452580e+01 -4.739828e+01 3.014071e+01
      vertex   5.739291e+01 -4.793364e+01 3.014071e+01
    endloop
  endfacet
  facet normal -3.935375e-02 -2.107568e-01 -9.767461e-01
    outer loop
      vertex   5.739291e+01 -4.793364e+01 3.014071e+01
      vertex   6.026003e+01 -4.846901e+01 3.014071e+01
      vertex   5.736711e+01 -4.807184e+01 3.017157e+01
    endloop
  endfacet
  facet normal -3.935375e-02 -2.107568e-01 -9.767461e-01
    outer loop
      vertex   5.736711e+01 -4.807184e+01 3.017157e+01
      vertex   6.026003e+01 -4.846901e+01 3.014071e+01
      vertex   6.023422e+01 -4.860720e+01 3.017157e+01
    endloop
  endfacet
  facet normal -6.468317e-02 -3.464070e-01 -9.358516e-01
    outer loop
      vertex   5.736711e+01 -4.807184e+01 3.017157e+01
      vertex   6.023422e+01 -4.860720e+01 3.017157e+01
      vertex   5.734239e+01 -4.820424e+01 3.022229e+01
    endloop
  endfacet
  facet normal -6.468317e-02 -3.464070e-01 -9.358516e-01
    outer loop
      vertex   5.734239e+01 -4.820424e+01 3.022229e+01
      vertex   6.023422e+01 -4.860720e+01 3.017157e+01
      vertex   6.020950e+01 -4.873960e+01 3.022229e+01
    endloop
  endfacet
  facet normal -3.935375e-02 -2.107568e-01 -9.767461e-01
    outer loop
      vertex   4.589866e+01 -4.593038e+01 3.017157e+01
      vertex   4.879158e+01 -4.632755e+01 3.014071e+01
      vertex   4.876577e+01 -4.646574e+01 3.017157e+01
    endloop
  endfacet
  facet normal -3.935375e-02 -2.107568e-01 -9.767461e-01
    outer loop
      vertex   4.876577e+01 -4.646574e+01 3.017157e+01
      vertex   4.879158e+01 -4.632755e+01 3.014071e+01
      vertex   5.165869e+01 -4.686292e+01 3.014071e+01
    endloop
  endfacet
  facet normal -3.935375e-02 -2.107568e-01 -9.767461e-01
    outer loop
      vertex   6.886136e+01 -5.007510e+01 3.014071e+01
      vertex   6.883556e+01 -5.021329e+01 3.017157e+01
      vertex   6.596845e+01 -4.967793e+01 3.017157e+01
    endloop
  endfacet
  facet normal -6.468317e-02 -3.464070e-01 -9.358516e-01
    outer loop
      vertex   6.596845e+01 -4.967793e+01 3.017157e+01
      vertex   6.883556e+01 -5.021329e+01 3.017157e+01
      vertex   6.594372e+01 -4.981033e+01 3.022229e+01
    endloop
  endfacet
  facet normal -6.468317e-02 -3.464070e-01 -9.358516e-01
    outer loop
      vertex   6.596845e+01 -4.967793e+01 3.017157e+01
      vertex   6.594372e+01 -4.981033e+01 3.022229e+01
      vertex   6.307661e+01 -4.927497e+01 3.022229e+01
    endloop
  endfacet
  facet normal -8.867268e-02 -4.748815e-01 -8.755711e-01
    outer loop
      vertex   6.307661e+01 -4.927497e+01 3.022229e+01
      vertex   6.594372e+01 -4.981033e+01 3.022229e+01
      vertex   7.452193e+01 -5.154030e+01 3.029182e+01
    endloop
  endfacet
  facet normal -6.468317e-02 -3.464070e-01 -9.358516e-01
    outer loop
      vertex   6.594372e+01 -4.981033e+01 3.022229e+01
      vertex   6.883556e+01 -5.021329e+01 3.017157e+01
      vertex   6.881083e+01 -5.034570e+01 3.022229e+01
    endloop
  endfacet
  facet normal -6.468317e-02 -3.464070e-01 -9.358516e-01
    outer loop
      vertex   5.447527e+01 -4.766888e+01 3.022229e+01
      vertex   5.450000e+01 -4.753647e+01 3.017157e+01
      vertex   5.736711e+01 -4.807184e+01 3.017157e+01
    endloop
  endfacet
  facet normal -3.935375e-02 -2.107568e-01 -9.767461e-01
    outer loop
      vertex   5.736711e+01 -4.807184e+01 3.017157e+01
      vertex   5.450000e+01 -4.753647e+01 3.017157e+01
      vertex   5.739291e+01 -4.793364e+01 3.014071e+01
    endloop
  endfacet
  facet normal -6.468317e-02 -3.464070e-01 -9.358516e-01
    outer loop
      vertex   5.447527e+01 -4.766888e+01 3.022229e+01
      vertex   5.736711e+01 -4.807184e+01 3.017157e+01
      vertex   5.734239e+01 -4.820424e+01 3.022229e+01
    endloop
  endfacet
  facet normal -6.468317e-02 -3.464070e-01 -9.358516e-01
    outer loop
      vertex   4.874105e+01 -4.659815e+01 3.022229e+01
      vertex   5.163289e+01 -4.700111e+01 3.017157e+01
      vertex   5.160816e+01 -4.713351e+01 3.022229e+01
    endloop
  endfacet
  facet normal -6.468317e-02 -3.464070e-01 -9.358516e-01
    outer loop
      vertex   4.300683e+01 -4.552742e+01 3.022229e+01
      vertex   4.589866e+01 -4.593038e+01 3.017157e+01
      vertex   4.587394e+01 -4.606278e+01 3.022229e+01
    endloop
  endfacet
  facet normal -6.468317e-02 -3.464070e-01 -9.358516e-01
    outer loop
      vertex   4.587394e+01 -4.606278e+01 3.022229e+01
      vertex   4.589866e+01 -4.593038e+01 3.017157e+01
      vertex   4.876577e+01 -4.646574e+01 3.017157e+01
    endloop
  endfacet
  facet normal -8.867268e-02 -4.748815e-01 -8.755711e-01
    outer loop
      vertex   7.452193e+01 -5.154030e+01 3.029182e+01
      vertex   6.594372e+01 -4.981033e+01 3.022229e+01
      vertex   6.881083e+01 -5.034570e+01 3.022229e+01
    endloop
  endfacet
  facet normal -8.867268e-02 -4.748815e-01 -8.755711e-01
    outer loop
      vertex   4.011658e+01 -4.511593e+01 3.029182e+01
      vertex   4.874105e+01 -4.659815e+01 3.022229e+01
      vertex   5.160816e+01 -4.713351e+01 3.022229e+01
    endloop
  endfacet
  facet normal -6.644850e-16 1.418441e-15 -1.000000e+00
    outer loop
      vertex   7.513445e+01 -4.825996e+01 3.013035e+01
      vertex   7.462193e+01 -5.100471e+01 3.013035e+01
      vertex   4.072911e+01 -4.183559e+01 3.013035e+01
    endloop
  endfacet
  facet normal 2.174875e-18 3.882688e-15 -1.000000e+00
    outer loop
      vertex   4.072911e+01 -4.183559e+01 3.013035e+01
      vertex   7.462193e+01 -5.100471e+01 3.013035e+01
      vertex   4.021659e+01 -4.458034e+01 3.013035e+01
    endloop
  endfacet
  facet normal 2.388251e-15 3.437146e-15 -1.000000e+00
    outer loop
      vertex   4.072911e+01 -4.183559e+01 3.013035e+01
      vertex   4.021659e+01 -4.458034e+01 3.013035e+01
      vertex   3.742271e+01 -3.230282e+01 3.013035e+01
    endloop
  endfacet
  facet normal 3.136708e-16 2.965052e-15 -1.000000e+00
    outer loop
      vertex   3.742271e+01 -3.230282e+01 3.013035e+01
      vertex   4.021659e+01 -4.458034e+01 3.013035e+01
      vertex   3.369290e+01 -5.227758e+01 3.013035e+01
    endloop
  endfacet
  facet normal 5.208625e-16 2.789450e-15 -1.000000e+00
    outer loop
      vertex   3.369290e+01 -5.227758e+01 3.013035e+01
      vertex   4.021659e+01 -4.458034e+01 3.013035e+01
      vertex   3.860795e+01 -5.319535e+01 3.013035e+01
    endloop
  endfacet
  facet normal 5.208625e-16 2.789450e-15 -1.000000e+00
    outer loop
      vertex   3.742271e+01 -3.230282e+01 3.013035e+01
      vertex   4.233775e+01 -3.322059e+01 3.013035e+01
      vertex   4.072911e+01 -4.183559e+01 3.013035e+01
    endloop
  endfacet
  facet normal -1.833323e-01 -9.818257e-01 4.906767e-02
    outer loop
      vertex   3.701705e+01 -3.447527e+01 4.591035e+01
      vertex   4.193210e+01 -3.539304e+01 4.591035e+01
      vertex   3.947634e+01 -3.492469e+01 4.610639e+01
    endloop
  endfacet
  facet normal -1.833323e-01 -9.818257e-01 4.906767e-02
    outer loop
      vertex   3.947634e+01 -3.492469e+01 4.610639e+01
      vertex   4.193210e+01 -3.539304e+01 4.591035e+01
      vertex   4.193387e+01 -3.538357e+01 4.610639e+01
    endloop
  endfacet
  facet normal -1.815667e-01 -9.723701e-01 1.467305e-01
    outer loop
      vertex   3.947634e+01 -3.492469e+01 4.610639e+01
      vertex   4.193387e+01 -3.538357e+01 4.610639e+01
      vertex   3.948163e+01 -3.489638e+01 4.630053e+01
    endloop
  endfacet
  facet normal -1.815667e-01 -9.723701e-01 1.467305e-01
    outer loop
      vertex   3.948163e+01 -3.489638e+01 4.630053e+01
      vertex   4.193387e+01 -3.538357e+01 4.610639e+01
      vertex   4.193915e+01 -3.535526e+01 4.630053e+01
    endloop
  endfacet
  facet normal -1.780525e-01 -9.535502e-01 2.429802e-01
    outer loop
      vertex   3.948163e+01 -3.489638e+01 4.630053e+01
      vertex   4.193915e+01 -3.535526e+01 4.630053e+01
      vertex   3.949038e+01 -3.484950e+01 4.649092e+01
    endloop
  endfacet
  facet normal -1.780525e-01 -9.535502e-01 2.429802e-01
    outer loop
      vertex   3.949038e+01 -3.484950e+01 4.649092e+01
      vertex   4.193915e+01 -3.535526e+01 4.630053e+01
      vertex   4.194791e+01 -3.530838e+01 4.649092e+01
    endloop
  endfacet
  facet normal -1.728236e-01 -9.255470e-01 3.368899e-01
    outer loop
      vertex   3.949038e+01 -3.484950e+01 4.649092e+01
      vertex   4.194791e+01 -3.530838e+01 4.649092e+01
      vertex   3.950252e+01 -3.478450e+01 4.667572e+01
    endloop
  endfacet
  facet normal -1.728236e-01 -9.255470e-01 3.368899e-01
    outer loop
      vertex   3.950252e+01 -3.478450e+01 4.667572e+01
      vertex   4.194791e+01 -3.530838e+01 4.649092e+01
      vertex   4.196005e+01 -3.524339e+01 4.667572e+01
    endloop
  endfacet
  facet normal -1.659303e-01 -8.886303e-01 4.275551e-01
    outer loop
      vertex   3.950252e+01 -3.478450e+01 4.667572e+01
      vertex   4.196005e+01 -3.524339e+01 4.667572e+01
      vertex   3.951792e+01 -3.470201e+01 4.685315e+01
    endloop
  endfacet
  facet normal -1.659303e-01 -8.886303e-01 4.275551e-01
    outer loop
      vertex   3.951792e+01 -3.470201e+01 4.685315e+01
      vertex   4.196005e+01 -3.524339e+01 4.667572e+01
      vertex   4.197545e+01 -3.516090e+01 4.685315e+01
    endloop
  endfacet
  facet normal -1.574390e-01 -8.431556e-01 5.141027e-01
    outer loop
      vertex   3.951792e+01 -3.470201e+01 4.685315e+01
      vertex   4.197545e+01 -3.516090e+01 4.685315e+01
      vertex   3.953645e+01 -3.460282e+01 4.702149e+01
    endloop
  endfacet
  facet normal -1.574390e-01 -8.431556e-01 5.141027e-01
    outer loop
      vertex   3.953645e+01 -3.460282e+01 4.702149e+01
      vertex   4.197545e+01 -3.516090e+01 4.685315e+01
      vertex   4.199397e+01 -3.506171e+01 4.702149e+01
    endloop
  endfacet
  facet normal -1.474315e-01 -7.895608e-01 5.956993e-01
    outer loop
      vertex   3.953645e+01 -3.460282e+01 4.702149e+01
      vertex   4.199397e+01 -3.506171e+01 4.702149e+01
      vertex   3.955791e+01 -3.448789e+01 4.717914e+01
    endloop
  endfacet
  facet normal -1.474315e-01 -7.895608e-01 5.956993e-01
    outer loop
      vertex   3.955791e+01 -3.448789e+01 4.717914e+01
      vertex   4.199397e+01 -3.506171e+01 4.702149e+01
      vertex   4.201543e+01 -3.494677e+01 4.717914e+01
    endloop
  endfacet
  facet normal -1.360041e-01 -7.283622e-01 6.715590e-01
    outer loop
      vertex   3.955791e+01 -3.448789e+01 4.717914e+01
      vertex   4.201543e+01 -3.494677e+01 4.717914e+01
      vertex   3.958210e+01 -3.435832e+01 4.732457e+01
    endloop
  endfacet
  facet normal -1.360041e-01 -7.283622e-01 6.715590e-01
    outer loop
      vertex   3.958210e+01 -3.435832e+01 4.732457e+01
      vertex   4.201543e+01 -3.494677e+01 4.717914e+01
      vertex   4.203962e+01 -3.481721e+01 4.732457e+01
    endloop
  endfacet
  facet normal -1.232669e-01 -6.601490e-01 7.409511e-01
    outer loop
      vertex   3.958210e+01 -3.435832e+01 4.732457e+01
      vertex   4.203962e+01 -3.481721e+01 4.732457e+01
      vertex   3.960879e+01 -3.421537e+01 4.745637e+01
    endloop
  endfacet
  facet normal -1.232669e-01 -6.601490e-01 7.409511e-01
    outer loop
      vertex   3.960879e+01 -3.421537e+01 4.745637e+01
      vertex   4.203962e+01 -3.481721e+01 4.732457e+01
      vertex   4.206632e+01 -3.467425e+01 4.745637e+01
    endloop
  endfacet
  facet normal -1.093426e-01 -5.855782e-01 8.032075e-01
    outer loop
      vertex   3.960879e+01 -3.421537e+01 4.745637e+01
      vertex   4.206632e+01 -3.467425e+01 4.745637e+01
      vertex   3.963773e+01 -3.406040e+01 4.757329e+01
    endloop
  endfacet
  facet normal -1.093426e-01 -5.855782e-01 8.032075e-01
    outer loop
      vertex   3.963773e+01 -3.406040e+01 4.757329e+01
      vertex   4.206632e+01 -3.467425e+01 4.745637e+01
      vertex   4.209525e+01 -3.451928e+01 4.757329e+01
    endloop
  endfacet
  facet normal -9.436531e-02 -5.053680e-01 8.577286e-01
    outer loop
      vertex   3.963773e+01 -3.406040e+01 4.757329e+01
      vertex   4.209525e+01 -3.451928e+01 4.757329e+01
      vertex   3.966863e+01 -3.389491e+01 4.767419e+01
    endloop
  endfacet
  facet normal -9.436531e-02 -5.053680e-01 8.577286e-01
    outer loop
      vertex   3.966863e+01 -3.389491e+01 4.767419e+01
      vertex   4.209525e+01 -3.451928e+01 4.757329e+01
      vertex   4.212615e+01 -3.435380e+01 4.767419e+01
    endloop
  endfacet
  facet normal -7.847919e-02 -4.202908e-01 9.039893e-01
    outer loop
      vertex   3.966863e+01 -3.389491e+01 4.767419e+01
      vertex   4.212615e+01 -3.435380e+01 4.767419e+01
      vertex   3.970120e+01 -3.372050e+01 4.775811e+01
    endloop
  endfacet
  facet normal -7.847919e-02 -4.202908e-01 9.039893e-01
    outer loop
      vertex   3.970120e+01 -3.372050e+01 4.775811e+01
      vertex   4.212615e+01 -3.435380e+01 4.767419e+01
      vertex   4.215872e+01 -3.417938e+01 4.775811e+01
    endloop
  endfacet
  facet normal -6.183728e-02 -3.311660e-01 9.415441e-01
    outer loop
      vertex   3.970120e+01 -3.372050e+01 4.775811e+01
      vertex   4.215872e+01 -3.417938e+01 4.775811e+01
      vertex   3.973512e+01 -3.353884e+01 4.782423e+01
    endloop
  endfacet
  facet normal -6.183728e-02 -3.311660e-01 9.415441e-01
    outer loop
      vertex   3.973512e+01 -3.353884e+01 4.782423e+01
      vertex   4.215872e+01 -3.417938e+01 4.775811e+01
      vertex   4.219264e+01 -3.399773e+01 4.782423e+01
    endloop
  endfacet
  facet normal -4.459984e-02 -2.388519e-01 9.700313e-01
    outer loop
      vertex   3.973512e+01 -3.353884e+01 4.782423e+01
      vertex   4.219264e+01 -3.399773e+01 4.782423e+01
      vertex   3.977006e+01 -3.335169e+01 4.787192e+01
    endloop
  endfacet
  facet normal -4.459984e-02 -2.388519e-01 9.700313e-01
    outer loop
      vertex   3.977006e+01 -3.335169e+01 4.787192e+01
      vertex   4.219264e+01 -3.399773e+01 4.782423e+01
      vertex   4.222759e+01 -3.381057e+01 4.787192e+01
    endloop
  endfacet
  facet normal -2.693288e-02 -1.442375e-01 9.891765e-01
    outer loop
      vertex   3.977006e+01 -3.335169e+01 4.787192e+01
      vertex   4.222759e+01 -3.381057e+01 4.787192e+01
      vertex   3.980570e+01 -3.316084e+01 4.790072e+01
    endloop
  endfacet
  facet normal -2.693288e-02 -1.442375e-01 9.891765e-01
    outer loop
      vertex   3.980570e+01 -3.316084e+01 4.790072e+01
      vertex   4.222759e+01 -3.381057e+01 4.787192e+01
      vertex   4.226323e+01 -3.361972e+01 4.790072e+01
    endloop
  endfacet
  facet normal -9.006538e-03 -4.823400e-02 9.987955e-01
    outer loop
      vertex   3.980570e+01 -3.316084e+01 4.790072e+01
      vertex   4.226323e+01 -3.361972e+01 4.790072e+01
      vertex   4.229921e+01 -3.342702e+01 4.791035e+01
    endloop
  endfacet
  facet normal -9.006538e-03 -4.823400e-02 9.987955e-01
    outer loop
      vertex   4.229921e+01 -3.342702e+01 4.791035e+01
      vertex   3.738416e+01 -3.250925e+01 4.791035e+01
      vertex   3.980570e+01 -3.316084e+01 4.790072e+01
    endloop
  endfacet
  facet normal -9.006538e-03 -4.823400e-02 9.987955e-01
    outer loop
      vertex   3.980570e+01 -3.316084e+01 4.790072e+01
      vertex   3.738416e+01 -3.250925e+01 4.791035e+01
      vertex   3.734818e+01 -3.270196e+01 4.790072e+01
    endloop
  endfacet
  facet normal -2.693288e-02 -1.442375e-01 9.891765e-01
    outer loop
      vertex   3.980570e+01 -3.316084e+01 4.790072e+01
      vertex   3.734818e+01 -3.270196e+01 4.790072e+01
      vertex   3.977006e+01 -3.335169e+01 4.787192e+01
    endloop
  endfacet
  facet normal -2.693288e-02 -1.442375e-01 9.891765e-01
    outer loop
      vertex   3.977006e+01 -3.335169e+01 4.787192e+01
      vertex   3.734818e+01 -3.270196e+01 4.790072e+01
      vertex   3.731254e+01 -3.289281e+01 4.787192e+01
    endloop
  endfacet
  facet normal -4.459984e-02 -2.388519e-01 9.700313e-01
    outer loop
      vertex   3.977006e+01 -3.335169e+01 4.787192e+01
      vertex   3.731254e+01 -3.289281e+01 4.787192e+01
      vertex   3.973512e+01 -3.353884e+01 4.782423e+01
    endloop
  endfacet
  facet normal -4.459984e-02 -2.388519e-01 9.700313e-01
    outer loop
      vertex   3.973512e+01 -3.353884e+01 4.782423e+01
      vertex   3.731254e+01 -3.289281e+01 4.787192e+01
      vertex   3.727759e+01 -3.307996e+01 4.782423e+01
    endloop
  endfacet
  facet normal -6.183728e-02 -3.311660e-01 9.415441e-01
    outer loop
      vertex   3.973512e+01 -3.353884e+01 4.782423e+01
      vertex   3.727759e+01 -3.307996e+01 4.782423e+01
      vertex   3.970120e+01 -3.372050e+01 4.775811e+01
    endloop
  endfacet
  facet normal -6.183728e-02 -3.311660e-01 9.415441e-01
    outer loop
      vertex   3.970120e+01 -3.372050e+01 4.775811e+01
      vertex   3.727759e+01 -3.307996e+01 4.782423e+01
      vertex   3.724367e+01 -3.326162e+01 4.775811e+01
    endloop
  endfacet
  facet normal -7.847919e-02 -4.202908e-01 9.039893e-01
    outer loop
      vertex   3.970120e+01 -3.372050e+01 4.775811e+01
      vertex   3.724367e+01 -3.326162e+01 4.775811e+01
      vertex   3.966863e+01 -3.389491e+01 4.767419e+01
    endloop
  endfacet
  facet normal -7.847919e-02 -4.202908e-01 9.039893e-01
    outer loop
      vertex   3.966863e+01 -3.389491e+01 4.767419e+01
      vertex   3.724367e+01 -3.326162e+01 4.775811e+01
      vertex   3.721111e+01 -3.343603e+01 4.767419e+01
    endloop
  endfacet
  facet normal -9.436531e-02 -5.053680e-01 8.577286e-01
    outer loop
      vertex   3.966863e+01 -3.389491e+01 4.767419e+01
      vertex   3.721111e+01 -3.343603e+01 4.767419e+01
      vertex   3.963773e+01 -3.406040e+01 4.757329e+01
    endloop
  endfacet
  facet normal -9.436531e-02 -5.053680e-01 8.577286e-01
    outer loop
      vertex   3.963773e+01 -3.406040e+01 4.757329e+01
      vertex   3.721111e+01 -3.343603e+01 4.767419e+01
      vertex   3.718021e+01 -3.360152e+01 4.757329e+01
    endloop
  endfacet
  facet normal -1.093426e-01 -5.855782e-01 8.032075e-01
    outer loop
      vertex   3.963773e+01 -3.406040e+01 4.757329e+01
      vertex   3.718021e+01 -3.360152e+01 4.757329e+01
      vertex   3.960879e+01 -3.421537e+01 4.745637e+01
    endloop
  endfacet
  facet normal -1.093426e-01 -5.855782e-01 8.032075e-01
    outer loop
      vertex   3.960879e+01 -3.421537e+01 4.745637e+01
      vertex   3.718021e+01 -3.360152e+01 4.757329e+01
      vertex   3.715127e+01 -3.375648e+01 4.745637e+01
    endloop
  endfacet
  facet normal -1.232669e-01 -6.601490e-01 7.409511e-01
    outer loop
      vertex   3.960879e+01 -3.421537e+01 4.745637e+01
      vertex   3.715127e+01 -3.375648e+01 4.745637e+01
      vertex   3.958210e+01 -3.435832e+01 4.732457e+01
    endloop
  endfacet
  facet normal -1.232669e-01 -6.601490e-01 7.409511e-01
    outer loop
      vertex   3.958210e+01 -3.435832e+01 4.732457e+01
      vertex   3.715127e+01 -3.375648e+01 4.745637e+01
      vertex   3.712458e+01 -3.389944e+01 4.732457e+01
    endloop
  endfacet
  facet normal -1.360041e-01 -7.283622e-01 6.715590e-01
    outer loop
      vertex   3.958210e+01 -3.435832e+01 4.732457e+01
      vertex   3.712458e+01 -3.389944e+01 4.732457e+01
      vertex   3.955791e+01 -3.448789e+01 4.717914e+01
    endloop
  endfacet
  facet normal -1.360041e-01 -7.283622e-01 6.715590e-01
    outer loop
      vertex   3.955791e+01 -3.448789e+01 4.717914e+01
      vertex   3.712458e+01 -3.389944e+01 4.732457e+01
      vertex   3.710038e+01 -3.402901e+01 4.717914e+01
    endloop
  endfacet
  facet normal -1.474315e-01 -7.895608e-01 5.956993e-01
    outer loop
      vertex   3.955791e+01 -3.448789e+01 4.717914e+01
      vertex   3.710038e+01 -3.402901e+01 4.717914e+01
      vertex   3.953645e+01 -3.460282e+01 4.702149e+01
    endloop
  endfacet
  facet normal -1.474315e-01 -7.895608e-01 5.956993e-01
    outer loop
      vertex   3.953645e+01 -3.460282e+01 4.702149e+01
      vertex   3.710038e+01 -3.402901e+01 4.717914e+01
      vertex   3.707892e+01 -3.414394e+01 4.702149e+01
    endloop
  endfacet
  facet normal -1.574390e-01 -8.431556e-01 5.141027e-01
    outer loop
      vertex   3.953645e+01 -3.460282e+01 4.702149e+01
      vertex   3.707892e+01 -3.414394e+01 4.702149e+01
      vertex   3.951792e+01 -3.470201e+01 4.685315e+01
    endloop
  endfacet
  facet normal -1.574390e-01 -8.431556e-01 5.141027e-01
    outer loop
      vertex   3.951792e+01 -3.470201e+01 4.685315e+01
      vertex   3.707892e+01 -3.414394e+01 4.702149e+01
      vertex   3.706040e+01 -3.424313e+01 4.685315e+01
    endloop
  endfacet
  facet normal -1.659303e-01 -8.886303e-01 4.275551e-01
    outer loop
      vertex   3.951792e+01 -3.470201e+01 4.685315e+01
      vertex   3.706040e+01 -3.424313e+01 4.685315e+01
      vertex   3.950252e+01 -3.478450e+01 4.667572e+01
    endloop
  endfacet
  facet normal -1.659303e-01 -8.886303e-01 4.275551e-01
    outer loop
      vertex   3.950252e+01 -3.478450e+01 4.667572e+01
      vertex   3.706040e+01 -3.424313e+01 4.685315e+01
      vertex   3.704500e+01 -3.432562e+01 4.667572e+01
    endloop
  endfacet
  facet normal -1.728236e-01 -9.255470e-01 3.368899e-01
    outer loop
      vertex   3.950252e+01 -3.478450e+01 4.667572e+01
      vertex   3.704500e+01 -3.432562e+01 4.667572e+01
      vertex   3.949038e+01 -3.484950e+01 4.649092e+01
    endloop
  endfacet
  facet normal -1.728236e-01 -9.255470e-01 3.368899e-01
    outer loop
      vertex   3.949038e+01 -3.484950e+01 4.649092e+01
      vertex   3.704500e+01 -3.432562e+01 4.667572e+01
      vertex   3.703286e+01 -3.439062e+01 4.649092e+01
    endloop
  endfacet
  facet normal -1.780525e-01 -9.535502e-01 2.429802e-01
    outer loop
      vertex   3.949038e+01 -3.484950e+01 4.649092e+01
      vertex   3.703286e+01 -3.439062e+01 4.649092e+01
      vertex   3.948163e+01 -3.489638e+01 4.630053e+01
    endloop
  endfacet
  facet normal -1.780525e-01 -9.535502e-01 2.429802e-01
    outer loop
      vertex   3.948163e+01 -3.489638e+01 4.630053e+01
      vertex   3.703286e+01 -3.439062e+01 4.649092e+01
      vertex   3.702411e+01 -3.443750e+01 4.630053e+01
    endloop
  endfacet
  facet normal -1.815667e-01 -9.723701e-01 1.467305e-01
    outer loop
      vertex   3.948163e+01 -3.489638e+01 4.630053e+01
      vertex   3.702411e+01 -3.443750e+01 4.630053e+01
      vertex   3.947634e+01 -3.492469e+01 4.610639e+01
    endloop
  endfacet
  facet normal -1.815667e-01 -9.723701e-01 1.467305e-01
    outer loop
      vertex   3.947634e+01 -3.492469e+01 4.610639e+01
      vertex   3.702411e+01 -3.443750e+01 4.630053e+01
      vertex   3.701882e+01 -3.446581e+01 4.610639e+01
    endloop
  endfacet
  facet normal -1.833323e-01 -9.818257e-01 4.906767e-02
    outer loop
      vertex   3.947634e+01 -3.492469e+01 4.610639e+01
      vertex   3.701882e+01 -3.446581e+01 4.610639e+01
      vertex   3.701705e+01 -3.447527e+01 4.591035e+01
    endloop
  endfacet
  facet normal 9.830097e-01 -1.835534e-01 -1.651391e-15
    outer loop
      vertex   3.863544e+01 -5.304811e+01 4.646011e+01
      vertex   3.864650e+01 -5.298891e+01 4.791035e+01
      vertex   3.860795e+01 -5.319535e+01 4.647035e+01
    endloop
  endfacet
  facet normal 9.830097e-01 -1.835534e-01 1.211110e-15
    outer loop
      vertex   3.860795e+01 -5.319535e+01 4.647035e+01
      vertex   3.864650e+01 -5.298891e+01 4.791035e+01
      vertex   3.860795e+01 -5.319535e+01 4.791035e+01
    endloop
  endfacet
  facet normal 9.830097e-01 -1.835534e-01 1.211111e-15
    outer loop
      vertex   3.860795e+01 -5.319535e+01 4.647035e+01
      vertex   3.860795e+01 -5.319535e+01 4.791035e+01
      vertex   3.856731e+01 -5.341296e+01 4.790069e+01
    endloop
  endfacet
  facet normal 9.830097e-01 -1.835534e-01 -3.019795e-15
    outer loop
      vertex   3.866242e+01 -5.290361e+01 4.642956e+01
      vertex   3.881955e+01 -5.206214e+01 4.767419e+01
      vertex   3.863544e+01 -5.304811e+01 4.646011e+01
    endloop
  endfacet
  facet normal 9.830097e-01 -1.835534e-01 6.485366e-16
    outer loop
      vertex   3.863544e+01 -5.304811e+01 4.646011e+01
      vertex   3.881955e+01 -5.206214e+01 4.767419e+01
      vertex   3.878698e+01 -5.223655e+01 4.775811e+01
    endloop
  endfacet
  facet normal 9.830097e-01 -1.835534e-01 -2.667564e-14
    outer loop
      vertex   3.863544e+01 -5.304811e+01 4.646011e+01
      vertex   3.878698e+01 -5.223655e+01 4.775811e+01
      vertex   3.875306e+01 -5.241821e+01 4.782423e+01
    endloop
  endfacet
  facet normal 9.830097e-01 -1.835534e-01 -2.208607e-14
    outer loop
      vertex   3.868839e+01 -5.276455e+01 4.637928e+01
      vertex   3.887939e+01 -5.174168e+01 4.745637e+01
      vertex   3.866242e+01 -5.290361e+01 4.642956e+01
    endloop
  endfacet
  facet normal 9.830097e-01 -1.835534e-01 2.219917e-15
    outer loop
      vertex   3.866242e+01 -5.290361e+01 4.642956e+01
      vertex   3.887939e+01 -5.174168e+01 4.745637e+01
      vertex   3.885045e+01 -5.189665e+01 4.757329e+01
    endloop
  endfacet
  facet normal 9.830097e-01 -1.835534e-01 -3.751954e-16
    outer loop
      vertex   3.866242e+01 -5.290361e+01 4.642956e+01
      vertex   3.885045e+01 -5.189665e+01 4.757329e+01
      vertex   3.881955e+01 -5.206214e+01 4.767419e+01
    endloop
  endfacet
  facet normal 9.830097e-01 -1.835534e-01 7.267440e-15
    outer loop
      vertex   3.871286e+01 -5.263351e+01 4.631021e+01
      vertex   3.893027e+01 -5.146916e+01 4.717914e+01
      vertex   3.868839e+01 -5.276455e+01 4.637928e+01
    endloop
  endfacet
  facet normal 9.830097e-01 -1.835534e-01 -3.083253e-14
    outer loop
      vertex   3.868839e+01 -5.276455e+01 4.637928e+01
      vertex   3.893027e+01 -5.146916e+01 4.717914e+01
      vertex   3.890608e+01 -5.159873e+01 4.732457e+01
    endloop
  endfacet
  facet normal 9.830097e-01 -1.835534e-01 -9.069546e-15
    outer loop
      vertex   3.868839e+01 -5.276455e+01 4.637928e+01
      vertex   3.890608e+01 -5.159873e+01 4.732457e+01
      vertex   3.887939e+01 -5.174168e+01 4.745637e+01
    endloop
  endfacet
  facet normal 9.830097e-01 -1.835534e-01 -8.488952e-15
    outer loop
      vertex   3.873537e+01 -5.251294e+01 4.622363e+01
      vertex   3.897025e+01 -5.125504e+01 4.685315e+01
      vertex   3.871286e+01 -5.263351e+01 4.631021e+01
    endloop
  endfacet
  facet normal 9.830097e-01 -1.835534e-01 1.221465e-14
    outer loop
      vertex   3.871286e+01 -5.263351e+01 4.631021e+01
      vertex   3.897025e+01 -5.125504e+01 4.685315e+01
      vertex   3.895173e+01 -5.135423e+01 4.702149e+01
    endloop
  endfacet
  facet normal 9.830097e-01 -1.835534e-01 1.790548e-14
    outer loop
      vertex   3.871286e+01 -5.263351e+01 4.631021e+01
      vertex   3.895173e+01 -5.135423e+01 4.702149e+01
      vertex   3.893027e+01 -5.146916e+01 4.717914e+01
    endloop
  endfacet
  facet normal 9.830097e-01 -1.835534e-01 3.210734e-15
    outer loop
      vertex   3.897025e+01 -5.125504e+01 4.685315e+01
      vertex   3.873537e+01 -5.251294e+01 4.622363e+01
      vertex   3.898566e+01 -5.117255e+01 4.667572e+01
    endloop
  endfacet
  facet normal 9.830097e-01 -1.835534e-01 -1.993707e-14
    outer loop
      vertex   3.898566e+01 -5.117255e+01 4.667572e+01
      vertex   3.873537e+01 -5.251294e+01 4.622363e+01
      vertex   3.875551e+01 -5.240509e+01 4.612116e+01
    endloop
  endfacet
  facet normal 9.830097e-01 -1.835534e-01 5.649371e-15
    outer loop
      vertex   3.898566e+01 -5.117255e+01 4.667572e+01
      vertex   3.875551e+01 -5.240509e+01 4.612116e+01
      vertex   3.899779e+01 -5.110755e+01 4.649092e+01
    endloop
  endfacet
  facet normal 9.830097e-01 -1.835534e-01 -3.419915e-14
    outer loop
      vertex   3.899779e+01 -5.110755e+01 4.649092e+01
      vertex   3.875551e+01 -5.240509e+01 4.612116e+01
      vertex   3.900655e+01 -5.106067e+01 4.630053e+01
    endloop
  endfacet
  facet normal 9.830097e-01 -1.835534e-01 2.267409e-14
    outer loop
      vertex   3.900655e+01 -5.106067e+01 4.630053e+01
      vertex   3.875551e+01 -5.240509e+01 4.612116e+01
      vertex   3.877290e+01 -5.231195e+01 4.600470e+01
    endloop
  endfacet
  facet normal 9.830097e-01 -1.835534e-01 9.618532e-15
    outer loop
      vertex   3.900655e+01 -5.106067e+01 4.630053e+01
      vertex   3.877290e+01 -5.231195e+01 4.600470e+01
      vertex   3.901183e+01 -5.103236e+01 4.610639e+01
    endloop
  endfacet
  facet normal 9.830097e-01 -1.835534e-01 9.203700e-15
    outer loop
      vertex   3.901183e+01 -5.103236e+01 4.610639e+01
      vertex   3.877290e+01 -5.231195e+01 4.600470e+01
      vertex   3.878722e+01 -5.223527e+01 4.587642e+01
    endloop
  endfacet
  facet normal 9.830097e-01 -1.835534e-01 -1.094677e-14
    outer loop
      vertex   3.901183e+01 -5.103236e+01 4.610639e+01
      vertex   3.878722e+01 -5.223527e+01 4.587642e+01
      vertex   3.901360e+01 -5.102289e+01 4.591035e+01
    endloop
  endfacet
  facet normal 9.830097e-01 -1.835534e-01 -4.037450e-14
    outer loop
      vertex   3.901360e+01 -5.102289e+01 4.591035e+01
      vertex   3.878722e+01 -5.223527e+01 4.587642e+01
      vertex   3.879820e+01 -5.217647e+01 4.573872e+01
    endloop
  endfacet
  facet normal 9.830097e-01 -1.835534e-01 6.443744e-15
    outer loop
      vertex   3.901360e+01 -5.102289e+01 4.591035e+01
      vertex   3.879820e+01 -5.217647e+01 4.573872e+01
      vertex   3.880563e+01 -5.213665e+01 4.559415e+01
    endloop
  endfacet
  facet normal 9.830097e-01 -1.835534e-01 -1.464754e-14
    outer loop
      vertex   3.880563e+01 -5.213665e+01 4.559415e+01
      vertex   3.880939e+01 -5.211656e+01 4.544542e+01
      vertex   3.901360e+01 -5.102289e+01 4.591035e+01
    endloop
  endfacet
  facet normal 9.830097e-01 -1.835534e-01 0.000000e+00
    outer loop
      vertex   3.901360e+01 -5.102289e+01 4.591035e+01
      vertex   3.880939e+01 -5.211656e+01 4.544542e+01
      vertex   3.901360e+01 -5.102289e+01 4.491035e+01
    endloop
  endfacet
  facet normal 9.830097e-01 -1.835534e-01 0.000000e+00
    outer loop
      vertex   3.901360e+01 -5.102289e+01 4.491035e+01
      vertex   3.880939e+01 -5.211656e+01 4.544542e+01
      vertex   3.880939e+01 -5.211656e+01 4.529529e+01
    endloop
  endfacet
  facet normal 9.830097e-01 -1.835534e-01 1.489081e-14
    outer loop
      vertex   3.901360e+01 -5.102289e+01 4.491035e+01
      vertex   3.880939e+01 -5.211656e+01 4.529529e+01
      vertex   3.880563e+01 -5.213665e+01 4.514655e+01
    endloop
  endfacet
  facet normal 9.830097e-01 -1.835534e-01 -6.574195e-15
    outer loop
      vertex   3.880563e+01 -5.213665e+01 4.514655e+01
      vertex   3.879820e+01 -5.217647e+01 4.500198e+01
      vertex   3.901360e+01 -5.102289e+01 4.491035e+01
    endloop
  endfacet
  facet normal 9.830097e-01 -1.835534e-01 4.153081e-14
    outer loop
      vertex   3.901360e+01 -5.102289e+01 4.491035e+01
      vertex   3.879820e+01 -5.217647e+01 4.500198e+01
      vertex   3.878722e+01 -5.223527e+01 4.486428e+01
    endloop
  endfacet
  facet normal 9.830097e-01 -1.835534e-01 6.018981e-14
    outer loop
      vertex   3.901360e+01 -5.102289e+01 4.491035e+01
      vertex   3.878722e+01 -5.223527e+01 4.486428e+01
      vertex   3.901537e+01 -5.101343e+01 4.471432e+01
    endloop
  endfacet
  facet normal 9.830097e-01 -1.835534e-01 4.216677e-15
    outer loop
      vertex   3.901537e+01 -5.101343e+01 4.471432e+01
      vertex   3.878722e+01 -5.223527e+01 4.486428e+01
      vertex   3.877290e+01 -5.231195e+01 4.473600e+01
    endloop
  endfacet
  facet normal 9.830097e-01 -1.835534e-01 -2.725129e-14
    outer loop
      vertex   3.901537e+01 -5.101343e+01 4.471432e+01
      vertex   3.877290e+01 -5.231195e+01 4.473600e+01
      vertex   3.902066e+01 -5.098512e+01 4.452017e+01
    endloop
  endfacet
  facet normal 9.830097e-01 -1.835534e-01 -3.124871e-14
    outer loop
      vertex   3.902066e+01 -5.098512e+01 4.452017e+01
      vertex   3.877290e+01 -5.231195e+01 4.473600e+01
      vertex   3.875551e+01 -5.240509e+01 4.461954e+01
    endloop
  endfacet
  facet normal 9.830097e-01 -1.835534e-01 2.631487e-16
    outer loop
      vertex   3.902066e+01 -5.098512e+01 4.452017e+01
      vertex   3.875551e+01 -5.240509e+01 4.461954e+01
      vertex   3.902941e+01 -5.093824e+01 4.432978e+01
    endloop
  endfacet
  facet normal 9.830097e-01 -1.835534e-01 2.464424e-14
    outer loop
      vertex   3.902941e+01 -5.093824e+01 4.432978e+01
      vertex   3.875551e+01 -5.240509e+01 4.461954e+01
      vertex   3.873537e+01 -5.251294e+01 4.451707e+01
    endloop
  endfacet
  facet normal 9.830097e-01 -1.835534e-01 7.449008e-15
    outer loop
      vertex   3.902941e+01 -5.093824e+01 4.432978e+01
      vertex   3.873537e+01 -5.251294e+01 4.451707e+01
      vertex   3.904155e+01 -5.087324e+01 4.414499e+01
    endloop
  endfacet
  facet normal 9.830097e-01 -1.835534e-01 1.285148e-14
    outer loop
      vertex   3.904155e+01 -5.087324e+01 4.414499e+01
      vertex   3.873537e+01 -5.251294e+01 4.451707e+01
      vertex   3.871286e+01 -5.263351e+01 4.443049e+01
    endloop
  endfacet
  facet normal 9.830097e-01 -1.835534e-01 -3.088452e-14
    outer loop
      vertex   3.904155e+01 -5.087324e+01 4.414499e+01
      vertex   3.871286e+01 -5.263351e+01 4.443049e+01
      vertex   3.905695e+01 -5.079075e+01 4.396756e+01
    endloop
  endfacet
  facet normal 9.830097e-01 -1.835534e-01 -6.387564e-15
    outer loop
      vertex   3.905695e+01 -5.079075e+01 4.396756e+01
      vertex   3.871286e+01 -5.263351e+01 4.443049e+01
      vertex   3.868839e+01 -5.276455e+01 4.436142e+01
    endloop
  endfacet
  facet normal 9.830097e-01 -1.835534e-01 1.726088e-14
    outer loop
      vertex   3.905695e+01 -5.079075e+01 4.396756e+01
      vertex   3.868839e+01 -5.276455e+01 4.436142e+01
      vertex   3.907547e+01 -5.069156e+01 4.379921e+01
    endloop
  endfacet
  facet normal 9.830097e-01 -1.835534e-01 4.427565e-14
    outer loop
      vertex   3.907547e+01 -5.069156e+01 4.379921e+01
      vertex   3.868839e+01 -5.276455e+01 4.436142e+01
      vertex   3.866242e+01 -5.290361e+01 4.431114e+01
    endloop
  endfacet
  facet normal 9.830097e-01 -1.835534e-01 9.506160e-15
    outer loop
      vertex   3.907547e+01 -5.069156e+01 4.379921e+01
      vertex   3.866242e+01 -5.290361e+01 4.431114e+01
      vertex   3.909693e+01 -5.057663e+01 4.364157e+01
    endloop
  endfacet
  facet normal 9.830097e-01 -1.835534e-01 1.040443e-14
    outer loop
      vertex   3.909693e+01 -5.057663e+01 4.364157e+01
      vertex   3.866242e+01 -5.290361e+01 4.431114e+01
      vertex   3.863544e+01 -5.304811e+01 4.428060e+01
    endloop
  endfacet
  facet normal 9.830097e-01 -1.835534e-01 -4.297929e-14
    outer loop
      vertex   3.909693e+01 -5.057663e+01 4.364157e+01
      vertex   3.863544e+01 -5.304811e+01 4.428060e+01
      vertex   3.912113e+01 -5.044706e+01 4.349614e+01
    endloop
  endfacet
  facet normal 9.830097e-01 -1.835534e-01 -3.784618e-15
    outer loop
      vertex   3.912113e+01 -5.044706e+01 4.349614e+01
      vertex   3.863544e+01 -5.304811e+01 4.428060e+01
      vertex   3.914782e+01 -5.030410e+01 4.336433e+01
    endloop
  endfacet
  facet normal 9.830097e-01 -1.835534e-01 2.811693e-14
    outer loop
      vertex   3.914782e+01 -5.030410e+01 4.336433e+01
      vertex   3.863544e+01 -5.304811e+01 4.428060e+01
      vertex   3.860795e+01 -5.319535e+01 4.427035e+01
    endloop
  endfacet
  facet normal 9.830097e-01 -1.835534e-01 -3.382283e-15
    outer loop
      vertex   3.914782e+01 -5.030410e+01 4.336433e+01
      vertex   3.860795e+01 -5.319535e+01 4.427035e+01
      vertex   3.917676e+01 -5.014914e+01 4.324741e+01
    endloop
  endfacet
  facet normal 9.830097e-01 -1.835534e-01 4.021554e-14
    outer loop
      vertex   3.917676e+01 -5.014914e+01 4.324741e+01
      vertex   3.860795e+01 -5.319535e+01 4.427035e+01
      vertex   3.858046e+01 -5.334258e+01 4.428060e+01
    endloop
  endfacet
  facet normal 9.830097e-01 -1.835534e-01 5.847157e-16
    outer loop
      vertex   3.917676e+01 -5.014914e+01 4.324741e+01
      vertex   3.858046e+01 -5.334258e+01 4.428060e+01
      vertex   3.858046e+01 -5.334258e+01 3.376011e+01
    endloop
  endfacet
  facet normal 9.830097e-01 -1.835534e-01 5.840085e-16
    outer loop
      vertex   3.858046e+01 -5.334258e+01 3.376011e+01
      vertex   3.858046e+01 -5.334258e+01 4.428060e+01
      vertex   3.855347e+01 -5.348708e+01 3.372956e+01
    endloop
  endfacet
  facet normal 9.830097e-01 -1.835534e-01 -7.944442e-17
    outer loop
      vertex   3.855347e+01 -5.348708e+01 3.372956e+01
      vertex   3.858046e+01 -5.334258e+01 4.428060e+01
      vertex   3.855347e+01 -5.348708e+01 4.431114e+01
    endloop
  endfacet
  facet normal 9.830097e-01 -1.835534e-01 -7.944442e-17
    outer loop
      vertex   3.855347e+01 -5.348708e+01 3.372956e+01
      vertex   3.855347e+01 -5.348708e+01 4.431114e+01
      vertex   3.852751e+01 -5.362614e+01 3.367928e+01
    endloop
  endfacet
  facet normal 9.830097e-01 -1.835534e-01 5.751712e-16
    outer loop
      vertex   3.852751e+01 -5.362614e+01 3.367928e+01
      vertex   3.855347e+01 -5.348708e+01 4.431114e+01
      vertex   3.852751e+01 -5.362614e+01 4.436142e+01
    endloop
  endfacet
  facet normal 9.830097e-01 -1.835534e-01 5.751712e-16
    outer loop
      vertex   3.852751e+01 -5.362614e+01 3.367928e+01
      vertex   3.852751e+01 -5.362614e+01 4.436142e+01
      vertex   3.850304e+01 -5.375718e+01 3.361021e+01
    endloop
  endfacet
  facet normal 9.830097e-01 -1.835534e-01 -7.769188e-17
    outer loop
      vertex   3.850304e+01 -5.375718e+01 3.361021e+01
      vertex   3.852751e+01 -5.362614e+01 4.436142e+01
      vertex   3.850304e+01 -5.375718e+01 4.443049e+01
    endloop
  endfacet
  facet normal 9.830097e-01 -1.835534e-01 -7.769188e-17
    outer loop
      vertex   3.850304e+01 -5.375718e+01 3.361021e+01
      vertex   3.850304e+01 -5.375718e+01 4.443049e+01
      vertex   3.848053e+01 -5.387775e+01 3.352363e+01
    endloop
  endfacet
  facet normal 9.830097e-01 -1.835534e-01 -1.951049e-16
    outer loop
      vertex   3.848053e+01 -5.387775e+01 3.352363e+01
      vertex   3.850304e+01 -5.375718e+01 4.443049e+01
      vertex   3.848053e+01 -5.387775e+01 4.451707e+01
    endloop
  endfacet
  facet normal 9.830097e-01 -1.835534e-01 -1.951049e-16
    outer loop
      vertex   3.848053e+01 -5.387775e+01 3.352363e+01
      vertex   3.848053e+01 -5.387775e+01 4.451707e+01
      vertex   3.846039e+01 -5.398561e+01 3.342116e+01
    endloop
  endfacet
  facet normal 9.830097e-01 -1.835534e-01 4.321902e-16
    outer loop
      vertex   3.846039e+01 -5.398561e+01 3.342116e+01
      vertex   3.848053e+01 -5.387775e+01 4.451707e+01
      vertex   3.846039e+01 -5.398561e+01 4.461954e+01
    endloop
  endfacet
  facet normal 9.830097e-01 -1.835534e-01 4.321902e-16
    outer loop
      vertex   3.846039e+01 -5.398561e+01 3.342116e+01
      vertex   3.846039e+01 -5.398561e+01 4.461954e+01
      vertex   3.844300e+01 -5.407874e+01 3.330470e+01
    endloop
  endfacet
  facet normal 9.830097e-01 -1.835534e-01 5.374765e-16
    outer loop
      vertex   3.844300e+01 -5.407874e+01 3.330470e+01
      vertex   3.846039e+01 -5.398561e+01 4.461954e+01
      vertex   3.844300e+01 -5.407874e+01 4.473600e+01
    endloop
  endfacet
  facet normal 9.830097e-01 -1.835534e-01 5.374765e-16
    outer loop
      vertex   3.844300e+01 -5.407874e+01 3.330470e+01
      vertex   3.844300e+01 -5.407874e+01 4.473600e+01
      vertex   3.842868e+01 -5.415543e+01 3.317642e+01
    endloop
  endfacet
  facet normal 9.830097e-01 -1.835534e-01 5.256786e-16
    outer loop
      vertex   3.842868e+01 -5.415543e+01 3.317642e+01
      vertex   3.844300e+01 -5.407874e+01 4.473600e+01
      vertex   3.842868e+01 -5.415543e+01 4.486428e+01
    endloop
  endfacet
  facet normal 9.830097e-01 -1.835534e-01 5.256786e-16
    outer loop
      vertex   3.842868e+01 -5.415543e+01 3.317642e+01
      vertex   3.842868e+01 -5.415543e+01 4.486428e+01
      vertex   3.841770e+01 -5.421422e+01 3.303872e+01
    endloop
  endfacet
  facet normal 9.830097e-01 -1.835534e-01 4.045577e-16
    outer loop
      vertex   3.841770e+01 -5.421422e+01 3.303872e+01
      vertex   3.842868e+01 -5.415543e+01 4.486428e+01
      vertex   3.841770e+01 -5.421422e+01 4.500198e+01
    endloop
  endfacet
  facet normal 9.830097e-01 -1.835534e-01 4.045577e-16
    outer loop
      vertex   3.841770e+01 -5.421422e+01 3.303872e+01
      vertex   3.841770e+01 -5.421422e+01 4.500198e+01
      vertex   3.841026e+01 -5.425404e+01 3.289415e+01
    endloop
  endfacet
  facet normal 9.830097e-01 -1.835534e-01 2.885644e-16
    outer loop
      vertex   3.841026e+01 -5.425404e+01 3.289415e+01
      vertex   3.841770e+01 -5.421422e+01 4.500198e+01
      vertex   3.841026e+01 -5.425404e+01 4.514655e+01
    endloop
  endfacet
  facet normal 9.830097e-01 -1.835534e-01 2.885644e-16
    outer loop
      vertex   3.841026e+01 -5.425404e+01 3.289415e+01
      vertex   3.841026e+01 -5.425404e+01 4.514655e+01
      vertex   3.840651e+01 -5.427414e+01 3.274542e+01
    endloop
  endfacet
  facet normal 9.830097e-01 -1.835534e-01 3.856480e-16
    outer loop
      vertex   3.840651e+01 -5.427414e+01 3.274542e+01
      vertex   3.841026e+01 -5.425404e+01 4.514655e+01
      vertex   3.840651e+01 -5.427414e+01 4.529529e+01
    endloop
  endfacet
  facet normal 9.830097e-01 -1.835534e-01 3.856480e-16
    outer loop
      vertex   3.840651e+01 -5.427414e+01 3.274542e+01
      vertex   3.840651e+01 -5.427414e+01 4.529529e+01
      vertex   3.837484e+01 -5.444377e+01 3.047065e+01
    endloop
  endfacet
  facet normal 9.830097e-01 -1.835534e-01 0.000000e+00
    outer loop
      vertex   3.837484e+01 -5.444377e+01 3.047065e+01
      vertex   3.840651e+01 -5.427414e+01 4.529529e+01
      vertex   3.840651e+01 -5.427414e+01 4.544542e+01
    endloop
  endfacet
  facet normal 9.830097e-01 -1.835534e-01 2.217865e-17
    outer loop
      vertex   3.837484e+01 -5.444377e+01 3.047065e+01
      vertex   3.840651e+01 -5.427414e+01 4.544542e+01
      vertex   3.814172e+01 -5.569219e+01 3.267035e+01
    endloop
  endfacet
  facet normal 9.830097e-01 -1.835534e-01 1.756993e-16
    outer loop
      vertex   3.814172e+01 -5.569219e+01 3.267035e+01
      vertex   3.840651e+01 -5.427414e+01 4.544542e+01
      vertex   3.814172e+01 -5.569219e+01 4.537035e+01
    endloop
  endfacet
  facet normal 9.830097e-01 -1.835534e-01 -2.866906e-14
    outer loop
      vertex   3.814172e+01 -5.569219e+01 4.537035e+01
      vertex   3.840651e+01 -5.427414e+01 4.544542e+01
      vertex   3.814350e+01 -5.568269e+01 4.559173e+01
    endloop
  endfacet
  facet normal 9.830097e-01 -1.835534e-01 -3.313513e-14
    outer loop
      vertex   3.814350e+01 -5.568269e+01 4.559173e+01
      vertex   3.840651e+01 -5.427414e+01 4.544542e+01
      vertex   3.841026e+01 -5.425404e+01 4.559415e+01
    endloop
  endfacet
  facet normal 9.830097e-01 -1.835534e-01 -5.159897e-15
    outer loop
      vertex   3.814350e+01 -5.568269e+01 4.559173e+01
      vertex   3.841026e+01 -5.425404e+01 4.559415e+01
      vertex   3.814881e+01 -5.565426e+01 4.581142e+01
    endloop
  endfacet
  facet normal 9.830097e-01 -1.835534e-01 -9.565408e-15
    outer loop
      vertex   3.814881e+01 -5.565426e+01 4.581142e+01
      vertex   3.841026e+01 -5.425404e+01 4.559415e+01
      vertex   3.841770e+01 -5.421422e+01 4.573872e+01
    endloop
  endfacet
  facet normal 9.830097e-01 -1.835534e-01 1.195466e-14
    outer loop
      vertex   3.814881e+01 -5.565426e+01 4.581142e+01
      vertex   3.841770e+01 -5.421422e+01 4.573872e+01
      vertex   3.815761e+01 -5.560711e+01 4.602775e+01
    endloop
  endfacet
  facet normal 9.830097e-01 -1.835534e-01 3.606493e-14
    outer loop
      vertex   3.815761e+01 -5.560711e+01 4.602775e+01
      vertex   3.841770e+01 -5.421422e+01 4.573872e+01
      vertex   3.842868e+01 -5.415543e+01 4.587642e+01
    endloop
  endfacet
  facet normal 9.830097e-01 -1.835534e-01 1.017664e-14
    outer loop
      vertex   3.815761e+01 -5.560711e+01 4.602775e+01
      vertex   3.842868e+01 -5.415543e+01 4.587642e+01
      vertex   3.816984e+01 -5.554161e+01 4.623908e+01
    endloop
  endfacet
  facet normal 9.830097e-01 -1.835534e-01 -1.273807e-14
    outer loop
      vertex   3.816984e+01 -5.554161e+01 4.623908e+01
      vertex   3.842868e+01 -5.415543e+01 4.587642e+01
      vertex   3.844300e+01 -5.407874e+01 4.600470e+01
    endloop
  endfacet
  facet normal 9.830097e-01 -1.835534e-01 -1.753280e-15
    outer loop
      vertex   3.816984e+01 -5.554161e+01 4.623908e+01
      vertex   3.844300e+01 -5.407874e+01 4.600470e+01
      vertex   3.818541e+01 -5.545826e+01 4.644380e+01
    endloop
  endfacet
  facet normal 9.830097e-01 -1.835534e-01 2.247102e-14
    outer loop
      vertex   3.818541e+01 -5.545826e+01 4.644380e+01
      vertex   3.844300e+01 -5.407874e+01 4.600470e+01
      vertex   3.846039e+01 -5.398561e+01 4.612116e+01
    endloop
  endfacet
  facet normal 9.830097e-01 -1.835534e-01 -1.949465e-14
    outer loop
      vertex   3.818541e+01 -5.545826e+01 4.644380e+01
      vertex   3.846039e+01 -5.398561e+01 4.612116e+01
      vertex   3.820419e+01 -5.535768e+01 4.664035e+01
    endloop
  endfacet
  facet normal 9.830097e-01 -1.835534e-01 2.624686e-14
    outer loop
      vertex   3.820419e+01 -5.535768e+01 4.664035e+01
      vertex   3.846039e+01 -5.398561e+01 4.612116e+01
      vertex   3.822604e+01 -5.524064e+01 4.682724e+01
    endloop
  endfacet
  facet normal 9.830097e-01 -1.835534e-01 -3.304491e-14
    outer loop
      vertex   3.822604e+01 -5.524064e+01 4.682724e+01
      vertex   3.846039e+01 -5.398561e+01 4.612116e+01
      vertex   3.848053e+01 -5.387775e+01 4.622363e+01
    endloop
  endfacet
  facet normal 9.830097e-01 -1.835534e-01 -1.813925e-14
    outer loop
      vertex   3.822604e+01 -5.524064e+01 4.682724e+01
      vertex   3.848053e+01 -5.387775e+01 4.622363e+01
      vertex   3.825080e+01 -5.510804e+01 4.700303e+01
    endloop
  endfacet
  facet normal 9.830097e-01 -1.835534e-01 2.721735e-16
    outer loop
      vertex   3.825080e+01 -5.510804e+01 4.700303e+01
      vertex   3.848053e+01 -5.387775e+01 4.622363e+01
      vertex   3.850304e+01 -5.375718e+01 4.631021e+01
    endloop
  endfacet
  facet normal 9.830097e-01 -1.835534e-01 -3.995623e-15
    outer loop
      vertex   3.825080e+01 -5.510804e+01 4.700303e+01
      vertex   3.850304e+01 -5.375718e+01 4.631021e+01
      vertex   3.827828e+01 -5.496088e+01 4.716640e+01
    endloop
  endfacet
  facet normal 9.830097e-01 -1.835534e-01 -1.117435e-14
    outer loop
      vertex   3.827828e+01 -5.496088e+01 4.716640e+01
      vertex   3.850304e+01 -5.375718e+01 4.631021e+01
      vertex   3.852751e+01 -5.362614e+01 4.637928e+01
    endloop
  endfacet
  facet normal 9.830097e-01 -1.835534e-01 2.749559e-14
    outer loop
      vertex   3.827828e+01 -5.496088e+01 4.716640e+01
      vertex   3.852751e+01 -5.362614e+01 4.637928e+01
      vertex   3.830826e+01 -5.480029e+01 4.731610e+01
    endloop
  endfacet
  facet normal 9.830097e-01 -1.835534e-01 -1.522754e-14
    outer loop
      vertex   3.830826e+01 -5.480029e+01 4.731610e+01
      vertex   3.852751e+01 -5.362614e+01 4.637928e+01
      vertex   3.834053e+01 -5.462748e+01 4.745100e+01
    endloop
  endfacet
  facet normal 9.830097e-01 -1.835534e-01 1.450566e-14
    outer loop
      vertex   3.834053e+01 -5.462748e+01 4.745100e+01
      vertex   3.852751e+01 -5.362614e+01 4.637928e+01
      vertex   3.855347e+01 -5.348708e+01 4.642956e+01
    endloop
  endfacet
  facet normal 9.830097e-01 -1.835534e-01 1.370861e-14
    outer loop
      vertex   3.834053e+01 -5.462748e+01 4.745100e+01
      vertex   3.855347e+01 -5.348708e+01 4.642956e+01
      vertex   3.837484e+01 -5.444377e+01 4.757006e+01
    endloop
  endfacet
  facet normal 9.830097e-01 -1.835534e-01 2.143344e-15
    outer loop
      vertex   3.837484e+01 -5.444377e+01 4.757006e+01
      vertex   3.855347e+01 -5.348708e+01 4.642956e+01
      vertex   3.841091e+01 -5.425056e+01 4.767237e+01
    endloop
  endfacet
  facet normal 9.830097e-01 -1.835534e-01 6.723446e-16
    outer loop
      vertex   3.841091e+01 -5.425056e+01 4.767237e+01
      vertex   3.855347e+01 -5.348708e+01 4.642956e+01
      vertex   3.858046e+01 -5.334258e+01 4.646011e+01
    endloop
  endfacet
  facet normal 9.830097e-01 -1.835534e-01 2.380271e-15
    outer loop
      vertex   3.841091e+01 -5.425056e+01 4.767237e+01
      vertex   3.858046e+01 -5.334258e+01 4.646011e+01
      vertex   3.844849e+01 -5.404932e+01 4.775717e+01
    endloop
  endfacet
  facet normal 9.830097e-01 -1.835534e-01 -8.209927e-15
    outer loop
      vertex   3.844849e+01 -5.404932e+01 4.775717e+01
      vertex   3.858046e+01 -5.334258e+01 4.646011e+01
      vertex   3.848728e+01 -5.384158e+01 4.782380e+01
    endloop
  endfacet
  facet normal 9.830097e-01 -1.835534e-01 9.397161e-15
    outer loop
      vertex   3.848728e+01 -5.384158e+01 4.782380e+01
      vertex   3.858046e+01 -5.334258e+01 4.646011e+01
      vertex   3.852699e+01 -5.362892e+01 4.787176e+01
    endloop
  endfacet
  facet normal 9.830097e-01 -1.835534e-01 4.821665e-15
    outer loop
      vertex   3.852699e+01 -5.362892e+01 4.787176e+01
      vertex   3.858046e+01 -5.334258e+01 4.646011e+01
      vertex   3.860795e+01 -5.319535e+01 4.647035e+01
    endloop
  endfacet
  facet normal 9.830097e-01 -1.835534e-01 6.384142e-16
    outer loop
      vertex   3.852699e+01 -5.362892e+01 4.787176e+01
      vertex   3.860795e+01 -5.319535e+01 4.647035e+01
      vertex   3.856731e+01 -5.341296e+01 4.790069e+01
    endloop
  endfacet
  facet normal 9.830097e-01 -1.835534e-01 1.270082e-14
    outer loop
      vertex   4.231026e+01 -3.336783e+01 3.376011e+01
      vertex   4.233775e+01 -3.322059e+01 3.377035e+01
      vertex   4.131320e+01 -3.870754e+01 3.918077e+01
    endloop
  endfacet
  facet normal 9.830097e-01 -1.835534e-01 5.896011e-15
    outer loop
      vertex   4.131320e+01 -3.870754e+01 3.918077e+01
      vertex   4.233775e+01 -3.322059e+01 3.377035e+01
      vertex   4.236525e+01 -3.307335e+01 3.376011e+01
    endloop
  endfacet
  facet normal 9.830097e-01 -1.835534e-01 -7.364798e-17
    outer loop
      vertex   4.131320e+01 -3.870754e+01 3.918077e+01
      vertex   4.236525e+01 -3.307335e+01 3.376011e+01
      vertex   4.236525e+01 -3.307335e+01 4.428060e+01
    endloop
  endfacet
  facet normal 9.830097e-01 -1.835534e-01 -7.990575e-17
    outer loop
      vertex   4.236525e+01 -3.307335e+01 4.428060e+01
      vertex   4.236525e+01 -3.307335e+01 3.376011e+01
      vertex   4.239223e+01 -3.292885e+01 4.431114e+01
    endloop
  endfacet
  facet normal 9.830097e-01 -1.835534e-01 -7.395257e-16
    outer loop
      vertex   4.239223e+01 -3.292885e+01 4.431114e+01
      vertex   4.236525e+01 -3.307335e+01 3.376011e+01
      vertex   4.239223e+01 -3.292885e+01 3.372956e+01
    endloop
  endfacet
  facet normal 9.830097e-01 -1.835534e-01 -7.395257e-16
    outer loop
      vertex   4.239223e+01 -3.292885e+01 4.431114e+01
      vertex   4.239223e+01 -3.292885e+01 3.372956e+01
      vertex   4.241819e+01 -3.278979e+01 4.436142e+01
    endloop
  endfacet
  facet normal 9.830097e-01 -1.835534e-01 -7.869660e-17
    outer loop
      vertex   4.241819e+01 -3.278979e+01 4.436142e+01
      vertex   4.239223e+01 -3.292885e+01 3.372956e+01
      vertex   4.241819e+01 -3.278979e+01 3.367928e+01
    endloop
  endfacet
  facet normal 9.830097e-01 -1.835534e-01 -7.869660e-17
    outer loop
      vertex   4.241819e+01 -3.278979e+01 4.436142e+01
      vertex   4.241819e+01 -3.278979e+01 3.367928e+01
      vertex   4.244266e+01 -3.265876e+01 4.443049e+01
    endloop
  endfacet
  facet normal 9.830097e-01 -1.835534e-01 -7.769188e-17
    outer loop
      vertex   4.244266e+01 -3.265876e+01 4.443049e+01
      vertex   4.241819e+01 -3.278979e+01 3.367928e+01
      vertex   4.244266e+01 -3.265876e+01 3.361021e+01
    endloop
  endfacet
  facet normal 9.830097e-01 -1.835534e-01 -7.769188e-17
    outer loop
      vertex   4.244266e+01 -3.265876e+01 4.443049e+01
      vertex   4.244266e+01 -3.265876e+01 3.361021e+01
      vertex   4.280398e+01 -3.072374e+01 4.537035e+01
    endloop
  endfacet
  facet normal 9.830097e-01 -1.835534e-01 1.608540e-16
    outer loop
      vertex   4.280398e+01 -3.072374e+01 4.537035e+01
      vertex   4.244266e+01 -3.265876e+01 3.361021e+01
      vertex   4.280398e+01 -3.072374e+01 3.267035e+01
    endloop
  endfacet
  facet normal 9.830097e-01 -1.835534e-01 -2.516426e-13
    outer loop
      vertex   4.280398e+01 -3.072374e+01 3.267035e+01
      vertex   4.244266e+01 -3.265876e+01 3.361021e+01
      vertex   4.246518e+01 -3.253819e+01 3.352363e+01
    endloop
  endfacet
  facet normal 9.830097e-01 -1.835534e-01 9.530589e-14
    outer loop
      vertex   4.280398e+01 -3.072374e+01 3.267035e+01
      vertex   4.246518e+01 -3.253819e+01 3.352363e+01
      vertex   4.248532e+01 -3.243033e+01 3.342116e+01
    endloop
  endfacet
  facet normal 9.830097e-01 -1.835534e-01 6.515455e-14
    outer loop
      vertex   4.248532e+01 -3.243033e+01 3.342116e+01
      vertex   4.250271e+01 -3.233719e+01 3.330470e+01
      vertex   4.280398e+01 -3.072374e+01 3.267035e+01
    endloop
  endfacet
  facet normal 9.830097e-01 -1.835534e-01 -6.548506e-15
    outer loop
      vertex   4.280398e+01 -3.072374e+01 3.267035e+01
      vertex   4.250271e+01 -3.233719e+01 3.330470e+01
      vertex   4.251703e+01 -3.226051e+01 3.317642e+01
    endloop
  endfacet
  facet normal 9.830097e-01 -1.835534e-01 -2.250374e-14
    outer loop
      vertex   4.280398e+01 -3.072374e+01 3.267035e+01
      vertex   4.251703e+01 -3.226051e+01 3.317642e+01
      vertex   4.252800e+01 -3.220171e+01 3.303872e+01
    endloop
  endfacet
  facet normal 9.830097e-01 -1.835534e-01 3.513392e-16
    outer loop
      vertex   4.252800e+01 -3.220171e+01 3.303872e+01
      vertex   4.253544e+01 -3.216189e+01 3.289415e+01
      vertex   4.280398e+01 -3.072374e+01 3.267035e+01
    endloop
  endfacet
  facet normal 9.830097e-01 -1.835534e-01 -6.227981e-14
    outer loop
      vertex   4.280398e+01 -3.072374e+01 3.267035e+01
      vertex   4.253544e+01 -3.216189e+01 3.289415e+01
      vertex   4.253919e+01 -3.214180e+01 3.274542e+01
    endloop
  endfacet
  facet normal 9.830097e-01 -1.835534e-01 0.000000e+00
    outer loop
      vertex   4.280398e+01 -3.072374e+01 3.267035e+01
      vertex   4.253919e+01 -3.214180e+01 3.274542e+01
      vertex   4.253919e+01 -3.214180e+01 3.259529e+01
    endloop
  endfacet
  facet normal 9.830097e-01 -1.835534e-01 -1.181443e-14
    outer loop
      vertex   4.280398e+01 -3.072374e+01 3.267035e+01
      vertex   4.253919e+01 -3.214180e+01 3.259529e+01
      vertex   4.280221e+01 -3.073325e+01 3.244898e+01
    endloop
  endfacet
  facet normal 9.830097e-01 -1.835534e-01 6.061931e-14
    outer loop
      vertex   4.280221e+01 -3.073325e+01 3.244898e+01
      vertex   4.253919e+01 -3.214180e+01 3.259529e+01
      vertex   4.253544e+01 -3.216189e+01 3.244655e+01
    endloop
  endfacet
  facet normal 9.830097e-01 -1.835534e-01 1.381407e-14
    outer loop
      vertex   4.280221e+01 -3.073325e+01 3.244898e+01
      vertex   4.253544e+01 -3.216189e+01 3.244655e+01
      vertex   4.279690e+01 -3.076168e+01 3.222929e+01
    endloop
  endfacet
  facet normal 9.830097e-01 -1.835534e-01 -2.585245e-16
    outer loop
      vertex   4.279690e+01 -3.076168e+01 3.222929e+01
      vertex   4.253544e+01 -3.216189e+01 3.244655e+01
      vertex   4.252800e+01 -3.220171e+01 3.230198e+01
    endloop
  endfacet
  facet normal 9.830097e-01 -1.835534e-01 3.660032e-15
    outer loop
      vertex   4.279690e+01 -3.076168e+01 3.222929e+01
      vertex   4.252800e+01 -3.220171e+01 3.230198e+01
      vertex   4.278809e+01 -3.080882e+01 3.201295e+01
    endloop
  endfacet
  facet normal 9.830097e-01 -1.835534e-01 1.881648e-14
    outer loop
      vertex   4.278809e+01 -3.080882e+01 3.201295e+01
      vertex   4.252800e+01 -3.220171e+01 3.230198e+01
      vertex   4.251703e+01 -3.226051e+01 3.216428e+01
    endloop
  endfacet
  facet normal 9.830097e-01 -1.835534e-01 -2.612542e-14
    outer loop
      vertex   4.278809e+01 -3.080882e+01 3.201295e+01
      vertex   4.251703e+01 -3.226051e+01 3.216428e+01
      vertex   4.277586e+01 -3.087432e+01 3.180162e+01
    endloop
  endfacet
  facet normal 9.830097e-01 -1.835534e-01 2.653764e-15
    outer loop
      vertex   4.277586e+01 -3.087432e+01 3.180162e+01
      vertex   4.251703e+01 -3.226051e+01 3.216428e+01
      vertex   4.250271e+01 -3.233719e+01 3.203600e+01
    endloop
  endfacet
  facet normal 9.830097e-01 -1.835534e-01 -2.741104e-14
    outer loop
      vertex   4.277586e+01 -3.087432e+01 3.180162e+01
      vertex   4.250271e+01 -3.233719e+01 3.203600e+01
      vertex   4.276030e+01 -3.095768e+01 3.159690e+01
    endloop
  endfacet
  facet normal 9.830097e-01 -1.835534e-01 -4.061027e-14
    outer loop
      vertex   4.276030e+01 -3.095768e+01 3.159690e+01
      vertex   4.250271e+01 -3.233719e+01 3.203600e+01
      vertex   4.248532e+01 -3.243033e+01 3.191954e+01
    endloop
  endfacet
  facet normal 9.830097e-01 -1.835534e-01 1.127300e-14
    outer loop
      vertex   4.276030e+01 -3.095768e+01 3.159690e+01
      vertex   4.248532e+01 -3.243033e+01 3.191954e+01
      vertex   4.274152e+01 -3.105826e+01 3.140035e+01
    endloop
  endfacet
  facet normal 9.830097e-01 -1.835534e-01 3.334351e-14
    outer loop
      vertex   4.274152e+01 -3.105826e+01 3.140035e+01
      vertex   4.248532e+01 -3.243033e+01 3.191954e+01
      vertex   4.271966e+01 -3.117529e+01 3.121347e+01
    endloop
  endfacet
  facet normal 9.830097e-01 -1.835534e-01 -3.117947e-14
    outer loop
      vertex   4.271966e+01 -3.117529e+01 3.121347e+01
      vertex   4.248532e+01 -3.243033e+01 3.191954e+01
      vertex   4.246518e+01 -3.253819e+01 3.181707e+01
    endloop
  endfacet
  facet normal 9.830097e-01 -1.835534e-01 -1.002994e-14
    outer loop
      vertex   4.271966e+01 -3.117529e+01 3.121347e+01
      vertex   4.246518e+01 -3.253819e+01 3.181707e+01
      vertex   4.269490e+01 -3.130789e+01 3.103767e+01
    endloop
  endfacet
  facet normal 9.830097e-01 -1.835534e-01 4.626950e-14
    outer loop
      vertex   4.269490e+01 -3.130789e+01 3.103767e+01
      vertex   4.246518e+01 -3.253819e+01 3.181707e+01
      vertex   4.244266e+01 -3.265876e+01 3.173049e+01
    endloop
  endfacet
  facet normal 9.830097e-01 -1.835534e-01 -1.782175e-14
    outer loop
      vertex   4.269490e+01 -3.130789e+01 3.103767e+01
      vertex   4.244266e+01 -3.265876e+01 3.173049e+01
      vertex   4.266743e+01 -3.145505e+01 3.087430e+01
    endloop
  endfacet
  facet normal 9.830097e-01 -1.835534e-01 -1.452665e-14
    outer loop
      vertex   4.266743e+01 -3.145505e+01 3.087430e+01
      vertex   4.244266e+01 -3.265876e+01 3.173049e+01
      vertex   4.241819e+01 -3.278979e+01 3.166142e+01
    endloop
  endfacet
  facet normal 9.830097e-01 -1.835534e-01 2.990014e-14
    outer loop
      vertex   4.266743e+01 -3.145505e+01 3.087430e+01
      vertex   4.241819e+01 -3.278979e+01 3.166142e+01
      vertex   4.263744e+01 -3.161565e+01 3.072460e+01
    endloop
  endfacet
  facet normal 9.830097e-01 -1.835534e-01 -2.649380e-14
    outer loop
      vertex   4.263744e+01 -3.161565e+01 3.072460e+01
      vertex   4.241819e+01 -3.278979e+01 3.166142e+01
      vertex   4.260517e+01 -3.178846e+01 3.058971e+01
    endloop
  endfacet
  facet normal 9.830097e-01 -1.835534e-01 -3.161140e-14
    outer loop
      vertex   4.260517e+01 -3.178846e+01 3.058971e+01
      vertex   4.241819e+01 -3.278979e+01 3.166142e+01
      vertex   4.239223e+01 -3.292885e+01 3.161114e+01
    endloop
  endfacet
  facet normal 9.830097e-01 -1.835534e-01 3.627508e-14
    outer loop
      vertex   4.260517e+01 -3.178846e+01 3.058971e+01
      vertex   4.239223e+01 -3.292885e+01 3.161114e+01
      vertex   4.257087e+01 -3.197217e+01 3.047065e+01
    endloop
  endfacet
  facet normal 9.830097e-01 -1.835534e-01 -2.001883e-14
    outer loop
      vertex   4.257087e+01 -3.197217e+01 3.047065e+01
      vertex   4.239223e+01 -3.292885e+01 3.161114e+01
      vertex   4.253479e+01 -3.216538e+01 3.036833e+01
    endloop
  endfacet
  facet normal 9.830097e-01 -1.835534e-01 2.622144e-14
    outer loop
      vertex   4.253479e+01 -3.216538e+01 3.036833e+01
      vertex   4.239223e+01 -3.292885e+01 3.161114e+01
      vertex   4.236525e+01 -3.307335e+01 3.158060e+01
    endloop
  endfacet
  facet normal 9.830097e-01 -1.835534e-01 -1.591806e-14
    outer loop
      vertex   4.253479e+01 -3.216538e+01 3.036833e+01
      vertex   4.236525e+01 -3.307335e+01 3.158060e+01
      vertex   4.249721e+01 -3.236662e+01 3.028353e+01
    endloop
  endfacet
  facet normal 9.830097e-01 -1.835534e-01 -1.365089e-14
    outer loop
      vertex   4.249721e+01 -3.236662e+01 3.028353e+01
      vertex   4.236525e+01 -3.307335e+01 3.158060e+01
      vertex   4.245842e+01 -3.257436e+01 3.021690e+01
    endloop
  endfacet
  facet normal 9.830097e-01 -1.835534e-01 1.288443e-14
    outer loop
      vertex   4.245842e+01 -3.257436e+01 3.021690e+01
      vertex   4.236525e+01 -3.307335e+01 3.158060e+01
      vertex   4.241871e+01 -3.278702e+01 3.016894e+01
    endloop
  endfacet
  facet normal 9.830097e-01 -1.835534e-01 1.763629e-15
    outer loop
      vertex   4.241871e+01 -3.278702e+01 3.016894e+01
      vertex   4.236525e+01 -3.307335e+01 3.158060e+01
      vertex   4.233775e+01 -3.322059e+01 3.157035e+01
    endloop
  endfacet
  facet normal 9.830097e-01 -1.835534e-01 -2.856633e-15
    outer loop
      vertex   4.241871e+01 -3.278702e+01 3.016894e+01
      vertex   4.233775e+01 -3.322059e+01 3.157035e+01
      vertex   4.237839e+01 -3.300297e+01 3.014002e+01
    endloop
  endfacet
  facet normal 9.830097e-01 -1.835534e-01 1.088349e-17
    outer loop
      vertex   4.237839e+01 -3.300297e+01 3.014002e+01
      vertex   4.233775e+01 -3.322059e+01 3.157035e+01
      vertex   4.233775e+01 -3.322059e+01 3.013035e+01
    endloop
  endfacet
  facet normal 9.830097e-01 -1.835534e-01 8.264441e-18
    outer loop
      vertex   4.233775e+01 -3.322059e+01 3.013035e+01
      vertex   4.233775e+01 -3.322059e+01 3.157035e+01
      vertex   4.231026e+01 -3.336783e+01 3.158060e+01
    endloop
  endfacet
  facet normal 9.830097e-01 -1.835534e-01 -1.796254e-15
    outer loop
      vertex   4.233775e+01 -3.322059e+01 3.013035e+01
      vertex   4.231026e+01 -3.336783e+01 3.158060e+01
      vertex   4.228328e+01 -3.351232e+01 3.161114e+01
    endloop
  endfacet
  facet normal 9.830097e-01 -1.835534e-01 8.202895e-16
    outer loop
      vertex   4.228328e+01 -3.351232e+01 3.161114e+01
      vertex   4.225731e+01 -3.365138e+01 3.166142e+01
      vertex   4.233775e+01 -3.322059e+01 3.013035e+01
    endloop
  endfacet
  facet normal 9.830097e-01 -1.835534e-01 -2.403139e-14
    outer loop
      vertex   4.233775e+01 -3.322059e+01 3.013035e+01
      vertex   4.225731e+01 -3.365138e+01 3.166142e+01
      vertex   4.223285e+01 -3.378242e+01 3.173049e+01
    endloop
  endfacet
  facet normal 9.830097e-01 -1.835534e-01 3.224083e-14
    outer loop
      vertex   4.233775e+01 -3.322059e+01 3.013035e+01
      vertex   4.223285e+01 -3.378242e+01 3.173049e+01
      vertex   4.221033e+01 -3.390299e+01 3.181707e+01
    endloop
  endfacet
  facet normal 9.830097e-01 -1.835534e-01 -7.036427e-16
    outer loop
      vertex   4.233775e+01 -3.322059e+01 3.013035e+01
      vertex   4.221033e+01 -3.390299e+01 3.181707e+01
      vertex   4.125044e+01 -3.904363e+01 3.179527e+01
    endloop
  endfacet
  facet normal 9.830097e-01 -1.835534e-01 5.115110e-14
    outer loop
      vertex   4.125044e+01 -3.904363e+01 3.179527e+01
      vertex   4.221033e+01 -3.390299e+01 3.181707e+01
      vertex   4.219019e+01 -3.401085e+01 3.191954e+01
    endloop
  endfacet
  facet normal 9.830097e-01 -1.835534e-01 -5.542447e-14
    outer loop
      vertex   4.125044e+01 -3.904363e+01 3.179527e+01
      vertex   4.219019e+01 -3.401085e+01 3.191954e+01
      vertex   4.126879e+01 -3.894534e+01 3.189605e+01
    endloop
  endfacet
  facet normal 9.830097e-01 -1.835534e-01 -2.724335e-14
    outer loop
      vertex   4.126879e+01 -3.894534e+01 3.189605e+01
      vertex   4.219019e+01 -3.401085e+01 3.191954e+01
      vertex   4.217280e+01 -3.410399e+01 3.203600e+01
    endloop
  endfacet
  facet normal 9.830097e-01 -1.835534e-01 3.135816e-14
    outer loop
      vertex   4.126879e+01 -3.894534e+01 3.189605e+01
      vertex   4.217280e+01 -3.410399e+01 3.203600e+01
      vertex   4.128434e+01 -3.886207e+01 3.200997e+01
    endloop
  endfacet
  facet normal 9.830097e-01 -1.835534e-01 4.277412e-15
    outer loop
      vertex   4.128434e+01 -3.886207e+01 3.200997e+01
      vertex   4.217280e+01 -3.410399e+01 3.203600e+01
      vertex   4.215848e+01 -3.418067e+01 3.216428e+01
    endloop
  endfacet
  facet normal 9.830097e-01 -1.835534e-01 4.914059e-14
    outer loop
      vertex   4.128434e+01 -3.886207e+01 3.200997e+01
      vertex   4.215848e+01 -3.418067e+01 3.216428e+01
      vertex   4.129677e+01 -3.879549e+01 3.213474e+01
    endloop
  endfacet
  facet normal 9.830097e-01 -1.835534e-01 -1.986730e-14
    outer loop
      vertex   4.129677e+01 -3.879549e+01 3.213474e+01
      vertex   4.215848e+01 -3.418067e+01 3.216428e+01
      vertex   4.214750e+01 -3.423947e+01 3.230198e+01
    endloop
  endfacet
  facet normal 9.830097e-01 -1.835534e-01 -7.915438e-14
    outer loop
      vertex   4.129677e+01 -3.879549e+01 3.213474e+01
      vertex   4.214750e+01 -3.423947e+01 3.230198e+01
      vertex   4.130584e+01 -3.874696e+01 3.226784e+01
    endloop
  endfacet
  facet normal 9.830097e-01 -1.835534e-01 6.685313e-16
    outer loop
      vertex   4.130584e+01 -3.874696e+01 3.226784e+01
      vertex   4.214750e+01 -3.423947e+01 3.230198e+01
      vertex   4.214007e+01 -3.427928e+01 3.244655e+01
    endloop
  endfacet
  facet normal 9.830097e-01 -1.835534e-01 4.204390e-14
    outer loop
      vertex   4.130584e+01 -3.874696e+01 3.226784e+01
      vertex   4.214007e+01 -3.427928e+01 3.244655e+01
      vertex   4.131135e+01 -3.871744e+01 3.240660e+01
    endloop
  endfacet
  facet normal 9.830097e-01 -1.835534e-01 -1.387086e-14
    outer loop
      vertex   4.131135e+01 -3.871744e+01 3.240660e+01
      vertex   4.214007e+01 -3.427928e+01 3.244655e+01
      vertex   4.213632e+01 -3.429938e+01 3.259529e+01
    endloop
  endfacet
  facet normal 9.830097e-01 -1.835534e-01 -9.942935e-15
    outer loop
      vertex   4.131135e+01 -3.871744e+01 3.240660e+01
      vertex   4.213632e+01 -3.429938e+01 3.259529e+01
      vertex   4.131320e+01 -3.870754e+01 3.254820e+01
    endloop
  endfacet
  facet normal 9.830097e-01 -1.835534e-01 0.000000e+00
    outer loop
      vertex   4.131320e+01 -3.870754e+01 3.254820e+01
      vertex   4.213632e+01 -3.429938e+01 3.259529e+01
      vertex   4.213632e+01 -3.429938e+01 3.274542e+01
    endloop
  endfacet
  facet normal 9.830097e-01 -1.835534e-01 1.406729e-14
    outer loop
      vertex   4.131320e+01 -3.870754e+01 3.254820e+01
      vertex   4.213632e+01 -3.429938e+01 3.274542e+01
      vertex   4.214007e+01 -3.427928e+01 3.289415e+01
    endloop
  endfacet
  facet normal 9.830097e-01 -1.835534e-01 -4.682361e-16
    outer loop
      vertex   4.214007e+01 -3.427928e+01 3.289415e+01
      vertex   4.214750e+01 -3.423947e+01 3.303872e+01
      vertex   4.131320e+01 -3.870754e+01 3.254820e+01
    endloop
  endfacet
  facet normal 9.830097e-01 -1.835534e-01 2.084346e-14
    outer loop
      vertex   4.131320e+01 -3.870754e+01 3.254820e+01
      vertex   4.214750e+01 -3.423947e+01 3.303872e+01
      vertex   4.215848e+01 -3.418067e+01 3.317642e+01
    endloop
  endfacet
  facet normal 9.830097e-01 -1.835534e-01 -4.918628e-15
    outer loop
      vertex   4.131320e+01 -3.870754e+01 3.254820e+01
      vertex   4.215848e+01 -3.418067e+01 3.317642e+01
      vertex   4.217280e+01 -3.410399e+01 3.330470e+01
    endloop
  endfacet
  facet normal 9.830097e-01 -1.835534e-01 3.169755e-14
    outer loop
      vertex   4.217280e+01 -3.410399e+01 3.330470e+01
      vertex   4.219019e+01 -3.401085e+01 3.342116e+01
      vertex   4.131320e+01 -3.870754e+01 3.254820e+01
    endloop
  endfacet
  facet normal 9.830097e-01 -1.835534e-01 -6.765816e-14
    outer loop
      vertex   4.131320e+01 -3.870754e+01 3.254820e+01
      vertex   4.219019e+01 -3.401085e+01 3.342116e+01
      vertex   4.221033e+01 -3.390299e+01 3.352363e+01
    endloop
  endfacet
  facet normal 9.830097e-01 -1.835534e-01 0.000000e+00
    outer loop
      vertex   4.131320e+01 -3.870754e+01 3.254820e+01
      vertex   4.221033e+01 -3.390299e+01 3.352363e+01
      vertex   4.131320e+01 -3.870754e+01 3.918077e+01
    endloop
  endfacet
  facet normal 9.830097e-01 -1.835534e-01 3.021462e-14
    outer loop
      vertex   4.131320e+01 -3.870754e+01 3.918077e+01
      vertex   4.221033e+01 -3.390299e+01 3.352363e+01
      vertex   4.223285e+01 -3.378242e+01 3.361021e+01
    endloop
  endfacet
  facet normal 9.830097e-01 -1.835534e-01 -4.079360e-14
    outer loop
      vertex   4.131320e+01 -3.870754e+01 3.918077e+01
      vertex   4.223285e+01 -3.378242e+01 3.361021e+01
      vertex   4.225731e+01 -3.365138e+01 3.367928e+01
    endloop
  endfacet
  facet normal 9.830097e-01 -1.835534e-01 6.317415e-15
    outer loop
      vertex   4.225731e+01 -3.365138e+01 3.367928e+01
      vertex   4.228328e+01 -3.351232e+01 3.372956e+01
      vertex   4.131320e+01 -3.870754e+01 3.918077e+01
    endloop
  endfacet
  facet normal 9.830097e-01 -1.835534e-01 -2.767704e-15
    outer loop
      vertex   4.131320e+01 -3.870754e+01 3.918077e+01
      vertex   4.228328e+01 -3.351232e+01 3.372956e+01
      vertex   4.231026e+01 -3.336783e+01 3.376011e+01
    endloop
  endfacet
  facet normal 9.830097e-01 -1.835534e-01 -9.141747e-16
    outer loop
      vertex   4.236525e+01 -3.307335e+01 4.646011e+01
      vertex   4.241871e+01 -3.278702e+01 4.787176e+01
      vertex   4.233775e+01 -3.322059e+01 4.647035e+01
    endloop
  endfacet
  facet normal 9.830097e-01 -1.835534e-01 9.803444e-15
    outer loop
      vertex   4.233775e+01 -3.322059e+01 4.647035e+01
      vertex   4.241871e+01 -3.278702e+01 4.787176e+01
      vertex   4.237839e+01 -3.300297e+01 4.790069e+01
    endloop
  endfacet
  facet normal 9.830097e-01 -1.835534e-01 6.967312e-15
    outer loop
      vertex   4.233775e+01 -3.322059e+01 4.647035e+01
      vertex   4.237839e+01 -3.300297e+01 4.790069e+01
      vertex   4.233775e+01 -3.322059e+01 4.791035e+01
    endloop
  endfacet
  facet normal 9.830097e-01 -1.835534e-01 -4.034068e-16
    outer loop
      vertex   4.239223e+01 -3.292885e+01 4.642956e+01
      vertex   4.253479e+01 -3.216538e+01 4.767237e+01
      vertex   4.236525e+01 -3.307335e+01 4.646011e+01
    endloop
  endfacet
  facet normal 9.830097e-01 -1.835534e-01 1.912717e-14
    outer loop
      vertex   4.236525e+01 -3.307335e+01 4.646011e+01
      vertex   4.253479e+01 -3.216538e+01 4.767237e+01
      vertex   4.249721e+01 -3.236662e+01 4.775717e+01
    endloop
  endfacet
  facet normal 9.830097e-01 -1.835534e-01 -8.619345e-15
    outer loop
      vertex   4.236525e+01 -3.307335e+01 4.646011e+01
      vertex   4.249721e+01 -3.236662e+01 4.775717e+01
      vertex   4.245842e+01 -3.257436e+01 4.782380e+01
    endloop
  endfacet
  facet normal 9.830097e-01 -1.835534e-01 -4.327751e-15
    outer loop
      vertex   4.241819e+01 -3.278979e+01 4.637928e+01
      vertex   4.260517e+01 -3.178846e+01 4.745100e+01
      vertex   4.239223e+01 -3.292885e+01 4.642956e+01
    endloop
  endfacet
  facet normal 9.830097e-01 -1.835534e-01 -2.083708e-14
    outer loop
      vertex   4.239223e+01 -3.292885e+01 4.642956e+01
      vertex   4.260517e+01 -3.178846e+01 4.745100e+01
      vertex   4.257087e+01 -3.197217e+01 4.757006e+01
    endloop
  endfacet
  facet normal 9.830097e-01 -1.835534e-01 -3.943753e-15
    outer loop
      vertex   4.239223e+01 -3.292885e+01 4.642956e+01
      vertex   4.257087e+01 -3.197217e+01 4.757006e+01
      vertex   4.253479e+01 -3.216538e+01 4.767237e+01
    endloop
  endfacet
  facet normal 9.830097e-01 -1.835534e-01 4.487199e-15
    outer loop
      vertex   4.244266e+01 -3.265876e+01 4.631021e+01
      vertex   4.266743e+01 -3.145505e+01 4.716640e+01
      vertex   4.241819e+01 -3.278979e+01 4.637928e+01
    endloop
  endfacet
  facet normal 9.830097e-01 -1.835534e-01 3.997837e-14
    outer loop
      vertex   4.241819e+01 -3.278979e+01 4.637928e+01
      vertex   4.266743e+01 -3.145505e+01 4.716640e+01
      vertex   4.263744e+01 -3.161565e+01 4.731610e+01
    endloop
  endfacet
  facet normal 9.830097e-01 -1.835534e-01 9.285607e-15
    outer loop
      vertex   4.241819e+01 -3.278979e+01 4.637928e+01
      vertex   4.263744e+01 -3.161565e+01 4.731610e+01
      vertex   4.260517e+01 -3.178846e+01 4.745100e+01
    endloop
  endfacet
  facet normal 9.830097e-01 -1.835534e-01 -8.921443e-15
    outer loop
      vertex   4.266743e+01 -3.145505e+01 4.716640e+01
      vertex   4.244266e+01 -3.265876e+01 4.631021e+01
      vertex   4.269490e+01 -3.130789e+01 4.700303e+01
    endloop
  endfacet
  facet normal 9.830097e-01 -1.835534e-01 -4.899124e-15
    outer loop
      vertex   4.269490e+01 -3.130789e+01 4.700303e+01
      vertex   4.244266e+01 -3.265876e+01 4.631021e+01
      vertex   4.246518e+01 -3.253819e+01 4.622363e+01
    endloop
  endfacet
  facet normal 9.830097e-01 -1.835534e-01 2.621654e-14
    outer loop
      vertex   4.269490e+01 -3.130789e+01 4.700303e+01
      vertex   4.246518e+01 -3.253819e+01 4.622363e+01
      vertex   4.271966e+01 -3.117529e+01 4.682724e+01
    endloop
  endfacet
  facet normal 9.830097e-01 -1.835534e-01 -1.892088e-14
    outer loop
      vertex   4.271966e+01 -3.117529e+01 4.682724e+01
      vertex   4.246518e+01 -3.253819e+01 4.622363e+01
      vertex   4.248532e+01 -3.243033e+01 4.612116e+01
    endloop
  endfacet
  facet normal 9.830097e-01 -1.835534e-01 -3.169837e-14
    outer loop
      vertex   4.271966e+01 -3.117529e+01 4.682724e+01
      vertex   4.248532e+01 -3.243033e+01 4.612116e+01
      vertex   4.274152e+01 -3.105826e+01 4.664035e+01
    endloop
  endfacet
  facet normal 9.830097e-01 -1.835534e-01 -3.889395e-14
    outer loop
      vertex   4.274152e+01 -3.105826e+01 4.664035e+01
      vertex   4.248532e+01 -3.243033e+01 4.612116e+01
      vertex   4.276030e+01 -3.095768e+01 4.644380e+01
    endloop
  endfacet
  facet normal 9.830097e-01 -1.835534e-01 -2.490763e-14
    outer loop
      vertex   4.276030e+01 -3.095768e+01 4.644380e+01
      vertex   4.248532e+01 -3.243033e+01 4.612116e+01
      vertex   4.250271e+01 -3.233719e+01 4.600470e+01
    endloop
  endfacet
  facet normal 9.830097e-01 -1.835534e-01 3.048997e-14
    outer loop
      vertex   4.276030e+01 -3.095768e+01 4.644380e+01
      vertex   4.250271e+01 -3.233719e+01 4.600470e+01
      vertex   4.277586e+01 -3.087432e+01 4.623908e+01
    endloop
  endfacet
  facet normal 9.830097e-01 -1.835534e-01 8.226669e-15
    outer loop
      vertex   4.277586e+01 -3.087432e+01 4.623908e+01
      vertex   4.250271e+01 -3.233719e+01 4.600470e+01
      vertex   4.251703e+01 -3.226051e+01 4.587642e+01
    endloop
  endfacet
  facet normal 9.830097e-01 -1.835534e-01 -1.418268e-14
    outer loop
      vertex   4.277586e+01 -3.087432e+01 4.623908e+01
      vertex   4.251703e+01 -3.226051e+01 4.587642e+01
      vertex   4.278809e+01 -3.080882e+01 4.602775e+01
    endloop
  endfacet
  facet normal 9.830097e-01 -1.835534e-01 -3.972369e-14
    outer loop
      vertex   4.278809e+01 -3.080882e+01 4.602775e+01
      vertex   4.251703e+01 -3.226051e+01 4.587642e+01
      vertex   4.252800e+01 -3.220171e+01 4.573872e+01
    endloop
  endfacet
  facet normal 9.830097e-01 -1.835534e-01 2.142418e-14
    outer loop
      vertex   4.278809e+01 -3.080882e+01 4.602775e+01
      vertex   4.252800e+01 -3.220171e+01 4.573872e+01
      vertex   4.279690e+01 -3.076168e+01 4.581142e+01
    endloop
  endfacet
  facet normal 9.830097e-01 -1.835534e-01 5.325606e-14
    outer loop
      vertex   4.279690e+01 -3.076168e+01 4.581142e+01
      vertex   4.252800e+01 -3.220171e+01 4.573872e+01
      vertex   4.253544e+01 -3.216189e+01 4.559415e+01
    endloop
  endfacet
  facet normal 9.830097e-01 -1.835534e-01 -2.099282e-14
    outer loop
      vertex   4.279690e+01 -3.076168e+01 4.581142e+01
      vertex   4.253544e+01 -3.216189e+01 4.559415e+01
      vertex   4.280221e+01 -3.073325e+01 4.559173e+01
    endloop
  endfacet
  facet normal 9.830097e-01 -1.835534e-01 -1.438424e-14
    outer loop
      vertex   4.280221e+01 -3.073325e+01 4.559173e+01
      vertex   4.253544e+01 -3.216189e+01 4.559415e+01
      vertex   4.253919e+01 -3.214180e+01 4.544542e+01
    endloop
  endfacet
  facet normal 9.830097e-01 -1.835534e-01 -3.937827e-14
    outer loop
      vertex   4.280221e+01 -3.073325e+01 4.559173e+01
      vertex   4.253919e+01 -3.214180e+01 4.544542e+01
      vertex   4.280398e+01 -3.072374e+01 4.537035e+01
    endloop
  endfacet
  facet normal 9.830097e-01 -1.835534e-01 0.000000e+00
    outer loop
      vertex   4.280398e+01 -3.072374e+01 4.537035e+01
      vertex   4.253919e+01 -3.214180e+01 4.544542e+01
      vertex   4.253919e+01 -3.214180e+01 4.529529e+01
    endloop
  endfacet
  facet normal 9.830097e-01 -1.835534e-01 1.407159e-14
    outer loop
      vertex   4.280398e+01 -3.072374e+01 4.537035e+01
      vertex   4.253919e+01 -3.214180e+01 4.529529e+01
      vertex   4.253544e+01 -3.216189e+01 4.514655e+01
    endloop
  endfacet
  facet normal 9.830097e-01 -1.835534e-01 -6.083309e-14
    outer loop
      vertex   4.253544e+01 -3.216189e+01 4.514655e+01
      vertex   4.252800e+01 -3.220171e+01 4.500198e+01
      vertex   4.280398e+01 -3.072374e+01 4.537035e+01
    endloop
  endfacet
  facet normal 9.830097e-01 -1.835534e-01 4.530752e-14
    outer loop
      vertex   4.280398e+01 -3.072374e+01 4.537035e+01
      vertex   4.252800e+01 -3.220171e+01 4.500198e+01
      vertex   4.251703e+01 -3.226051e+01 4.486428e+01
    endloop
  endfacet
  facet normal 9.830097e-01 -1.835534e-01 -1.757757e-14
    outer loop
      vertex   4.280398e+01 -3.072374e+01 4.537035e+01
      vertex   4.251703e+01 -3.226051e+01 4.486428e+01
      vertex   4.250271e+01 -3.233719e+01 4.473600e+01
    endloop
  endfacet
  facet normal 9.830097e-01 -1.835534e-01 4.257152e-14
    outer loop
      vertex   4.250271e+01 -3.233719e+01 4.473600e+01
      vertex   4.248532e+01 -3.243033e+01 4.461954e+01
      vertex   4.280398e+01 -3.072374e+01 4.537035e+01
    endloop
  endfacet
  facet normal 9.830097e-01 -1.835534e-01 2.789440e-14
    outer loop
      vertex   4.280398e+01 -3.072374e+01 4.537035e+01
      vertex   4.248532e+01 -3.243033e+01 4.461954e+01
      vertex   4.246518e+01 -3.253819e+01 4.451707e+01
    endloop
  endfacet
  facet normal 9.830097e-01 -1.835534e-01 -4.026279e-15
    outer loop
      vertex   4.280398e+01 -3.072374e+01 4.537035e+01
      vertex   4.246518e+01 -3.253819e+01 4.451707e+01
      vertex   4.244266e+01 -3.265876e+01 4.443049e+01
    endloop
  endfacet
  facet normal 9.830097e-01 -1.835534e-01 -4.250052e-14
    outer loop
      vertex   4.233775e+01 -3.322059e+01 4.427035e+01
      vertex   4.176895e+01 -3.626680e+01 4.324741e+01
      vertex   4.236525e+01 -3.307335e+01 4.428060e+01
    endloop
  endfacet
  facet normal 9.830097e-01 -1.835534e-01 8.081419e-14
    outer loop
      vertex   4.236525e+01 -3.307335e+01 4.428060e+01
      vertex   4.176895e+01 -3.626680e+01 4.324741e+01
      vertex   4.173805e+01 -3.643228e+01 4.314651e+01
    endloop
  endfacet
  facet normal 9.830097e-01 -1.835534e-01 -4.301161e-15
    outer loop
      vertex   4.236525e+01 -3.307335e+01 4.428060e+01
      vertex   4.173805e+01 -3.643228e+01 4.314651e+01
      vertex   4.131133e+01 -3.871754e+01 3.932309e+01
    endloop
  endfacet
  facet normal 9.830097e-01 -1.835534e-01 1.021352e-14
    outer loop
      vertex   4.131133e+01 -3.871754e+01 3.932309e+01
      vertex   4.173805e+01 -3.643228e+01 4.314651e+01
      vertex   4.130576e+01 -3.874735e+01 3.946251e+01
    endloop
  endfacet
  facet normal 9.830097e-01 -1.835534e-01 -3.700663e-14
    outer loop
      vertex   4.130576e+01 -3.874735e+01 3.946251e+01
      vertex   4.173805e+01 -3.643228e+01 4.314651e+01
      vertex   4.170548e+01 -3.660670e+01 4.306259e+01
    endloop
  endfacet
  facet normal 9.830097e-01 -1.835534e-01 1.896104e-14
    outer loop
      vertex   4.130576e+01 -3.874735e+01 3.946251e+01
      vertex   4.170548e+01 -3.660670e+01 4.306259e+01
      vertex   4.129661e+01 -3.879637e+01 3.959619e+01
    endloop
  endfacet
  facet normal 9.830097e-01 -1.835534e-01 4.501245e-16
    outer loop
      vertex   4.129661e+01 -3.879637e+01 3.959619e+01
      vertex   4.170548e+01 -3.660670e+01 4.306259e+01
      vertex   4.167156e+01 -3.678835e+01 4.299647e+01
    endloop
  endfacet
  facet normal 9.830097e-01 -1.835534e-01 -4.313473e-14
    outer loop
      vertex   4.129661e+01 -3.879637e+01 3.959619e+01
      vertex   4.167156e+01 -3.678835e+01 4.299647e+01
      vertex   4.128406e+01 -3.886359e+01 3.972141e+01
    endloop
  endfacet
  facet normal 9.830097e-01 -1.835534e-01 2.505591e-14
    outer loop
      vertex   4.128406e+01 -3.886359e+01 3.972141e+01
      vertex   4.167156e+01 -3.678835e+01 4.299647e+01
      vertex   4.163661e+01 -3.697551e+01 4.294878e+01
    endloop
  endfacet
  facet normal 9.830097e-01 -1.835534e-01 3.705236e-14
    outer loop
      vertex   4.128406e+01 -3.886359e+01 3.972141e+01
      vertex   4.163661e+01 -3.697551e+01 4.294878e+01
      vertex   4.126837e+01 -3.894764e+01 3.983563e+01
    endloop
  endfacet
  facet normal 9.830097e-01 -1.835534e-01 -1.198310e-14
    outer loop
      vertex   4.126837e+01 -3.894764e+01 3.983563e+01
      vertex   4.163661e+01 -3.697551e+01 4.294878e+01
      vertex   4.160098e+01 -3.716636e+01 4.291998e+01
    endloop
  endfacet
  facet normal 9.830097e-01 -1.835534e-01 3.077592e-14
    outer loop
      vertex   4.126837e+01 -3.894764e+01 3.983563e+01
      vertex   4.160098e+01 -3.716636e+01 4.291998e+01
      vertex   4.124985e+01 -3.904681e+01 3.993652e+01
    endloop
  endfacet
  facet normal 9.830097e-01 -1.835534e-01 3.939619e-14
    outer loop
      vertex   4.124985e+01 -3.904681e+01 3.993652e+01
      vertex   4.160098e+01 -3.716636e+01 4.291998e+01
      vertex   4.156499e+01 -3.735906e+01 4.291035e+01
    endloop
  endfacet
  facet normal 9.830097e-01 -1.835534e-01 -3.256389e-14
    outer loop
      vertex   4.124985e+01 -3.904681e+01 3.993652e+01
      vertex   4.156499e+01 -3.735906e+01 4.291035e+01
      vertex   4.122888e+01 -3.915909e+01 4.002203e+01
    endloop
  endfacet
  facet normal 9.830097e-01 -1.835534e-01 -5.372651e-15
    outer loop
      vertex   4.122888e+01 -3.915909e+01 4.002203e+01
      vertex   4.156499e+01 -3.735906e+01 4.291035e+01
      vertex   4.120590e+01 -3.928219e+01 4.009040e+01
    endloop
  endfacet
  facet normal 9.830097e-01 -1.835534e-01 -1.667005e-15
    outer loop
      vertex   4.120590e+01 -3.928219e+01 4.009040e+01
      vertex   4.156499e+01 -3.735906e+01 4.291035e+01
      vertex   4.118136e+01 -3.941360e+01 4.014027e+01
    endloop
  endfacet
  facet normal 9.830097e-01 -1.835534e-01 5.803155e-15
    outer loop
      vertex   4.118136e+01 -3.941360e+01 4.014027e+01
      vertex   4.156499e+01 -3.735906e+01 4.291035e+01
      vertex   4.115577e+01 -3.955065e+01 4.017059e+01
    endloop
  endfacet
  facet normal 9.830097e-01 -1.835534e-01 4.063095e-14
    outer loop
      vertex   4.115577e+01 -3.955065e+01 4.017059e+01
      vertex   4.156499e+01 -3.735906e+01 4.291035e+01
      vertex   4.112965e+01 -3.969055e+01 4.018077e+01
    endloop
  endfacet
  facet normal 9.830097e-01 -1.835534e-01 -1.295844e-15
    outer loop
      vertex   4.112965e+01 -3.969055e+01 4.018077e+01
      vertex   4.156499e+01 -3.735906e+01 4.291035e+01
      vertex   3.981606e+01 -4.672539e+01 4.018077e+01
    endloop
  endfacet
  facet normal 9.830097e-01 -1.835534e-01 -1.640623e-15
    outer loop
      vertex   3.981606e+01 -4.672539e+01 4.018077e+01
      vertex   4.156499e+01 -3.735906e+01 4.291035e+01
      vertex   3.938071e+01 -4.905688e+01 4.291035e+01
    endloop
  endfacet
  facet normal 9.830097e-01 -1.835534e-01 4.170726e-15
    outer loop
      vertex   3.981606e+01 -4.672539e+01 4.018077e+01
      vertex   3.938071e+01 -4.905688e+01 4.291035e+01
      vertex   3.978994e+01 -4.686529e+01 4.017059e+01
    endloop
  endfacet
  facet normal 9.830097e-01 -1.835534e-01 2.886144e-14
    outer loop
      vertex   3.978994e+01 -4.686529e+01 4.017059e+01
      vertex   3.938071e+01 -4.905688e+01 4.291035e+01
      vertex   3.976434e+01 -4.700233e+01 4.014027e+01
    endloop
  endfacet
  facet normal 9.830097e-01 -1.835534e-01 3.641091e-15
    outer loop
      vertex   3.976434e+01 -4.700233e+01 4.014027e+01
      vertex   3.938071e+01 -4.905688e+01 4.291035e+01
      vertex   3.973981e+01 -4.713375e+01 4.009040e+01
    endloop
  endfacet
  facet normal 9.830097e-01 -1.835534e-01 -2.612220e-14
    outer loop
      vertex   3.973981e+01 -4.713375e+01 4.009040e+01
      vertex   3.938071e+01 -4.905688e+01 4.291035e+01
      vertex   3.971682e+01 -4.725684e+01 4.002203e+01
    endloop
  endfacet
  facet normal 9.830097e-01 -1.835534e-01 5.976465e-15
    outer loop
      vertex   3.971682e+01 -4.725684e+01 4.002203e+01
      vertex   3.938071e+01 -4.905688e+01 4.291035e+01
      vertex   3.969586e+01 -4.736912e+01 3.993652e+01
    endloop
  endfacet
  facet normal 9.830097e-01 -1.835534e-01 -1.247769e-14
    outer loop
      vertex   3.969586e+01 -4.736912e+01 3.993652e+01
      vertex   3.938071e+01 -4.905688e+01 4.291035e+01
      vertex   3.967734e+01 -4.746830e+01 3.983563e+01
    endloop
  endfacet
  facet normal 9.830097e-01 -1.835534e-01 -5.427263e-15
    outer loop
      vertex   3.967734e+01 -4.746830e+01 3.983563e+01
      vertex   3.938071e+01 -4.905688e+01 4.291035e+01
      vertex   3.966164e+01 -4.755235e+01 3.972141e+01
    endloop
  endfacet
  facet normal 9.830097e-01 -1.835534e-01 3.061153e-14
    outer loop
      vertex   3.966164e+01 -4.755235e+01 3.972141e+01
      vertex   3.938071e+01 -4.905688e+01 4.291035e+01
      vertex   3.964909e+01 -4.761957e+01 3.959619e+01
    endloop
  endfacet
  facet normal 9.830097e-01 -1.835534e-01 -1.751500e-14
    outer loop
      vertex   3.964909e+01 -4.761957e+01 3.959619e+01
      vertex   3.938071e+01 -4.905688e+01 4.291035e+01
      vertex   3.963994e+01 -4.766858e+01 3.946251e+01
    endloop
  endfacet
  facet normal 9.830097e-01 -1.835534e-01 2.672867e-15
    outer loop
      vertex   3.963994e+01 -4.766858e+01 3.946251e+01
      vertex   3.938071e+01 -4.905688e+01 4.291035e+01
      vertex   3.963437e+01 -4.769839e+01 3.932309e+01
    endloop
  endfacet
  facet normal 9.830097e-01 -1.835534e-01 -7.545207e-15
    outer loop
      vertex   3.963437e+01 -4.769839e+01 3.932309e+01
      vertex   3.938071e+01 -4.905688e+01 4.291035e+01
      vertex   3.963250e+01 -4.770840e+01 3.918077e+01
    endloop
  endfacet
  facet normal 9.830097e-01 -1.835534e-01 1.306755e-14
    outer loop
      vertex   3.963250e+01 -4.770840e+01 3.918077e+01
      vertex   3.938071e+01 -4.905688e+01 4.291035e+01
      vertex   3.934473e+01 -4.924958e+01 4.291998e+01
    endloop
  endfacet
  facet normal 9.830097e-01 -1.835534e-01 -1.353528e-14
    outer loop
      vertex   3.963250e+01 -4.770840e+01 3.918077e+01
      vertex   3.934473e+01 -4.924958e+01 4.291998e+01
      vertex   3.930909e+01 -4.944043e+01 4.294878e+01
    endloop
  endfacet
  facet normal 9.830097e-01 -1.835534e-01 -1.037463e-13
    outer loop
      vertex   4.176895e+01 -3.626680e+01 4.324741e+01
      vertex   4.233775e+01 -3.322059e+01 4.427035e+01
      vertex   4.179788e+01 -3.611183e+01 4.336433e+01
    endloop
  endfacet
  facet normal 9.830097e-01 -1.835534e-01 0.000000e+00
    outer loop
      vertex   4.179788e+01 -3.611183e+01 4.336433e+01
      vertex   4.233775e+01 -3.322059e+01 4.427035e+01
      vertex   4.231026e+01 -3.336783e+01 4.428060e+01
    endloop
  endfacet
  facet normal 9.830097e-01 -1.835534e-01 5.239330e-14
    outer loop
      vertex   4.179788e+01 -3.611183e+01 4.336433e+01
      vertex   4.231026e+01 -3.336783e+01 4.428060e+01
      vertex   4.182458e+01 -3.596887e+01 4.349614e+01
    endloop
  endfacet
  facet normal 9.830097e-01 -1.835534e-01 -2.209377e-14
    outer loop
      vertex   4.182458e+01 -3.596887e+01 4.349614e+01
      vertex   4.231026e+01 -3.336783e+01 4.428060e+01
      vertex   4.184877e+01 -3.583931e+01 4.364157e+01
    endloop
  endfacet
  facet normal 9.830097e-01 -1.835534e-01 1.001427e-13
    outer loop
      vertex   4.184877e+01 -3.583931e+01 4.364157e+01
      vertex   4.231026e+01 -3.336783e+01 4.428060e+01
      vertex   4.228328e+01 -3.351232e+01 4.431114e+01
    endloop
  endfacet
  facet normal 9.830097e-01 -1.835534e-01 -3.435394e-14
    outer loop
      vertex   4.184877e+01 -3.583931e+01 4.364157e+01
      vertex   4.228328e+01 -3.351232e+01 4.431114e+01
      vertex   4.187023e+01 -3.572437e+01 4.379921e+01
    endloop
  endfacet
  facet normal 9.830097e-01 -1.835534e-01 -8.496137e-14
    outer loop
      vertex   4.187023e+01 -3.572437e+01 4.379921e+01
      vertex   4.228328e+01 -3.351232e+01 4.431114e+01
      vertex   4.225731e+01 -3.365138e+01 4.436142e+01
    endloop
  endfacet
  facet normal 9.830097e-01 -1.835534e-01 9.008550e-14
    outer loop
      vertex   4.187023e+01 -3.572437e+01 4.379921e+01
      vertex   4.225731e+01 -3.365138e+01 4.436142e+01
      vertex   4.223285e+01 -3.378242e+01 4.443049e+01
    endloop
  endfacet
  facet normal 9.830097e-01 -1.835534e-01 1.999557e-14
    outer loop
      vertex   4.223285e+01 -3.378242e+01 4.443049e+01
      vertex   4.221033e+01 -3.390299e+01 4.451707e+01
      vertex   4.187023e+01 -3.572437e+01 4.379921e+01
    endloop
  endfacet
  facet normal 9.830097e-01 -1.835534e-01 -2.479692e-15
    outer loop
      vertex   4.187023e+01 -3.572437e+01 4.379921e+01
      vertex   4.221033e+01 -3.390299e+01 4.451707e+01
      vertex   4.219019e+01 -3.401085e+01 4.461954e+01
    endloop
  endfacet
  facet normal 9.830097e-01 -1.835534e-01 2.966071e-14
    outer loop
      vertex   4.187023e+01 -3.572437e+01 4.379921e+01
      vertex   4.219019e+01 -3.401085e+01 4.461954e+01
      vertex   4.217280e+01 -3.410399e+01 4.473600e+01
    endloop
  endfacet
  facet normal 9.830097e-01 -1.835534e-01 9.413565e-15
    outer loop
      vertex   4.217280e+01 -3.410399e+01 4.473600e+01
      vertex   4.215848e+01 -3.418067e+01 4.486428e+01
      vertex   4.187023e+01 -3.572437e+01 4.379921e+01
    endloop
  endfacet
  facet normal 9.830097e-01 -1.835534e-01 -1.764753e-14
    outer loop
      vertex   4.187023e+01 -3.572437e+01 4.379921e+01
      vertex   4.215848e+01 -3.418067e+01 4.486428e+01
      vertex   4.214750e+01 -3.423947e+01 4.500198e+01
    endloop
  endfacet
  facet normal 9.830097e-01 -1.835534e-01 -5.404992e-14
    outer loop
      vertex   4.187023e+01 -3.572437e+01 4.379921e+01
      vertex   4.214750e+01 -3.423947e+01 4.500198e+01
      vertex   4.188875e+01 -3.562519e+01 4.396756e+01
    endloop
  endfacet
  facet normal 9.830097e-01 -1.835534e-01 8.412962e-14
    outer loop
      vertex   4.188875e+01 -3.562519e+01 4.396756e+01
      vertex   4.214750e+01 -3.423947e+01 4.500198e+01
      vertex   4.190416e+01 -3.554269e+01 4.414499e+01
    endloop
  endfacet
  facet normal 9.830097e-01 -1.835534e-01 -5.863780e-14
    outer loop
      vertex   4.190416e+01 -3.554269e+01 4.414499e+01
      vertex   4.214750e+01 -3.423947e+01 4.500198e+01
      vertex   4.191629e+01 -3.547770e+01 4.432978e+01
    endloop
  endfacet
  facet normal 9.830097e-01 -1.835534e-01 -2.996620e-14
    outer loop
      vertex   4.191629e+01 -3.547770e+01 4.432978e+01
      vertex   4.214750e+01 -3.423947e+01 4.500198e+01
      vertex   4.214007e+01 -3.427928e+01 4.514655e+01
    endloop
  endfacet
  facet normal 9.830097e-01 -1.835534e-01 3.639070e-14
    outer loop
      vertex   4.191629e+01 -3.547770e+01 4.432978e+01
      vertex   4.214007e+01 -3.427928e+01 4.514655e+01
      vertex   4.192505e+01 -3.543082e+01 4.452017e+01
    endloop
  endfacet
  facet normal 9.830097e-01 -1.835534e-01 -2.018130e-14
    outer loop
      vertex   4.192505e+01 -3.543082e+01 4.452017e+01
      vertex   4.214007e+01 -3.427928e+01 4.514655e+01
      vertex   4.193033e+01 -3.540251e+01 4.471432e+01
    endloop
  endfacet
  facet normal 9.830097e-01 -1.835534e-01 3.995251e-14
    outer loop
      vertex   4.193033e+01 -3.540251e+01 4.471432e+01
      vertex   4.214007e+01 -3.427928e+01 4.514655e+01
      vertex   4.193210e+01 -3.539304e+01 4.491035e+01
    endloop
  endfacet
  facet normal 9.830097e-01 -1.835534e-01 6.965053e-14
    outer loop
      vertex   4.193210e+01 -3.539304e+01 4.491035e+01
      vertex   4.214007e+01 -3.427928e+01 4.514655e+01
      vertex   4.213632e+01 -3.429938e+01 4.529529e+01
    endloop
  endfacet
  facet normal 9.830097e-01 -1.835534e-01 0.000000e+00
    outer loop
      vertex   4.193210e+01 -3.539304e+01 4.491035e+01
      vertex   4.213632e+01 -3.429938e+01 4.529529e+01
      vertex   4.213632e+01 -3.429938e+01 4.544542e+01
    endloop
  endfacet
  facet normal 9.830097e-01 -1.835534e-01 -1.261013e-14
    outer loop
      vertex   4.214007e+01 -3.427928e+01 4.559415e+01
      vertex   4.212615e+01 -3.435380e+01 4.767419e+01
      vertex   4.213632e+01 -3.429938e+01 4.544542e+01
    endloop
  endfacet
  facet normal 9.830097e-01 -1.835534e-01 -1.364387e-15
    outer loop
      vertex   4.213632e+01 -3.429938e+01 4.544542e+01
      vertex   4.212615e+01 -3.435380e+01 4.767419e+01
      vertex   4.209525e+01 -3.451928e+01 4.757329e+01
    endloop
  endfacet
  facet normal 9.830097e-01 -1.835534e-01 -8.615905e-15
    outer loop
      vertex   4.213632e+01 -3.429938e+01 4.544542e+01
      vertex   4.209525e+01 -3.451928e+01 4.757329e+01
      vertex   4.206632e+01 -3.467425e+01 4.745637e+01
    endloop
  endfacet
  facet normal 9.830097e-01 -1.835534e-01 7.053308e-15
    outer loop
      vertex   4.214007e+01 -3.427928e+01 4.559415e+01
      vertex   4.214750e+01 -3.423947e+01 4.573872e+01
      vertex   4.212615e+01 -3.435380e+01 4.767419e+01
    endloop
  endfacet
  facet normal 9.830097e-01 -1.835534e-01 3.768048e-15
    outer loop
      vertex   4.212615e+01 -3.435380e+01 4.767419e+01
      vertex   4.214750e+01 -3.423947e+01 4.573872e+01
      vertex   4.215848e+01 -3.418067e+01 4.587642e+01
    endloop
  endfacet
  facet normal 9.830097e-01 -1.835534e-01 -2.290513e-15
    outer loop
      vertex   4.212615e+01 -3.435380e+01 4.767419e+01
      vertex   4.215848e+01 -3.418067e+01 4.587642e+01
      vertex   4.217280e+01 -3.410399e+01 4.600470e+01
    endloop
  endfacet
  facet normal 9.830097e-01 -1.835534e-01 -6.591508e-15
    outer loop
      vertex   4.217280e+01 -3.410399e+01 4.600470e+01
      vertex   4.219019e+01 -3.401085e+01 4.612116e+01
      vertex   4.212615e+01 -3.435380e+01 4.767419e+01
    endloop
  endfacet
  facet normal 9.830097e-01 -1.835534e-01 3.096612e-15
    outer loop
      vertex   4.212615e+01 -3.435380e+01 4.767419e+01
      vertex   4.219019e+01 -3.401085e+01 4.612116e+01
      vertex   4.221033e+01 -3.390299e+01 4.622363e+01
    endloop
  endfacet
  facet normal 9.830097e-01 -1.835534e-01 -3.220387e-15
    outer loop
      vertex   4.212615e+01 -3.435380e+01 4.767419e+01
      vertex   4.221033e+01 -3.390299e+01 4.622363e+01
      vertex   4.223285e+01 -3.378242e+01 4.631021e+01
    endloop
  endfacet
  facet normal 9.830097e-01 -1.835534e-01 -2.260156e-14
    outer loop
      vertex   4.223285e+01 -3.378242e+01 4.631021e+01
      vertex   4.225731e+01 -3.365138e+01 4.637928e+01
      vertex   4.212615e+01 -3.435380e+01 4.767419e+01
    endloop
  endfacet
  facet normal 9.830097e-01 -1.835534e-01 3.268202e-14
    outer loop
      vertex   4.212615e+01 -3.435380e+01 4.767419e+01
      vertex   4.225731e+01 -3.365138e+01 4.637928e+01
      vertex   4.228328e+01 -3.351232e+01 4.642956e+01
    endloop
  endfacet
  facet normal 9.830097e-01 -1.835534e-01 -2.482205e-14
    outer loop
      vertex   4.212615e+01 -3.435380e+01 4.767419e+01
      vertex   4.228328e+01 -3.351232e+01 4.642956e+01
      vertex   4.231026e+01 -3.336783e+01 4.646011e+01
    endloop
  endfacet
  facet normal 9.830097e-01 -1.835534e-01 5.841087e-15
    outer loop
      vertex   4.233775e+01 -3.322059e+01 4.647035e+01
      vertex   4.229921e+01 -3.342702e+01 4.791035e+01
      vertex   4.231026e+01 -3.336783e+01 4.646011e+01
    endloop
  endfacet
  facet normal 9.830097e-01 -1.835534e-01 5.711821e-15
    outer loop
      vertex   4.231026e+01 -3.336783e+01 4.646011e+01
      vertex   4.229921e+01 -3.342702e+01 4.791035e+01
      vertex   4.226323e+01 -3.361972e+01 4.790072e+01
    endloop
  endfacet
  facet normal 9.830097e-01 -1.835534e-01 7.517319e-15
    outer loop
      vertex   4.231026e+01 -3.336783e+01 4.646011e+01
      vertex   4.226323e+01 -3.361972e+01 4.790072e+01
      vertex   4.222759e+01 -3.381057e+01 4.787192e+01
    endloop
  endfacet
  facet normal 9.830097e-01 -1.835534e-01 -5.859161e-15
    outer loop
      vertex   3.858046e+01 -5.334258e+01 3.376011e+01
      vertex   3.860795e+01 -5.319535e+01 3.377035e+01
      vertex   3.963250e+01 -4.770840e+01 3.918077e+01
    endloop
  endfacet
  facet normal 9.830097e-01 -1.835534e-01 -5.118720e-15
    outer loop
      vertex   3.963250e+01 -4.770840e+01 3.918077e+01
      vertex   3.860795e+01 -5.319535e+01 3.377035e+01
      vertex   3.863544e+01 -5.304811e+01 3.376011e+01
    endloop
  endfacet
  facet normal 9.830097e-01 -1.835534e-01 -4.612840e-15
    outer loop
      vertex   3.963250e+01 -4.770840e+01 3.918077e+01
      vertex   3.863544e+01 -5.304811e+01 3.376011e+01
      vertex   3.866242e+01 -5.290361e+01 3.372956e+01
    endloop
  endfacet
  facet normal 9.830097e-01 -1.835534e-01 -6.933096e-15
    outer loop
      vertex   3.866242e+01 -5.290361e+01 3.372956e+01
      vertex   3.868839e+01 -5.276455e+01 3.367928e+01
      vertex   3.963250e+01 -4.770840e+01 3.918077e+01
    endloop
  endfacet
  facet normal 9.830097e-01 -1.835534e-01 7.342848e-15
    outer loop
      vertex   3.963250e+01 -4.770840e+01 3.918077e+01
      vertex   3.868839e+01 -5.276455e+01 3.367928e+01
      vertex   3.871286e+01 -5.263351e+01 3.361021e+01
    endloop
  endfacet
  facet normal 9.830097e-01 -1.835534e-01 -7.951215e-16
    outer loop
      vertex   3.963250e+01 -4.770840e+01 3.918077e+01
      vertex   3.871286e+01 -5.263351e+01 3.361021e+01
      vertex   3.873537e+01 -5.251294e+01 3.352363e+01
    endloop
  endfacet
  facet normal 9.830097e-01 -1.835534e-01 -1.966395e-16
    outer loop
      vertex   3.963250e+01 -4.770840e+01 3.918077e+01
      vertex   3.873537e+01 -5.251294e+01 3.352363e+01
      vertex   3.963250e+01 -4.770840e+01 3.254820e+01
    endloop
  endfacet
  facet normal 9.830097e-01 -1.835534e-01 -2.029745e-14
    outer loop
      vertex   3.963250e+01 -4.770840e+01 3.254820e+01
      vertex   3.873537e+01 -5.251294e+01 3.352363e+01
      vertex   3.875551e+01 -5.240509e+01 3.342116e+01
    endloop
  endfacet
  facet normal 9.830097e-01 -1.835534e-01 4.874744e-14
    outer loop
      vertex   3.963250e+01 -4.770840e+01 3.254820e+01
      vertex   3.875551e+01 -5.240509e+01 3.342116e+01
      vertex   3.877290e+01 -5.231195e+01 3.330470e+01
    endloop
  endfacet
  facet normal 9.830097e-01 -1.835534e-01 -5.571884e-14
    outer loop
      vertex   3.877290e+01 -5.231195e+01 3.330470e+01
      vertex   3.878722e+01 -5.223527e+01 3.317642e+01
      vertex   3.963250e+01 -4.770840e+01 3.254820e+01
    endloop
  endfacet
  facet normal 9.830097e-01 -1.835534e-01 1.191055e-14
    outer loop
      vertex   3.963250e+01 -4.770840e+01 3.254820e+01
      vertex   3.878722e+01 -5.223527e+01 3.317642e+01
      vertex   3.879820e+01 -5.217647e+01 3.303872e+01
    endloop
  endfacet
  facet normal 9.830097e-01 -1.835534e-01 1.881656e-14
    outer loop
      vertex   3.963250e+01 -4.770840e+01 3.254820e+01
      vertex   3.879820e+01 -5.217647e+01 3.303872e+01
      vertex   3.880563e+01 -5.213665e+01 3.289415e+01
    endloop
  endfacet
  facet normal 9.830097e-01 -1.835534e-01 -1.418242e-14
    outer loop
      vertex   3.880563e+01 -5.213665e+01 3.289415e+01
      vertex   3.880939e+01 -5.211656e+01 3.274542e+01
      vertex   3.963250e+01 -4.770840e+01 3.254820e+01
    endloop
  endfacet
  facet normal 9.830097e-01 -1.835534e-01 0.000000e+00
    outer loop
      vertex   3.963250e+01 -4.770840e+01 3.254820e+01
      vertex   3.880939e+01 -5.211656e+01 3.274542e+01
      vertex   3.880939e+01 -5.211656e+01 3.259529e+01
    endloop
  endfacet
  facet normal 9.830097e-01 -1.835534e-01 -2.101494e-14
    outer loop
      vertex   3.963250e+01 -4.770840e+01 3.254820e+01
      vertex   3.880939e+01 -5.211656e+01 3.259529e+01
      vertex   3.963435e+01 -4.769849e+01 3.240660e+01
    endloop
  endfacet
  facet normal 9.830097e-01 -1.835534e-01 1.387086e-14
    outer loop
      vertex   3.963435e+01 -4.769849e+01 3.240660e+01
      vertex   3.880939e+01 -5.211656e+01 3.259529e+01
      vertex   3.880563e+01 -5.213665e+01 3.244655e+01
    endloop
  endfacet
  facet normal 9.830097e-01 -1.835534e-01 8.517537e-15
    outer loop
      vertex   3.963435e+01 -4.769849e+01 3.240660e+01
      vertex   3.880563e+01 -5.213665e+01 3.244655e+01
      vertex   3.963987e+01 -4.766898e+01 3.226784e+01
    endloop
  endfacet
  facet normal 9.830097e-01 -1.835534e-01 -1.805034e-14
    outer loop
      vertex   3.963987e+01 -4.766898e+01 3.226784e+01
      vertex   3.880563e+01 -5.213665e+01 3.244655e+01
      vertex   3.879820e+01 -5.217647e+01 3.230198e+01
    endloop
  endfacet
  facet normal 9.830097e-01 -1.835534e-01 -2.665461e-14
    outer loop
      vertex   3.963987e+01 -4.766898e+01 3.226784e+01
      vertex   3.879820e+01 -5.217647e+01 3.230198e+01
      vertex   3.964893e+01 -4.762044e+01 3.213474e+01
    endloop
  endfacet
  facet normal 9.830097e-01 -1.835534e-01 -1.233143e-14
    outer loop
      vertex   3.964893e+01 -4.762044e+01 3.213474e+01
      vertex   3.879820e+01 -5.217647e+01 3.230198e+01
      vertex   3.878722e+01 -5.223527e+01 3.216428e+01
    endloop
  endfacet
  facet normal 9.830097e-01 -1.835534e-01 -3.150038e-15
    outer loop
      vertex   3.964893e+01 -4.762044e+01 3.213474e+01
      vertex   3.878722e+01 -5.223527e+01 3.216428e+01
      vertex   3.966136e+01 -4.755387e+01 3.200997e+01
    endloop
  endfacet
  facet normal 9.830097e-01 -1.835534e-01 4.990314e-14
    outer loop
      vertex   3.966136e+01 -4.755387e+01 3.200997e+01
      vertex   3.878722e+01 -5.223527e+01 3.216428e+01
      vertex   3.877290e+01 -5.231195e+01 3.203600e+01
    endloop
  endfacet
  facet normal 9.830097e-01 -1.835534e-01 4.232468e-14
    outer loop
      vertex   3.966136e+01 -4.755387e+01 3.200997e+01
      vertex   3.877290e+01 -5.231195e+01 3.203600e+01
      vertex   3.967691e+01 -4.747060e+01 3.189605e+01
    endloop
  endfacet
  facet normal 9.830097e-01 -1.835534e-01 -4.237854e-14
    outer loop
      vertex   3.967691e+01 -4.747060e+01 3.189605e+01
      vertex   3.877290e+01 -5.231195e+01 3.203600e+01
      vertex   3.875551e+01 -5.240509e+01 3.191954e+01
    endloop
  endfacet
  facet normal 9.830097e-01 -1.835534e-01 -1.670175e-14
    outer loop
      vertex   3.967691e+01 -4.747060e+01 3.189605e+01
      vertex   3.875551e+01 -5.240509e+01 3.191954e+01
      vertex   3.969526e+01 -4.737231e+01 3.179527e+01
    endloop
  endfacet
  facet normal 9.830097e-01 -1.835534e-01 1.650035e-14
    outer loop
      vertex   3.969526e+01 -4.737231e+01 3.179527e+01
      vertex   3.875551e+01 -5.240509e+01 3.191954e+01
      vertex   3.873537e+01 -5.251294e+01 3.181707e+01
    endloop
  endfacet
  facet normal 9.830097e-01 -1.835534e-01 6.031223e-16
    outer loop
      vertex   3.969526e+01 -4.737231e+01 3.179527e+01
      vertex   3.873537e+01 -5.251294e+01 3.181707e+01
      vertex   3.860795e+01 -5.319535e+01 3.013035e+01
    endloop
  endfacet
  facet normal 9.830097e-01 -1.835534e-01 7.563831e-16
    outer loop
      vertex   3.860795e+01 -5.319535e+01 3.013035e+01
      vertex   3.873537e+01 -5.251294e+01 3.181707e+01
      vertex   3.871286e+01 -5.263351e+01 3.173049e+01
    endloop
  endfacet
  facet normal 9.830097e-01 -1.835534e-01 6.426999e-15
    outer loop
      vertex   3.860795e+01 -5.319535e+01 3.013035e+01
      vertex   3.871286e+01 -5.263351e+01 3.173049e+01
      vertex   3.868839e+01 -5.276455e+01 3.166142e+01
    endloop
  endfacet
  facet normal 9.830097e-01 -1.835534e-01 -8.024571e-16
    outer loop
      vertex   3.868839e+01 -5.276455e+01 3.166142e+01
      vertex   3.866242e+01 -5.290361e+01 3.161114e+01
      vertex   3.860795e+01 -5.319535e+01 3.013035e+01
    endloop
  endfacet
  facet normal 9.830097e-01 -1.835534e-01 -4.989595e-17
    outer loop
      vertex   3.860795e+01 -5.319535e+01 3.013035e+01
      vertex   3.866242e+01 -5.290361e+01 3.161114e+01
      vertex   3.863544e+01 -5.304811e+01 3.158060e+01
    endloop
  endfacet
  facet normal 9.830097e-01 -1.835534e-01 8.264708e-18
    outer loop
      vertex   3.860795e+01 -5.319535e+01 3.013035e+01
      vertex   3.863544e+01 -5.304811e+01 3.158060e+01
      vertex   3.860795e+01 -5.319535e+01 3.157035e+01
    endloop
  endfacet
  facet normal 9.830097e-01 -1.835534e-01 -4.724584e-15
    outer loop
      vertex   3.858046e+01 -5.334258e+01 3.158060e+01
      vertex   3.852699e+01 -5.362892e+01 3.016894e+01
      vertex   3.860795e+01 -5.319535e+01 3.157035e+01
    endloop
  endfacet
  facet normal 9.830097e-01 -1.835534e-01 3.505868e-15
    outer loop
      vertex   3.860795e+01 -5.319535e+01 3.157035e+01
      vertex   3.852699e+01 -5.362892e+01 3.016894e+01
      vertex   3.856731e+01 -5.341296e+01 3.014002e+01
    endloop
  endfacet
  facet normal 9.830097e-01 -1.835534e-01 8.264828e-18
    outer loop
      vertex   3.860795e+01 -5.319535e+01 3.157035e+01
      vertex   3.856731e+01 -5.341296e+01 3.014002e+01
      vertex   3.860795e+01 -5.319535e+01 3.013035e+01
    endloop
  endfacet
  facet normal 9.830097e-01 -1.835534e-01 3.121360e-14
    outer loop
      vertex   3.855347e+01 -5.348708e+01 3.161114e+01
      vertex   3.841091e+01 -5.425056e+01 3.036833e+01
      vertex   3.858046e+01 -5.334258e+01 3.158060e+01
    endloop
  endfacet
  facet normal 9.830097e-01 -1.835534e-01 -1.419661e-14
    outer loop
      vertex   3.858046e+01 -5.334258e+01 3.158060e+01
      vertex   3.841091e+01 -5.425056e+01 3.036833e+01
      vertex   3.844849e+01 -5.404932e+01 3.028353e+01
    endloop
  endfacet
  facet normal 9.830097e-01 -1.835534e-01 5.990445e-15
    outer loop
      vertex   3.858046e+01 -5.334258e+01 3.158060e+01
      vertex   3.844849e+01 -5.404932e+01 3.028353e+01
      vertex   3.848728e+01 -5.384158e+01 3.021690e+01
    endloop
  endfacet
  facet normal 9.830097e-01 -1.835534e-01 1.892573e-14
    outer loop
      vertex   3.841091e+01 -5.425056e+01 3.036833e+01
      vertex   3.855347e+01 -5.348708e+01 3.161114e+01
      vertex   3.837484e+01 -5.444377e+01 3.047065e+01
    endloop
  endfacet
  facet normal 9.830097e-01 -1.835534e-01 -4.593583e-14
    outer loop
      vertex   3.837484e+01 -5.444377e+01 3.047065e+01
      vertex   3.855347e+01 -5.348708e+01 3.161114e+01
      vertex   3.852751e+01 -5.362614e+01 3.166142e+01
    endloop
  endfacet
  facet normal 9.830097e-01 -1.835534e-01 2.593478e-14
    outer loop
      vertex   3.837484e+01 -5.444377e+01 3.047065e+01
      vertex   3.852751e+01 -5.362614e+01 3.166142e+01
      vertex   3.850304e+01 -5.375718e+01 3.173049e+01
    endloop
  endfacet
  facet normal 9.830097e-01 -1.835534e-01 2.138177e-15
    outer loop
      vertex   3.850304e+01 -5.375718e+01 3.173049e+01
      vertex   3.848053e+01 -5.387775e+01 3.181707e+01
      vertex   3.837484e+01 -5.444377e+01 3.047065e+01
    endloop
  endfacet
  facet normal 9.830097e-01 -1.835534e-01 -5.672265e-15
    outer loop
      vertex   3.837484e+01 -5.444377e+01 3.047065e+01
      vertex   3.848053e+01 -5.387775e+01 3.181707e+01
      vertex   3.846039e+01 -5.398561e+01 3.191954e+01
    endloop
  endfacet
  facet normal 9.830097e-01 -1.835534e-01 -9.834629e-15
    outer loop
      vertex   3.837484e+01 -5.444377e+01 3.047065e+01
      vertex   3.846039e+01 -5.398561e+01 3.191954e+01
      vertex   3.844300e+01 -5.407874e+01 3.203600e+01
    endloop
  endfacet
  facet normal 9.830097e-01 -1.835534e-01 -2.125712e-15
    outer loop
      vertex   3.844300e+01 -5.407874e+01 3.203600e+01
      vertex   3.842868e+01 -5.415543e+01 3.216428e+01
      vertex   3.837484e+01 -5.444377e+01 3.047065e+01
    endloop
  endfacet
  facet normal 9.830097e-01 -1.835534e-01 -1.114090e-14
    outer loop
      vertex   3.837484e+01 -5.444377e+01 3.047065e+01
      vertex   3.842868e+01 -5.415543e+01 3.216428e+01
      vertex   3.841770e+01 -5.421422e+01 3.230198e+01
    endloop
  endfacet
  facet normal 9.830097e-01 -1.835534e-01 1.783947e-15
    outer loop
      vertex   3.837484e+01 -5.444377e+01 3.047065e+01
      vertex   3.841770e+01 -5.421422e+01 3.230198e+01
      vertex   3.841026e+01 -5.425404e+01 3.244655e+01
    endloop
  endfacet
  facet normal 9.830097e-01 -1.835534e-01 7.697607e-15
    outer loop
      vertex   3.841026e+01 -5.425404e+01 3.244655e+01
      vertex   3.840651e+01 -5.427414e+01 3.259529e+01
      vertex   3.837484e+01 -5.444377e+01 3.047065e+01
    endloop
  endfacet
  facet normal 9.830097e-01 -1.835534e-01 0.000000e+00
    outer loop
      vertex   3.837484e+01 -5.444377e+01 3.047065e+01
      vertex   3.840651e+01 -5.427414e+01 3.259529e+01
      vertex   3.840651e+01 -5.427414e+01 3.274542e+01
    endloop
  endfacet
  facet normal 9.830097e-01 -1.835534e-01 -1.503757e-15
    outer loop
      vertex   3.917676e+01 -5.014914e+01 4.324741e+01
      vertex   3.858046e+01 -5.334258e+01 3.376011e+01
      vertex   3.963250e+01 -4.770840e+01 3.918077e+01
    endloop
  endfacet
  facet normal 9.830097e-01 -1.835534e-01 4.045870e-15
    outer loop
      vertex   4.222759e+01 -3.381057e+01 4.787192e+01
      vertex   4.219264e+01 -3.399773e+01 4.782423e+01
      vertex   4.231026e+01 -3.336783e+01 4.646011e+01
    endloop
  endfacet
  facet normal 9.830097e-01 -1.835534e-01 -1.230096e-14
    outer loop
      vertex   4.231026e+01 -3.336783e+01 4.646011e+01
      vertex   4.219264e+01 -3.399773e+01 4.782423e+01
      vertex   4.215872e+01 -3.417938e+01 4.775811e+01
    endloop
  endfacet
  facet normal 9.830097e-01 -1.835534e-01 2.223554e-14
    outer loop
      vertex   4.231026e+01 -3.336783e+01 4.646011e+01
      vertex   4.215872e+01 -3.417938e+01 4.775811e+01
      vertex   4.212615e+01 -3.435380e+01 4.767419e+01
    endloop
  endfacet
  facet normal 9.830097e-01 -1.835534e-01 8.033004e-15
    outer loop
      vertex   4.206632e+01 -3.467425e+01 4.745637e+01
      vertex   4.203962e+01 -3.481721e+01 4.732457e+01
      vertex   4.213632e+01 -3.429938e+01 4.544542e+01
    endloop
  endfacet
  facet normal 9.830097e-01 -1.835534e-01 -8.901144e-15
    outer loop
      vertex   4.213632e+01 -3.429938e+01 4.544542e+01
      vertex   4.203962e+01 -3.481721e+01 4.732457e+01
      vertex   4.201543e+01 -3.494677e+01 4.717914e+01
    endloop
  endfacet
  facet normal 9.830097e-01 -1.835534e-01 -9.643419e-15
    outer loop
      vertex   4.213632e+01 -3.429938e+01 4.544542e+01
      vertex   4.201543e+01 -3.494677e+01 4.717914e+01
      vertex   4.199397e+01 -3.506171e+01 4.702149e+01
    endloop
  endfacet
  facet normal 9.830097e-01 -1.835534e-01 -9.938044e-15
    outer loop
      vertex   4.199397e+01 -3.506171e+01 4.702149e+01
      vertex   4.197545e+01 -3.516090e+01 4.685315e+01
      vertex   4.213632e+01 -3.429938e+01 4.544542e+01
    endloop
  endfacet
  facet normal 9.830097e-01 -1.835534e-01 1.369371e-14
    outer loop
      vertex   4.213632e+01 -3.429938e+01 4.544542e+01
      vertex   4.197545e+01 -3.516090e+01 4.685315e+01
      vertex   4.196005e+01 -3.524339e+01 4.667572e+01
    endloop
  endfacet
  facet normal 9.830097e-01 -1.835534e-01 2.252062e-14
    outer loop
      vertex   4.213632e+01 -3.429938e+01 4.544542e+01
      vertex   4.196005e+01 -3.524339e+01 4.667572e+01
      vertex   4.194791e+01 -3.530838e+01 4.649092e+01
    endloop
  endfacet
  facet normal 9.830097e-01 -1.835534e-01 -4.540430e-15
    outer loop
      vertex   4.194791e+01 -3.530838e+01 4.649092e+01
      vertex   4.193915e+01 -3.535526e+01 4.630053e+01
      vertex   4.213632e+01 -3.429938e+01 4.544542e+01
    endloop
  endfacet
  facet normal 9.830097e-01 -1.835534e-01 -1.678435e-14
    outer loop
      vertex   4.213632e+01 -3.429938e+01 4.544542e+01
      vertex   4.193915e+01 -3.535526e+01 4.630053e+01
      vertex   4.193387e+01 -3.538357e+01 4.610639e+01
    endloop
  endfacet
  facet normal 9.830097e-01 -1.835534e-01 4.476739e-14
    outer loop
      vertex   4.213632e+01 -3.429938e+01 4.544542e+01
      vertex   4.193387e+01 -3.538357e+01 4.610639e+01
      vertex   4.193210e+01 -3.539304e+01 4.591035e+01
    endloop
  endfacet
  facet normal 9.830097e-01 -1.835534e-01 0.000000e+00
    outer loop
      vertex   4.193210e+01 -3.539304e+01 4.591035e+01
      vertex   4.193210e+01 -3.539304e+01 4.491035e+01
      vertex   4.213632e+01 -3.429938e+01 4.544542e+01
    endloop
  endfacet
  facet normal 9.830097e-01 -1.835534e-01 1.844942e-14
    outer loop
      vertex   3.930909e+01 -4.944043e+01 4.294878e+01
      vertex   3.927414e+01 -4.962758e+01 4.299647e+01
      vertex   3.963250e+01 -4.770840e+01 3.918077e+01
    endloop
  endfacet
  facet normal 9.830097e-01 -1.835534e-01 -3.295752e-14
    outer loop
      vertex   3.963250e+01 -4.770840e+01 3.918077e+01
      vertex   3.927414e+01 -4.962758e+01 4.299647e+01
      vertex   3.924022e+01 -4.980924e+01 4.306259e+01
    endloop
  endfacet
  facet normal 9.830097e-01 -1.835534e-01 -2.833336e-15
    outer loop
      vertex   3.963250e+01 -4.770840e+01 3.918077e+01
      vertex   3.924022e+01 -4.980924e+01 4.306259e+01
      vertex   3.920766e+01 -4.998365e+01 4.314651e+01
    endloop
  endfacet
  facet normal 9.830097e-01 -1.835534e-01 2.154860e-14
    outer loop
      vertex   3.920766e+01 -4.998365e+01 4.314651e+01
      vertex   3.917676e+01 -5.014914e+01 4.324741e+01
      vertex   3.963250e+01 -4.770840e+01 3.918077e+01
    endloop
  endfacet
  facet normal 9.830097e-01 -1.835534e-01 -7.183362e-15
    outer loop
      vertex   3.875306e+01 -5.241821e+01 4.782423e+01
      vertex   3.871811e+01 -5.260536e+01 4.787192e+01
      vertex   3.863544e+01 -5.304811e+01 4.646011e+01
    endloop
  endfacet
  facet normal 9.830097e-01 -1.835534e-01 -1.885373e-15
    outer loop
      vertex   3.863544e+01 -5.304811e+01 4.646011e+01
      vertex   3.871811e+01 -5.260536e+01 4.787192e+01
      vertex   3.868248e+01 -5.279621e+01 4.790072e+01
    endloop
  endfacet
  facet normal 9.830097e-01 -1.835534e-01 -3.958085e-17
    outer loop
      vertex   3.863544e+01 -5.304811e+01 4.646011e+01
      vertex   3.868248e+01 -5.279621e+01 4.790072e+01
      vertex   3.864650e+01 -5.298891e+01 4.791035e+01
    endloop
  endfacet
  facet normal 9.830097e-01 -1.835534e-01 -2.268647e-14
    outer loop
      vertex   3.814172e+01 -5.569219e+01 3.267035e+01
      vertex   3.814350e+01 -5.568269e+01 3.244898e+01
      vertex   3.837484e+01 -5.444377e+01 3.047065e+01
    endloop
  endfacet
  facet normal 9.830097e-01 -1.835534e-01 2.046937e-14
    outer loop
      vertex   3.837484e+01 -5.444377e+01 3.047065e+01
      vertex   3.814350e+01 -5.568269e+01 3.244898e+01
      vertex   3.814881e+01 -5.565426e+01 3.222929e+01
    endloop
  endfacet
  facet normal 9.830097e-01 -1.835534e-01 -1.463614e-14
    outer loop
      vertex   3.837484e+01 -5.444377e+01 3.047065e+01
      vertex   3.814881e+01 -5.565426e+01 3.222929e+01
      vertex   3.815761e+01 -5.560711e+01 3.201295e+01
    endloop
  endfacet
  facet normal 9.830097e-01 -1.835534e-01 2.432553e-14
    outer loop
      vertex   3.815761e+01 -5.560711e+01 3.201295e+01
      vertex   3.816984e+01 -5.554161e+01 3.180162e+01
      vertex   3.837484e+01 -5.444377e+01 3.047065e+01
    endloop
  endfacet
  facet normal 9.830097e-01 -1.835534e-01 -3.740024e-14
    outer loop
      vertex   3.837484e+01 -5.444377e+01 3.047065e+01
      vertex   3.816984e+01 -5.554161e+01 3.180162e+01
      vertex   3.818541e+01 -5.545826e+01 3.159690e+01
    endloop
  endfacet
  facet normal 9.830097e-01 -1.835534e-01 7.286737e-15
    outer loop
      vertex   3.837484e+01 -5.444377e+01 3.047065e+01
      vertex   3.818541e+01 -5.545826e+01 3.159690e+01
      vertex   3.820419e+01 -5.535768e+01 3.140035e+01
    endloop
  endfacet
  facet normal 9.830097e-01 -1.835534e-01 4.016457e-15
    outer loop
      vertex   3.820419e+01 -5.535768e+01 3.140035e+01
      vertex   3.822604e+01 -5.524064e+01 3.121347e+01
      vertex   3.837484e+01 -5.444377e+01 3.047065e+01
    endloop
  endfacet
  facet normal 9.830097e-01 -1.835534e-01 -1.216971e-13
    outer loop
      vertex   3.837484e+01 -5.444377e+01 3.047065e+01
      vertex   3.822604e+01 -5.524064e+01 3.121347e+01
      vertex   3.825080e+01 -5.510804e+01 3.103767e+01
    endloop
  endfacet
  facet normal 9.830097e-01 -1.835534e-01 2.289958e-13
    outer loop
      vertex   3.837484e+01 -5.444377e+01 3.047065e+01
      vertex   3.825080e+01 -5.510804e+01 3.103767e+01
      vertex   3.827828e+01 -5.496088e+01 3.087430e+01
    endloop
  endfacet
  facet normal 9.830097e-01 -1.835534e-01 -1.784084e-13
    outer loop
      vertex   3.827828e+01 -5.496088e+01 3.087430e+01
      vertex   3.830826e+01 -5.480029e+01 3.072460e+01
      vertex   3.837484e+01 -5.444377e+01 3.047065e+01
    endloop
  endfacet
  facet normal 9.830097e-01 -1.835534e-01 -3.190233e-13
    outer loop
      vertex   3.837484e+01 -5.444377e+01 3.047065e+01
      vertex   3.830826e+01 -5.480029e+01 3.072460e+01
      vertex   3.834053e+01 -5.462748e+01 3.058971e+01
    endloop
  endfacet
  facet normal 9.830097e-01 -1.835534e-01 -6.083711e-15
    outer loop
      vertex   3.848728e+01 -5.384158e+01 3.021690e+01
      vertex   3.852699e+01 -5.362892e+01 3.016894e+01
      vertex   3.858046e+01 -5.334258e+01 3.158060e+01
    endloop
  endfacet
  facet normal 9.830097e-01 -1.835534e-01 2.703035e-13
    outer loop
      vertex   4.021659e+01 -4.458034e+01 3.013035e+01
      vertex   4.019024e+01 -4.472146e+01 3.014071e+01
      vertex   3.860795e+01 -5.319535e+01 3.013035e+01
    endloop
  endfacet
  facet normal 9.830097e-01 -1.835534e-01 -3.055111e-13
    outer loop
      vertex   3.860795e+01 -5.319535e+01 3.013035e+01
      vertex   4.019024e+01 -4.472146e+01 3.014071e+01
      vertex   4.016444e+01 -4.485965e+01 3.017157e+01
    endloop
  endfacet
  facet normal 9.830097e-01 -1.835534e-01 1.100955e-13
    outer loop
      vertex   3.860795e+01 -5.319535e+01 3.013035e+01
      vertex   4.016444e+01 -4.485965e+01 3.017157e+01
      vertex   4.013972e+01 -4.499206e+01 3.022229e+01
    endloop
  endfacet
  facet normal 9.830097e-01 -1.835534e-01 5.473129e-14
    outer loop
      vertex   4.013972e+01 -4.499206e+01 3.022229e+01
      vertex   4.011658e+01 -4.511593e+01 3.029182e+01
      vertex   3.860795e+01 -5.319535e+01 3.013035e+01
    endloop
  endfacet
  facet normal 9.830097e-01 -1.835534e-01 -7.397959e-16
    outer loop
      vertex   3.860795e+01 -5.319535e+01 3.013035e+01
      vertex   4.011658e+01 -4.511593e+01 3.029182e+01
      vertex   3.971605e+01 -4.726098e+01 3.170967e+01
    endloop
  endfacet
  facet normal 9.830097e-01 -1.835534e-01 -6.383842e-15
    outer loop
      vertex   3.860795e+01 -5.319535e+01 3.013035e+01
      vertex   3.971605e+01 -4.726098e+01 3.170967e+01
      vertex   3.969526e+01 -4.737231e+01 3.179527e+01
    endloop
  endfacet
  facet normal 9.830097e-01 -1.835534e-01 -5.504114e-14
    outer loop
      vertex   4.131133e+01 -3.871754e+01 3.932309e+01
      vertex   4.131320e+01 -3.870754e+01 3.918077e+01
      vertex   4.236525e+01 -3.307335e+01 4.428060e+01
    endloop
  endfacet
  facet normal 9.830097e-01 -1.835534e-01 -4.089649e-15
    outer loop
      vertex   4.125044e+01 -3.904363e+01 3.179527e+01
      vertex   4.122965e+01 -3.915496e+01 3.170967e+01
      vertex   4.233775e+01 -3.322059e+01 3.013035e+01
    endloop
  endfacet
  facet normal 9.830097e-01 -1.835534e-01 2.959183e-15
    outer loop
      vertex   4.233775e+01 -3.322059e+01 3.013035e+01
      vertex   4.122965e+01 -3.915496e+01 3.170967e+01
      vertex   4.082912e+01 -4.130000e+01 3.029182e+01
    endloop
  endfacet
  facet normal 9.830097e-01 -1.835534e-01 -2.311189e-13
    outer loop
      vertex   4.233775e+01 -3.322059e+01 3.013035e+01
      vertex   4.082912e+01 -4.130000e+01 3.029182e+01
      vertex   4.080599e+01 -4.142388e+01 3.022229e+01
    endloop
  endfacet
  facet normal 9.830097e-01 -1.835534e-01 1.356443e-13
    outer loop
      vertex   4.080599e+01 -4.142388e+01 3.022229e+01
      vertex   4.078126e+01 -4.155628e+01 3.017157e+01
      vertex   4.233775e+01 -3.322059e+01 3.013035e+01
    endloop
  endfacet
  facet normal 9.830097e-01 -1.835534e-01 1.660387e-13
    outer loop
      vertex   4.233775e+01 -3.322059e+01 3.013035e+01
      vertex   4.078126e+01 -4.155628e+01 3.017157e+01
      vertex   4.075546e+01 -4.169448e+01 3.014071e+01
    endloop
  endfacet
  facet normal 9.830097e-01 -1.835534e-01 -5.088065e-13
    outer loop
      vertex   4.233775e+01 -3.322059e+01 3.013035e+01
      vertex   4.075546e+01 -4.169448e+01 3.014071e+01
      vertex   4.072911e+01 -4.183559e+01 3.013035e+01
    endloop
  endfacet
  facet normal 9.830097e-01 -1.835534e-01 5.247200e-15
    outer loop
      vertex   4.245842e+01 -3.257436e+01 4.782380e+01
      vertex   4.241871e+01 -3.278702e+01 4.787176e+01
      vertex   4.236525e+01 -3.307335e+01 4.646011e+01
    endloop
  endfacet
  facet normal 9.830097e-01 -1.835534e-01 6.967313e-15
    outer loop
      vertex   4.233775e+01 -3.322059e+01 4.791035e+01
      vertex   4.229921e+01 -3.342702e+01 4.791035e+01
      vertex   4.233775e+01 -3.322059e+01 4.647035e+01
    endloop
  endfacet
  facet normal -1.835534e-01 -9.830097e-01 -0.000000e+00
    outer loop
      vertex   3.701705e+01 -3.447527e+01 4.591035e+01
      vertex   3.701705e+01 -3.447527e+01 4.491035e+01
      vertex   4.193210e+01 -3.539304e+01 4.591035e+01
    endloop
  endfacet
  facet normal -1.835534e-01 -9.830097e-01 -0.000000e+00
    outer loop
      vertex   4.193210e+01 -3.539304e+01 4.591035e+01
      vertex   3.701705e+01 -3.447527e+01 4.491035e+01
      vertex   4.193210e+01 -3.539304e+01 4.491035e+01
    endloop
  endfacet
  facet normal -9.006538e-03 -4.823400e-02 9.987955e-01
    outer loop
      vertex   3.664995e+01 -3.644129e+01 4.291035e+01
      vertex   4.156499e+01 -3.735906e+01 4.291035e+01
      vertex   3.914345e+01 -3.670747e+01 4.291998e+01
    endloop
  endfacet
  facet normal -9.006538e-03 -4.823400e-02 9.987955e-01
    outer loop
      vertex   3.914345e+01 -3.670747e+01 4.291998e+01
      vertex   4.156499e+01 -3.735906e+01 4.291035e+01
      vertex   4.160098e+01 -3.716636e+01 4.291998e+01
    endloop
  endfacet
  facet normal -2.693288e-02 -1.442375e-01 9.891765e-01
    outer loop
      vertex   3.914345e+01 -3.670747e+01 4.291998e+01
      vertex   4.160098e+01 -3.716636e+01 4.291998e+01
      vertex   3.917909e+01 -3.651662e+01 4.294878e+01
    endloop
  endfacet
  facet normal -2.693288e-02 -1.442375e-01 9.891765e-01
    outer loop
      vertex   3.917909e+01 -3.651662e+01 4.294878e+01
      vertex   4.160098e+01 -3.716636e+01 4.291998e+01
      vertex   4.163661e+01 -3.697551e+01 4.294878e+01
    endloop
  endfacet
  facet normal -4.459984e-02 -2.388519e-01 9.700313e-01
    outer loop
      vertex   3.917909e+01 -3.651662e+01 4.294878e+01
      vertex   4.163661e+01 -3.697551e+01 4.294878e+01
      vertex   3.921404e+01 -3.632947e+01 4.299647e+01
    endloop
  endfacet
  facet normal -4.459984e-02 -2.388519e-01 9.700313e-01
    outer loop
      vertex   3.921404e+01 -3.632947e+01 4.299647e+01
      vertex   4.163661e+01 -3.697551e+01 4.294878e+01
      vertex   4.167156e+01 -3.678835e+01 4.299647e+01
    endloop
  endfacet
  facet normal -6.183728e-02 -3.311660e-01 9.415441e-01
    outer loop
      vertex   3.921404e+01 -3.632947e+01 4.299647e+01
      vertex   4.167156e+01 -3.678835e+01 4.299647e+01
      vertex   3.924796e+01 -3.614781e+01 4.306259e+01
    endloop
  endfacet
  facet normal -6.183728e-02 -3.311660e-01 9.415441e-01
    outer loop
      vertex   3.924796e+01 -3.614781e+01 4.306259e+01
      vertex   4.167156e+01 -3.678835e+01 4.299647e+01
      vertex   4.170548e+01 -3.660670e+01 4.306259e+01
    endloop
  endfacet
  facet normal -7.847919e-02 -4.202908e-01 9.039893e-01
    outer loop
      vertex   3.924796e+01 -3.614781e+01 4.306259e+01
      vertex   4.170548e+01 -3.660670e+01 4.306259e+01
      vertex   3.928052e+01 -3.597340e+01 4.314651e+01
    endloop
  endfacet
  facet normal -7.847919e-02 -4.202908e-01 9.039893e-01
    outer loop
      vertex   3.928052e+01 -3.597340e+01 4.314651e+01
      vertex   4.170548e+01 -3.660670e+01 4.306259e+01
      vertex   4.173805e+01 -3.643228e+01 4.314651e+01
    endloop
  endfacet
  facet normal -9.436531e-02 -5.053680e-01 8.577286e-01
    outer loop
      vertex   3.928052e+01 -3.597340e+01 4.314651e+01
      vertex   4.173805e+01 -3.643228e+01 4.314651e+01
      vertex   3.931142e+01 -3.580791e+01 4.324741e+01
    endloop
  endfacet
  facet normal -9.436531e-02 -5.053680e-01 8.577286e-01
    outer loop
      vertex   3.931142e+01 -3.580791e+01 4.324741e+01
      vertex   4.173805e+01 -3.643228e+01 4.314651e+01
      vertex   4.176895e+01 -3.626680e+01 4.324741e+01
    endloop
  endfacet
  facet normal -1.093426e-01 -5.855782e-01 8.032075e-01
    outer loop
      vertex   3.931142e+01 -3.580791e+01 4.324741e+01
      vertex   4.176895e+01 -3.626680e+01 4.324741e+01
      vertex   3.934036e+01 -3.565295e+01 4.336433e+01
    endloop
  endfacet
  facet normal -1.093426e-01 -5.855782e-01 8.032075e-01
    outer loop
      vertex   3.934036e+01 -3.565295e+01 4.336433e+01
      vertex   4.176895e+01 -3.626680e+01 4.324741e+01
      vertex   4.179788e+01 -3.611183e+01 4.336433e+01
    endloop
  endfacet
  facet normal -1.232669e-01 -6.601490e-01 7.409511e-01
    outer loop
      vertex   3.934036e+01 -3.565295e+01 4.336433e+01
      vertex   4.179788e+01 -3.611183e+01 4.336433e+01
      vertex   3.936705e+01 -3.550999e+01 4.349614e+01
    endloop
  endfacet
  facet normal -1.232669e-01 -6.601490e-01 7.409511e-01
    outer loop
      vertex   3.936705e+01 -3.550999e+01 4.349614e+01
      vertex   4.179788e+01 -3.611183e+01 4.336433e+01
      vertex   4.182458e+01 -3.596887e+01 4.349614e+01
    endloop
  endfacet
  facet normal -1.360041e-01 -7.283622e-01 6.715590e-01
    outer loop
      vertex   3.936705e+01 -3.550999e+01 4.349614e+01
      vertex   4.182458e+01 -3.596887e+01 4.349614e+01
      vertex   3.939125e+01 -3.538042e+01 4.364157e+01
    endloop
  endfacet
  facet normal -1.360041e-01 -7.283622e-01 6.715590e-01
    outer loop
      vertex   3.939125e+01 -3.538042e+01 4.364157e+01
      vertex   4.182458e+01 -3.596887e+01 4.349614e+01
      vertex   4.184877e+01 -3.583931e+01 4.364157e+01
    endloop
  endfacet
  facet normal -1.474315e-01 -7.895608e-01 5.956993e-01
    outer loop
      vertex   3.939125e+01 -3.538042e+01 4.364157e+01
      vertex   4.184877e+01 -3.583931e+01 4.364157e+01
      vertex   3.941271e+01 -3.526549e+01 4.379921e+01
    endloop
  endfacet
  facet normal -1.474315e-01 -7.895608e-01 5.956993e-01
    outer loop
      vertex   3.941271e+01 -3.526549e+01 4.379921e+01
      vertex   4.184877e+01 -3.583931e+01 4.364157e+01
      vertex   4.187023e+01 -3.572437e+01 4.379921e+01
    endloop
  endfacet
  facet normal -1.574390e-01 -8.431556e-01 5.141027e-01
    outer loop
      vertex   3.941271e+01 -3.526549e+01 4.379921e+01
      vertex   4.187023e+01 -3.572437e+01 4.379921e+01
      vertex   3.943123e+01 -3.516630e+01 4.396756e+01
    endloop
  endfacet
  facet normal -1.574390e-01 -8.431556e-01 5.141027e-01
    outer loop
      vertex   3.943123e+01 -3.516630e+01 4.396756e+01
      vertex   4.187023e+01 -3.572437e+01 4.379921e+01
      vertex   4.188875e+01 -3.562519e+01 4.396756e+01
    endloop
  endfacet
  facet normal -1.659303e-01 -8.886303e-01 4.275551e-01
    outer loop
      vertex   3.943123e+01 -3.516630e+01 4.396756e+01
      vertex   4.188875e+01 -3.562519e+01 4.396756e+01
      vertex   3.944663e+01 -3.508381e+01 4.414499e+01
    endloop
  endfacet
  facet normal -1.659303e-01 -8.886303e-01 4.275551e-01
    outer loop
      vertex   3.944663e+01 -3.508381e+01 4.414499e+01
      vertex   4.188875e+01 -3.562519e+01 4.396756e+01
      vertex   4.190416e+01 -3.554269e+01 4.414499e+01
    endloop
  endfacet
  facet normal -1.728236e-01 -9.255470e-01 3.368899e-01
    outer loop
      vertex   3.944663e+01 -3.508381e+01 4.414499e+01
      vertex   4.190416e+01 -3.554269e+01 4.414499e+01
      vertex   3.945877e+01 -3.501881e+01 4.432978e+01
    endloop
  endfacet
  facet normal -1.728236e-01 -9.255470e-01 3.368899e-01
    outer loop
      vertex   3.945877e+01 -3.501881e+01 4.432978e+01
      vertex   4.190416e+01 -3.554269e+01 4.414499e+01
      vertex   4.191629e+01 -3.547770e+01 4.432978e+01
    endloop
  endfacet
  facet normal -1.780525e-01 -9.535502e-01 2.429802e-01
    outer loop
      vertex   3.945877e+01 -3.501881e+01 4.432978e+01
      vertex   4.191629e+01 -3.547770e+01 4.432978e+01
      vertex   3.946752e+01 -3.497193e+01 4.452017e+01
    endloop
  endfacet
  facet normal -1.780525e-01 -9.535502e-01 2.429802e-01
    outer loop
      vertex   3.946752e+01 -3.497193e+01 4.452017e+01
      vertex   4.191629e+01 -3.547770e+01 4.432978e+01
      vertex   4.192505e+01 -3.543082e+01 4.452017e+01
    endloop
  endfacet
  facet normal -1.815667e-01 -9.723701e-01 1.467305e-01
    outer loop
      vertex   3.946752e+01 -3.497193e+01 4.452017e+01
      vertex   4.192505e+01 -3.543082e+01 4.452017e+01
      vertex   3.947281e+01 -3.494362e+01 4.471432e+01
    endloop
  endfacet
  facet normal -1.815667e-01 -9.723701e-01 1.467305e-01
    outer loop
      vertex   3.947281e+01 -3.494362e+01 4.471432e+01
      vertex   4.192505e+01 -3.543082e+01 4.452017e+01
      vertex   4.193033e+01 -3.540251e+01 4.471432e+01
    endloop
  endfacet
  facet normal -1.833323e-01 -9.818257e-01 4.906767e-02
    outer loop
      vertex   3.947281e+01 -3.494362e+01 4.471432e+01
      vertex   4.193033e+01 -3.540251e+01 4.471432e+01
      vertex   4.193210e+01 -3.539304e+01 4.491035e+01
    endloop
  endfacet
  facet normal -1.833323e-01 -9.818257e-01 4.906767e-02
    outer loop
      vertex   4.193210e+01 -3.539304e+01 4.491035e+01
      vertex   3.701705e+01 -3.447527e+01 4.491035e+01
      vertex   3.947281e+01 -3.494362e+01 4.471432e+01
    endloop
  endfacet
  facet normal -1.833323e-01 -9.818257e-01 4.906767e-02
    outer loop
      vertex   3.947281e+01 -3.494362e+01 4.471432e+01
      vertex   3.701705e+01 -3.447527e+01 4.491035e+01
      vertex   3.701528e+01 -3.448474e+01 4.471432e+01
    endloop
  endfacet
  facet normal -1.815667e-01 -9.723701e-01 1.467305e-01
    outer loop
      vertex   3.947281e+01 -3.494362e+01 4.471432e+01
      vertex   3.701528e+01 -3.448474e+01 4.471432e+01
      vertex   3.946752e+01 -3.497193e+01 4.452017e+01
    endloop
  endfacet
  facet normal -1.815667e-01 -9.723701e-01 1.467305e-01
    outer loop
      vertex   3.946752e+01 -3.497193e+01 4.452017e+01
      vertex   3.701528e+01 -3.448474e+01 4.471432e+01
      vertex   3.701000e+01 -3.451305e+01 4.452017e+01
    endloop
  endfacet
  facet normal -1.780525e-01 -9.535502e-01 2.429802e-01
    outer loop
      vertex   3.946752e+01 -3.497193e+01 4.452017e+01
      vertex   3.701000e+01 -3.451305e+01 4.452017e+01
      vertex   3.945877e+01 -3.501881e+01 4.432978e+01
    endloop
  endfacet
  facet normal -1.780525e-01 -9.535502e-01 2.429802e-01
    outer loop
      vertex   3.945877e+01 -3.501881e+01 4.432978e+01
      vertex   3.701000e+01 -3.451305e+01 4.452017e+01
      vertex   3.700124e+01 -3.455993e+01 4.432978e+01
    endloop
  endfacet
  facet normal -1.728236e-01 -9.255470e-01 3.368899e-01
    outer loop
      vertex   3.945877e+01 -3.501881e+01 4.432978e+01
      vertex   3.700124e+01 -3.455993e+01 4.432978e+01
      vertex   3.944663e+01 -3.508381e+01 4.414499e+01
    endloop
  endfacet
  facet normal -1.728236e-01 -9.255470e-01 3.368899e-01
    outer loop
      vertex   3.944663e+01 -3.508381e+01 4.414499e+01
      vertex   3.700124e+01 -3.455993e+01 4.432978e+01
      vertex   3.698911e+01 -3.462493e+01 4.414499e+01
    endloop
  endfacet
  facet normal -1.659303e-01 -8.886303e-01 4.275551e-01
    outer loop
      vertex   3.944663e+01 -3.508381e+01 4.414499e+01
      vertex   3.698911e+01 -3.462493e+01 4.414499e+01
      vertex   3.943123e+01 -3.516630e+01 4.396756e+01
    endloop
  endfacet
  facet normal -1.659303e-01 -8.886303e-01 4.275551e-01
    outer loop
      vertex   3.943123e+01 -3.516630e+01 4.396756e+01
      vertex   3.698911e+01 -3.462493e+01 4.414499e+01
      vertex   3.697370e+01 -3.470742e+01 4.396756e+01
    endloop
  endfacet
  facet normal -1.574390e-01 -8.431556e-01 5.141027e-01
    outer loop
      vertex   3.943123e+01 -3.516630e+01 4.396756e+01
      vertex   3.697370e+01 -3.470742e+01 4.396756e+01
      vertex   3.941271e+01 -3.526549e+01 4.379921e+01
    endloop
  endfacet
  facet normal -1.574390e-01 -8.431556e-01 5.141027e-01
    outer loop
      vertex   3.941271e+01 -3.526549e+01 4.379921e+01
      vertex   3.697370e+01 -3.470742e+01 4.396756e+01
      vertex   3.695518e+01 -3.480661e+01 4.379921e+01
    endloop
  endfacet
  facet normal -1.474315e-01 -7.895608e-01 5.956993e-01
    outer loop
      vertex   3.941271e+01 -3.526549e+01 4.379921e+01
      vertex   3.695518e+01 -3.480661e+01 4.379921e+01
      vertex   3.939125e+01 -3.538042e+01 4.364157e+01
    endloop
  endfacet
  facet normal -1.474315e-01 -7.895608e-01 5.956993e-01
    outer loop
      vertex   3.939125e+01 -3.538042e+01 4.364157e+01
      vertex   3.695518e+01 -3.480661e+01 4.379921e+01
      vertex   3.693372e+01 -3.492154e+01 4.364157e+01
    endloop
  endfacet
  facet normal -1.360041e-01 -7.283622e-01 6.715590e-01
    outer loop
      vertex   3.939125e+01 -3.538042e+01 4.364157e+01
      vertex   3.693372e+01 -3.492154e+01 4.364157e+01
      vertex   3.936705e+01 -3.550999e+01 4.349614e+01
    endloop
  endfacet
  facet normal -1.360041e-01 -7.283622e-01 6.715590e-01
    outer loop
      vertex   3.936705e+01 -3.550999e+01 4.349614e+01
      vertex   3.693372e+01 -3.492154e+01 4.364157e+01
      vertex   3.690953e+01 -3.505111e+01 4.349614e+01
    endloop
  endfacet
  facet normal -1.232669e-01 -6.601490e-01 7.409511e-01
    outer loop
      vertex   3.936705e+01 -3.550999e+01 4.349614e+01
      vertex   3.690953e+01 -3.505111e+01 4.349614e+01
      vertex   3.934036e+01 -3.565295e+01 4.336433e+01
    endloop
  endfacet
  facet normal -1.232669e-01 -6.601490e-01 7.409511e-01
    outer loop
      vertex   3.934036e+01 -3.565295e+01 4.336433e+01
      vertex   3.690953e+01 -3.505111e+01 4.349614e+01
      vertex   3.688284e+01 -3.519406e+01 4.336433e+01
    endloop
  endfacet
  facet normal -1.093426e-01 -5.855782e-01 8.032075e-01
    outer loop
      vertex   3.934036e+01 -3.565295e+01 4.336433e+01
      vertex   3.688284e+01 -3.519406e+01 4.336433e+01
      vertex   3.931142e+01 -3.580791e+01 4.324741e+01
    endloop
  endfacet
  facet normal -1.093426e-01 -5.855782e-01 8.032075e-01
    outer loop
      vertex   3.931142e+01 -3.580791e+01 4.324741e+01
      vertex   3.688284e+01 -3.519406e+01 4.336433e+01
      vertex   3.685390e+01 -3.534903e+01 4.324741e+01
    endloop
  endfacet
  facet normal -9.436531e-02 -5.053680e-01 8.577286e-01
    outer loop
      vertex   3.931142e+01 -3.580791e+01 4.324741e+01
      vertex   3.685390e+01 -3.534903e+01 4.324741e+01
      vertex   3.928052e+01 -3.597340e+01 4.314651e+01
    endloop
  endfacet
  facet normal -9.436531e-02 -5.053680e-01 8.577286e-01
    outer loop
      vertex   3.928052e+01 -3.597340e+01 4.314651e+01
      vertex   3.685390e+01 -3.534903e+01 4.324741e+01
      vertex   3.682300e+01 -3.551452e+01 4.314651e+01
    endloop
  endfacet
  facet normal -7.847919e-02 -4.202908e-01 9.039893e-01
    outer loop
      vertex   3.928052e+01 -3.597340e+01 4.314651e+01
      vertex   3.682300e+01 -3.551452e+01 4.314651e+01
      vertex   3.924796e+01 -3.614781e+01 4.306259e+01
    endloop
  endfacet
  facet normal -7.847919e-02 -4.202908e-01 9.039893e-01
    outer loop
      vertex   3.924796e+01 -3.614781e+01 4.306259e+01
      vertex   3.682300e+01 -3.551452e+01 4.314651e+01
      vertex   3.679043e+01 -3.568893e+01 4.306259e+01
    endloop
  endfacet
  facet normal -6.183728e-02 -3.311660e-01 9.415441e-01
    outer loop
      vertex   3.924796e+01 -3.614781e+01 4.306259e+01
      vertex   3.679043e+01 -3.568893e+01 4.306259e+01
      vertex   3.921404e+01 -3.632947e+01 4.299647e+01
    endloop
  endfacet
  facet normal -6.183728e-02 -3.311660e-01 9.415441e-01
    outer loop
      vertex   3.921404e+01 -3.632947e+01 4.299647e+01
      vertex   3.679043e+01 -3.568893e+01 4.306259e+01
      vertex   3.675651e+01 -3.587059e+01 4.299647e+01
    endloop
  endfacet
  facet normal -4.459984e-02 -2.388519e-01 9.700313e-01
    outer loop
      vertex   3.921404e+01 -3.632947e+01 4.299647e+01
      vertex   3.675651e+01 -3.587059e+01 4.299647e+01
      vertex   3.917909e+01 -3.651662e+01 4.294878e+01
    endloop
  endfacet
  facet normal -4.459984e-02 -2.388519e-01 9.700313e-01
    outer loop
      vertex   3.917909e+01 -3.651662e+01 4.294878e+01
      vertex   3.675651e+01 -3.587059e+01 4.299647e+01
      vertex   3.672156e+01 -3.605774e+01 4.294878e+01
    endloop
  endfacet
  facet normal -2.693288e-02 -1.442375e-01 9.891765e-01
    outer loop
      vertex   3.917909e+01 -3.651662e+01 4.294878e+01
      vertex   3.672156e+01 -3.605774e+01 4.294878e+01
      vertex   3.914345e+01 -3.670747e+01 4.291998e+01
    endloop
  endfacet
  facet normal -2.693288e-02 -1.442375e-01 9.891765e-01
    outer loop
      vertex   3.914345e+01 -3.670747e+01 4.291998e+01
      vertex   3.672156e+01 -3.605774e+01 4.294878e+01
      vertex   3.668593e+01 -3.624859e+01 4.291998e+01
    endloop
  endfacet
  facet normal -9.006538e-03 -4.823400e-02 9.987955e-01
    outer loop
      vertex   3.914345e+01 -3.670747e+01 4.291998e+01
      vertex   3.668593e+01 -3.624859e+01 4.291998e+01
      vertex   3.664995e+01 -3.644129e+01 4.291035e+01
    endloop
  endfacet
  facet normal 1.833323e-01 9.818257e-01 4.906767e-02
    outer loop
      vertex   3.409855e+01 -5.010513e+01 4.491035e+01
      vertex   3.901360e+01 -5.102289e+01 4.491035e+01
      vertex   3.655785e+01 -5.055454e+01 4.471432e+01
    endloop
  endfacet
  facet normal 1.833323e-01 9.818257e-01 4.906767e-02
    outer loop
      vertex   3.655785e+01 -5.055454e+01 4.471432e+01
      vertex   3.901360e+01 -5.102289e+01 4.491035e+01
      vertex   3.901537e+01 -5.101343e+01 4.471432e+01
    endloop
  endfacet
  facet normal 1.815667e-01 9.723701e-01 1.467305e-01
    outer loop
      vertex   3.655785e+01 -5.055454e+01 4.471432e+01
      vertex   3.901537e+01 -5.101343e+01 4.471432e+01
      vertex   3.656313e+01 -5.052623e+01 4.452017e+01
    endloop
  endfacet
  facet normal 1.815667e-01 9.723701e-01 1.467305e-01
    outer loop
      vertex   3.656313e+01 -5.052623e+01 4.452017e+01
      vertex   3.901537e+01 -5.101343e+01 4.471432e+01
      vertex   3.902066e+01 -5.098512e+01 4.452017e+01
    endloop
  endfacet
  facet normal 1.780525e-01 9.535502e-01 2.429802e-01
    outer loop
      vertex   3.656313e+01 -5.052623e+01 4.452017e+01
      vertex   3.902066e+01 -5.098512e+01 4.452017e+01
      vertex   3.657189e+01 -5.047936e+01 4.432978e+01
    endloop
  endfacet
  facet normal 1.780525e-01 9.535502e-01 2.429802e-01
    outer loop
      vertex   3.657189e+01 -5.047936e+01 4.432978e+01
      vertex   3.902066e+01 -5.098512e+01 4.452017e+01
      vertex   3.902941e+01 -5.093824e+01 4.432978e+01
    endloop
  endfacet
  facet normal 1.728236e-01 9.255470e-01 3.368899e-01
    outer loop
      vertex   3.657189e+01 -5.047936e+01 4.432978e+01
      vertex   3.902941e+01 -5.093824e+01 4.432978e+01
      vertex   3.658402e+01 -5.041436e+01 4.414499e+01
    endloop
  endfacet
  facet normal 1.728236e-01 9.255470e-01 3.368899e-01
    outer loop
      vertex   3.658402e+01 -5.041436e+01 4.414499e+01
      vertex   3.902941e+01 -5.093824e+01 4.432978e+01
      vertex   3.904155e+01 -5.087324e+01 4.414499e+01
    endloop
  endfacet
  facet normal 1.659303e-01 8.886303e-01 4.275551e-01
    outer loop
      vertex   3.658402e+01 -5.041436e+01 4.414499e+01
      vertex   3.904155e+01 -5.087324e+01 4.414499e+01
      vertex   3.659943e+01 -5.033187e+01 4.396756e+01
    endloop
  endfacet
  facet normal 1.659303e-01 8.886303e-01 4.275551e-01
    outer loop
      vertex   3.659943e+01 -5.033187e+01 4.396756e+01
      vertex   3.904155e+01 -5.087324e+01 4.414499e+01
      vertex   3.905695e+01 -5.079075e+01 4.396756e+01
    endloop
  endfacet
  facet normal 1.574390e-01 8.431556e-01 5.141027e-01
    outer loop
      vertex   3.659943e+01 -5.033187e+01 4.396756e+01
      vertex   3.905695e+01 -5.079075e+01 4.396756e+01
      vertex   3.661795e+01 -5.023268e+01 4.379921e+01
    endloop
  endfacet
  facet normal 1.574390e-01 8.431556e-01 5.141027e-01
    outer loop
      vertex   3.661795e+01 -5.023268e+01 4.379921e+01
      vertex   3.905695e+01 -5.079075e+01 4.396756e+01
      vertex   3.907547e+01 -5.069156e+01 4.379921e+01
    endloop
  endfacet
  facet normal 1.474315e-01 7.895608e-01 5.956993e-01
    outer loop
      vertex   3.661795e+01 -5.023268e+01 4.379921e+01
      vertex   3.907547e+01 -5.069156e+01 4.379921e+01
      vertex   3.663941e+01 -5.011775e+01 4.364157e+01
    endloop
  endfacet
  facet normal 1.474315e-01 7.895608e-01 5.956993e-01
    outer loop
      vertex   3.663941e+01 -5.011775e+01 4.364157e+01
      vertex   3.907547e+01 -5.069156e+01 4.379921e+01
      vertex   3.909693e+01 -5.057663e+01 4.364157e+01
    endloop
  endfacet
  facet normal 1.360041e-01 7.283622e-01 6.715590e-01
    outer loop
      vertex   3.663941e+01 -5.011775e+01 4.364157e+01
      vertex   3.909693e+01 -5.057663e+01 4.364157e+01
      vertex   3.666360e+01 -4.998818e+01 4.349614e+01
    endloop
  endfacet
  facet normal 1.360041e-01 7.283622e-01 6.715590e-01
    outer loop
      vertex   3.666360e+01 -4.998818e+01 4.349614e+01
      vertex   3.909693e+01 -5.057663e+01 4.364157e+01
      vertex   3.912113e+01 -5.044706e+01 4.349614e+01
    endloop
  endfacet
  facet normal 1.232669e-01 6.601490e-01 7.409511e-01
    outer loop
      vertex   3.666360e+01 -4.998818e+01 4.349614e+01
      vertex   3.912113e+01 -5.044706e+01 4.349614e+01
      vertex   3.669029e+01 -4.984522e+01 4.336433e+01
    endloop
  endfacet
  facet normal 1.232669e-01 6.601490e-01 7.409511e-01
    outer loop
      vertex   3.669029e+01 -4.984522e+01 4.336433e+01
      vertex   3.912113e+01 -5.044706e+01 4.349614e+01
      vertex   3.914782e+01 -5.030410e+01 4.336433e+01
    endloop
  endfacet
  facet normal 1.093426e-01 5.855782e-01 8.032075e-01
    outer loop
      vertex   3.669029e+01 -4.984522e+01 4.336433e+01
      vertex   3.914782e+01 -5.030410e+01 4.336433e+01
      vertex   3.671923e+01 -4.969025e+01 4.324741e+01
    endloop
  endfacet
  facet normal 1.093426e-01 5.855782e-01 8.032075e-01
    outer loop
      vertex   3.671923e+01 -4.969025e+01 4.324741e+01
      vertex   3.914782e+01 -5.030410e+01 4.336433e+01
      vertex   3.917676e+01 -5.014914e+01 4.324741e+01
    endloop
  endfacet
  facet normal 9.436531e-02 5.053680e-01 8.577286e-01
    outer loop
      vertex   3.671923e+01 -4.969025e+01 4.324741e+01
      vertex   3.917676e+01 -5.014914e+01 4.324741e+01
      vertex   3.675013e+01 -4.952477e+01 4.314651e+01
    endloop
  endfacet
  facet normal 9.436531e-02 5.053680e-01 8.577286e-01
    outer loop
      vertex   3.675013e+01 -4.952477e+01 4.314651e+01
      vertex   3.917676e+01 -5.014914e+01 4.324741e+01
      vertex   3.920766e+01 -4.998365e+01 4.314651e+01
    endloop
  endfacet
  facet normal 7.847919e-02 4.202908e-01 9.039893e-01
    outer loop
      vertex   3.675013e+01 -4.952477e+01 4.314651e+01
      vertex   3.920766e+01 -4.998365e+01 4.314651e+01
      vertex   3.678270e+01 -4.935036e+01 4.306259e+01
    endloop
  endfacet
  facet normal 7.847919e-02 4.202908e-01 9.039893e-01
    outer loop
      vertex   3.678270e+01 -4.935036e+01 4.306259e+01
      vertex   3.920766e+01 -4.998365e+01 4.314651e+01
      vertex   3.924022e+01 -4.980924e+01 4.306259e+01
    endloop
  endfacet
  facet normal 6.183728e-02 3.311660e-01 9.415441e-01
    outer loop
      vertex   3.678270e+01 -4.935036e+01 4.306259e+01
      vertex   3.924022e+01 -4.980924e+01 4.306259e+01
      vertex   3.681662e+01 -4.916870e+01 4.299647e+01
    endloop
  endfacet
  facet normal 6.183728e-02 3.311660e-01 9.415441e-01
    outer loop
      vertex   3.681662e+01 -4.916870e+01 4.299647e+01
      vertex   3.924022e+01 -4.980924e+01 4.306259e+01
      vertex   3.927414e+01 -4.962758e+01 4.299647e+01
    endloop
  endfacet
  facet normal 4.459984e-02 2.388519e-01 9.700313e-01
    outer loop
      vertex   3.681662e+01 -4.916870e+01 4.299647e+01
      vertex   3.927414e+01 -4.962758e+01 4.299647e+01
      vertex   3.685157e+01 -4.898154e+01 4.294878e+01
    endloop
  endfacet
  facet normal 4.459984e-02 2.388519e-01 9.700313e-01
    outer loop
      vertex   3.685157e+01 -4.898154e+01 4.294878e+01
      vertex   3.927414e+01 -4.962758e+01 4.299647e+01
      vertex   3.930909e+01 -4.944043e+01 4.294878e+01
    endloop
  endfacet
  facet normal 2.693288e-02 1.442375e-01 9.891765e-01
    outer loop
      vertex   3.685157e+01 -4.898154e+01 4.294878e+01
      vertex   3.930909e+01 -4.944043e+01 4.294878e+01
      vertex   3.688720e+01 -4.879070e+01 4.291998e+01
    endloop
  endfacet
  facet normal 2.693288e-02 1.442375e-01 9.891765e-01
    outer loop
      vertex   3.688720e+01 -4.879070e+01 4.291998e+01
      vertex   3.930909e+01 -4.944043e+01 4.294878e+01
      vertex   3.934473e+01 -4.924958e+01 4.291998e+01
    endloop
  endfacet
  facet normal 9.006538e-03 4.823400e-02 9.987955e-01
    outer loop
      vertex   3.688720e+01 -4.879070e+01 4.291998e+01
      vertex   3.934473e+01 -4.924958e+01 4.291998e+01
      vertex   3.938071e+01 -4.905688e+01 4.291035e+01
    endloop
  endfacet
  facet normal 9.006538e-03 4.823400e-02 9.987955e-01
    outer loop
      vertex   3.938071e+01 -4.905688e+01 4.291035e+01
      vertex   3.446566e+01 -4.813911e+01 4.291035e+01
      vertex   3.688720e+01 -4.879070e+01 4.291998e+01
    endloop
  endfacet
  facet normal 9.006538e-03 4.823400e-02 9.987955e-01
    outer loop
      vertex   3.688720e+01 -4.879070e+01 4.291998e+01
      vertex   3.446566e+01 -4.813911e+01 4.291035e+01
      vertex   3.442968e+01 -4.833181e+01 4.291998e+01
    endloop
  endfacet
  facet normal 2.693288e-02 1.442375e-01 9.891765e-01
    outer loop
      vertex   3.688720e+01 -4.879070e+01 4.291998e+01
      vertex   3.442968e+01 -4.833181e+01 4.291998e+01
      vertex   3.685157e+01 -4.898154e+01 4.294878e+01
    endloop
  endfacet
  facet normal 2.693288e-02 1.442375e-01 9.891765e-01
    outer loop
      vertex   3.685157e+01 -4.898154e+01 4.294878e+01
      vertex   3.442968e+01 -4.833181e+01 4.291998e+01
      vertex   3.439404e+01 -4.852266e+01 4.294878e+01
    endloop
  endfacet
  facet normal 4.459984e-02 2.388519e-01 9.700313e-01
    outer loop
      vertex   3.685157e+01 -4.898154e+01 4.294878e+01
      vertex   3.439404e+01 -4.852266e+01 4.294878e+01
      vertex   3.681662e+01 -4.916870e+01 4.299647e+01
    endloop
  endfacet
  facet normal 4.459984e-02 2.388519e-01 9.700313e-01
    outer loop
      vertex   3.681662e+01 -4.916870e+01 4.299647e+01
      vertex   3.439404e+01 -4.852266e+01 4.294878e+01
      vertex   3.435909e+01 -4.870981e+01 4.299647e+01
    endloop
  endfacet
  facet normal 6.183728e-02 3.311660e-01 9.415441e-01
    outer loop
      vertex   3.681662e+01 -4.916870e+01 4.299647e+01
      vertex   3.435909e+01 -4.870981e+01 4.299647e+01
      vertex   3.678270e+01 -4.935036e+01 4.306259e+01
    endloop
  endfacet
  facet normal 6.183728e-02 3.311660e-01 9.415441e-01
    outer loop
      vertex   3.678270e+01 -4.935036e+01 4.306259e+01
      vertex   3.435909e+01 -4.870981e+01 4.299647e+01
      vertex   3.432517e+01 -4.889147e+01 4.306259e+01
    endloop
  endfacet
  facet normal 7.847919e-02 4.202908e-01 9.039893e-01
    outer loop
      vertex   3.678270e+01 -4.935036e+01 4.306259e+01
      vertex   3.432517e+01 -4.889147e+01 4.306259e+01
      vertex   3.675013e+01 -4.952477e+01 4.314651e+01
    endloop
  endfacet
  facet normal 7.847919e-02 4.202908e-01 9.039893e-01
    outer loop
      vertex   3.675013e+01 -4.952477e+01 4.314651e+01
      vertex   3.432517e+01 -4.889147e+01 4.306259e+01
      vertex   3.429261e+01 -4.906588e+01 4.314651e+01
    endloop
  endfacet
  facet normal 9.436531e-02 5.053680e-01 8.577286e-01
    outer loop
      vertex   3.675013e+01 -4.952477e+01 4.314651e+01
      vertex   3.429261e+01 -4.906588e+01 4.314651e+01
      vertex   3.671923e+01 -4.969025e+01 4.324741e+01
    endloop
  endfacet
  facet normal 9.436531e-02 5.053680e-01 8.577286e-01
    outer loop
      vertex   3.671923e+01 -4.969025e+01 4.324741e+01
      vertex   3.429261e+01 -4.906588e+01 4.314651e+01
      vertex   3.426171e+01 -4.923137e+01 4.324741e+01
    endloop
  endfacet
  facet normal 1.093426e-01 5.855782e-01 8.032075e-01
    outer loop
      vertex   3.671923e+01 -4.969025e+01 4.324741e+01
      vertex   3.426171e+01 -4.923137e+01 4.324741e+01
      vertex   3.669029e+01 -4.984522e+01 4.336433e+01
    endloop
  endfacet
  facet normal 1.093426e-01 5.855782e-01 8.032075e-01
    outer loop
      vertex   3.669029e+01 -4.984522e+01 4.336433e+01
      vertex   3.426171e+01 -4.923137e+01 4.324741e+01
      vertex   3.423277e+01 -4.938634e+01 4.336433e+01
    endloop
  endfacet
  facet normal 1.232669e-01 6.601490e-01 7.409511e-01
    outer loop
      vertex   3.669029e+01 -4.984522e+01 4.336433e+01
      vertex   3.423277e+01 -4.938634e+01 4.336433e+01
      vertex   3.666360e+01 -4.998818e+01 4.349614e+01
    endloop
  endfacet
  facet normal 1.232669e-01 6.601490e-01 7.409511e-01
    outer loop
      vertex   3.666360e+01 -4.998818e+01 4.349614e+01
      vertex   3.423277e+01 -4.938634e+01 4.336433e+01
      vertex   3.420608e+01 -4.952929e+01 4.349614e+01
    endloop
  endfacet
  facet normal 1.360041e-01 7.283622e-01 6.715590e-01
    outer loop
      vertex   3.666360e+01 -4.998818e+01 4.349614e+01
      vertex   3.420608e+01 -4.952929e+01 4.349614e+01
      vertex   3.663941e+01 -5.011775e+01 4.364157e+01
    endloop
  endfacet
  facet normal 1.360041e-01 7.283622e-01 6.715590e-01
    outer loop
      vertex   3.663941e+01 -5.011775e+01 4.364157e+01
      vertex   3.420608e+01 -4.952929e+01 4.349614e+01
      vertex   3.418188e+01 -4.965886e+01 4.364157e+01
    endloop
  endfacet
  facet normal 1.474315e-01 7.895608e-01 5.956993e-01
    outer loop
      vertex   3.663941e+01 -5.011775e+01 4.364157e+01
      vertex   3.418188e+01 -4.965886e+01 4.364157e+01
      vertex   3.661795e+01 -5.023268e+01 4.379921e+01
    endloop
  endfacet
  facet normal 1.474315e-01 7.895608e-01 5.956993e-01
    outer loop
      vertex   3.661795e+01 -5.023268e+01 4.379921e+01
      vertex   3.418188e+01 -4.965886e+01 4.364157e+01
      vertex   3.416042e+01 -4.977379e+01 4.379921e+01
    endloop
  endfacet
  facet normal 1.574390e-01 8.431556e-01 5.141027e-01
    outer loop
      vertex   3.661795e+01 -5.023268e+01 4.379921e+01
      vertex   3.416042e+01 -4.977379e+01 4.379921e+01
      vertex   3.659943e+01 -5.033187e+01 4.396756e+01
    endloop
  endfacet
  facet normal 1.574390e-01 8.431556e-01 5.141027e-01
    outer loop
      vertex   3.659943e+01 -5.033187e+01 4.396756e+01
      vertex   3.416042e+01 -4.977379e+01 4.379921e+01
      vertex   3.414190e+01 -4.987298e+01 4.396756e+01
    endloop
  endfacet
  facet normal 1.659303e-01 8.886303e-01 4.275551e-01
    outer loop
      vertex   3.659943e+01 -5.033187e+01 4.396756e+01
      vertex   3.414190e+01 -4.987298e+01 4.396756e+01
      vertex   3.658402e+01 -5.041436e+01 4.414499e+01
    endloop
  endfacet
  facet normal 1.659303e-01 8.886303e-01 4.275551e-01
    outer loop
      vertex   3.658402e+01 -5.041436e+01 4.414499e+01
      vertex   3.414190e+01 -4.987298e+01 4.396756e+01
      vertex   3.412650e+01 -4.995547e+01 4.414499e+01
    endloop
  endfacet
  facet normal 1.728236e-01 9.255470e-01 3.368899e-01
    outer loop
      vertex   3.658402e+01 -5.041436e+01 4.414499e+01
      vertex   3.412650e+01 -4.995547e+01 4.414499e+01
      vertex   3.657189e+01 -5.047936e+01 4.432978e+01
    endloop
  endfacet
  facet normal 1.728236e-01 9.255470e-01 3.368899e-01
    outer loop
      vertex   3.657189e+01 -5.047936e+01 4.432978e+01
      vertex   3.412650e+01 -4.995547e+01 4.414499e+01
      vertex   3.411436e+01 -5.002047e+01 4.432978e+01
    endloop
  endfacet
  facet normal 1.780525e-01 9.535502e-01 2.429802e-01
    outer loop
      vertex   3.657189e+01 -5.047936e+01 4.432978e+01
      vertex   3.411436e+01 -5.002047e+01 4.432978e+01
      vertex   3.656313e+01 -5.052623e+01 4.452017e+01
    endloop
  endfacet
  facet normal 1.780525e-01 9.535502e-01 2.429802e-01
    outer loop
      vertex   3.656313e+01 -5.052623e+01 4.452017e+01
      vertex   3.411436e+01 -5.002047e+01 4.432978e+01
      vertex   3.410561e+01 -5.006735e+01 4.452017e+01
    endloop
  endfacet
  facet normal 1.815667e-01 9.723701e-01 1.467305e-01
    outer loop
      vertex   3.656313e+01 -5.052623e+01 4.452017e+01
      vertex   3.410561e+01 -5.006735e+01 4.452017e+01
      vertex   3.655785e+01 -5.055454e+01 4.471432e+01
    endloop
  endfacet
  facet normal 1.815667e-01 9.723701e-01 1.467305e-01
    outer loop
      vertex   3.655785e+01 -5.055454e+01 4.471432e+01
      vertex   3.410561e+01 -5.006735e+01 4.452017e+01
      vertex   3.410032e+01 -5.009566e+01 4.471432e+01
    endloop
  endfacet
  facet normal 1.833323e-01 9.818257e-01 4.906767e-02
    outer loop
      vertex   3.655785e+01 -5.055454e+01 4.471432e+01
      vertex   3.410032e+01 -5.009566e+01 4.471432e+01
      vertex   3.409855e+01 -5.010513e+01 4.491035e+01
    endloop
  endfacet
  facet normal 1.396941e-15 -2.608451e-16 1.000000e+00
    outer loop
      vertex   3.664995e+01 -3.644129e+01 4.291035e+01
      vertex   3.446566e+01 -4.813911e+01 4.291035e+01
      vertex   4.156499e+01 -3.735906e+01 4.291035e+01
    endloop
  endfacet
  facet normal 1.396941e-15 -2.608451e-16 1.000000e+00
    outer loop
      vertex   4.156499e+01 -3.735906e+01 4.291035e+01
      vertex   3.446566e+01 -4.813911e+01 4.291035e+01
      vertex   3.938071e+01 -4.905688e+01 4.291035e+01
    endloop
  endfacet
  facet normal 1.833323e-01 9.818257e-01 4.906767e-02
    outer loop
      vertex   3.901360e+01 -5.102289e+01 4.591035e+01
      vertex   3.409855e+01 -5.010513e+01 4.591035e+01
      vertex   3.655431e+01 -5.057348e+01 4.610639e+01
    endloop
  endfacet
  facet normal 1.833323e-01 9.818257e-01 4.906767e-02
    outer loop
      vertex   3.655431e+01 -5.057348e+01 4.610639e+01
      vertex   3.409855e+01 -5.010513e+01 4.591035e+01
      vertex   3.409679e+01 -5.011459e+01 4.610639e+01
    endloop
  endfacet
  facet normal 1.815667e-01 9.723701e-01 1.467305e-01
    outer loop
      vertex   3.655431e+01 -5.057348e+01 4.610639e+01
      vertex   3.409679e+01 -5.011459e+01 4.610639e+01
      vertex   3.654902e+01 -5.060179e+01 4.630053e+01
    endloop
  endfacet
  facet normal 1.815667e-01 9.723701e-01 1.467305e-01
    outer loop
      vertex   3.654902e+01 -5.060179e+01 4.630053e+01
      vertex   3.409679e+01 -5.011459e+01 4.610639e+01
      vertex   3.409150e+01 -5.014290e+01 4.630053e+01
    endloop
  endfacet
  facet normal 1.780525e-01 9.535502e-01 2.429802e-01
    outer loop
      vertex   3.654902e+01 -5.060179e+01 4.630053e+01
      vertex   3.409150e+01 -5.014290e+01 4.630053e+01
      vertex   3.654027e+01 -5.064867e+01 4.649092e+01
    endloop
  endfacet
  facet normal 1.780525e-01 9.535502e-01 2.429802e-01
    outer loop
      vertex   3.654027e+01 -5.064867e+01 4.649092e+01
      vertex   3.409150e+01 -5.014290e+01 4.630053e+01
      vertex   3.408275e+01 -5.018978e+01 4.649092e+01
    endloop
  endfacet
  facet normal 1.728236e-01 9.255470e-01 3.368899e-01
    outer loop
      vertex   3.654027e+01 -5.064867e+01 4.649092e+01
      vertex   3.408275e+01 -5.018978e+01 4.649092e+01
      vertex   3.652813e+01 -5.071367e+01 4.667572e+01
    endloop
  endfacet
  facet normal 1.728236e-01 9.255470e-01 3.368899e-01
    outer loop
      vertex   3.652813e+01 -5.071367e+01 4.667572e+01
      vertex   3.408275e+01 -5.018978e+01 4.649092e+01
      vertex   3.407061e+01 -5.025478e+01 4.667572e+01
    endloop
  endfacet
  facet normal 1.659303e-01 8.886303e-01 4.275551e-01
    outer loop
      vertex   3.652813e+01 -5.071367e+01 4.667572e+01
      vertex   3.407061e+01 -5.025478e+01 4.667572e+01
      vertex   3.651273e+01 -5.079616e+01 4.685315e+01
    endloop
  endfacet
  facet normal 1.659303e-01 8.886303e-01 4.275551e-01
    outer loop
      vertex   3.651273e+01 -5.079616e+01 4.685315e+01
      vertex   3.407061e+01 -5.025478e+01 4.667572e+01
      vertex   3.405521e+01 -5.033727e+01 4.685315e+01
    endloop
  endfacet
  facet normal 1.574390e-01 8.431556e-01 5.141027e-01
    outer loop
      vertex   3.651273e+01 -5.079616e+01 4.685315e+01
      vertex   3.405521e+01 -5.033727e+01 4.685315e+01
      vertex   3.649421e+01 -5.089535e+01 4.702149e+01
    endloop
  endfacet
  facet normal 1.574390e-01 8.431556e-01 5.141027e-01
    outer loop
      vertex   3.649421e+01 -5.089535e+01 4.702149e+01
      vertex   3.405521e+01 -5.033727e+01 4.685315e+01
      vertex   3.403668e+01 -5.043646e+01 4.702149e+01
    endloop
  endfacet
  facet normal 1.474315e-01 7.895608e-01 5.956993e-01
    outer loop
      vertex   3.649421e+01 -5.089535e+01 4.702149e+01
      vertex   3.403668e+01 -5.043646e+01 4.702149e+01
      vertex   3.647275e+01 -5.101028e+01 4.717914e+01
    endloop
  endfacet
  facet normal 1.474315e-01 7.895608e-01 5.956993e-01
    outer loop
      vertex   3.647275e+01 -5.101028e+01 4.717914e+01
      vertex   3.403668e+01 -5.043646e+01 4.702149e+01
      vertex   3.401522e+01 -5.055139e+01 4.717914e+01
    endloop
  endfacet
  facet normal 1.360041e-01 7.283622e-01 6.715590e-01
    outer loop
      vertex   3.647275e+01 -5.101028e+01 4.717914e+01
      vertex   3.401522e+01 -5.055139e+01 4.717914e+01
      vertex   3.644855e+01 -5.113985e+01 4.732457e+01
    endloop
  endfacet
  facet normal 1.360041e-01 7.283622e-01 6.715590e-01
    outer loop
      vertex   3.644855e+01 -5.113985e+01 4.732457e+01
      vertex   3.401522e+01 -5.055139e+01 4.717914e+01
      vertex   3.399103e+01 -5.068096e+01 4.732457e+01
    endloop
  endfacet
  facet normal 1.232669e-01 6.601490e-01 7.409511e-01
    outer loop
      vertex   3.644855e+01 -5.113985e+01 4.732457e+01
      vertex   3.399103e+01 -5.068096e+01 4.732457e+01
      vertex   3.642186e+01 -5.128280e+01 4.745637e+01
    endloop
  endfacet
  facet normal 1.232669e-01 6.601490e-01 7.409511e-01
    outer loop
      vertex   3.642186e+01 -5.128280e+01 4.745637e+01
      vertex   3.399103e+01 -5.068096e+01 4.732457e+01
      vertex   3.396434e+01 -5.082392e+01 4.745637e+01
    endloop
  endfacet
  facet normal 1.093426e-01 5.855782e-01 8.032075e-01
    outer loop
      vertex   3.642186e+01 -5.128280e+01 4.745637e+01
      vertex   3.396434e+01 -5.082392e+01 4.745637e+01
      vertex   3.639292e+01 -5.143777e+01 4.757329e+01
    endloop
  endfacet
  facet normal 1.093426e-01 5.855782e-01 8.032075e-01
    outer loop
      vertex   3.639292e+01 -5.143777e+01 4.757329e+01
      vertex   3.396434e+01 -5.082392e+01 4.745637e+01
      vertex   3.393540e+01 -5.097889e+01 4.757329e+01
    endloop
  endfacet
  facet normal 9.436531e-02 5.053680e-01 8.577286e-01
    outer loop
      vertex   3.639292e+01 -5.143777e+01 4.757329e+01
      vertex   3.393540e+01 -5.097889e+01 4.757329e+01
      vertex   3.636202e+01 -5.160326e+01 4.767419e+01
    endloop
  endfacet
  facet normal 9.436531e-02 5.053680e-01 8.577286e-01
    outer loop
      vertex   3.636202e+01 -5.160326e+01 4.767419e+01
      vertex   3.393540e+01 -5.097889e+01 4.757329e+01
      vertex   3.390450e+01 -5.114437e+01 4.767419e+01
    endloop
  endfacet
  facet normal 7.847919e-02 4.202908e-01 9.039893e-01
    outer loop
      vertex   3.636202e+01 -5.160326e+01 4.767419e+01
      vertex   3.390450e+01 -5.114437e+01 4.767419e+01
      vertex   3.632946e+01 -5.177767e+01 4.775811e+01
    endloop
  endfacet
  facet normal 7.847919e-02 4.202908e-01 9.039893e-01
    outer loop
      vertex   3.632946e+01 -5.177767e+01 4.775811e+01
      vertex   3.390450e+01 -5.114437e+01 4.767419e+01
      vertex   3.387193e+01 -5.131878e+01 4.775811e+01
    endloop
  endfacet
  facet normal 6.183728e-02 3.311660e-01 9.415441e-01
    outer loop
      vertex   3.632946e+01 -5.177767e+01 4.775811e+01
      vertex   3.387193e+01 -5.131878e+01 4.775811e+01
      vertex   3.629554e+01 -5.195933e+01 4.782423e+01
    endloop
  endfacet
  facet normal 6.183728e-02 3.311660e-01 9.415441e-01
    outer loop
      vertex   3.629554e+01 -5.195933e+01 4.782423e+01
      vertex   3.387193e+01 -5.131878e+01 4.775811e+01
      vertex   3.383801e+01 -5.150044e+01 4.782423e+01
    endloop
  endfacet
  facet normal 4.459984e-02 2.388519e-01 9.700313e-01
    outer loop
      vertex   3.629554e+01 -5.195933e+01 4.782423e+01
      vertex   3.383801e+01 -5.150044e+01 4.782423e+01
      vertex   3.626059e+01 -5.214648e+01 4.787192e+01
    endloop
  endfacet
  facet normal 4.459984e-02 2.388519e-01 9.700313e-01
    outer loop
      vertex   3.626059e+01 -5.214648e+01 4.787192e+01
      vertex   3.383801e+01 -5.150044e+01 4.782423e+01
      vertex   3.380307e+01 -5.168760e+01 4.787192e+01
    endloop
  endfacet
  facet normal 2.693288e-02 1.442375e-01 9.891765e-01
    outer loop
      vertex   3.626059e+01 -5.214648e+01 4.787192e+01
      vertex   3.380307e+01 -5.168760e+01 4.787192e+01
      vertex   3.622495e+01 -5.233733e+01 4.790072e+01
    endloop
  endfacet
  facet normal 2.693288e-02 1.442375e-01 9.891765e-01
    outer loop
      vertex   3.622495e+01 -5.233733e+01 4.790072e+01
      vertex   3.380307e+01 -5.168760e+01 4.787192e+01
      vertex   3.376743e+01 -5.187844e+01 4.790072e+01
    endloop
  endfacet
  facet normal 9.006538e-03 4.823400e-02 9.987955e-01
    outer loop
      vertex   3.622495e+01 -5.233733e+01 4.790072e+01
      vertex   3.376743e+01 -5.187844e+01 4.790072e+01
      vertex   3.373145e+01 -5.207115e+01 4.791035e+01
    endloop
  endfacet
  facet normal 9.006538e-03 4.823400e-02 9.987955e-01
    outer loop
      vertex   3.373145e+01 -5.207115e+01 4.791035e+01
      vertex   3.864650e+01 -5.298891e+01 4.791035e+01
      vertex   3.622495e+01 -5.233733e+01 4.790072e+01
    endloop
  endfacet
  facet normal 9.006538e-03 4.823400e-02 9.987955e-01
    outer loop
      vertex   3.622495e+01 -5.233733e+01 4.790072e+01
      vertex   3.864650e+01 -5.298891e+01 4.791035e+01
      vertex   3.868248e+01 -5.279621e+01 4.790072e+01
    endloop
  endfacet
  facet normal 2.693288e-02 1.442375e-01 9.891765e-01
    outer loop
      vertex   3.622495e+01 -5.233733e+01 4.790072e+01
      vertex   3.868248e+01 -5.279621e+01 4.790072e+01
      vertex   3.626059e+01 -5.214648e+01 4.787192e+01
    endloop
  endfacet
  facet normal 2.693288e-02 1.442375e-01 9.891765e-01
    outer loop
      vertex   3.626059e+01 -5.214648e+01 4.787192e+01
      vertex   3.868248e+01 -5.279621e+01 4.790072e+01
      vertex   3.871811e+01 -5.260536e+01 4.787192e+01
    endloop
  endfacet
  facet normal 4.459984e-02 2.388519e-01 9.700313e-01
    outer loop
      vertex   3.626059e+01 -5.214648e+01 4.787192e+01
      vertex   3.871811e+01 -5.260536e+01 4.787192e+01
      vertex   3.629554e+01 -5.195933e+01 4.782423e+01
    endloop
  endfacet
  facet normal 4.459984e-02 2.388519e-01 9.700313e-01
    outer loop
      vertex   3.629554e+01 -5.195933e+01 4.782423e+01
      vertex   3.871811e+01 -5.260536e+01 4.787192e+01
      vertex   3.875306e+01 -5.241821e+01 4.782423e+01
    endloop
  endfacet
  facet normal 6.183728e-02 3.311660e-01 9.415441e-01
    outer loop
      vertex   3.629554e+01 -5.195933e+01 4.782423e+01
      vertex   3.875306e+01 -5.241821e+01 4.782423e+01
      vertex   3.632946e+01 -5.177767e+01 4.775811e+01
    endloop
  endfacet
  facet normal 6.183728e-02 3.311660e-01 9.415441e-01
    outer loop
      vertex   3.632946e+01 -5.177767e+01 4.775811e+01
      vertex   3.875306e+01 -5.241821e+01 4.782423e+01
      vertex   3.878698e+01 -5.223655e+01 4.775811e+01
    endloop
  endfacet
  facet normal 7.847919e-02 4.202908e-01 9.039893e-01
    outer loop
      vertex   3.632946e+01 -5.177767e+01 4.775811e+01
      vertex   3.878698e+01 -5.223655e+01 4.775811e+01
      vertex   3.636202e+01 -5.160326e+01 4.767419e+01
    endloop
  endfacet
  facet normal 7.847919e-02 4.202908e-01 9.039893e-01
    outer loop
      vertex   3.636202e+01 -5.160326e+01 4.767419e+01
      vertex   3.878698e+01 -5.223655e+01 4.775811e+01
      vertex   3.881955e+01 -5.206214e+01 4.767419e+01
    endloop
  endfacet
  facet normal 9.436531e-02 5.053680e-01 8.577286e-01
    outer loop
      vertex   3.636202e+01 -5.160326e+01 4.767419e+01
      vertex   3.881955e+01 -5.206214e+01 4.767419e+01
      vertex   3.639292e+01 -5.143777e+01 4.757329e+01
    endloop
  endfacet
  facet normal 9.436531e-02 5.053680e-01 8.577286e-01
    outer loop
      vertex   3.639292e+01 -5.143777e+01 4.757329e+01
      vertex   3.881955e+01 -5.206214e+01 4.767419e+01
      vertex   3.885045e+01 -5.189665e+01 4.757329e+01
    endloop
  endfacet
  facet normal 1.093426e-01 5.855782e-01 8.032075e-01
    outer loop
      vertex   3.639292e+01 -5.143777e+01 4.757329e+01
      vertex   3.885045e+01 -5.189665e+01 4.757329e+01
      vertex   3.642186e+01 -5.128280e+01 4.745637e+01
    endloop
  endfacet
  facet normal 1.093426e-01 5.855782e-01 8.032075e-01
    outer loop
      vertex   3.642186e+01 -5.128280e+01 4.745637e+01
      vertex   3.885045e+01 -5.189665e+01 4.757329e+01
      vertex   3.887939e+01 -5.174168e+01 4.745637e+01
    endloop
  endfacet
  facet normal 1.232669e-01 6.601490e-01 7.409511e-01
    outer loop
      vertex   3.642186e+01 -5.128280e+01 4.745637e+01
      vertex   3.887939e+01 -5.174168e+01 4.745637e+01
      vertex   3.644855e+01 -5.113985e+01 4.732457e+01
    endloop
  endfacet
  facet normal 1.232669e-01 6.601490e-01 7.409511e-01
    outer loop
      vertex   3.644855e+01 -5.113985e+01 4.732457e+01
      vertex   3.887939e+01 -5.174168e+01 4.745637e+01
      vertex   3.890608e+01 -5.159873e+01 4.732457e+01
    endloop
  endfacet
  facet normal 1.360041e-01 7.283622e-01 6.715590e-01
    outer loop
      vertex   3.644855e+01 -5.113985e+01 4.732457e+01
      vertex   3.890608e+01 -5.159873e+01 4.732457e+01
      vertex   3.647275e+01 -5.101028e+01 4.717914e+01
    endloop
  endfacet
  facet normal 1.360041e-01 7.283622e-01 6.715590e-01
    outer loop
      vertex   3.647275e+01 -5.101028e+01 4.717914e+01
      vertex   3.890608e+01 -5.159873e+01 4.732457e+01
      vertex   3.893027e+01 -5.146916e+01 4.717914e+01
    endloop
  endfacet
  facet normal 1.474315e-01 7.895608e-01 5.956993e-01
    outer loop
      vertex   3.647275e+01 -5.101028e+01 4.717914e+01
      vertex   3.893027e+01 -5.146916e+01 4.717914e+01
      vertex   3.649421e+01 -5.089535e+01 4.702149e+01
    endloop
  endfacet
  facet normal 1.474315e-01 7.895608e-01 5.956993e-01
    outer loop
      vertex   3.649421e+01 -5.089535e+01 4.702149e+01
      vertex   3.893027e+01 -5.146916e+01 4.717914e+01
      vertex   3.895173e+01 -5.135423e+01 4.702149e+01
    endloop
  endfacet
  facet normal 1.574390e-01 8.431556e-01 5.141027e-01
    outer loop
      vertex   3.649421e+01 -5.089535e+01 4.702149e+01
      vertex   3.895173e+01 -5.135423e+01 4.702149e+01
      vertex   3.651273e+01 -5.079616e+01 4.685315e+01
    endloop
  endfacet
  facet normal 1.574390e-01 8.431556e-01 5.141027e-01
    outer loop
      vertex   3.651273e+01 -5.079616e+01 4.685315e+01
      vertex   3.895173e+01 -5.135423e+01 4.702149e+01
      vertex   3.897025e+01 -5.125504e+01 4.685315e+01
    endloop
  endfacet
  facet normal 1.659303e-01 8.886303e-01 4.275551e-01
    outer loop
      vertex   3.651273e+01 -5.079616e+01 4.685315e+01
      vertex   3.897025e+01 -5.125504e+01 4.685315e+01
      vertex   3.652813e+01 -5.071367e+01 4.667572e+01
    endloop
  endfacet
  facet normal 1.659303e-01 8.886303e-01 4.275551e-01
    outer loop
      vertex   3.652813e+01 -5.071367e+01 4.667572e+01
      vertex   3.897025e+01 -5.125504e+01 4.685315e+01
      vertex   3.898566e+01 -5.117255e+01 4.667572e+01
    endloop
  endfacet
  facet normal 1.728236e-01 9.255470e-01 3.368899e-01
    outer loop
      vertex   3.652813e+01 -5.071367e+01 4.667572e+01
      vertex   3.898566e+01 -5.117255e+01 4.667572e+01
      vertex   3.654027e+01 -5.064867e+01 4.649092e+01
    endloop
  endfacet
  facet normal 1.728236e-01 9.255470e-01 3.368899e-01
    outer loop
      vertex   3.654027e+01 -5.064867e+01 4.649092e+01
      vertex   3.898566e+01 -5.117255e+01 4.667572e+01
      vertex   3.899779e+01 -5.110755e+01 4.649092e+01
    endloop
  endfacet
  facet normal 1.780525e-01 9.535502e-01 2.429802e-01
    outer loop
      vertex   3.654027e+01 -5.064867e+01 4.649092e+01
      vertex   3.899779e+01 -5.110755e+01 4.649092e+01
      vertex   3.654902e+01 -5.060179e+01 4.630053e+01
    endloop
  endfacet
  facet normal 1.780525e-01 9.535502e-01 2.429802e-01
    outer loop
      vertex   3.654902e+01 -5.060179e+01 4.630053e+01
      vertex   3.899779e+01 -5.110755e+01 4.649092e+01
      vertex   3.900655e+01 -5.106067e+01 4.630053e+01
    endloop
  endfacet
  facet normal 1.815667e-01 9.723701e-01 1.467305e-01
    outer loop
      vertex   3.654902e+01 -5.060179e+01 4.630053e+01
      vertex   3.900655e+01 -5.106067e+01 4.630053e+01
      vertex   3.655431e+01 -5.057348e+01 4.610639e+01
    endloop
  endfacet
  facet normal 1.815667e-01 9.723701e-01 1.467305e-01
    outer loop
      vertex   3.655431e+01 -5.057348e+01 4.610639e+01
      vertex   3.900655e+01 -5.106067e+01 4.630053e+01
      vertex   3.901183e+01 -5.103236e+01 4.610639e+01
    endloop
  endfacet
  facet normal 1.833323e-01 9.818257e-01 4.906767e-02
    outer loop
      vertex   3.655431e+01 -5.057348e+01 4.610639e+01
      vertex   3.901183e+01 -5.103236e+01 4.610639e+01
      vertex   3.901360e+01 -5.102289e+01 4.591035e+01
    endloop
  endfacet
  facet normal -6.210594e-15 -3.326048e-14 1.000000e+00
    outer loop
      vertex   3.373145e+01 -5.207115e+01 4.791035e+01
      vertex   3.369290e+01 -5.227758e+01 4.791035e+01
      vertex   3.864650e+01 -5.298891e+01 4.791035e+01
    endloop
  endfacet
  facet normal -6.210594e-15 -3.326048e-14 1.000000e+00
    outer loop
      vertex   3.864650e+01 -5.298891e+01 4.791035e+01
      vertex   3.369290e+01 -5.227758e+01 4.791035e+01
      vertex   3.860795e+01 -5.319535e+01 4.791035e+01
    endloop
  endfacet
  facet normal 1.835534e-01 9.830097e-01 -0.000000e+00
    outer loop
      vertex   3.409855e+01 -5.010513e+01 4.491035e+01
      vertex   3.409855e+01 -5.010513e+01 4.591035e+01
      vertex   3.901360e+01 -5.102289e+01 4.491035e+01
    endloop
  endfacet
  facet normal 1.835534e-01 9.830097e-01 -0.000000e+00
    outer loop
      vertex   3.901360e+01 -5.102289e+01 4.491035e+01
      vertex   3.409855e+01 -5.010513e+01 4.591035e+01
      vertex   3.901360e+01 -5.102289e+01 4.591035e+01
    endloop
  endfacet
  facet normal 0.000000e+00 -0.000000e+00 1.000000e+00
    outer loop
      vertex   4.229921e+01 -3.342702e+01 4.791035e+01
      vertex   4.233775e+01 -3.322059e+01 4.791035e+01
      vertex   3.738416e+01 -3.250925e+01 4.791035e+01
    endloop
  endfacet
  facet normal -0.000000e+00 0.000000e+00 1.000000e+00
    outer loop
      vertex   3.738416e+01 -3.250925e+01 4.791035e+01
      vertex   4.233775e+01 -3.322059e+01 4.791035e+01
      vertex   3.742271e+01 -3.230282e+01 4.791035e+01
    endloop
  endfacet
  facet normal -1.835534e-01 -9.830097e-01 -1.053092e-15
    outer loop
      vertex   3.963250e+01 -4.770840e+01 3.918077e+01
      vertex   3.963250e+01 -4.770840e+01 3.254820e+01
      vertex   7.403785e+01 -5.413277e+01 3.918077e+01
    endloop
  endfacet
  facet normal -1.835534e-01 -9.830097e-01 -1.053092e-15
    outer loop
      vertex   7.403785e+01 -5.413277e+01 3.918077e+01
      vertex   3.963250e+01 -4.770840e+01 3.254820e+01
      vertex   7.403785e+01 -5.413277e+01 3.254820e+01
    endloop
  endfacet
  facet normal 1.835534e-01 9.830097e-01 -0.000000e+00
    outer loop
      vertex   4.131320e+01 -3.870754e+01 3.254820e+01
      vertex   4.131320e+01 -3.870754e+01 3.918077e+01
      vertex   7.571854e+01 -4.513191e+01 3.254820e+01
    endloop
  endfacet
  facet normal 1.835534e-01 9.830097e-01 -3.932790e-16
    outer loop
      vertex   7.571854e+01 -4.513191e+01 3.254820e+01
      vertex   4.131320e+01 -3.870754e+01 3.918077e+01
      vertex   7.571854e+01 -4.513191e+01 3.918077e+01
    endloop
  endfacet
  facet normal 1.252613e-02 6.708296e-02 -9.976688e-01
    outer loop
      vertex   3.858046e+01 -5.334258e+01 3.376011e+01
      vertex   3.612293e+01 -5.288370e+01 3.376011e+01
      vertex   3.860795e+01 -5.319535e+01 3.377035e+01
    endloop
  endfacet
  facet normal 1.252613e-02 6.708296e-02 -9.976688e-01
    outer loop
      vertex   3.860795e+01 -5.319535e+01 3.377035e+01
      vertex   3.612293e+01 -5.288370e+01 3.376011e+01
      vertex   3.615042e+01 -5.273646e+01 3.377035e+01
    endloop
  endfacet
  facet normal -1.252613e-02 -6.708296e-02 -9.976688e-01
    outer loop
      vertex   3.860795e+01 -5.319535e+01 3.377035e+01
      vertex   3.615042e+01 -5.273646e+01 3.377035e+01
      vertex   3.863544e+01 -5.304811e+01 3.376011e+01
    endloop
  endfacet
  facet normal -1.252613e-02 -6.708296e-02 -9.976688e-01
    outer loop
      vertex   3.863544e+01 -5.304811e+01 3.376011e+01
      vertex   3.615042e+01 -5.273646e+01 3.377035e+01
      vertex   3.617792e+01 -5.258922e+01 3.376011e+01
    endloop
  endfacet
  facet normal -3.734504e-02 -1.999992e-01 -9.790841e-01
    outer loop
      vertex   3.863544e+01 -5.304811e+01 3.376011e+01
      vertex   3.617792e+01 -5.258922e+01 3.376011e+01
      vertex   3.866242e+01 -5.290361e+01 3.372956e+01
    endloop
  endfacet
  facet normal -3.734504e-02 -1.999992e-01 -9.790841e-01
    outer loop
      vertex   3.866242e+01 -5.290361e+01 3.372956e+01
      vertex   3.617792e+01 -5.258922e+01 3.376011e+01
      vertex   3.620490e+01 -5.244473e+01 3.372956e+01
    endloop
  endfacet
  facet normal -6.146829e-02 -3.291899e-01 -9.422609e-01
    outer loop
      vertex   3.866242e+01 -5.290361e+01 3.372956e+01
      vertex   3.620490e+01 -5.244473e+01 3.372956e+01
      vertex   3.868839e+01 -5.276455e+01 3.367928e+01
    endloop
  endfacet
  facet normal -6.146829e-02 -3.291899e-01 -9.422609e-01
    outer loop
      vertex   3.868839e+01 -5.276455e+01 3.367928e+01
      vertex   3.620490e+01 -5.244473e+01 3.372956e+01
      vertex   3.623087e+01 -5.230567e+01 3.367928e+01
    endloop
  endfacet
  facet normal -8.444650e-02 -4.522484e-01 -8.878852e-01
    outer loop
      vertex   3.868839e+01 -5.276455e+01 3.367928e+01
      vertex   3.623087e+01 -5.230567e+01 3.367928e+01
      vertex   3.871286e+01 -5.263351e+01 3.361021e+01
    endloop
  endfacet
  facet normal -8.444650e-02 -4.522484e-01 -8.878852e-01
    outer loop
      vertex   3.871286e+01 -5.263351e+01 3.361021e+01
      vertex   3.623087e+01 -5.230567e+01 3.367928e+01
      vertex   3.625533e+01 -5.217463e+01 3.361021e+01
    endloop
  endfacet
  facet normal -1.058516e-01 -5.668824e-01 -8.169699e-01
    outer loop
      vertex   3.871286e+01 -5.263351e+01 3.361021e+01
      vertex   3.625533e+01 -5.217463e+01 3.361021e+01
      vertex   3.873537e+01 -5.251294e+01 3.352363e+01
    endloop
  endfacet
  facet normal -1.058516e-01 -5.668824e-01 -8.169699e-01
    outer loop
      vertex   3.873537e+01 -5.251294e+01 3.352363e+01
      vertex   3.625533e+01 -5.217463e+01 3.361021e+01
      vertex   3.627785e+01 -5.205406e+01 3.352363e+01
    endloop
  endfacet
  facet normal -1.252849e-01 -6.709564e-01 -7.308360e-01
    outer loop
      vertex   3.873537e+01 -5.251294e+01 3.352363e+01
      vertex   3.627785e+01 -5.205406e+01 3.352363e+01
      vertex   3.875551e+01 -5.240509e+01 3.342116e+01
    endloop
  endfacet
  facet normal -1.252849e-01 -6.709564e-01 -7.308360e-01
    outer loop
      vertex   3.875551e+01 -5.240509e+01 3.342116e+01
      vertex   3.627785e+01 -5.205406e+01 3.352363e+01
      vertex   3.629799e+01 -5.194620e+01 3.342116e+01
    endloop
  endfacet
  facet normal -1.423844e-01 -7.625318e-01 -6.310879e-01
    outer loop
      vertex   3.875551e+01 -5.240509e+01 3.342116e+01
      vertex   3.629799e+01 -5.194620e+01 3.342116e+01
      vertex   3.877290e+01 -5.231195e+01 3.330470e+01
    endloop
  endfacet
  facet normal -1.423844e-01 -7.625318e-01 -6.310879e-01
    outer loop
      vertex   3.877290e+01 -5.231195e+01 3.330470e+01
      vertex   3.629799e+01 -5.194620e+01 3.342116e+01
      vertex   3.631538e+01 -5.185306e+01 3.330470e+01
    endloop
  endfacet
  facet normal -1.568316e-01 -8.399026e-01 -5.195840e-01
    outer loop
      vertex   3.877290e+01 -5.231195e+01 3.330470e+01
      vertex   3.631538e+01 -5.185306e+01 3.330470e+01
      vertex   3.878722e+01 -5.223527e+01 3.317642e+01
    endloop
  endfacet
  facet normal -1.568316e-01 -8.399026e-01 -5.195840e-01
    outer loop
      vertex   3.878722e+01 -5.223527e+01 3.317642e+01
      vertex   3.631538e+01 -5.185306e+01 3.330470e+01
      vertex   3.632970e+01 -5.177638e+01 3.317642e+01
    endloop
  endfacet
  facet normal -1.683573e-01 -9.016276e-01 -3.984011e-01
    outer loop
      vertex   3.878722e+01 -5.223527e+01 3.317642e+01
      vertex   3.632970e+01 -5.177638e+01 3.317642e+01
      vertex   3.879820e+01 -5.217647e+01 3.303872e+01
    endloop
  endfacet
  facet normal -1.683573e-01 -9.016276e-01 -3.984011e-01
    outer loop
      vertex   3.879820e+01 -5.217647e+01 3.303872e+01
      vertex   3.632970e+01 -5.177638e+01 3.317642e+01
      vertex   3.634068e+01 -5.171759e+01 3.303872e+01
    endloop
  endfacet
  facet normal -1.767467e-01 -9.465571e-01 -2.697968e-01
    outer loop
      vertex   3.879820e+01 -5.217647e+01 3.303872e+01
      vertex   3.634068e+01 -5.171759e+01 3.303872e+01
      vertex   3.880563e+01 -5.213665e+01 3.289415e+01
    endloop
  endfacet
  facet normal -1.767467e-01 -9.465571e-01 -2.697968e-01
    outer loop
      vertex   3.880563e+01 -5.213665e+01 3.289415e+01
      vertex   3.634068e+01 -5.171759e+01 3.303872e+01
      vertex   3.634811e+01 -5.167777e+01 3.289415e+01
    endloop
  endfacet
  facet normal -1.818438e-01 -9.738539e-01 -1.361666e-01
    outer loop
      vertex   3.880563e+01 -5.213665e+01 3.289415e+01
      vertex   3.634811e+01 -5.167777e+01 3.289415e+01
      vertex   3.880939e+01 -5.211656e+01 3.274542e+01
    endloop
  endfacet
  facet normal -1.818438e-01 -9.738539e-01 -1.361666e-01
    outer loop
      vertex   3.880939e+01 -5.211656e+01 3.274542e+01
      vertex   3.634811e+01 -5.167777e+01 3.289415e+01
      vertex   3.635186e+01 -5.165767e+01 3.274542e+01
    endloop
  endfacet
  facet normal -1.835534e-01 -9.830097e-01 -0.000000e+00
    outer loop
      vertex   3.880939e+01 -5.211656e+01 3.274542e+01
      vertex   3.635186e+01 -5.165767e+01 3.274542e+01
      vertex   3.880939e+01 -5.211656e+01 3.259529e+01
    endloop
  endfacet
  facet normal -1.835534e-01 -9.830097e-01 0.000000e+00
    outer loop
      vertex   3.880939e+01 -5.211656e+01 3.259529e+01
      vertex   3.635186e+01 -5.165767e+01 3.274542e+01
      vertex   3.635186e+01 -5.165767e+01 3.259529e+01
    endloop
  endfacet
  facet normal -1.818438e-01 -9.738539e-01 1.361666e-01
    outer loop
      vertex   3.880939e+01 -5.211656e+01 3.259529e+01
      vertex   3.635186e+01 -5.165767e+01 3.259529e+01
      vertex   3.880563e+01 -5.213665e+01 3.244655e+01
    endloop
  endfacet
  facet normal -1.818438e-01 -9.738539e-01 1.361666e-01
    outer loop
      vertex   3.880563e+01 -5.213665e+01 3.244655e+01
      vertex   3.635186e+01 -5.165767e+01 3.259529e+01
      vertex   3.634811e+01 -5.167777e+01 3.244655e+01
    endloop
  endfacet
  facet normal -1.767467e-01 -9.465571e-01 2.697968e-01
    outer loop
      vertex   3.880563e+01 -5.213665e+01 3.244655e+01
      vertex   3.634811e+01 -5.167777e+01 3.244655e+01
      vertex   3.879820e+01 -5.217647e+01 3.230198e+01
    endloop
  endfacet
  facet normal -1.767467e-01 -9.465571e-01 2.697968e-01
    outer loop
      vertex   3.879820e+01 -5.217647e+01 3.230198e+01
      vertex   3.634811e+01 -5.167777e+01 3.244655e+01
      vertex   3.634068e+01 -5.171759e+01 3.230198e+01
    endloop
  endfacet
  facet normal -1.683573e-01 -9.016276e-01 3.984011e-01
    outer loop
      vertex   3.879820e+01 -5.217647e+01 3.230198e+01
      vertex   3.634068e+01 -5.171759e+01 3.230198e+01
      vertex   3.878722e+01 -5.223527e+01 3.216428e+01
    endloop
  endfacet
  facet normal -1.683573e-01 -9.016276e-01 3.984011e-01
    outer loop
      vertex   3.878722e+01 -5.223527e+01 3.216428e+01
      vertex   3.634068e+01 -5.171759e+01 3.230198e+01
      vertex   3.632970e+01 -5.177638e+01 3.216428e+01
    endloop
  endfacet
  facet normal -1.568316e-01 -8.399026e-01 5.195840e-01
    outer loop
      vertex   3.878722e+01 -5.223527e+01 3.216428e+01
      vertex   3.632970e+01 -5.177638e+01 3.216428e+01
      vertex   3.877290e+01 -5.231195e+01 3.203600e+01
    endloop
  endfacet
  facet normal -1.568316e-01 -8.399026e-01 5.195840e-01
    outer loop
      vertex   3.877290e+01 -5.231195e+01 3.203600e+01
      vertex   3.632970e+01 -5.177638e+01 3.216428e+01
      vertex   3.631538e+01 -5.185306e+01 3.203600e+01
    endloop
  endfacet
  facet normal -1.423844e-01 -7.625318e-01 6.310879e-01
    outer loop
      vertex   3.877290e+01 -5.231195e+01 3.203600e+01
      vertex   3.631538e+01 -5.185306e+01 3.203600e+01
      vertex   3.875551e+01 -5.240509e+01 3.191954e+01
    endloop
  endfacet
  facet normal -1.423844e-01 -7.625318e-01 6.310879e-01
    outer loop
      vertex   3.875551e+01 -5.240509e+01 3.191954e+01
      vertex   3.631538e+01 -5.185306e+01 3.203600e+01
      vertex   3.629799e+01 -5.194620e+01 3.191954e+01
    endloop
  endfacet
  facet normal -1.252849e-01 -6.709564e-01 7.308360e-01
    outer loop
      vertex   3.875551e+01 -5.240509e+01 3.191954e+01
      vertex   3.629799e+01 -5.194620e+01 3.191954e+01
      vertex   3.873537e+01 -5.251294e+01 3.181707e+01
    endloop
  endfacet
  facet normal -1.252849e-01 -6.709564e-01 7.308360e-01
    outer loop
      vertex   3.873537e+01 -5.251294e+01 3.181707e+01
      vertex   3.629799e+01 -5.194620e+01 3.191954e+01
      vertex   3.627785e+01 -5.205406e+01 3.181707e+01
    endloop
  endfacet
  facet normal -1.058516e-01 -5.668824e-01 8.169699e-01
    outer loop
      vertex   3.873537e+01 -5.251294e+01 3.181707e+01
      vertex   3.627785e+01 -5.205406e+01 3.181707e+01
      vertex   3.871286e+01 -5.263351e+01 3.173049e+01
    endloop
  endfacet
  facet normal -1.058516e-01 -5.668824e-01 8.169699e-01
    outer loop
      vertex   3.871286e+01 -5.263351e+01 3.173049e+01
      vertex   3.627785e+01 -5.205406e+01 3.181707e+01
      vertex   3.625533e+01 -5.217463e+01 3.173049e+01
    endloop
  endfacet
  facet normal -8.444650e-02 -4.522484e-01 8.878852e-01
    outer loop
      vertex   3.871286e+01 -5.263351e+01 3.173049e+01
      vertex   3.625533e+01 -5.217463e+01 3.173049e+01
      vertex   3.868839e+01 -5.276455e+01 3.166142e+01
    endloop
  endfacet
  facet normal -8.444650e-02 -4.522484e-01 8.878852e-01
    outer loop
      vertex   3.868839e+01 -5.276455e+01 3.166142e+01
      vertex   3.625533e+01 -5.217463e+01 3.173049e+01
      vertex   3.623087e+01 -5.230567e+01 3.166142e+01
    endloop
  endfacet
  facet normal -6.146829e-02 -3.291899e-01 9.422609e-01
    outer loop
      vertex   3.868839e+01 -5.276455e+01 3.166142e+01
      vertex   3.623087e+01 -5.230567e+01 3.166142e+01
      vertex   3.866242e+01 -5.290361e+01 3.161114e+01
    endloop
  endfacet
  facet normal -6.146829e-02 -3.291899e-01 9.422609e-01
    outer loop
      vertex   3.866242e+01 -5.290361e+01 3.161114e+01
      vertex   3.623087e+01 -5.230567e+01 3.166142e+01
      vertex   3.620490e+01 -5.244473e+01 3.161114e+01
    endloop
  endfacet
  facet normal -3.734504e-02 -1.999992e-01 9.790841e-01
    outer loop
      vertex   3.866242e+01 -5.290361e+01 3.161114e+01
      vertex   3.620490e+01 -5.244473e+01 3.161114e+01
      vertex   3.863544e+01 -5.304811e+01 3.158060e+01
    endloop
  endfacet
  facet normal -3.734504e-02 -1.999992e-01 9.790841e-01
    outer loop
      vertex   3.863544e+01 -5.304811e+01 3.158060e+01
      vertex   3.620490e+01 -5.244473e+01 3.161114e+01
      vertex   3.617792e+01 -5.258922e+01 3.158060e+01
    endloop
  endfacet
  facet normal -1.252613e-02 -6.708296e-02 9.976688e-01
    outer loop
      vertex   3.863544e+01 -5.304811e+01 3.158060e+01
      vertex   3.617792e+01 -5.258922e+01 3.158060e+01
      vertex   3.860795e+01 -5.319535e+01 3.157035e+01
    endloop
  endfacet
  facet normal -1.252613e-02 -6.708296e-02 9.976688e-01
    outer loop
      vertex   3.860795e+01 -5.319535e+01 3.157035e+01
      vertex   3.617792e+01 -5.258922e+01 3.158060e+01
      vertex   3.615042e+01 -5.273646e+01 3.157035e+01
    endloop
  endfacet
  facet normal 1.252613e-02 6.708296e-02 9.976688e-01
    outer loop
      vertex   3.860795e+01 -5.319535e+01 3.157035e+01
      vertex   3.615042e+01 -5.273646e+01 3.157035e+01
      vertex   3.858046e+01 -5.334258e+01 3.158060e+01
    endloop
  endfacet
  facet normal 1.252613e-02 6.708296e-02 9.976688e-01
    outer loop
      vertex   3.858046e+01 -5.334258e+01 3.158060e+01
      vertex   3.615042e+01 -5.273646e+01 3.157035e+01
      vertex   3.612293e+01 -5.288370e+01 3.158060e+01
    endloop
  endfacet
  facet normal 3.734504e-02 1.999992e-01 9.790841e-01
    outer loop
      vertex   3.858046e+01 -5.334258e+01 3.158060e+01
      vertex   3.612293e+01 -5.288370e+01 3.158060e+01
      vertex   3.855347e+01 -5.348708e+01 3.161114e+01
    endloop
  endfacet
  facet normal 3.734504e-02 1.999992e-01 9.790841e-01
    outer loop
      vertex   3.855347e+01 -5.348708e+01 3.161114e+01
      vertex   3.612293e+01 -5.288370e+01 3.158060e+01
      vertex   3.609595e+01 -5.302820e+01 3.161114e+01
    endloop
  endfacet
  facet normal 6.146829e-02 3.291899e-01 9.422609e-01
    outer loop
      vertex   3.855347e+01 -5.348708e+01 3.161114e+01
      vertex   3.609595e+01 -5.302820e+01 3.161114e+01
      vertex   3.852751e+01 -5.362614e+01 3.166142e+01
    endloop
  endfacet
  facet normal 6.146829e-02 3.291899e-01 9.422609e-01
    outer loop
      vertex   3.852751e+01 -5.362614e+01 3.166142e+01
      vertex   3.609595e+01 -5.302820e+01 3.161114e+01
      vertex   3.606998e+01 -5.316726e+01 3.166142e+01
    endloop
  endfacet
  facet normal 8.444650e-02 4.522484e-01 8.878852e-01
    outer loop
      vertex   3.852751e+01 -5.362614e+01 3.166142e+01
      vertex   3.606998e+01 -5.316726e+01 3.166142e+01
      vertex   3.850304e+01 -5.375718e+01 3.173049e+01
    endloop
  endfacet
  facet normal 8.444650e-02 4.522484e-01 8.878852e-01
    outer loop
      vertex   3.850304e+01 -5.375718e+01 3.173049e+01
      vertex   3.606998e+01 -5.316726e+01 3.166142e+01
      vertex   3.604552e+01 -5.329829e+01 3.173049e+01
    endloop
  endfacet
  facet normal 1.058516e-01 5.668824e-01 8.169699e-01
    outer loop
      vertex   3.850304e+01 -5.375718e+01 3.173049e+01
      vertex   3.604552e+01 -5.329829e+01 3.173049e+01
      vertex   3.848053e+01 -5.387775e+01 3.181707e+01
    endloop
  endfacet
  facet normal 1.058516e-01 5.668824e-01 8.169699e-01
    outer loop
      vertex   3.848053e+01 -5.387775e+01 3.181707e+01
      vertex   3.604552e+01 -5.329829e+01 3.173049e+01
      vertex   3.602300e+01 -5.341887e+01 3.181707e+01
    endloop
  endfacet
  facet normal 1.252849e-01 6.709564e-01 7.308360e-01
    outer loop
      vertex   3.848053e+01 -5.387775e+01 3.181707e+01
      vertex   3.602300e+01 -5.341887e+01 3.181707e+01
      vertex   3.846039e+01 -5.398561e+01 3.191954e+01
    endloop
  endfacet
  facet normal 1.252849e-01 6.709564e-01 7.308360e-01
    outer loop
      vertex   3.846039e+01 -5.398561e+01 3.191954e+01
      vertex   3.602300e+01 -5.341887e+01 3.181707e+01
      vertex   3.600286e+01 -5.352672e+01 3.191954e+01
    endloop
  endfacet
  facet normal 1.423844e-01 7.625318e-01 6.310879e-01
    outer loop
      vertex   3.846039e+01 -5.398561e+01 3.191954e+01
      vertex   3.600286e+01 -5.352672e+01 3.191954e+01
      vertex   3.844300e+01 -5.407874e+01 3.203600e+01
    endloop
  endfacet
  facet normal 1.423844e-01 7.625318e-01 6.310879e-01
    outer loop
      vertex   3.844300e+01 -5.407874e+01 3.203600e+01
      vertex   3.600286e+01 -5.352672e+01 3.191954e+01
      vertex   3.598547e+01 -5.361986e+01 3.203600e+01
    endloop
  endfacet
  facet normal 1.568316e-01 8.399026e-01 5.195840e-01
    outer loop
      vertex   3.844300e+01 -5.407874e+01 3.203600e+01
      vertex   3.598547e+01 -5.361986e+01 3.203600e+01
      vertex   3.842868e+01 -5.415543e+01 3.216428e+01
    endloop
  endfacet
  facet normal 1.568316e-01 8.399026e-01 5.195840e-01
    outer loop
      vertex   3.842868e+01 -5.415543e+01 3.216428e+01
      vertex   3.598547e+01 -5.361986e+01 3.203600e+01
      vertex   3.597115e+01 -5.369654e+01 3.216428e+01
    endloop
  endfacet
  facet normal 1.683573e-01 9.016276e-01 3.984011e-01
    outer loop
      vertex   3.842868e+01 -5.415543e+01 3.216428e+01
      vertex   3.597115e+01 -5.369654e+01 3.216428e+01
      vertex   3.841770e+01 -5.421422e+01 3.230198e+01
    endloop
  endfacet
  facet normal 1.683573e-01 9.016276e-01 3.984011e-01
    outer loop
      vertex   3.841770e+01 -5.421422e+01 3.230198e+01
      vertex   3.597115e+01 -5.369654e+01 3.216428e+01
      vertex   3.596017e+01 -5.375534e+01 3.230198e+01
    endloop
  endfacet
  facet normal 1.767467e-01 9.465571e-01 2.697968e-01
    outer loop
      vertex   3.841770e+01 -5.421422e+01 3.230198e+01
      vertex   3.596017e+01 -5.375534e+01 3.230198e+01
      vertex   3.841026e+01 -5.425404e+01 3.244655e+01
    endloop
  endfacet
  facet normal 1.767467e-01 9.465571e-01 2.697968e-01
    outer loop
      vertex   3.841026e+01 -5.425404e+01 3.244655e+01
      vertex   3.596017e+01 -5.375534e+01 3.230198e+01
      vertex   3.595274e+01 -5.379516e+01 3.244655e+01
    endloop
  endfacet
  facet normal 1.818438e-01 9.738539e-01 1.361666e-01
    outer loop
      vertex   3.841026e+01 -5.425404e+01 3.244655e+01
      vertex   3.595274e+01 -5.379516e+01 3.244655e+01
      vertex   3.840651e+01 -5.427414e+01 3.259529e+01
    endloop
  endfacet
  facet normal 1.818438e-01 9.738539e-01 1.361666e-01
    outer loop
      vertex   3.840651e+01 -5.427414e+01 3.259529e+01
      vertex   3.595274e+01 -5.379516e+01 3.244655e+01
      vertex   3.594899e+01 -5.381525e+01 3.259529e+01
    endloop
  endfacet
  facet normal 1.835534e-01 9.830097e-01 -0.000000e+00
    outer loop
      vertex   3.840651e+01 -5.427414e+01 3.259529e+01
      vertex   3.594899e+01 -5.381525e+01 3.259529e+01
      vertex   3.840651e+01 -5.427414e+01 3.274542e+01
    endloop
  endfacet
  facet normal 1.835534e-01 9.830097e-01 0.000000e+00
    outer loop
      vertex   3.840651e+01 -5.427414e+01 3.274542e+01
      vertex   3.594899e+01 -5.381525e+01 3.259529e+01
      vertex   3.594899e+01 -5.381525e+01 3.274542e+01
    endloop
  endfacet
  facet normal 1.818438e-01 9.738539e-01 -1.361666e-01
    outer loop
      vertex   3.840651e+01 -5.427414e+01 3.274542e+01
      vertex   3.594899e+01 -5.381525e+01 3.274542e+01
      vertex   3.841026e+01 -5.425404e+01 3.289415e+01
    endloop
  endfacet
  facet normal 1.818438e-01 9.738539e-01 -1.361666e-01
    outer loop
      vertex   3.841026e+01 -5.425404e+01 3.289415e+01
      vertex   3.594899e+01 -5.381525e+01 3.274542e+01
      vertex   3.595274e+01 -5.379516e+01 3.289415e+01
    endloop
  endfacet
  facet normal 1.767467e-01 9.465571e-01 -2.697968e-01
    outer loop
      vertex   3.841026e+01 -5.425404e+01 3.289415e+01
      vertex   3.595274e+01 -5.379516e+01 3.289415e+01
      vertex   3.841770e+01 -5.421422e+01 3.303872e+01
    endloop
  endfacet
  facet normal 1.767467e-01 9.465571e-01 -2.697968e-01
    outer loop
      vertex   3.841770e+01 -5.421422e+01 3.303872e+01
      vertex   3.595274e+01 -5.379516e+01 3.289415e+01
      vertex   3.596017e+01 -5.375534e+01 3.303872e+01
    endloop
  endfacet
  facet normal 1.683573e-01 9.016276e-01 -3.984011e-01
    outer loop
      vertex   3.841770e+01 -5.421422e+01 3.303872e+01
      vertex   3.596017e+01 -5.375534e+01 3.303872e+01
      vertex   3.842868e+01 -5.415543e+01 3.317642e+01
    endloop
  endfacet
  facet normal 1.683573e-01 9.016276e-01 -3.984011e-01
    outer loop
      vertex   3.842868e+01 -5.415543e+01 3.317642e+01
      vertex   3.596017e+01 -5.375534e+01 3.303872e+01
      vertex   3.597115e+01 -5.369654e+01 3.317642e+01
    endloop
  endfacet
  facet normal 1.568316e-01 8.399026e-01 -5.195840e-01
    outer loop
      vertex   3.842868e+01 -5.415543e+01 3.317642e+01
      vertex   3.597115e+01 -5.369654e+01 3.317642e+01
      vertex   3.844300e+01 -5.407874e+01 3.330470e+01
    endloop
  endfacet
  facet normal 1.568316e-01 8.399026e-01 -5.195840e-01
    outer loop
      vertex   3.844300e+01 -5.407874e+01 3.330470e+01
      vertex   3.597115e+01 -5.369654e+01 3.317642e+01
      vertex   3.598547e+01 -5.361986e+01 3.330470e+01
    endloop
  endfacet
  facet normal 1.423844e-01 7.625318e-01 -6.310879e-01
    outer loop
      vertex   3.844300e+01 -5.407874e+01 3.330470e+01
      vertex   3.598547e+01 -5.361986e+01 3.330470e+01
      vertex   3.846039e+01 -5.398561e+01 3.342116e+01
    endloop
  endfacet
  facet normal 1.423844e-01 7.625318e-01 -6.310879e-01
    outer loop
      vertex   3.846039e+01 -5.398561e+01 3.342116e+01
      vertex   3.598547e+01 -5.361986e+01 3.330470e+01
      vertex   3.600286e+01 -5.352672e+01 3.342116e+01
    endloop
  endfacet
  facet normal 1.252849e-01 6.709564e-01 -7.308360e-01
    outer loop
      vertex   3.846039e+01 -5.398561e+01 3.342116e+01
      vertex   3.600286e+01 -5.352672e+01 3.342116e+01
      vertex   3.848053e+01 -5.387775e+01 3.352363e+01
    endloop
  endfacet
  facet normal 1.252849e-01 6.709564e-01 -7.308360e-01
    outer loop
      vertex   3.848053e+01 -5.387775e+01 3.352363e+01
      vertex   3.600286e+01 -5.352672e+01 3.342116e+01
      vertex   3.602300e+01 -5.341887e+01 3.352363e+01
    endloop
  endfacet
  facet normal 1.058516e-01 5.668824e-01 -8.169699e-01
    outer loop
      vertex   3.848053e+01 -5.387775e+01 3.352363e+01
      vertex   3.602300e+01 -5.341887e+01 3.352363e+01
      vertex   3.850304e+01 -5.375718e+01 3.361021e+01
    endloop
  endfacet
  facet normal 1.058516e-01 5.668824e-01 -8.169699e-01
    outer loop
      vertex   3.850304e+01 -5.375718e+01 3.361021e+01
      vertex   3.602300e+01 -5.341887e+01 3.352363e+01
      vertex   3.604552e+01 -5.329829e+01 3.361021e+01
    endloop
  endfacet
  facet normal 8.444650e-02 4.522484e-01 -8.878852e-01
    outer loop
      vertex   3.850304e+01 -5.375718e+01 3.361021e+01
      vertex   3.604552e+01 -5.329829e+01 3.361021e+01
      vertex   3.852751e+01 -5.362614e+01 3.367928e+01
    endloop
  endfacet
  facet normal 8.444650e-02 4.522484e-01 -8.878852e-01
    outer loop
      vertex   3.852751e+01 -5.362614e+01 3.367928e+01
      vertex   3.604552e+01 -5.329829e+01 3.361021e+01
      vertex   3.606998e+01 -5.316726e+01 3.367928e+01
    endloop
  endfacet
  facet normal 6.146829e-02 3.291899e-01 -9.422609e-01
    outer loop
      vertex   3.852751e+01 -5.362614e+01 3.367928e+01
      vertex   3.606998e+01 -5.316726e+01 3.367928e+01
      vertex   3.855347e+01 -5.348708e+01 3.372956e+01
    endloop
  endfacet
  facet normal 6.146829e-02 3.291899e-01 -9.422609e-01
    outer loop
      vertex   3.855347e+01 -5.348708e+01 3.372956e+01
      vertex   3.606998e+01 -5.316726e+01 3.367928e+01
      vertex   3.609595e+01 -5.302820e+01 3.372956e+01
    endloop
  endfacet
  facet normal 3.734504e-02 1.999992e-01 -9.790841e-01
    outer loop
      vertex   3.855347e+01 -5.348708e+01 3.372956e+01
      vertex   3.609595e+01 -5.302820e+01 3.372956e+01
      vertex   3.858046e+01 -5.334258e+01 3.376011e+01
    endloop
  endfacet
  facet normal 3.734504e-02 1.999992e-01 -9.790841e-01
    outer loop
      vertex   3.858046e+01 -5.334258e+01 3.376011e+01
      vertex   3.609595e+01 -5.302820e+01 3.372956e+01
      vertex   3.612293e+01 -5.288370e+01 3.376011e+01
    endloop
  endfacet
  facet normal -1.252613e-02 -6.708296e-02 -9.976688e-01
    outer loop
      vertex   3.372039e+01 -5.213034e+01 3.376011e+01
      vertex   3.617792e+01 -5.258922e+01 3.376011e+01
      vertex   3.369290e+01 -5.227758e+01 3.377035e+01
    endloop
  endfacet
  facet normal -1.252613e-02 -6.708296e-02 -9.976688e-01
    outer loop
      vertex   3.369290e+01 -5.227758e+01 3.377035e+01
      vertex   3.617792e+01 -5.258922e+01 3.376011e+01
      vertex   3.615042e+01 -5.273646e+01 3.377035e+01
    endloop
  endfacet
  facet normal 1.252613e-02 6.708296e-02 -9.976688e-01
    outer loop
      vertex   3.369290e+01 -5.227758e+01 3.377035e+01
      vertex   3.615042e+01 -5.273646e+01 3.377035e+01
      vertex   3.366541e+01 -5.242482e+01 3.376011e+01
    endloop
  endfacet
  facet normal 1.252613e-02 6.708296e-02 -9.976688e-01
    outer loop
      vertex   3.366541e+01 -5.242482e+01 3.376011e+01
      vertex   3.615042e+01 -5.273646e+01 3.377035e+01
      vertex   3.612293e+01 -5.288370e+01 3.376011e+01
    endloop
  endfacet
  facet normal 3.734504e-02 1.999992e-01 -9.790841e-01
    outer loop
      vertex   3.366541e+01 -5.242482e+01 3.376011e+01
      vertex   3.612293e+01 -5.288370e+01 3.376011e+01
      vertex   3.363843e+01 -5.256931e+01 3.372956e+01
    endloop
  endfacet
  facet normal 3.734504e-02 1.999992e-01 -9.790841e-01
    outer loop
      vertex   3.363843e+01 -5.256931e+01 3.372956e+01
      vertex   3.612293e+01 -5.288370e+01 3.376011e+01
      vertex   3.609595e+01 -5.302820e+01 3.372956e+01
    endloop
  endfacet
  facet normal 6.146829e-02 3.291899e-01 -9.422609e-01
    outer loop
      vertex   3.363843e+01 -5.256931e+01 3.372956e+01
      vertex   3.609595e+01 -5.302820e+01 3.372956e+01
      vertex   3.361246e+01 -5.270837e+01 3.367928e+01
    endloop
  endfacet
  facet normal 6.146829e-02 3.291899e-01 -9.422609e-01
    outer loop
      vertex   3.361246e+01 -5.270837e+01 3.367928e+01
      vertex   3.609595e+01 -5.302820e+01 3.372956e+01
      vertex   3.606998e+01 -5.316726e+01 3.367928e+01
    endloop
  endfacet
  facet normal 8.444650e-02 4.522484e-01 -8.878852e-01
    outer loop
      vertex   3.361246e+01 -5.270837e+01 3.367928e+01
      vertex   3.606998e+01 -5.316726e+01 3.367928e+01
      vertex   3.358799e+01 -5.283941e+01 3.361021e+01
    endloop
  endfacet
  facet normal 8.444650e-02 4.522484e-01 -8.878852e-01
    outer loop
      vertex   3.358799e+01 -5.283941e+01 3.361021e+01
      vertex   3.606998e+01 -5.316726e+01 3.367928e+01
      vertex   3.604552e+01 -5.329829e+01 3.361021e+01
    endloop
  endfacet
  facet normal 1.058516e-01 5.668824e-01 -8.169699e-01
    outer loop
      vertex   3.358799e+01 -5.283941e+01 3.361021e+01
      vertex   3.604552e+01 -5.329829e+01 3.361021e+01
      vertex   3.356548e+01 -5.295998e+01 3.352363e+01
    endloop
  endfacet
  facet normal 1.058516e-01 5.668824e-01 -8.169699e-01
    outer loop
      vertex   3.356548e+01 -5.295998e+01 3.352363e+01
      vertex   3.604552e+01 -5.329829e+01 3.361021e+01
      vertex   3.602300e+01 -5.341887e+01 3.352363e+01
    endloop
  endfacet
  facet normal 1.252849e-01 6.709564e-01 -7.308360e-01
    outer loop
      vertex   3.356548e+01 -5.295998e+01 3.352363e+01
      vertex   3.602300e+01 -5.341887e+01 3.352363e+01
      vertex   3.354534e+01 -5.306784e+01 3.342116e+01
    endloop
  endfacet
  facet normal 1.252849e-01 6.709564e-01 -7.308360e-01
    outer loop
      vertex   3.354534e+01 -5.306784e+01 3.342116e+01
      vertex   3.602300e+01 -5.341887e+01 3.352363e+01
      vertex   3.600286e+01 -5.352672e+01 3.342116e+01
    endloop
  endfacet
  facet normal 1.423844e-01 7.625318e-01 -6.310879e-01
    outer loop
      vertex   3.354534e+01 -5.306784e+01 3.342116e+01
      vertex   3.600286e+01 -5.352672e+01 3.342116e+01
      vertex   3.352795e+01 -5.316098e+01 3.330470e+01
    endloop
  endfacet
  facet normal 1.423844e-01 7.625318e-01 -6.310879e-01
    outer loop
      vertex   3.352795e+01 -5.316098e+01 3.330470e+01
      vertex   3.600286e+01 -5.352672e+01 3.342116e+01
      vertex   3.598547e+01 -5.361986e+01 3.330470e+01
    endloop
  endfacet
  facet normal 1.568316e-01 8.399026e-01 -5.195840e-01
    outer loop
      vertex   3.352795e+01 -5.316098e+01 3.330470e+01
      vertex   3.598547e+01 -5.361986e+01 3.330470e+01
      vertex   3.351363e+01 -5.323766e+01 3.317642e+01
    endloop
  endfacet
  facet normal 1.568316e-01 8.399026e-01 -5.195840e-01
    outer loop
      vertex   3.351363e+01 -5.323766e+01 3.317642e+01
      vertex   3.598547e+01 -5.361986e+01 3.330470e+01
      vertex   3.597115e+01 -5.369654e+01 3.317642e+01
    endloop
  endfacet
  facet normal 1.683573e-01 9.016276e-01 -3.984011e-01
    outer loop
      vertex   3.351363e+01 -5.323766e+01 3.317642e+01
      vertex   3.597115e+01 -5.369654e+01 3.317642e+01
      vertex   3.350265e+01 -5.329646e+01 3.303872e+01
    endloop
  endfacet
  facet normal 1.683573e-01 9.016276e-01 -3.984011e-01
    outer loop
      vertex   3.350265e+01 -5.329646e+01 3.303872e+01
      vertex   3.597115e+01 -5.369654e+01 3.317642e+01
      vertex   3.596017e+01 -5.375534e+01 3.303872e+01
    endloop
  endfacet
  facet normal 1.767467e-01 9.465571e-01 -2.697968e-01
    outer loop
      vertex   3.350265e+01 -5.329646e+01 3.303872e+01
      vertex   3.596017e+01 -5.375534e+01 3.303872e+01
      vertex   3.349521e+01 -5.333627e+01 3.289415e+01
    endloop
  endfacet
  facet normal 1.767467e-01 9.465571e-01 -2.697968e-01
    outer loop
      vertex   3.349521e+01 -5.333627e+01 3.289415e+01
      vertex   3.596017e+01 -5.375534e+01 3.303872e+01
      vertex   3.595274e+01 -5.379516e+01 3.289415e+01
    endloop
  endfacet
  facet normal 1.818438e-01 9.738539e-01 -1.361666e-01
    outer loop
      vertex   3.349521e+01 -5.333627e+01 3.289415e+01
      vertex   3.595274e+01 -5.379516e+01 3.289415e+01
      vertex   3.349146e+01 -5.335637e+01 3.274542e+01
    endloop
  endfacet
  facet normal 1.818438e-01 9.738539e-01 -1.361666e-01
    outer loop
      vertex   3.349146e+01 -5.335637e+01 3.274542e+01
      vertex   3.595274e+01 -5.379516e+01 3.289415e+01
      vertex   3.594899e+01 -5.381525e+01 3.274542e+01
    endloop
  endfacet
  facet normal 1.835534e-01 9.830097e-01 0.000000e+00
    outer loop
      vertex   3.349146e+01 -5.335637e+01 3.274542e+01
      vertex   3.594899e+01 -5.381525e+01 3.274542e+01
      vertex   3.349146e+01 -5.335637e+01 3.259529e+01
    endloop
  endfacet
  facet normal 1.835534e-01 9.830097e-01 0.000000e+00
    outer loop
      vertex   3.349146e+01 -5.335637e+01 3.259529e+01
      vertex   3.594899e+01 -5.381525e+01 3.274542e+01
      vertex   3.594899e+01 -5.381525e+01 3.259529e+01
    endloop
  endfacet
  facet normal 1.818438e-01 9.738539e-01 1.361666e-01
    outer loop
      vertex   3.349146e+01 -5.335637e+01 3.259529e+01
      vertex   3.594899e+01 -5.381525e+01 3.259529e+01
      vertex   3.349521e+01 -5.333627e+01 3.244655e+01
    endloop
  endfacet
  facet normal 1.818438e-01 9.738539e-01 1.361666e-01
    outer loop
      vertex   3.349521e+01 -5.333627e+01 3.244655e+01
      vertex   3.594899e+01 -5.381525e+01 3.259529e+01
      vertex   3.595274e+01 -5.379516e+01 3.244655e+01
    endloop
  endfacet
  facet normal 1.767467e-01 9.465571e-01 2.697968e-01
    outer loop
      vertex   3.349521e+01 -5.333627e+01 3.244655e+01
      vertex   3.595274e+01 -5.379516e+01 3.244655e+01
      vertex   3.350265e+01 -5.329646e+01 3.230198e+01
    endloop
  endfacet
  facet normal 1.767467e-01 9.465571e-01 2.697968e-01
    outer loop
      vertex   3.350265e+01 -5.329646e+01 3.230198e+01
      vertex   3.595274e+01 -5.379516e+01 3.244655e+01
      vertex   3.596017e+01 -5.375534e+01 3.230198e+01
    endloop
  endfacet
  facet normal 1.683573e-01 9.016276e-01 3.984011e-01
    outer loop
      vertex   3.350265e+01 -5.329646e+01 3.230198e+01
      vertex   3.596017e+01 -5.375534e+01 3.230198e+01
      vertex   3.351363e+01 -5.323766e+01 3.216428e+01
    endloop
  endfacet
  facet normal 1.683573e-01 9.016276e-01 3.984011e-01
    outer loop
      vertex   3.351363e+01 -5.323766e+01 3.216428e+01
      vertex   3.596017e+01 -5.375534e+01 3.230198e+01
      vertex   3.597115e+01 -5.369654e+01 3.216428e+01
    endloop
  endfacet
  facet normal 1.568316e-01 8.399026e-01 5.195840e-01
    outer loop
      vertex   3.351363e+01 -5.323766e+01 3.216428e+01
      vertex   3.597115e+01 -5.369654e+01 3.216428e+01
      vertex   3.352795e+01 -5.316098e+01 3.203600e+01
    endloop
  endfacet
  facet normal 1.568316e-01 8.399026e-01 5.195840e-01
    outer loop
      vertex   3.352795e+01 -5.316098e+01 3.203600e+01
      vertex   3.597115e+01 -5.369654e+01 3.216428e+01
      vertex   3.598547e+01 -5.361986e+01 3.203600e+01
    endloop
  endfacet
  facet normal 1.423844e-01 7.625318e-01 6.310879e-01
    outer loop
      vertex   3.352795e+01 -5.316098e+01 3.203600e+01
      vertex   3.598547e+01 -5.361986e+01 3.203600e+01
      vertex   3.354534e+01 -5.306784e+01 3.191954e+01
    endloop
  endfacet
  facet normal 1.423844e-01 7.625318e-01 6.310879e-01
    outer loop
      vertex   3.354534e+01 -5.306784e+01 3.191954e+01
      vertex   3.598547e+01 -5.361986e+01 3.203600e+01
      vertex   3.600286e+01 -5.352672e+01 3.191954e+01
    endloop
  endfacet
  facet normal 1.252849e-01 6.709564e-01 7.308360e-01
    outer loop
      vertex   3.354534e+01 -5.306784e+01 3.191954e+01
      vertex   3.600286e+01 -5.352672e+01 3.191954e+01
      vertex   3.356548e+01 -5.295998e+01 3.181707e+01
    endloop
  endfacet
  facet normal 1.252849e-01 6.709564e-01 7.308360e-01
    outer loop
      vertex   3.356548e+01 -5.295998e+01 3.181707e+01
      vertex   3.600286e+01 -5.352672e+01 3.191954e+01
      vertex   3.602300e+01 -5.341887e+01 3.181707e+01
    endloop
  endfacet
  facet normal 1.058516e-01 5.668824e-01 8.169699e-01
    outer loop
      vertex   3.356548e+01 -5.295998e+01 3.181707e+01
      vertex   3.602300e+01 -5.341887e+01 3.181707e+01
      vertex   3.358799e+01 -5.283941e+01 3.173049e+01
    endloop
  endfacet
  facet normal 1.058516e-01 5.668824e-01 8.169699e-01
    outer loop
      vertex   3.358799e+01 -5.283941e+01 3.173049e+01
      vertex   3.602300e+01 -5.341887e+01 3.181707e+01
      vertex   3.604552e+01 -5.329829e+01 3.173049e+01
    endloop
  endfacet
  facet normal 8.444650e-02 4.522484e-01 8.878852e-01
    outer loop
      vertex   3.358799e+01 -5.283941e+01 3.173049e+01
      vertex   3.604552e+01 -5.329829e+01 3.173049e+01
      vertex   3.361246e+01 -5.270837e+01 3.166142e+01
    endloop
  endfacet
  facet normal 8.444650e-02 4.522484e-01 8.878852e-01
    outer loop
      vertex   3.361246e+01 -5.270837e+01 3.166142e+01
      vertex   3.604552e+01 -5.329829e+01 3.173049e+01
      vertex   3.606998e+01 -5.316726e+01 3.166142e+01
    endloop
  endfacet
  facet normal 6.146829e-02 3.291899e-01 9.422609e-01
    outer loop
      vertex   3.361246e+01 -5.270837e+01 3.166142e+01
      vertex   3.606998e+01 -5.316726e+01 3.166142e+01
      vertex   3.363843e+01 -5.256931e+01 3.161114e+01
    endloop
  endfacet
  facet normal 6.146829e-02 3.291899e-01 9.422609e-01
    outer loop
      vertex   3.363843e+01 -5.256931e+01 3.161114e+01
      vertex   3.606998e+01 -5.316726e+01 3.166142e+01
      vertex   3.609595e+01 -5.302820e+01 3.161114e+01
    endloop
  endfacet
  facet normal 3.734504e-02 1.999992e-01 9.790841e-01
    outer loop
      vertex   3.363843e+01 -5.256931e+01 3.161114e+01
      vertex   3.609595e+01 -5.302820e+01 3.161114e+01
      vertex   3.366541e+01 -5.242482e+01 3.158060e+01
    endloop
  endfacet
  facet normal 3.734504e-02 1.999992e-01 9.790841e-01
    outer loop
      vertex   3.366541e+01 -5.242482e+01 3.158060e+01
      vertex   3.609595e+01 -5.302820e+01 3.161114e+01
      vertex   3.612293e+01 -5.288370e+01 3.158060e+01
    endloop
  endfacet
  facet normal 1.252613e-02 6.708296e-02 9.976688e-01
    outer loop
      vertex   3.366541e+01 -5.242482e+01 3.158060e+01
      vertex   3.612293e+01 -5.288370e+01 3.158060e+01
      vertex   3.369290e+01 -5.227758e+01 3.157035e+01
    endloop
  endfacet
  facet normal 1.252613e-02 6.708296e-02 9.976688e-01
    outer loop
      vertex   3.369290e+01 -5.227758e+01 3.157035e+01
      vertex   3.612293e+01 -5.288370e+01 3.158060e+01
      vertex   3.615042e+01 -5.273646e+01 3.157035e+01
    endloop
  endfacet
  facet normal -1.252613e-02 -6.708296e-02 9.976688e-01
    outer loop
      vertex   3.369290e+01 -5.227758e+01 3.157035e+01
      vertex   3.615042e+01 -5.273646e+01 3.157035e+01
      vertex   3.372039e+01 -5.213034e+01 3.158060e+01
    endloop
  endfacet
  facet normal -1.252613e-02 -6.708296e-02 9.976688e-01
    outer loop
      vertex   3.372039e+01 -5.213034e+01 3.158060e+01
      vertex   3.615042e+01 -5.273646e+01 3.157035e+01
      vertex   3.617792e+01 -5.258922e+01 3.158060e+01
    endloop
  endfacet
  facet normal -3.734504e-02 -1.999992e-01 9.790841e-01
    outer loop
      vertex   3.372039e+01 -5.213034e+01 3.158060e+01
      vertex   3.617792e+01 -5.258922e+01 3.158060e+01
      vertex   3.374737e+01 -5.198585e+01 3.161114e+01
    endloop
  endfacet
  facet normal -3.734504e-02 -1.999992e-01 9.790841e-01
    outer loop
      vertex   3.374737e+01 -5.198585e+01 3.161114e+01
      vertex   3.617792e+01 -5.258922e+01 3.158060e+01
      vertex   3.620490e+01 -5.244473e+01 3.161114e+01
    endloop
  endfacet
  facet normal -6.146829e-02 -3.291899e-01 9.422609e-01
    outer loop
      vertex   3.374737e+01 -5.198585e+01 3.161114e+01
      vertex   3.620490e+01 -5.244473e+01 3.161114e+01
      vertex   3.377334e+01 -5.184678e+01 3.166142e+01
    endloop
  endfacet
  facet normal -6.146829e-02 -3.291899e-01 9.422609e-01
    outer loop
      vertex   3.377334e+01 -5.184678e+01 3.166142e+01
      vertex   3.620490e+01 -5.244473e+01 3.161114e+01
      vertex   3.623087e+01 -5.230567e+01 3.166142e+01
    endloop
  endfacet
  facet normal -8.444650e-02 -4.522484e-01 8.878852e-01
    outer loop
      vertex   3.377334e+01 -5.184678e+01 3.166142e+01
      vertex   3.623087e+01 -5.230567e+01 3.166142e+01
      vertex   3.379781e+01 -5.171575e+01 3.173049e+01
    endloop
  endfacet
  facet normal -8.444650e-02 -4.522484e-01 8.878852e-01
    outer loop
      vertex   3.379781e+01 -5.171575e+01 3.173049e+01
      vertex   3.623087e+01 -5.230567e+01 3.166142e+01
      vertex   3.625533e+01 -5.217463e+01 3.173049e+01
    endloop
  endfacet
  facet normal -1.058516e-01 -5.668824e-01 8.169699e-01
    outer loop
      vertex   3.379781e+01 -5.171575e+01 3.173049e+01
      vertex   3.625533e+01 -5.217463e+01 3.173049e+01
      vertex   3.382032e+01 -5.159518e+01 3.181707e+01
    endloop
  endfacet
  facet normal -1.058516e-01 -5.668824e-01 8.169699e-01
    outer loop
      vertex   3.382032e+01 -5.159518e+01 3.181707e+01
      vertex   3.625533e+01 -5.217463e+01 3.173049e+01
      vertex   3.627785e+01 -5.205406e+01 3.181707e+01
    endloop
  endfacet
  facet normal -1.252849e-01 -6.709564e-01 7.308360e-01
    outer loop
      vertex   3.382032e+01 -5.159518e+01 3.181707e+01
      vertex   3.627785e+01 -5.205406e+01 3.181707e+01
      vertex   3.384046e+01 -5.148732e+01 3.191954e+01
    endloop
  endfacet
  facet normal -1.252849e-01 -6.709564e-01 7.308360e-01
    outer loop
      vertex   3.384046e+01 -5.148732e+01 3.191954e+01
      vertex   3.627785e+01 -5.205406e+01 3.181707e+01
      vertex   3.629799e+01 -5.194620e+01 3.191954e+01
    endloop
  endfacet
  facet normal -1.423844e-01 -7.625318e-01 6.310879e-01
    outer loop
      vertex   3.384046e+01 -5.148732e+01 3.191954e+01
      vertex   3.629799e+01 -5.194620e+01 3.191954e+01
      vertex   3.385785e+01 -5.139418e+01 3.203600e+01
    endloop
  endfacet
  facet normal -1.423844e-01 -7.625318e-01 6.310879e-01
    outer loop
      vertex   3.385785e+01 -5.139418e+01 3.203600e+01
      vertex   3.629799e+01 -5.194620e+01 3.191954e+01
      vertex   3.631538e+01 -5.185306e+01 3.203600e+01
    endloop
  endfacet
  facet normal -1.568316e-01 -8.399026e-01 5.195840e-01
    outer loop
      vertex   3.385785e+01 -5.139418e+01 3.203600e+01
      vertex   3.631538e+01 -5.185306e+01 3.203600e+01
      vertex   3.387217e+01 -5.131750e+01 3.216428e+01
    endloop
  endfacet
  facet normal -1.568316e-01 -8.399026e-01 5.195840e-01
    outer loop
      vertex   3.387217e+01 -5.131750e+01 3.216428e+01
      vertex   3.631538e+01 -5.185306e+01 3.203600e+01
      vertex   3.632970e+01 -5.177638e+01 3.216428e+01
    endloop
  endfacet
  facet normal -1.683573e-01 -9.016276e-01 3.984011e-01
    outer loop
      vertex   3.387217e+01 -5.131750e+01 3.216428e+01
      vertex   3.632970e+01 -5.177638e+01 3.216428e+01
      vertex   3.388315e+01 -5.125870e+01 3.230198e+01
    endloop
  endfacet
  facet normal -1.683573e-01 -9.016276e-01 3.984011e-01
    outer loop
      vertex   3.388315e+01 -5.125870e+01 3.230198e+01
      vertex   3.632970e+01 -5.177638e+01 3.216428e+01
      vertex   3.634068e+01 -5.171759e+01 3.230198e+01
    endloop
  endfacet
  facet normal -1.767467e-01 -9.465571e-01 2.697968e-01
    outer loop
      vertex   3.388315e+01 -5.125870e+01 3.230198e+01
      vertex   3.634068e+01 -5.171759e+01 3.230198e+01
      vertex   3.389059e+01 -5.121889e+01 3.244655e+01
    endloop
  endfacet
  facet normal -1.767467e-01 -9.465571e-01 2.697968e-01
    outer loop
      vertex   3.389059e+01 -5.121889e+01 3.244655e+01
      vertex   3.634068e+01 -5.171759e+01 3.230198e+01
      vertex   3.634811e+01 -5.167777e+01 3.244655e+01
    endloop
  endfacet
  facet normal -1.818438e-01 -9.738539e-01 1.361666e-01
    outer loop
      vertex   3.389059e+01 -5.121889e+01 3.244655e+01
      vertex   3.634811e+01 -5.167777e+01 3.244655e+01
      vertex   3.389434e+01 -5.119879e+01 3.259529e+01
    endloop
  endfacet
  facet normal -1.818438e-01 -9.738539e-01 1.361666e-01
    outer loop
      vertex   3.389434e+01 -5.119879e+01 3.259529e+01
      vertex   3.634811e+01 -5.167777e+01 3.244655e+01
      vertex   3.635186e+01 -5.165767e+01 3.259529e+01
    endloop
  endfacet
  facet normal -1.835534e-01 -9.830097e-01 0.000000e+00
    outer loop
      vertex   3.389434e+01 -5.119879e+01 3.259529e+01
      vertex   3.635186e+01 -5.165767e+01 3.259529e+01
      vertex   3.389434e+01 -5.119879e+01 3.274542e+01
    endloop
  endfacet
  facet normal -1.835534e-01 -9.830097e-01 0.000000e+00
    outer loop
      vertex   3.389434e+01 -5.119879e+01 3.274542e+01
      vertex   3.635186e+01 -5.165767e+01 3.259529e+01
      vertex   3.635186e+01 -5.165767e+01 3.274542e+01
    endloop
  endfacet
  facet normal -1.818438e-01 -9.738539e-01 -1.361666e-01
    outer loop
      vertex   3.389434e+01 -5.119879e+01 3.274542e+01
      vertex   3.635186e+01 -5.165767e+01 3.274542e+01
      vertex   3.389059e+01 -5.121889e+01 3.289415e+01
    endloop
  endfacet
  facet normal -1.818438e-01 -9.738539e-01 -1.361666e-01
    outer loop
      vertex   3.389059e+01 -5.121889e+01 3.289415e+01
      vertex   3.635186e+01 -5.165767e+01 3.274542e+01
      vertex   3.634811e+01 -5.167777e+01 3.289415e+01
    endloop
  endfacet
  facet normal -1.767467e-01 -9.465571e-01 -2.697968e-01
    outer loop
      vertex   3.389059e+01 -5.121889e+01 3.289415e+01
      vertex   3.634811e+01 -5.167777e+01 3.289415e+01
      vertex   3.388315e+01 -5.125870e+01 3.303872e+01
    endloop
  endfacet
  facet normal -1.767467e-01 -9.465571e-01 -2.697968e-01
    outer loop
      vertex   3.388315e+01 -5.125870e+01 3.303872e+01
      vertex   3.634811e+01 -5.167777e+01 3.289415e+01
      vertex   3.634068e+01 -5.171759e+01 3.303872e+01
    endloop
  endfacet
  facet normal -1.683573e-01 -9.016276e-01 -3.984011e-01
    outer loop
      vertex   3.388315e+01 -5.125870e+01 3.303872e+01
      vertex   3.634068e+01 -5.171759e+01 3.303872e+01
      vertex   3.387217e+01 -5.131750e+01 3.317642e+01
    endloop
  endfacet
  facet normal -1.683573e-01 -9.016276e-01 -3.984011e-01
    outer loop
      vertex   3.387217e+01 -5.131750e+01 3.317642e+01
      vertex   3.634068e+01 -5.171759e+01 3.303872e+01
      vertex   3.632970e+01 -5.177638e+01 3.317642e+01
    endloop
  endfacet
  facet normal -1.568316e-01 -8.399026e-01 -5.195840e-01
    outer loop
      vertex   3.387217e+01 -5.131750e+01 3.317642e+01
      vertex   3.632970e+01 -5.177638e+01 3.317642e+01
      vertex   3.385785e+01 -5.139418e+01 3.330470e+01
    endloop
  endfacet
  facet normal -1.568316e-01 -8.399026e-01 -5.195840e-01
    outer loop
      vertex   3.385785e+01 -5.139418e+01 3.330470e+01
      vertex   3.632970e+01 -5.177638e+01 3.317642e+01
      vertex   3.631538e+01 -5.185306e+01 3.330470e+01
    endloop
  endfacet
  facet normal -1.423844e-01 -7.625318e-01 -6.310879e-01
    outer loop
      vertex   3.385785e+01 -5.139418e+01 3.330470e+01
      vertex   3.631538e+01 -5.185306e+01 3.330470e+01
      vertex   3.384046e+01 -5.148732e+01 3.342116e+01
    endloop
  endfacet
  facet normal -1.423844e-01 -7.625318e-01 -6.310879e-01
    outer loop
      vertex   3.384046e+01 -5.148732e+01 3.342116e+01
      vertex   3.631538e+01 -5.185306e+01 3.330470e+01
      vertex   3.629799e+01 -5.194620e+01 3.342116e+01
    endloop
  endfacet
  facet normal -1.252849e-01 -6.709564e-01 -7.308360e-01
    outer loop
      vertex   3.384046e+01 -5.148732e+01 3.342116e+01
      vertex   3.629799e+01 -5.194620e+01 3.342116e+01
      vertex   3.382032e+01 -5.159518e+01 3.352363e+01
    endloop
  endfacet
  facet normal -1.252849e-01 -6.709564e-01 -7.308360e-01
    outer loop
      vertex   3.382032e+01 -5.159518e+01 3.352363e+01
      vertex   3.629799e+01 -5.194620e+01 3.342116e+01
      vertex   3.627785e+01 -5.205406e+01 3.352363e+01
    endloop
  endfacet
  facet normal -1.058516e-01 -5.668824e-01 -8.169699e-01
    outer loop
      vertex   3.382032e+01 -5.159518e+01 3.352363e+01
      vertex   3.627785e+01 -5.205406e+01 3.352363e+01
      vertex   3.379781e+01 -5.171575e+01 3.361021e+01
    endloop
  endfacet
  facet normal -1.058516e-01 -5.668824e-01 -8.169699e-01
    outer loop
      vertex   3.379781e+01 -5.171575e+01 3.361021e+01
      vertex   3.627785e+01 -5.205406e+01 3.352363e+01
      vertex   3.625533e+01 -5.217463e+01 3.361021e+01
    endloop
  endfacet
  facet normal -8.444650e-02 -4.522484e-01 -8.878852e-01
    outer loop
      vertex   3.379781e+01 -5.171575e+01 3.361021e+01
      vertex   3.625533e+01 -5.217463e+01 3.361021e+01
      vertex   3.377334e+01 -5.184678e+01 3.367928e+01
    endloop
  endfacet
  facet normal -8.444650e-02 -4.522484e-01 -8.878852e-01
    outer loop
      vertex   3.377334e+01 -5.184678e+01 3.367928e+01
      vertex   3.625533e+01 -5.217463e+01 3.361021e+01
      vertex   3.623087e+01 -5.230567e+01 3.367928e+01
    endloop
  endfacet
  facet normal -6.146829e-02 -3.291899e-01 -9.422609e-01
    outer loop
      vertex   3.377334e+01 -5.184678e+01 3.367928e+01
      vertex   3.623087e+01 -5.230567e+01 3.367928e+01
      vertex   3.374737e+01 -5.198585e+01 3.372956e+01
    endloop
  endfacet
  facet normal -6.146829e-02 -3.291899e-01 -9.422609e-01
    outer loop
      vertex   3.374737e+01 -5.198585e+01 3.372956e+01
      vertex   3.623087e+01 -5.230567e+01 3.367928e+01
      vertex   3.620490e+01 -5.244473e+01 3.372956e+01
    endloop
  endfacet
  facet normal -3.734504e-02 -1.999992e-01 -9.790841e-01
    outer loop
      vertex   3.374737e+01 -5.198585e+01 3.372956e+01
      vertex   3.620490e+01 -5.244473e+01 3.372956e+01
      vertex   3.372039e+01 -5.213034e+01 3.376011e+01
    endloop
  endfacet
  facet normal -3.734504e-02 -1.999992e-01 -9.790841e-01
    outer loop
      vertex   3.372039e+01 -5.213034e+01 3.376011e+01
      vertex   3.620490e+01 -5.244473e+01 3.372956e+01
      vertex   3.617792e+01 -5.258922e+01 3.376011e+01
    endloop
  endfacet
  facet normal 1.252613e-02 6.708296e-02 -9.976688e-01
    outer loop
      vertex   4.231026e+01 -3.336783e+01 4.646011e+01
      vertex   3.985274e+01 -3.290894e+01 4.646011e+01
      vertex   4.233775e+01 -3.322059e+01 4.647035e+01
    endloop
  endfacet
  facet normal 1.252613e-02 6.708296e-02 -9.976688e-01
    outer loop
      vertex   4.233775e+01 -3.322059e+01 4.647035e+01
      vertex   3.985274e+01 -3.290894e+01 4.646011e+01
      vertex   3.988023e+01 -3.276171e+01 4.647035e+01
    endloop
  endfacet
  facet normal -1.252613e-02 -6.708296e-02 -9.976688e-01
    outer loop
      vertex   4.233775e+01 -3.322059e+01 4.647035e+01
      vertex   3.988023e+01 -3.276171e+01 4.647035e+01
      vertex   4.236525e+01 -3.307335e+01 4.646011e+01
    endloop
  endfacet
  facet normal -1.252613e-02 -6.708296e-02 -9.976688e-01
    outer loop
      vertex   4.236525e+01 -3.307335e+01 4.646011e+01
      vertex   3.988023e+01 -3.276171e+01 4.647035e+01
      vertex   3.990772e+01 -3.261447e+01 4.646011e+01
    endloop
  endfacet
  facet normal -3.734504e-02 -1.999992e-01 -9.790841e-01
    outer loop
      vertex   4.236525e+01 -3.307335e+01 4.646011e+01
      vertex   3.990772e+01 -3.261447e+01 4.646011e+01
      vertex   4.239223e+01 -3.292885e+01 4.642956e+01
    endloop
  endfacet
  facet normal -3.734504e-02 -1.999992e-01 -9.790841e-01
    outer loop
      vertex   4.239223e+01 -3.292885e+01 4.642956e+01
      vertex   3.990772e+01 -3.261447e+01 4.646011e+01
      vertex   3.993470e+01 -3.246997e+01 4.642956e+01
    endloop
  endfacet
  facet normal -6.146829e-02 -3.291899e-01 -9.422609e-01
    outer loop
      vertex   4.239223e+01 -3.292885e+01 4.642956e+01
      vertex   3.993470e+01 -3.246997e+01 4.642956e+01
      vertex   4.241819e+01 -3.278979e+01 4.637928e+01
    endloop
  endfacet
  facet normal -6.146829e-02 -3.291899e-01 -9.422609e-01
    outer loop
      vertex   4.241819e+01 -3.278979e+01 4.637928e+01
      vertex   3.993470e+01 -3.246997e+01 4.642956e+01
      vertex   3.996067e+01 -3.233091e+01 4.637928e+01
    endloop
  endfacet
  facet normal -8.444650e-02 -4.522484e-01 -8.878852e-01
    outer loop
      vertex   4.241819e+01 -3.278979e+01 4.637928e+01
      vertex   3.996067e+01 -3.233091e+01 4.637928e+01
      vertex   4.244266e+01 -3.265876e+01 4.631021e+01
    endloop
  endfacet
  facet normal -8.444650e-02 -4.522484e-01 -8.878852e-01
    outer loop
      vertex   4.244266e+01 -3.265876e+01 4.631021e+01
      vertex   3.996067e+01 -3.233091e+01 4.637928e+01
      vertex   3.998514e+01 -3.219987e+01 4.631021e+01
    endloop
  endfacet
  facet normal -1.058516e-01 -5.668824e-01 -8.169699e-01
    outer loop
      vertex   4.244266e+01 -3.265876e+01 4.631021e+01
      vertex   3.998514e+01 -3.219987e+01 4.631021e+01
      vertex   4.246518e+01 -3.253819e+01 4.622363e+01
    endloop
  endfacet
  facet normal -1.058516e-01 -5.668824e-01 -8.169699e-01
    outer loop
      vertex   4.246518e+01 -3.253819e+01 4.622363e+01
      vertex   3.998514e+01 -3.219987e+01 4.631021e+01
      vertex   4.000765e+01 -3.207930e+01 4.622363e+01
    endloop
  endfacet
  facet normal -1.252849e-01 -6.709564e-01 -7.308360e-01
    outer loop
      vertex   4.246518e+01 -3.253819e+01 4.622363e+01
      vertex   4.000765e+01 -3.207930e+01 4.622363e+01
      vertex   4.248532e+01 -3.243033e+01 4.612116e+01
    endloop
  endfacet
  facet normal -1.252849e-01 -6.709564e-01 -7.308360e-01
    outer loop
      vertex   4.248532e+01 -3.243033e+01 4.612116e+01
      vertex   4.000765e+01 -3.207930e+01 4.622363e+01
      vertex   4.002779e+01 -3.197144e+01 4.612116e+01
    endloop
  endfacet
  facet normal -1.423844e-01 -7.625318e-01 -6.310879e-01
    outer loop
      vertex   4.248532e+01 -3.243033e+01 4.612116e+01
      vertex   4.002779e+01 -3.197144e+01 4.612116e+01
      vertex   4.250271e+01 -3.233719e+01 4.600470e+01
    endloop
  endfacet
  facet normal -1.423844e-01 -7.625318e-01 -6.310879e-01
    outer loop
      vertex   4.250271e+01 -3.233719e+01 4.600470e+01
      vertex   4.002779e+01 -3.197144e+01 4.612116e+01
      vertex   4.004518e+01 -3.187831e+01 4.600470e+01
    endloop
  endfacet
  facet normal -1.568316e-01 -8.399026e-01 -5.195840e-01
    outer loop
      vertex   4.250271e+01 -3.233719e+01 4.600470e+01
      vertex   4.004518e+01 -3.187831e+01 4.600470e+01
      vertex   4.251703e+01 -3.226051e+01 4.587642e+01
    endloop
  endfacet
  facet normal -1.568316e-01 -8.399026e-01 -5.195840e-01
    outer loop
      vertex   4.251703e+01 -3.226051e+01 4.587642e+01
      vertex   4.004518e+01 -3.187831e+01 4.600470e+01
      vertex   4.005950e+01 -3.180163e+01 4.587642e+01
    endloop
  endfacet
  facet normal -1.683573e-01 -9.016276e-01 -3.984011e-01
    outer loop
      vertex   4.251703e+01 -3.226051e+01 4.587642e+01
      vertex   4.005950e+01 -3.180163e+01 4.587642e+01
      vertex   4.252800e+01 -3.220171e+01 4.573872e+01
    endloop
  endfacet
  facet normal -1.683573e-01 -9.016276e-01 -3.984011e-01
    outer loop
      vertex   4.252800e+01 -3.220171e+01 4.573872e+01
      vertex   4.005950e+01 -3.180163e+01 4.587642e+01
      vertex   4.007048e+01 -3.174283e+01 4.573872e+01
    endloop
  endfacet
  facet normal -1.767467e-01 -9.465571e-01 -2.697968e-01
    outer loop
      vertex   4.252800e+01 -3.220171e+01 4.573872e+01
      vertex   4.007048e+01 -3.174283e+01 4.573872e+01
      vertex   4.253544e+01 -3.216189e+01 4.559415e+01
    endloop
  endfacet
  facet normal -1.767467e-01 -9.465571e-01 -2.697968e-01
    outer loop
      vertex   4.253544e+01 -3.216189e+01 4.559415e+01
      vertex   4.007048e+01 -3.174283e+01 4.573872e+01
      vertex   4.007792e+01 -3.170301e+01 4.559415e+01
    endloop
  endfacet
  facet normal -1.818438e-01 -9.738539e-01 -1.361666e-01
    outer loop
      vertex   4.253544e+01 -3.216189e+01 4.559415e+01
      vertex   4.007792e+01 -3.170301e+01 4.559415e+01
      vertex   4.253919e+01 -3.214180e+01 4.544542e+01
    endloop
  endfacet
  facet normal -1.818438e-01 -9.738539e-01 -1.361666e-01
    outer loop
      vertex   4.253919e+01 -3.214180e+01 4.544542e+01
      vertex   4.007792e+01 -3.170301e+01 4.559415e+01
      vertex   4.008167e+01 -3.168292e+01 4.544542e+01
    endloop
  endfacet
  facet normal -1.835534e-01 -9.830097e-01 -0.000000e+00
    outer loop
      vertex   4.253919e+01 -3.214180e+01 4.544542e+01
      vertex   4.008167e+01 -3.168292e+01 4.544542e+01
      vertex   4.253919e+01 -3.214180e+01 4.529529e+01
    endloop
  endfacet
  facet normal -1.835534e-01 -9.830097e-01 0.000000e+00
    outer loop
      vertex   4.253919e+01 -3.214180e+01 4.529529e+01
      vertex   4.008167e+01 -3.168292e+01 4.544542e+01
      vertex   4.008167e+01 -3.168292e+01 4.529529e+01
    endloop
  endfacet
  facet normal -1.818438e-01 -9.738539e-01 1.361666e-01
    outer loop
      vertex   4.253919e+01 -3.214180e+01 4.529529e+01
      vertex   4.008167e+01 -3.168292e+01 4.529529e+01
      vertex   4.253544e+01 -3.216189e+01 4.514655e+01
    endloop
  endfacet
  facet normal -1.818438e-01 -9.738539e-01 1.361666e-01
    outer loop
      vertex   4.253544e+01 -3.216189e+01 4.514655e+01
      vertex   4.008167e+01 -3.168292e+01 4.529529e+01
      vertex   4.007792e+01 -3.170301e+01 4.514655e+01
    endloop
  endfacet
  facet normal -1.767467e-01 -9.465571e-01 2.697968e-01
    outer loop
      vertex   4.253544e+01 -3.216189e+01 4.514655e+01
      vertex   4.007792e+01 -3.170301e+01 4.514655e+01
      vertex   4.252800e+01 -3.220171e+01 4.500198e+01
    endloop
  endfacet
  facet normal -1.767467e-01 -9.465571e-01 2.697968e-01
    outer loop
      vertex   4.252800e+01 -3.220171e+01 4.500198e+01
      vertex   4.007792e+01 -3.170301e+01 4.514655e+01
      vertex   4.007048e+01 -3.174283e+01 4.500198e+01
    endloop
  endfacet
  facet normal -1.683573e-01 -9.016276e-01 3.984011e-01
    outer loop
      vertex   4.252800e+01 -3.220171e+01 4.500198e+01
      vertex   4.007048e+01 -3.174283e+01 4.500198e+01
      vertex   4.251703e+01 -3.226051e+01 4.486428e+01
    endloop
  endfacet
  facet normal -1.683573e-01 -9.016276e-01 3.984011e-01
    outer loop
      vertex   4.251703e+01 -3.226051e+01 4.486428e+01
      vertex   4.007048e+01 -3.174283e+01 4.500198e+01
      vertex   4.005950e+01 -3.180163e+01 4.486428e+01
    endloop
  endfacet
  facet normal -1.568316e-01 -8.399026e-01 5.195840e-01
    outer loop
      vertex   4.251703e+01 -3.226051e+01 4.486428e+01
      vertex   4.005950e+01 -3.180163e+01 4.486428e+01
      vertex   4.250271e+01 -3.233719e+01 4.473600e+01
    endloop
  endfacet
  facet normal -1.568316e-01 -8.399026e-01 5.195840e-01
    outer loop
      vertex   4.250271e+01 -3.233719e+01 4.473600e+01
      vertex   4.005950e+01 -3.180163e+01 4.486428e+01
      vertex   4.004518e+01 -3.187831e+01 4.473600e+01
    endloop
  endfacet
  facet normal -1.423844e-01 -7.625318e-01 6.310879e-01
    outer loop
      vertex   4.250271e+01 -3.233719e+01 4.473600e+01
      vertex   4.004518e+01 -3.187831e+01 4.473600e+01
      vertex   4.248532e+01 -3.243033e+01 4.461954e+01
    endloop
  endfacet
  facet normal -1.423844e-01 -7.625318e-01 6.310879e-01
    outer loop
      vertex   4.248532e+01 -3.243033e+01 4.461954e+01
      vertex   4.004518e+01 -3.187831e+01 4.473600e+01
      vertex   4.002779e+01 -3.197144e+01 4.461954e+01
    endloop
  endfacet
  facet normal -1.252849e-01 -6.709564e-01 7.308360e-01
    outer loop
      vertex   4.248532e+01 -3.243033e+01 4.461954e+01
      vertex   4.002779e+01 -3.197144e+01 4.461954e+01
      vertex   4.246518e+01 -3.253819e+01 4.451707e+01
    endloop
  endfacet
  facet normal -1.252849e-01 -6.709564e-01 7.308360e-01
    outer loop
      vertex   4.246518e+01 -3.253819e+01 4.451707e+01
      vertex   4.002779e+01 -3.197144e+01 4.461954e+01
      vertex   4.000765e+01 -3.207930e+01 4.451707e+01
    endloop
  endfacet
  facet normal -1.058516e-01 -5.668824e-01 8.169699e-01
    outer loop
      vertex   4.246518e+01 -3.253819e+01 4.451707e+01
      vertex   4.000765e+01 -3.207930e+01 4.451707e+01
      vertex   4.244266e+01 -3.265876e+01 4.443049e+01
    endloop
  endfacet
  facet normal -1.058516e-01 -5.668824e-01 8.169699e-01
    outer loop
      vertex   4.244266e+01 -3.265876e+01 4.443049e+01
      vertex   4.000765e+01 -3.207930e+01 4.451707e+01
      vertex   3.998514e+01 -3.219987e+01 4.443049e+01
    endloop
  endfacet
  facet normal -8.444650e-02 -4.522484e-01 8.878852e-01
    outer loop
      vertex   4.244266e+01 -3.265876e+01 4.443049e+01
      vertex   3.998514e+01 -3.219987e+01 4.443049e+01
      vertex   4.241819e+01 -3.278979e+01 4.436142e+01
    endloop
  endfacet
  facet normal -8.444650e-02 -4.522484e-01 8.878852e-01
    outer loop
      vertex   4.241819e+01 -3.278979e+01 4.436142e+01
      vertex   3.998514e+01 -3.219987e+01 4.443049e+01
      vertex   3.996067e+01 -3.233091e+01 4.436142e+01
    endloop
  endfacet
  facet normal -6.146829e-02 -3.291899e-01 9.422609e-01
    outer loop
      vertex   4.241819e+01 -3.278979e+01 4.436142e+01
      vertex   3.996067e+01 -3.233091e+01 4.436142e+01
      vertex   4.239223e+01 -3.292885e+01 4.431114e+01
    endloop
  endfacet
  facet normal -6.146829e-02 -3.291899e-01 9.422609e-01
    outer loop
      vertex   4.239223e+01 -3.292885e+01 4.431114e+01
      vertex   3.996067e+01 -3.233091e+01 4.436142e+01
      vertex   3.993470e+01 -3.246997e+01 4.431114e+01
    endloop
  endfacet
  facet normal -3.734504e-02 -1.999992e-01 9.790841e-01
    outer loop
      vertex   4.239223e+01 -3.292885e+01 4.431114e+01
      vertex   3.993470e+01 -3.246997e+01 4.431114e+01
      vertex   4.236525e+01 -3.307335e+01 4.428060e+01
    endloop
  endfacet
  facet normal -3.734504e-02 -1.999992e-01 9.790841e-01
    outer loop
      vertex   4.236525e+01 -3.307335e+01 4.428060e+01
      vertex   3.993470e+01 -3.246997e+01 4.431114e+01
      vertex   3.990772e+01 -3.261447e+01 4.428060e+01
    endloop
  endfacet
  facet normal -1.252613e-02 -6.708296e-02 9.976688e-01
    outer loop
      vertex   4.236525e+01 -3.307335e+01 4.428060e+01
      vertex   3.990772e+01 -3.261447e+01 4.428060e+01
      vertex   4.233775e+01 -3.322059e+01 4.427035e+01
    endloop
  endfacet
  facet normal -1.252613e-02 -6.708296e-02 9.976688e-01
    outer loop
      vertex   4.233775e+01 -3.322059e+01 4.427035e+01
      vertex   3.990772e+01 -3.261447e+01 4.428060e+01
      vertex   3.988023e+01 -3.276171e+01 4.427035e+01
    endloop
  endfacet
  facet normal 1.252613e-02 6.708296e-02 9.976688e-01
    outer loop
      vertex   4.233775e+01 -3.322059e+01 4.427035e+01
      vertex   3.988023e+01 -3.276171e+01 4.427035e+01
      vertex   4.231026e+01 -3.336783e+01 4.428060e+01
    endloop
  endfacet
  facet normal 1.252613e-02 6.708296e-02 9.976688e-01
    outer loop
      vertex   4.231026e+01 -3.336783e+01 4.428060e+01
      vertex   3.988023e+01 -3.276171e+01 4.427035e+01
      vertex   3.985274e+01 -3.290894e+01 4.428060e+01
    endloop
  endfacet
  facet normal 3.734504e-02 1.999992e-01 9.790841e-01
    outer loop
      vertex   4.231026e+01 -3.336783e+01 4.428060e+01
      vertex   3.985274e+01 -3.290894e+01 4.428060e+01
      vertex   4.228328e+01 -3.351232e+01 4.431114e+01
    endloop
  endfacet
  facet normal 3.734504e-02 1.999992e-01 9.790841e-01
    outer loop
      vertex   4.228328e+01 -3.351232e+01 4.431114e+01
      vertex   3.985274e+01 -3.290894e+01 4.428060e+01
      vertex   3.982576e+01 -3.305344e+01 4.431114e+01
    endloop
  endfacet
  facet normal 6.146829e-02 3.291899e-01 9.422609e-01
    outer loop
      vertex   4.228328e+01 -3.351232e+01 4.431114e+01
      vertex   3.982576e+01 -3.305344e+01 4.431114e+01
      vertex   4.225731e+01 -3.365138e+01 4.436142e+01
    endloop
  endfacet
  facet normal 6.146829e-02 3.291899e-01 9.422609e-01
    outer loop
      vertex   4.225731e+01 -3.365138e+01 4.436142e+01
      vertex   3.982576e+01 -3.305344e+01 4.431114e+01
      vertex   3.979979e+01 -3.319250e+01 4.436142e+01
    endloop
  endfacet
  facet normal 8.444650e-02 4.522484e-01 8.878852e-01
    outer loop
      vertex   4.225731e+01 -3.365138e+01 4.436142e+01
      vertex   3.979979e+01 -3.319250e+01 4.436142e+01
      vertex   4.223285e+01 -3.378242e+01 4.443049e+01
    endloop
  endfacet
  facet normal 8.444650e-02 4.522484e-01 8.878852e-01
    outer loop
      vertex   4.223285e+01 -3.378242e+01 4.443049e+01
      vertex   3.979979e+01 -3.319250e+01 4.436142e+01
      vertex   3.977532e+01 -3.332354e+01 4.443049e+01
    endloop
  endfacet
  facet normal 1.058516e-01 5.668824e-01 8.169699e-01
    outer loop
      vertex   4.223285e+01 -3.378242e+01 4.443049e+01
      vertex   3.977532e+01 -3.332354e+01 4.443049e+01
      vertex   4.221033e+01 -3.390299e+01 4.451707e+01
    endloop
  endfacet
  facet normal 1.058516e-01 5.668824e-01 8.169699e-01
    outer loop
      vertex   4.221033e+01 -3.390299e+01 4.451707e+01
      vertex   3.977532e+01 -3.332354e+01 4.443049e+01
      vertex   3.975281e+01 -3.344411e+01 4.451707e+01
    endloop
  endfacet
  facet normal 1.252849e-01 6.709564e-01 7.308360e-01
    outer loop
      vertex   4.221033e+01 -3.390299e+01 4.451707e+01
      vertex   3.975281e+01 -3.344411e+01 4.451707e+01
      vertex   4.219019e+01 -3.401085e+01 4.461954e+01
    endloop
  endfacet
  facet normal 1.252849e-01 6.709564e-01 7.308360e-01
    outer loop
      vertex   4.219019e+01 -3.401085e+01 4.461954e+01
      vertex   3.975281e+01 -3.344411e+01 4.451707e+01
      vertex   3.973267e+01 -3.355197e+01 4.461954e+01
    endloop
  endfacet
  facet normal 1.423844e-01 7.625318e-01 6.310879e-01
    outer loop
      vertex   4.219019e+01 -3.401085e+01 4.461954e+01
      vertex   3.973267e+01 -3.355197e+01 4.461954e+01
      vertex   4.217280e+01 -3.410399e+01 4.473600e+01
    endloop
  endfacet
  facet normal 1.423844e-01 7.625318e-01 6.310879e-01
    outer loop
      vertex   4.217280e+01 -3.410399e+01 4.473600e+01
      vertex   3.973267e+01 -3.355197e+01 4.461954e+01
      vertex   3.971528e+01 -3.364510e+01 4.473600e+01
    endloop
  endfacet
  facet normal 1.568316e-01 8.399026e-01 5.195840e-01
    outer loop
      vertex   4.217280e+01 -3.410399e+01 4.473600e+01
      vertex   3.971528e+01 -3.364510e+01 4.473600e+01
      vertex   4.215848e+01 -3.418067e+01 4.486428e+01
    endloop
  endfacet
  facet normal 1.568316e-01 8.399026e-01 5.195840e-01
    outer loop
      vertex   4.215848e+01 -3.418067e+01 4.486428e+01
      vertex   3.971528e+01 -3.364510e+01 4.473600e+01
      vertex   3.970096e+01 -3.372178e+01 4.486428e+01
    endloop
  endfacet
  facet normal 1.683573e-01 9.016276e-01 3.984011e-01
    outer loop
      vertex   4.215848e+01 -3.418067e+01 4.486428e+01
      vertex   3.970096e+01 -3.372178e+01 4.486428e+01
      vertex   4.214750e+01 -3.423947e+01 4.500198e+01
    endloop
  endfacet
  facet normal 1.683573e-01 9.016276e-01 3.984011e-01
    outer loop
      vertex   4.214750e+01 -3.423947e+01 4.500198e+01
      vertex   3.970096e+01 -3.372178e+01 4.486428e+01
      vertex   3.968998e+01 -3.378058e+01 4.500198e+01
    endloop
  endfacet
  facet normal 1.767467e-01 9.465571e-01 2.697968e-01
    outer loop
      vertex   4.214750e+01 -3.423947e+01 4.500198e+01
      vertex   3.968998e+01 -3.378058e+01 4.500198e+01
      vertex   4.214007e+01 -3.427928e+01 4.514655e+01
    endloop
  endfacet
  facet normal 1.767467e-01 9.465571e-01 2.697968e-01
    outer loop
      vertex   4.214007e+01 -3.427928e+01 4.514655e+01
      vertex   3.968998e+01 -3.378058e+01 4.500198e+01
      vertex   3.968254e+01 -3.382040e+01 4.514655e+01
    endloop
  endfacet
  facet normal 1.818438e-01 9.738539e-01 1.361666e-01
    outer loop
      vertex   4.214007e+01 -3.427928e+01 4.514655e+01
      vertex   3.968254e+01 -3.382040e+01 4.514655e+01
      vertex   4.213632e+01 -3.429938e+01 4.529529e+01
    endloop
  endfacet
  facet normal 1.818438e-01 9.738539e-01 1.361666e-01
    outer loop
      vertex   4.213632e+01 -3.429938e+01 4.529529e+01
      vertex   3.968254e+01 -3.382040e+01 4.514655e+01
      vertex   3.967879e+01 -3.384049e+01 4.529529e+01
    endloop
  endfacet
  facet normal 1.835534e-01 9.830097e-01 -0.000000e+00
    outer loop
      vertex   4.213632e+01 -3.429938e+01 4.529529e+01
      vertex   3.967879e+01 -3.384049e+01 4.529529e+01
      vertex   4.213632e+01 -3.429938e+01 4.544542e+01
    endloop
  endfacet
  facet normal 1.835534e-01 9.830097e-01 0.000000e+00
    outer loop
      vertex   4.213632e+01 -3.429938e+01 4.544542e+01
      vertex   3.967879e+01 -3.384049e+01 4.529529e+01
      vertex   3.967879e+01 -3.384049e+01 4.544542e+01
    endloop
  endfacet
  facet normal 1.818438e-01 9.738539e-01 -1.361666e-01
    outer loop
      vertex   4.213632e+01 -3.429938e+01 4.544542e+01
      vertex   3.967879e+01 -3.384049e+01 4.544542e+01
      vertex   4.214007e+01 -3.427928e+01 4.559415e+01
    endloop
  endfacet
  facet normal 1.818438e-01 9.738539e-01 -1.361666e-01
    outer loop
      vertex   4.214007e+01 -3.427928e+01 4.559415e+01
      vertex   3.967879e+01 -3.384049e+01 4.544542e+01
      vertex   3.968254e+01 -3.382040e+01 4.559415e+01
    endloop
  endfacet
  facet normal 1.767467e-01 9.465571e-01 -2.697968e-01
    outer loop
      vertex   4.214007e+01 -3.427928e+01 4.559415e+01
      vertex   3.968254e+01 -3.382040e+01 4.559415e+01
      vertex   4.214750e+01 -3.423947e+01 4.573872e+01
    endloop
  endfacet
  facet normal 1.767467e-01 9.465571e-01 -2.697968e-01
    outer loop
      vertex   4.214750e+01 -3.423947e+01 4.573872e+01
      vertex   3.968254e+01 -3.382040e+01 4.559415e+01
      vertex   3.968998e+01 -3.378058e+01 4.573872e+01
    endloop
  endfacet
  facet normal 1.683573e-01 9.016276e-01 -3.984011e-01
    outer loop
      vertex   4.214750e+01 -3.423947e+01 4.573872e+01
      vertex   3.968998e+01 -3.378058e+01 4.573872e+01
      vertex   4.215848e+01 -3.418067e+01 4.587642e+01
    endloop
  endfacet
  facet normal 1.683573e-01 9.016276e-01 -3.984011e-01
    outer loop
      vertex   4.215848e+01 -3.418067e+01 4.587642e+01
      vertex   3.968998e+01 -3.378058e+01 4.573872e+01
      vertex   3.970096e+01 -3.372178e+01 4.587642e+01
    endloop
  endfacet
  facet normal 1.568316e-01 8.399026e-01 -5.195840e-01
    outer loop
      vertex   4.215848e+01 -3.418067e+01 4.587642e+01
      vertex   3.970096e+01 -3.372178e+01 4.587642e+01
      vertex   4.217280e+01 -3.410399e+01 4.600470e+01
    endloop
  endfacet
  facet normal 1.568316e-01 8.399026e-01 -5.195840e-01
    outer loop
      vertex   4.217280e+01 -3.410399e+01 4.600470e+01
      vertex   3.970096e+01 -3.372178e+01 4.587642e+01
      vertex   3.971528e+01 -3.364510e+01 4.600470e+01
    endloop
  endfacet
  facet normal 1.423844e-01 7.625318e-01 -6.310879e-01
    outer loop
      vertex   4.217280e+01 -3.410399e+01 4.600470e+01
      vertex   3.971528e+01 -3.364510e+01 4.600470e+01
      vertex   4.219019e+01 -3.401085e+01 4.612116e+01
    endloop
  endfacet
  facet normal 1.423844e-01 7.625318e-01 -6.310879e-01
    outer loop
      vertex   4.219019e+01 -3.401085e+01 4.612116e+01
      vertex   3.971528e+01 -3.364510e+01 4.600470e+01
      vertex   3.973267e+01 -3.355197e+01 4.612116e+01
    endloop
  endfacet
  facet normal 1.252849e-01 6.709564e-01 -7.308360e-01
    outer loop
      vertex   4.219019e+01 -3.401085e+01 4.612116e+01
      vertex   3.973267e+01 -3.355197e+01 4.612116e+01
      vertex   4.221033e+01 -3.390299e+01 4.622363e+01
    endloop
  endfacet
  facet normal 1.252849e-01 6.709564e-01 -7.308360e-01
    outer loop
      vertex   4.221033e+01 -3.390299e+01 4.622363e+01
      vertex   3.973267e+01 -3.355197e+01 4.612116e+01
      vertex   3.975281e+01 -3.344411e+01 4.622363e+01
    endloop
  endfacet
  facet normal 1.058516e-01 5.668824e-01 -8.169699e-01
    outer loop
      vertex   4.221033e+01 -3.390299e+01 4.622363e+01
      vertex   3.975281e+01 -3.344411e+01 4.622363e+01
      vertex   4.223285e+01 -3.378242e+01 4.631021e+01
    endloop
  endfacet
  facet normal 1.058516e-01 5.668824e-01 -8.169699e-01
    outer loop
      vertex   4.223285e+01 -3.378242e+01 4.631021e+01
      vertex   3.975281e+01 -3.344411e+01 4.622363e+01
      vertex   3.977532e+01 -3.332354e+01 4.631021e+01
    endloop
  endfacet
  facet normal 8.444650e-02 4.522484e-01 -8.878852e-01
    outer loop
      vertex   4.223285e+01 -3.378242e+01 4.631021e+01
      vertex   3.977532e+01 -3.332354e+01 4.631021e+01
      vertex   4.225731e+01 -3.365138e+01 4.637928e+01
    endloop
  endfacet
  facet normal 8.444650e-02 4.522484e-01 -8.878852e-01
    outer loop
      vertex   4.225731e+01 -3.365138e+01 4.637928e+01
      vertex   3.977532e+01 -3.332354e+01 4.631021e+01
      vertex   3.979979e+01 -3.319250e+01 4.637928e+01
    endloop
  endfacet
  facet normal 6.146829e-02 3.291899e-01 -9.422609e-01
    outer loop
      vertex   4.225731e+01 -3.365138e+01 4.637928e+01
      vertex   3.979979e+01 -3.319250e+01 4.637928e+01
      vertex   4.228328e+01 -3.351232e+01 4.642956e+01
    endloop
  endfacet
  facet normal 6.146829e-02 3.291899e-01 -9.422609e-01
    outer loop
      vertex   4.228328e+01 -3.351232e+01 4.642956e+01
      vertex   3.979979e+01 -3.319250e+01 4.637928e+01
      vertex   3.982576e+01 -3.305344e+01 4.642956e+01
    endloop
  endfacet
  facet normal 3.734504e-02 1.999992e-01 -9.790841e-01
    outer loop
      vertex   4.228328e+01 -3.351232e+01 4.642956e+01
      vertex   3.982576e+01 -3.305344e+01 4.642956e+01
      vertex   4.231026e+01 -3.336783e+01 4.646011e+01
    endloop
  endfacet
  facet normal 3.734504e-02 1.999992e-01 -9.790841e-01
    outer loop
      vertex   4.231026e+01 -3.336783e+01 4.646011e+01
      vertex   3.982576e+01 -3.305344e+01 4.642956e+01
      vertex   3.985274e+01 -3.290894e+01 4.646011e+01
    endloop
  endfacet
  facet normal -1.252613e-02 -6.708296e-02 -9.976688e-01
    outer loop
      vertex   3.745020e+01 -3.215558e+01 4.646011e+01
      vertex   3.990772e+01 -3.261447e+01 4.646011e+01
      vertex   3.742271e+01 -3.230282e+01 4.647035e+01
    endloop
  endfacet
  facet normal -1.252613e-02 -6.708296e-02 -9.976688e-01
    outer loop
      vertex   3.742271e+01 -3.230282e+01 4.647035e+01
      vertex   3.990772e+01 -3.261447e+01 4.646011e+01
      vertex   3.988023e+01 -3.276171e+01 4.647035e+01
    endloop
  endfacet
  facet normal 1.252613e-02 6.708296e-02 -9.976688e-01
    outer loop
      vertex   3.742271e+01 -3.230282e+01 4.647035e+01
      vertex   3.988023e+01 -3.276171e+01 4.647035e+01
      vertex   3.739521e+01 -3.245006e+01 4.646011e+01
    endloop
  endfacet
  facet normal 1.252613e-02 6.708296e-02 -9.976688e-01
    outer loop
      vertex   3.739521e+01 -3.245006e+01 4.646011e+01
      vertex   3.988023e+01 -3.276171e+01 4.647035e+01
      vertex   3.985274e+01 -3.290894e+01 4.646011e+01
    endloop
  endfacet
  facet normal 3.734504e-02 1.999992e-01 -9.790841e-01
    outer loop
      vertex   3.739521e+01 -3.245006e+01 4.646011e+01
      vertex   3.985274e+01 -3.290894e+01 4.646011e+01
      vertex   3.736823e+01 -3.259456e+01 4.642956e+01
    endloop
  endfacet
  facet normal 3.734504e-02 1.999992e-01 -9.790841e-01
    outer loop
      vertex   3.736823e+01 -3.259456e+01 4.642956e+01
      vertex   3.985274e+01 -3.290894e+01 4.646011e+01
      vertex   3.982576e+01 -3.305344e+01 4.642956e+01
    endloop
  endfacet
  facet normal 6.146829e-02 3.291899e-01 -9.422609e-01
    outer loop
      vertex   3.736823e+01 -3.259456e+01 4.642956e+01
      vertex   3.982576e+01 -3.305344e+01 4.642956e+01
      vertex   3.734226e+01 -3.273362e+01 4.637928e+01
    endloop
  endfacet
  facet normal 6.146829e-02 3.291899e-01 -9.422609e-01
    outer loop
      vertex   3.734226e+01 -3.273362e+01 4.637928e+01
      vertex   3.982576e+01 -3.305344e+01 4.642956e+01
      vertex   3.979979e+01 -3.319250e+01 4.637928e+01
    endloop
  endfacet
  facet normal 8.444650e-02 4.522484e-01 -8.878852e-01
    outer loop
      vertex   3.734226e+01 -3.273362e+01 4.637928e+01
      vertex   3.979979e+01 -3.319250e+01 4.637928e+01
      vertex   3.731780e+01 -3.286465e+01 4.631021e+01
    endloop
  endfacet
  facet normal 8.444650e-02 4.522484e-01 -8.878852e-01
    outer loop
      vertex   3.731780e+01 -3.286465e+01 4.631021e+01
      vertex   3.979979e+01 -3.319250e+01 4.637928e+01
      vertex   3.977532e+01 -3.332354e+01 4.631021e+01
    endloop
  endfacet
  facet normal 1.058516e-01 5.668824e-01 -8.169699e-01
    outer loop
      vertex   3.731780e+01 -3.286465e+01 4.631021e+01
      vertex   3.977532e+01 -3.332354e+01 4.631021e+01
      vertex   3.729528e+01 -3.298522e+01 4.622363e+01
    endloop
  endfacet
  facet normal 1.058516e-01 5.668824e-01 -8.169699e-01
    outer loop
      vertex   3.729528e+01 -3.298522e+01 4.622363e+01
      vertex   3.977532e+01 -3.332354e+01 4.631021e+01
      vertex   3.975281e+01 -3.344411e+01 4.622363e+01
    endloop
  endfacet
  facet normal 1.252849e-01 6.709564e-01 -7.308360e-01
    outer loop
      vertex   3.729528e+01 -3.298522e+01 4.622363e+01
      vertex   3.975281e+01 -3.344411e+01 4.622363e+01
      vertex   3.727514e+01 -3.309308e+01 4.612116e+01
    endloop
  endfacet
  facet normal 1.252849e-01 6.709564e-01 -7.308360e-01
    outer loop
      vertex   3.727514e+01 -3.309308e+01 4.612116e+01
      vertex   3.975281e+01 -3.344411e+01 4.622363e+01
      vertex   3.973267e+01 -3.355197e+01 4.612116e+01
    endloop
  endfacet
  facet normal 1.423844e-01 7.625318e-01 -6.310879e-01
    outer loop
      vertex   3.727514e+01 -3.309308e+01 4.612116e+01
      vertex   3.973267e+01 -3.355197e+01 4.612116e+01
      vertex   3.725775e+01 -3.318622e+01 4.600470e+01
    endloop
  endfacet
  facet normal 1.423844e-01 7.625318e-01 -6.310879e-01
    outer loop
      vertex   3.725775e+01 -3.318622e+01 4.600470e+01
      vertex   3.973267e+01 -3.355197e+01 4.612116e+01
      vertex   3.971528e+01 -3.364510e+01 4.600470e+01
    endloop
  endfacet
  facet normal 1.568316e-01 8.399026e-01 -5.195840e-01
    outer loop
      vertex   3.725775e+01 -3.318622e+01 4.600470e+01
      vertex   3.971528e+01 -3.364510e+01 4.600470e+01
      vertex   3.724343e+01 -3.326290e+01 4.587642e+01
    endloop
  endfacet
  facet normal 1.568316e-01 8.399026e-01 -5.195840e-01
    outer loop
      vertex   3.724343e+01 -3.326290e+01 4.587642e+01
      vertex   3.971528e+01 -3.364510e+01 4.600470e+01
      vertex   3.970096e+01 -3.372178e+01 4.587642e+01
    endloop
  endfacet
  facet normal 1.683573e-01 9.016276e-01 -3.984011e-01
    outer loop
      vertex   3.724343e+01 -3.326290e+01 4.587642e+01
      vertex   3.970096e+01 -3.372178e+01 4.587642e+01
      vertex   3.723245e+01 -3.332170e+01 4.573872e+01
    endloop
  endfacet
  facet normal 1.683573e-01 9.016276e-01 -3.984011e-01
    outer loop
      vertex   3.723245e+01 -3.332170e+01 4.573872e+01
      vertex   3.970096e+01 -3.372178e+01 4.587642e+01
      vertex   3.968998e+01 -3.378058e+01 4.573872e+01
    endloop
  endfacet
  facet normal 1.767467e-01 9.465571e-01 -2.697968e-01
    outer loop
      vertex   3.723245e+01 -3.332170e+01 4.573872e+01
      vertex   3.968998e+01 -3.378058e+01 4.573872e+01
      vertex   3.722502e+01 -3.336152e+01 4.559415e+01
    endloop
  endfacet
  facet normal 1.767467e-01 9.465571e-01 -2.697968e-01
    outer loop
      vertex   3.722502e+01 -3.336152e+01 4.559415e+01
      vertex   3.968998e+01 -3.378058e+01 4.573872e+01
      vertex   3.968254e+01 -3.382040e+01 4.559415e+01
    endloop
  endfacet
  facet normal 1.818438e-01 9.738539e-01 -1.361666e-01
    outer loop
      vertex   3.722502e+01 -3.336152e+01 4.559415e+01
      vertex   3.968254e+01 -3.382040e+01 4.559415e+01
      vertex   3.722127e+01 -3.338161e+01 4.544542e+01
    endloop
  endfacet
  facet normal 1.818438e-01 9.738539e-01 -1.361666e-01
    outer loop
      vertex   3.722127e+01 -3.338161e+01 4.544542e+01
      vertex   3.968254e+01 -3.382040e+01 4.559415e+01
      vertex   3.967879e+01 -3.384049e+01 4.544542e+01
    endloop
  endfacet
  facet normal 1.835534e-01 9.830097e-01 0.000000e+00
    outer loop
      vertex   3.722127e+01 -3.338161e+01 4.544542e+01
      vertex   3.967879e+01 -3.384049e+01 4.544542e+01
      vertex   3.722127e+01 -3.338161e+01 4.529529e+01
    endloop
  endfacet
  facet normal 1.835534e-01 9.830097e-01 0.000000e+00
    outer loop
      vertex   3.722127e+01 -3.338161e+01 4.529529e+01
      vertex   3.967879e+01 -3.384049e+01 4.544542e+01
      vertex   3.967879e+01 -3.384049e+01 4.529529e+01
    endloop
  endfacet
  facet normal 1.818438e-01 9.738539e-01 1.361666e-01
    outer loop
      vertex   3.722127e+01 -3.338161e+01 4.529529e+01
      vertex   3.967879e+01 -3.384049e+01 4.529529e+01
      vertex   3.722502e+01 -3.336152e+01 4.514655e+01
    endloop
  endfacet
  facet normal 1.818438e-01 9.738539e-01 1.361666e-01
    outer loop
      vertex   3.722502e+01 -3.336152e+01 4.514655e+01
      vertex   3.967879e+01 -3.384049e+01 4.529529e+01
      vertex   3.968254e+01 -3.382040e+01 4.514655e+01
    endloop
  endfacet
  facet normal 1.767467e-01 9.465571e-01 2.697968e-01
    outer loop
      vertex   3.722502e+01 -3.336152e+01 4.514655e+01
      vertex   3.968254e+01 -3.382040e+01 4.514655e+01
      vertex   3.723245e+01 -3.332170e+01 4.500198e+01
    endloop
  endfacet
  facet normal 1.767467e-01 9.465571e-01 2.697968e-01
    outer loop
      vertex   3.723245e+01 -3.332170e+01 4.500198e+01
      vertex   3.968254e+01 -3.382040e+01 4.514655e+01
      vertex   3.968998e+01 -3.378058e+01 4.500198e+01
    endloop
  endfacet
  facet normal 1.683573e-01 9.016276e-01 3.984011e-01
    outer loop
      vertex   3.723245e+01 -3.332170e+01 4.500198e+01
      vertex   3.968998e+01 -3.378058e+01 4.500198e+01
      vertex   3.724343e+01 -3.326290e+01 4.486428e+01
    endloop
  endfacet
  facet normal 1.683573e-01 9.016276e-01 3.984011e-01
    outer loop
      vertex   3.724343e+01 -3.326290e+01 4.486428e+01
      vertex   3.968998e+01 -3.378058e+01 4.500198e+01
      vertex   3.970096e+01 -3.372178e+01 4.486428e+01
    endloop
  endfacet
  facet normal 1.568316e-01 8.399026e-01 5.195840e-01
    outer loop
      vertex   3.724343e+01 -3.326290e+01 4.486428e+01
      vertex   3.970096e+01 -3.372178e+01 4.486428e+01
      vertex   3.725775e+01 -3.318622e+01 4.473600e+01
    endloop
  endfacet
  facet normal 1.568316e-01 8.399026e-01 5.195840e-01
    outer loop
      vertex   3.725775e+01 -3.318622e+01 4.473600e+01
      vertex   3.970096e+01 -3.372178e+01 4.486428e+01
      vertex   3.971528e+01 -3.364510e+01 4.473600e+01
    endloop
  endfacet
  facet normal 1.423844e-01 7.625318e-01 6.310879e-01
    outer loop
      vertex   3.725775e+01 -3.318622e+01 4.473600e+01
      vertex   3.971528e+01 -3.364510e+01 4.473600e+01
      vertex   3.727514e+01 -3.309308e+01 4.461954e+01
    endloop
  endfacet
  facet normal 1.423844e-01 7.625318e-01 6.310879e-01
    outer loop
      vertex   3.727514e+01 -3.309308e+01 4.461954e+01
      vertex   3.971528e+01 -3.364510e+01 4.473600e+01
      vertex   3.973267e+01 -3.355197e+01 4.461954e+01
    endloop
  endfacet
  facet normal 1.252849e-01 6.709564e-01 7.308360e-01
    outer loop
      vertex   3.727514e+01 -3.309308e+01 4.461954e+01
      vertex   3.973267e+01 -3.355197e+01 4.461954e+01
      vertex   3.729528e+01 -3.298522e+01 4.451707e+01
    endloop
  endfacet
  facet normal 1.252849e-01 6.709564e-01 7.308360e-01
    outer loop
      vertex   3.729528e+01 -3.298522e+01 4.451707e+01
      vertex   3.973267e+01 -3.355197e+01 4.461954e+01
      vertex   3.975281e+01 -3.344411e+01 4.451707e+01
    endloop
  endfacet
  facet normal 1.058516e-01 5.668824e-01 8.169699e-01
    outer loop
      vertex   3.729528e+01 -3.298522e+01 4.451707e+01
      vertex   3.975281e+01 -3.344411e+01 4.451707e+01
      vertex   3.731780e+01 -3.286465e+01 4.443049e+01
    endloop
  endfacet
  facet normal 1.058516e-01 5.668824e-01 8.169699e-01
    outer loop
      vertex   3.731780e+01 -3.286465e+01 4.443049e+01
      vertex   3.975281e+01 -3.344411e+01 4.451707e+01
      vertex   3.977532e+01 -3.332354e+01 4.443049e+01
    endloop
  endfacet
  facet normal 8.444650e-02 4.522484e-01 8.878852e-01
    outer loop
      vertex   3.731780e+01 -3.286465e+01 4.443049e+01
      vertex   3.977532e+01 -3.332354e+01 4.443049e+01
      vertex   3.734226e+01 -3.273362e+01 4.436142e+01
    endloop
  endfacet
  facet normal 8.444650e-02 4.522484e-01 8.878852e-01
    outer loop
      vertex   3.734226e+01 -3.273362e+01 4.436142e+01
      vertex   3.977532e+01 -3.332354e+01 4.443049e+01
      vertex   3.979979e+01 -3.319250e+01 4.436142e+01
    endloop
  endfacet
  facet normal 6.146829e-02 3.291899e-01 9.422609e-01
    outer loop
      vertex   3.734226e+01 -3.273362e+01 4.436142e+01
      vertex   3.979979e+01 -3.319250e+01 4.436142e+01
      vertex   3.736823e+01 -3.259456e+01 4.431114e+01
    endloop
  endfacet
  facet normal 6.146829e-02 3.291899e-01 9.422609e-01
    outer loop
      vertex   3.736823e+01 -3.259456e+01 4.431114e+01
      vertex   3.979979e+01 -3.319250e+01 4.436142e+01
      vertex   3.982576e+01 -3.305344e+01 4.431114e+01
    endloop
  endfacet
  facet normal 3.734504e-02 1.999992e-01 9.790841e-01
    outer loop
      vertex   3.736823e+01 -3.259456e+01 4.431114e+01
      vertex   3.982576e+01 -3.305344e+01 4.431114e+01
      vertex   3.739521e+01 -3.245006e+01 4.428060e+01
    endloop
  endfacet
  facet normal 3.734504e-02 1.999992e-01 9.790841e-01
    outer loop
      vertex   3.739521e+01 -3.245006e+01 4.428060e+01
      vertex   3.982576e+01 -3.305344e+01 4.431114e+01
      vertex   3.985274e+01 -3.290894e+01 4.428060e+01
    endloop
  endfacet
  facet normal 1.252613e-02 6.708296e-02 9.976688e-01
    outer loop
      vertex   3.739521e+01 -3.245006e+01 4.428060e+01
      vertex   3.985274e+01 -3.290894e+01 4.428060e+01
      vertex   3.742271e+01 -3.230282e+01 4.427035e+01
    endloop
  endfacet
  facet normal 1.252613e-02 6.708296e-02 9.976688e-01
    outer loop
      vertex   3.742271e+01 -3.230282e+01 4.427035e+01
      vertex   3.985274e+01 -3.290894e+01 4.428060e+01
      vertex   3.988023e+01 -3.276171e+01 4.427035e+01
    endloop
  endfacet
  facet normal -1.252613e-02 -6.708296e-02 9.976688e-01
    outer loop
      vertex   3.742271e+01 -3.230282e+01 4.427035e+01
      vertex   3.988023e+01 -3.276171e+01 4.427035e+01
      vertex   3.745020e+01 -3.215558e+01 4.428060e+01
    endloop
  endfacet
  facet normal -1.252613e-02 -6.708296e-02 9.976688e-01
    outer loop
      vertex   3.745020e+01 -3.215558e+01 4.428060e+01
      vertex   3.988023e+01 -3.276171e+01 4.427035e+01
      vertex   3.990772e+01 -3.261447e+01 4.428060e+01
    endloop
  endfacet
  facet normal -3.734504e-02 -1.999992e-01 9.790841e-01
    outer loop
      vertex   3.745020e+01 -3.215558e+01 4.428060e+01
      vertex   3.990772e+01 -3.261447e+01 4.428060e+01
      vertex   3.747718e+01 -3.201109e+01 4.431114e+01
    endloop
  endfacet
  facet normal -3.734504e-02 -1.999992e-01 9.790841e-01
    outer loop
      vertex   3.747718e+01 -3.201109e+01 4.431114e+01
      vertex   3.990772e+01 -3.261447e+01 4.428060e+01
      vertex   3.993470e+01 -3.246997e+01 4.431114e+01
    endloop
  endfacet
  facet normal -6.146829e-02 -3.291899e-01 9.422609e-01
    outer loop
      vertex   3.747718e+01 -3.201109e+01 4.431114e+01
      vertex   3.993470e+01 -3.246997e+01 4.431114e+01
      vertex   3.750315e+01 -3.187203e+01 4.436142e+01
    endloop
  endfacet
  facet normal -6.146829e-02 -3.291899e-01 9.422609e-01
    outer loop
      vertex   3.750315e+01 -3.187203e+01 4.436142e+01
      vertex   3.993470e+01 -3.246997e+01 4.431114e+01
      vertex   3.996067e+01 -3.233091e+01 4.436142e+01
    endloop
  endfacet
  facet normal -8.444650e-02 -4.522484e-01 8.878852e-01
    outer loop
      vertex   3.750315e+01 -3.187203e+01 4.436142e+01
      vertex   3.996067e+01 -3.233091e+01 4.436142e+01
      vertex   3.752761e+01 -3.174099e+01 4.443049e+01
    endloop
  endfacet
  facet normal -8.444650e-02 -4.522484e-01 8.878852e-01
    outer loop
      vertex   3.752761e+01 -3.174099e+01 4.443049e+01
      vertex   3.996067e+01 -3.233091e+01 4.436142e+01
      vertex   3.998514e+01 -3.219987e+01 4.443049e+01
    endloop
  endfacet
  facet normal -1.058516e-01 -5.668824e-01 8.169699e-01
    outer loop
      vertex   3.752761e+01 -3.174099e+01 4.443049e+01
      vertex   3.998514e+01 -3.219987e+01 4.443049e+01
      vertex   3.755013e+01 -3.162042e+01 4.451707e+01
    endloop
  endfacet
  facet normal -1.058516e-01 -5.668824e-01 8.169699e-01
    outer loop
      vertex   3.755013e+01 -3.162042e+01 4.451707e+01
      vertex   3.998514e+01 -3.219987e+01 4.443049e+01
      vertex   4.000765e+01 -3.207930e+01 4.451707e+01
    endloop
  endfacet
  facet normal -1.252849e-01 -6.709564e-01 7.308360e-01
    outer loop
      vertex   3.755013e+01 -3.162042e+01 4.451707e+01
      vertex   4.000765e+01 -3.207930e+01 4.451707e+01
      vertex   3.757027e+01 -3.151256e+01 4.461954e+01
    endloop
  endfacet
  facet normal -1.252849e-01 -6.709564e-01 7.308360e-01
    outer loop
      vertex   3.757027e+01 -3.151256e+01 4.461954e+01
      vertex   4.000765e+01 -3.207930e+01 4.451707e+01
      vertex   4.002779e+01 -3.197144e+01 4.461954e+01
    endloop
  endfacet
  facet normal -1.423844e-01 -7.625318e-01 6.310879e-01
    outer loop
      vertex   3.757027e+01 -3.151256e+01 4.461954e+01
      vertex   4.002779e+01 -3.197144e+01 4.461954e+01
      vertex   3.758766e+01 -3.141942e+01 4.473600e+01
    endloop
  endfacet
  facet normal -1.423844e-01 -7.625318e-01 6.310879e-01
    outer loop
      vertex   3.758766e+01 -3.141942e+01 4.473600e+01
      vertex   4.002779e+01 -3.197144e+01 4.461954e+01
      vertex   4.004518e+01 -3.187831e+01 4.473600e+01
    endloop
  endfacet
  facet normal -1.568316e-01 -8.399026e-01 5.195840e-01
    outer loop
      vertex   3.758766e+01 -3.141942e+01 4.473600e+01
      vertex   4.004518e+01 -3.187831e+01 4.473600e+01
      vertex   3.760198e+01 -3.134274e+01 4.486428e+01
    endloop
  endfacet
  facet normal -1.568316e-01 -8.399026e-01 5.195840e-01
    outer loop
      vertex   3.760198e+01 -3.134274e+01 4.486428e+01
      vertex   4.004518e+01 -3.187831e+01 4.473600e+01
      vertex   4.005950e+01 -3.180163e+01 4.486428e+01
    endloop
  endfacet
  facet normal -1.683573e-01 -9.016276e-01 3.984011e-01
    outer loop
      vertex   3.760198e+01 -3.134274e+01 4.486428e+01
      vertex   4.005950e+01 -3.180163e+01 4.486428e+01
      vertex   3.761296e+01 -3.128394e+01 4.500198e+01
    endloop
  endfacet
  facet normal -1.683573e-01 -9.016276e-01 3.984011e-01
    outer loop
      vertex   3.761296e+01 -3.128394e+01 4.500198e+01
      vertex   4.005950e+01 -3.180163e+01 4.486428e+01
      vertex   4.007048e+01 -3.174283e+01 4.500198e+01
    endloop
  endfacet
  facet normal -1.767467e-01 -9.465571e-01 2.697968e-01
    outer loop
      vertex   3.761296e+01 -3.128394e+01 4.500198e+01
      vertex   4.007048e+01 -3.174283e+01 4.500198e+01
      vertex   3.762039e+01 -3.124413e+01 4.514655e+01
    endloop
  endfacet
  facet normal -1.767467e-01 -9.465571e-01 2.697968e-01
    outer loop
      vertex   3.762039e+01 -3.124413e+01 4.514655e+01
      vertex   4.007048e+01 -3.174283e+01 4.500198e+01
      vertex   4.007792e+01 -3.170301e+01 4.514655e+01
    endloop
  endfacet
  facet normal -1.818438e-01 -9.738539e-01 1.361666e-01
    outer loop
      vertex   3.762039e+01 -3.124413e+01 4.514655e+01
      vertex   4.007792e+01 -3.170301e+01 4.514655e+01
      vertex   3.762414e+01 -3.122403e+01 4.529529e+01
    endloop
  endfacet
  facet normal -1.818438e-01 -9.738539e-01 1.361666e-01
    outer loop
      vertex   3.762414e+01 -3.122403e+01 4.529529e+01
      vertex   4.007792e+01 -3.170301e+01 4.514655e+01
      vertex   4.008167e+01 -3.168292e+01 4.529529e+01
    endloop
  endfacet
  facet normal -1.835534e-01 -9.830097e-01 0.000000e+00
    outer loop
      vertex   3.762414e+01 -3.122403e+01 4.529529e+01
      vertex   4.008167e+01 -3.168292e+01 4.529529e+01
      vertex   3.762414e+01 -3.122403e+01 4.544542e+01
    endloop
  endfacet
  facet normal -1.835534e-01 -9.830097e-01 0.000000e+00
    outer loop
      vertex   3.762414e+01 -3.122403e+01 4.544542e+01
      vertex   4.008167e+01 -3.168292e+01 4.529529e+01
      vertex   4.008167e+01 -3.168292e+01 4.544542e+01
    endloop
  endfacet
  facet normal -1.818438e-01 -9.738539e-01 -1.361666e-01
    outer loop
      vertex   3.762414e+01 -3.122403e+01 4.544542e+01
      vertex   4.008167e+01 -3.168292e+01 4.544542e+01
      vertex   3.762039e+01 -3.124413e+01 4.559415e+01
    endloop
  endfacet
  facet normal -1.818438e-01 -9.738539e-01 -1.361666e-01
    outer loop
      vertex   3.762039e+01 -3.124413e+01 4.559415e+01
      vertex   4.008167e+01 -3.168292e+01 4.544542e+01
      vertex   4.007792e+01 -3.170301e+01 4.559415e+01
    endloop
  endfacet
  facet normal -1.767467e-01 -9.465571e-01 -2.697968e-01
    outer loop
      vertex   3.762039e+01 -3.124413e+01 4.559415e+01
      vertex   4.007792e+01 -3.170301e+01 4.559415e+01
      vertex   3.761296e+01 -3.128394e+01 4.573872e+01
    endloop
  endfacet
  facet normal -1.767467e-01 -9.465571e-01 -2.697968e-01
    outer loop
      vertex   3.761296e+01 -3.128394e+01 4.573872e+01
      vertex   4.007792e+01 -3.170301e+01 4.559415e+01
      vertex   4.007048e+01 -3.174283e+01 4.573872e+01
    endloop
  endfacet
  facet normal -1.683573e-01 -9.016276e-01 -3.984011e-01
    outer loop
      vertex   3.761296e+01 -3.128394e+01 4.573872e+01
      vertex   4.007048e+01 -3.174283e+01 4.573872e+01
      vertex   3.760198e+01 -3.134274e+01 4.587642e+01
    endloop
  endfacet
  facet normal -1.683573e-01 -9.016276e-01 -3.984011e-01
    outer loop
      vertex   3.760198e+01 -3.134274e+01 4.587642e+01
      vertex   4.007048e+01 -3.174283e+01 4.573872e+01
      vertex   4.005950e+01 -3.180163e+01 4.587642e+01
    endloop
  endfacet
  facet normal -1.568316e-01 -8.399026e-01 -5.195840e-01
    outer loop
      vertex   3.760198e+01 -3.134274e+01 4.587642e+01
      vertex   4.005950e+01 -3.180163e+01 4.587642e+01
      vertex   3.758766e+01 -3.141942e+01 4.600470e+01
    endloop
  endfacet
  facet normal -1.568316e-01 -8.399026e-01 -5.195840e-01
    outer loop
      vertex   3.758766e+01 -3.141942e+01 4.600470e+01
      vertex   4.005950e+01 -3.180163e+01 4.587642e+01
      vertex   4.004518e+01 -3.187831e+01 4.600470e+01
    endloop
  endfacet
  facet normal -1.423844e-01 -7.625318e-01 -6.310879e-01
    outer loop
      vertex   3.758766e+01 -3.141942e+01 4.600470e+01
      vertex   4.004518e+01 -3.187831e+01 4.600470e+01
      vertex   3.757027e+01 -3.151256e+01 4.612116e+01
    endloop
  endfacet
  facet normal -1.423844e-01 -7.625318e-01 -6.310879e-01
    outer loop
      vertex   3.757027e+01 -3.151256e+01 4.612116e+01
      vertex   4.004518e+01 -3.187831e+01 4.600470e+01
      vertex   4.002779e+01 -3.197144e+01 4.612116e+01
    endloop
  endfacet
  facet normal -1.252849e-01 -6.709564e-01 -7.308360e-01
    outer loop
      vertex   3.757027e+01 -3.151256e+01 4.612116e+01
      vertex   4.002779e+01 -3.197144e+01 4.612116e+01
      vertex   3.755013e+01 -3.162042e+01 4.622363e+01
    endloop
  endfacet
  facet normal -1.252849e-01 -6.709564e-01 -7.308360e-01
    outer loop
      vertex   3.755013e+01 -3.162042e+01 4.622363e+01
      vertex   4.002779e+01 -3.197144e+01 4.612116e+01
      vertex   4.000765e+01 -3.207930e+01 4.622363e+01
    endloop
  endfacet
  facet normal -1.058516e-01 -5.668824e-01 -8.169699e-01
    outer loop
      vertex   3.755013e+01 -3.162042e+01 4.622363e+01
      vertex   4.000765e+01 -3.207930e+01 4.622363e+01
      vertex   3.752761e+01 -3.174099e+01 4.631021e+01
    endloop
  endfacet
  facet normal -1.058516e-01 -5.668824e-01 -8.169699e-01
    outer loop
      vertex   3.752761e+01 -3.174099e+01 4.631021e+01
      vertex   4.000765e+01 -3.207930e+01 4.622363e+01
      vertex   3.998514e+01 -3.219987e+01 4.631021e+01
    endloop
  endfacet
  facet normal -8.444650e-02 -4.522484e-01 -8.878852e-01
    outer loop
      vertex   3.752761e+01 -3.174099e+01 4.631021e+01
      vertex   3.998514e+01 -3.219987e+01 4.631021e+01
      vertex   3.750315e+01 -3.187203e+01 4.637928e+01
    endloop
  endfacet
  facet normal -8.444650e-02 -4.522484e-01 -8.878852e-01
    outer loop
      vertex   3.750315e+01 -3.187203e+01 4.637928e+01
      vertex   3.998514e+01 -3.219987e+01 4.631021e+01
      vertex   3.996067e+01 -3.233091e+01 4.637928e+01
    endloop
  endfacet
  facet normal -6.146829e-02 -3.291899e-01 -9.422609e-01
    outer loop
      vertex   3.750315e+01 -3.187203e+01 4.637928e+01
      vertex   3.996067e+01 -3.233091e+01 4.637928e+01
      vertex   3.747718e+01 -3.201109e+01 4.642956e+01
    endloop
  endfacet
  facet normal -6.146829e-02 -3.291899e-01 -9.422609e-01
    outer loop
      vertex   3.747718e+01 -3.201109e+01 4.642956e+01
      vertex   3.996067e+01 -3.233091e+01 4.637928e+01
      vertex   3.993470e+01 -3.246997e+01 4.642956e+01
    endloop
  endfacet
  facet normal -3.734504e-02 -1.999992e-01 -9.790841e-01
    outer loop
      vertex   3.747718e+01 -3.201109e+01 4.642956e+01
      vertex   3.993470e+01 -3.246997e+01 4.642956e+01
      vertex   3.745020e+01 -3.215558e+01 4.646011e+01
    endloop
  endfacet
  facet normal -3.734504e-02 -1.999992e-01 -9.790841e-01
    outer loop
      vertex   3.745020e+01 -3.215558e+01 4.646011e+01
      vertex   3.993470e+01 -3.246997e+01 4.642956e+01
      vertex   3.990772e+01 -3.261447e+01 4.646011e+01
    endloop
  endfacet
  facet normal 1.252613e-02 6.708296e-02 -9.976688e-01
    outer loop
      vertex   4.231026e+01 -3.336783e+01 3.376011e+01
      vertex   3.985274e+01 -3.290894e+01 3.376011e+01
      vertex   4.233775e+01 -3.322059e+01 3.377035e+01
    endloop
  endfacet
  facet normal 1.252613e-02 6.708296e-02 -9.976688e-01
    outer loop
      vertex   4.233775e+01 -3.322059e+01 3.377035e+01
      vertex   3.985274e+01 -3.290894e+01 3.376011e+01
      vertex   3.988023e+01 -3.276171e+01 3.377035e+01
    endloop
  endfacet
  facet normal -1.252613e-02 -6.708296e-02 -9.976688e-01
    outer loop
      vertex   4.233775e+01 -3.322059e+01 3.377035e+01
      vertex   3.988023e+01 -3.276171e+01 3.377035e+01
      vertex   4.236525e+01 -3.307335e+01 3.376011e+01
    endloop
  endfacet
  facet normal -1.252613e-02 -6.708296e-02 -9.976688e-01
    outer loop
      vertex   4.236525e+01 -3.307335e+01 3.376011e+01
      vertex   3.988023e+01 -3.276171e+01 3.377035e+01
      vertex   3.990772e+01 -3.261447e+01 3.376011e+01
    endloop
  endfacet
  facet normal -3.734504e-02 -1.999992e-01 -9.790841e-01
    outer loop
      vertex   4.236525e+01 -3.307335e+01 3.376011e+01
      vertex   3.990772e+01 -3.261447e+01 3.376011e+01
      vertex   4.239223e+01 -3.292885e+01 3.372956e+01
    endloop
  endfacet
  facet normal -3.734504e-02 -1.999992e-01 -9.790841e-01
    outer loop
      vertex   4.239223e+01 -3.292885e+01 3.372956e+01
      vertex   3.990772e+01 -3.261447e+01 3.376011e+01
      vertex   3.993470e+01 -3.246997e+01 3.372956e+01
    endloop
  endfacet
  facet normal -6.146829e-02 -3.291899e-01 -9.422609e-01
    outer loop
      vertex   4.239223e+01 -3.292885e+01 3.372956e+01
      vertex   3.993470e+01 -3.246997e+01 3.372956e+01
      vertex   4.241819e+01 -3.278979e+01 3.367928e+01
    endloop
  endfacet
  facet normal -6.146829e-02 -3.291899e-01 -9.422609e-01
    outer loop
      vertex   4.241819e+01 -3.278979e+01 3.367928e+01
      vertex   3.993470e+01 -3.246997e+01 3.372956e+01
      vertex   3.996067e+01 -3.233091e+01 3.367928e+01
    endloop
  endfacet
  facet normal -8.444650e-02 -4.522484e-01 -8.878852e-01
    outer loop
      vertex   4.241819e+01 -3.278979e+01 3.367928e+01
      vertex   3.996067e+01 -3.233091e+01 3.367928e+01
      vertex   4.244266e+01 -3.265876e+01 3.361021e+01
    endloop
  endfacet
  facet normal -8.444650e-02 -4.522484e-01 -8.878852e-01
    outer loop
      vertex   4.244266e+01 -3.265876e+01 3.361021e+01
      vertex   3.996067e+01 -3.233091e+01 3.367928e+01
      vertex   3.998514e+01 -3.219987e+01 3.361021e+01
    endloop
  endfacet
  facet normal -1.058516e-01 -5.668824e-01 -8.169699e-01
    outer loop
      vertex   4.244266e+01 -3.265876e+01 3.361021e+01
      vertex   3.998514e+01 -3.219987e+01 3.361021e+01
      vertex   4.246518e+01 -3.253819e+01 3.352363e+01
    endloop
  endfacet
  facet normal -1.058516e-01 -5.668824e-01 -8.169699e-01
    outer loop
      vertex   4.246518e+01 -3.253819e+01 3.352363e+01
      vertex   3.998514e+01 -3.219987e+01 3.361021e+01
      vertex   4.000765e+01 -3.207930e+01 3.352363e+01
    endloop
  endfacet
  facet normal -1.252849e-01 -6.709564e-01 -7.308360e-01
    outer loop
      vertex   4.246518e+01 -3.253819e+01 3.352363e+01
      vertex   4.000765e+01 -3.207930e+01 3.352363e+01
      vertex   4.248532e+01 -3.243033e+01 3.342116e+01
    endloop
  endfacet
  facet normal -1.252849e-01 -6.709564e-01 -7.308360e-01
    outer loop
      vertex   4.248532e+01 -3.243033e+01 3.342116e+01
      vertex   4.000765e+01 -3.207930e+01 3.352363e+01
      vertex   4.002779e+01 -3.197144e+01 3.342116e+01
    endloop
  endfacet
  facet normal -1.423844e-01 -7.625318e-01 -6.310879e-01
    outer loop
      vertex   4.248532e+01 -3.243033e+01 3.342116e+01
      vertex   4.002779e+01 -3.197144e+01 3.342116e+01
      vertex   4.250271e+01 -3.233719e+01 3.330470e+01
    endloop
  endfacet
  facet normal -1.423844e-01 -7.625318e-01 -6.310879e-01
    outer loop
      vertex   4.250271e+01 -3.233719e+01 3.330470e+01
      vertex   4.002779e+01 -3.197144e+01 3.342116e+01
      vertex   4.004518e+01 -3.187831e+01 3.330470e+01
    endloop
  endfacet
  facet normal -1.568316e-01 -8.399026e-01 -5.195840e-01
    outer loop
      vertex   4.250271e+01 -3.233719e+01 3.330470e+01
      vertex   4.004518e+01 -3.187831e+01 3.330470e+01
      vertex   4.251703e+01 -3.226051e+01 3.317642e+01
    endloop
  endfacet
  facet normal -1.568316e-01 -8.399026e-01 -5.195840e-01
    outer loop
      vertex   4.251703e+01 -3.226051e+01 3.317642e+01
      vertex   4.004518e+01 -3.187831e+01 3.330470e+01
      vertex   4.005950e+01 -3.180163e+01 3.317642e+01
    endloop
  endfacet
  facet normal -1.683573e-01 -9.016276e-01 -3.984011e-01
    outer loop
      vertex   4.251703e+01 -3.226051e+01 3.317642e+01
      vertex   4.005950e+01 -3.180163e+01 3.317642e+01
      vertex   4.252800e+01 -3.220171e+01 3.303872e+01
    endloop
  endfacet
  facet normal -1.683573e-01 -9.016276e-01 -3.984011e-01
    outer loop
      vertex   4.252800e+01 -3.220171e+01 3.303872e+01
      vertex   4.005950e+01 -3.180163e+01 3.317642e+01
      vertex   4.007048e+01 -3.174283e+01 3.303872e+01
    endloop
  endfacet
  facet normal -1.767467e-01 -9.465571e-01 -2.697968e-01
    outer loop
      vertex   4.252800e+01 -3.220171e+01 3.303872e+01
      vertex   4.007048e+01 -3.174283e+01 3.303872e+01
      vertex   4.253544e+01 -3.216189e+01 3.289415e+01
    endloop
  endfacet
  facet normal -1.767467e-01 -9.465571e-01 -2.697968e-01
    outer loop
      vertex   4.253544e+01 -3.216189e+01 3.289415e+01
      vertex   4.007048e+01 -3.174283e+01 3.303872e+01
      vertex   4.007792e+01 -3.170301e+01 3.289415e+01
    endloop
  endfacet
  facet normal -1.818438e-01 -9.738539e-01 -1.361666e-01
    outer loop
      vertex   4.253544e+01 -3.216189e+01 3.289415e+01
      vertex   4.007792e+01 -3.170301e+01 3.289415e+01
      vertex   4.253919e+01 -3.214180e+01 3.274542e+01
    endloop
  endfacet
  facet normal -1.818438e-01 -9.738539e-01 -1.361666e-01
    outer loop
      vertex   4.253919e+01 -3.214180e+01 3.274542e+01
      vertex   4.007792e+01 -3.170301e+01 3.289415e+01
      vertex   4.008167e+01 -3.168292e+01 3.274542e+01
    endloop
  endfacet
  facet normal -1.835534e-01 -9.830097e-01 -0.000000e+00
    outer loop
      vertex   4.253919e+01 -3.214180e+01 3.274542e+01
      vertex   4.008167e+01 -3.168292e+01 3.274542e+01
      vertex   4.253919e+01 -3.214180e+01 3.259529e+01
    endloop
  endfacet
  facet normal -1.835534e-01 -9.830097e-01 0.000000e+00
    outer loop
      vertex   4.253919e+01 -3.214180e+01 3.259529e+01
      vertex   4.008167e+01 -3.168292e+01 3.274542e+01
      vertex   4.008167e+01 -3.168292e+01 3.259529e+01
    endloop
  endfacet
  facet normal -1.818438e-01 -9.738539e-01 1.361666e-01
    outer loop
      vertex   4.253919e+01 -3.214180e+01 3.259529e+01
      vertex   4.008167e+01 -3.168292e+01 3.259529e+01
      vertex   4.253544e+01 -3.216189e+01 3.244655e+01
    endloop
  endfacet
  facet normal -1.818438e-01 -9.738539e-01 1.361666e-01
    outer loop
      vertex   4.253544e+01 -3.216189e+01 3.244655e+01
      vertex   4.008167e+01 -3.168292e+01 3.259529e+01
      vertex   4.007792e+01 -3.170301e+01 3.244655e+01
    endloop
  endfacet
  facet normal -1.767467e-01 -9.465571e-01 2.697968e-01
    outer loop
      vertex   4.253544e+01 -3.216189e+01 3.244655e+01
      vertex   4.007792e+01 -3.170301e+01 3.244655e+01
      vertex   4.252800e+01 -3.220171e+01 3.230198e+01
    endloop
  endfacet
  facet normal -1.767467e-01 -9.465571e-01 2.697968e-01
    outer loop
      vertex   4.252800e+01 -3.220171e+01 3.230198e+01
      vertex   4.007792e+01 -3.170301e+01 3.244655e+01
      vertex   4.007048e+01 -3.174283e+01 3.230198e+01
    endloop
  endfacet
  facet normal -1.683573e-01 -9.016276e-01 3.984011e-01
    outer loop
      vertex   4.252800e+01 -3.220171e+01 3.230198e+01
      vertex   4.007048e+01 -3.174283e+01 3.230198e+01
      vertex   4.251703e+01 -3.226051e+01 3.216428e+01
    endloop
  endfacet
  facet normal -1.683573e-01 -9.016276e-01 3.984011e-01
    outer loop
      vertex   4.251703e+01 -3.226051e+01 3.216428e+01
      vertex   4.007048e+01 -3.174283e+01 3.230198e+01
      vertex   4.005950e+01 -3.180163e+01 3.216428e+01
    endloop
  endfacet
  facet normal -1.568316e-01 -8.399026e-01 5.195840e-01
    outer loop
      vertex   4.251703e+01 -3.226051e+01 3.216428e+01
      vertex   4.005950e+01 -3.180163e+01 3.216428e+01
      vertex   4.250271e+01 -3.233719e+01 3.203600e+01
    endloop
  endfacet
  facet normal -1.568316e-01 -8.399026e-01 5.195840e-01
    outer loop
      vertex   4.250271e+01 -3.233719e+01 3.203600e+01
      vertex   4.005950e+01 -3.180163e+01 3.216428e+01
      vertex   4.004518e+01 -3.187831e+01 3.203600e+01
    endloop
  endfacet
  facet normal -1.423844e-01 -7.625318e-01 6.310879e-01
    outer loop
      vertex   4.250271e+01 -3.233719e+01 3.203600e+01
      vertex   4.004518e+01 -3.187831e+01 3.203600e+01
      vertex   4.248532e+01 -3.243033e+01 3.191954e+01
    endloop
  endfacet
  facet normal -1.423844e-01 -7.625318e-01 6.310879e-01
    outer loop
      vertex   4.248532e+01 -3.243033e+01 3.191954e+01
      vertex   4.004518e+01 -3.187831e+01 3.203600e+01
      vertex   4.002779e+01 -3.197144e+01 3.191954e+01
    endloop
  endfacet
  facet normal -1.252849e-01 -6.709564e-01 7.308360e-01
    outer loop
      vertex   4.248532e+01 -3.243033e+01 3.191954e+01
      vertex   4.002779e+01 -3.197144e+01 3.191954e+01
      vertex   4.246518e+01 -3.253819e+01 3.181707e+01
    endloop
  endfacet
  facet normal -1.252849e-01 -6.709564e-01 7.308360e-01
    outer loop
      vertex   4.246518e+01 -3.253819e+01 3.181707e+01
      vertex   4.002779e+01 -3.197144e+01 3.191954e+01
      vertex   4.000765e+01 -3.207930e+01 3.181707e+01
    endloop
  endfacet
  facet normal -1.058516e-01 -5.668824e-01 8.169699e-01
    outer loop
      vertex   4.246518e+01 -3.253819e+01 3.181707e+01
      vertex   4.000765e+01 -3.207930e+01 3.181707e+01
      vertex   4.244266e+01 -3.265876e+01 3.173049e+01
    endloop
  endfacet
  facet normal -1.058516e-01 -5.668824e-01 8.169699e-01
    outer loop
      vertex   4.244266e+01 -3.265876e+01 3.173049e+01
      vertex   4.000765e+01 -3.207930e+01 3.181707e+01
      vertex   3.998514e+01 -3.219987e+01 3.173049e+01
    endloop
  endfacet
  facet normal -8.444650e-02 -4.522484e-01 8.878852e-01
    outer loop
      vertex   4.244266e+01 -3.265876e+01 3.173049e+01
      vertex   3.998514e+01 -3.219987e+01 3.173049e+01
      vertex   4.241819e+01 -3.278979e+01 3.166142e+01
    endloop
  endfacet
  facet normal -8.444650e-02 -4.522484e-01 8.878852e-01
    outer loop
      vertex   4.241819e+01 -3.278979e+01 3.166142e+01
      vertex   3.998514e+01 -3.219987e+01 3.173049e+01
      vertex   3.996067e+01 -3.233091e+01 3.166142e+01
    endloop
  endfacet
  facet normal -6.146829e-02 -3.291899e-01 9.422609e-01
    outer loop
      vertex   4.241819e+01 -3.278979e+01 3.166142e+01
      vertex   3.996067e+01 -3.233091e+01 3.166142e+01
      vertex   4.239223e+01 -3.292885e+01 3.161114e+01
    endloop
  endfacet
  facet normal -6.146829e-02 -3.291899e-01 9.422609e-01
    outer loop
      vertex   4.239223e+01 -3.292885e+01 3.161114e+01
      vertex   3.996067e+01 -3.233091e+01 3.166142e+01
      vertex   3.993470e+01 -3.246997e+01 3.161114e+01
    endloop
  endfacet
  facet normal -3.734504e-02 -1.999992e-01 9.790841e-01
    outer loop
      vertex   4.239223e+01 -3.292885e+01 3.161114e+01
      vertex   3.993470e+01 -3.246997e+01 3.161114e+01
      vertex   4.236525e+01 -3.307335e+01 3.158060e+01
    endloop
  endfacet
  facet normal -3.734504e-02 -1.999992e-01 9.790841e-01
    outer loop
      vertex   4.236525e+01 -3.307335e+01 3.158060e+01
      vertex   3.993470e+01 -3.246997e+01 3.161114e+01
      vertex   3.990772e+01 -3.261447e+01 3.158060e+01
    endloop
  endfacet
  facet normal -1.252613e-02 -6.708296e-02 9.976688e-01
    outer loop
      vertex   4.236525e+01 -3.307335e+01 3.158060e+01
      vertex   3.990772e+01 -3.261447e+01 3.158060e+01
      vertex   4.233775e+01 -3.322059e+01 3.157035e+01
    endloop
  endfacet
  facet normal -1.252613e-02 -6.708296e-02 9.976688e-01
    outer loop
      vertex   4.233775e+01 -3.322059e+01 3.157035e+01
      vertex   3.990772e+01 -3.261447e+01 3.158060e+01
      vertex   3.988023e+01 -3.276171e+01 3.157035e+01
    endloop
  endfacet
  facet normal 1.252613e-02 6.708296e-02 9.976688e-01
    outer loop
      vertex   4.233775e+01 -3.322059e+01 3.157035e+01
      vertex   3.988023e+01 -3.276171e+01 3.157035e+01
      vertex   4.231026e+01 -3.336783e+01 3.158060e+01
    endloop
  endfacet
  facet normal 1.252613e-02 6.708296e-02 9.976688e-01
    outer loop
      vertex   4.231026e+01 -3.336783e+01 3.158060e+01
      vertex   3.988023e+01 -3.276171e+01 3.157035e+01
      vertex   3.985274e+01 -3.290894e+01 3.158060e+01
    endloop
  endfacet
  facet normal 3.734504e-02 1.999992e-01 9.790841e-01
    outer loop
      vertex   4.231026e+01 -3.336783e+01 3.158060e+01
      vertex   3.985274e+01 -3.290894e+01 3.158060e+01
      vertex   4.228328e+01 -3.351232e+01 3.161114e+01
    endloop
  endfacet
  facet normal 3.734504e-02 1.999992e-01 9.790841e-01
    outer loop
      vertex   4.228328e+01 -3.351232e+01 3.161114e+01
      vertex   3.985274e+01 -3.290894e+01 3.158060e+01
      vertex   3.982576e+01 -3.305344e+01 3.161114e+01
    endloop
  endfacet
  facet normal 6.146829e-02 3.291899e-01 9.422609e-01
    outer loop
      vertex   4.228328e+01 -3.351232e+01 3.161114e+01
      vertex   3.982576e+01 -3.305344e+01 3.161114e+01
      vertex   4.225731e+01 -3.365138e+01 3.166142e+01
    endloop
  endfacet
  facet normal 6.146829e-02 3.291899e-01 9.422609e-01
    outer loop
      vertex   4.225731e+01 -3.365138e+01 3.166142e+01
      vertex   3.982576e+01 -3.305344e+01 3.161114e+01
      vertex   3.979979e+01 -3.319250e+01 3.166142e+01
    endloop
  endfacet
  facet normal 8.444650e-02 4.522484e-01 8.878852e-01
    outer loop
      vertex   4.225731e+01 -3.365138e+01 3.166142e+01
      vertex   3.979979e+01 -3.319250e+01 3.166142e+01
      vertex   4.223285e+01 -3.378242e+01 3.173049e+01
    endloop
  endfacet
  facet normal 8.444650e-02 4.522484e-01 8.878852e-01
    outer loop
      vertex   4.223285e+01 -3.378242e+01 3.173049e+01
      vertex   3.979979e+01 -3.319250e+01 3.166142e+01
      vertex   3.977532e+01 -3.332354e+01 3.173049e+01
    endloop
  endfacet
  facet normal 1.058516e-01 5.668824e-01 8.169699e-01
    outer loop
      vertex   4.223285e+01 -3.378242e+01 3.173049e+01
      vertex   3.977532e+01 -3.332354e+01 3.173049e+01
      vertex   4.221033e+01 -3.390299e+01 3.181707e+01
    endloop
  endfacet
  facet normal 1.058516e-01 5.668824e-01 8.169699e-01
    outer loop
      vertex   4.221033e+01 -3.390299e+01 3.181707e+01
      vertex   3.977532e+01 -3.332354e+01 3.173049e+01
      vertex   3.975281e+01 -3.344411e+01 3.181707e+01
    endloop
  endfacet
  facet normal 1.252849e-01 6.709564e-01 7.308360e-01
    outer loop
      vertex   4.221033e+01 -3.390299e+01 3.181707e+01
      vertex   3.975281e+01 -3.344411e+01 3.181707e+01
      vertex   4.219019e+01 -3.401085e+01 3.191954e+01
    endloop
  endfacet
  facet normal 1.252849e-01 6.709564e-01 7.308360e-01
    outer loop
      vertex   4.219019e+01 -3.401085e+01 3.191954e+01
      vertex   3.975281e+01 -3.344411e+01 3.181707e+01
      vertex   3.973267e+01 -3.355197e+01 3.191954e+01
    endloop
  endfacet
  facet normal 1.423844e-01 7.625318e-01 6.310879e-01
    outer loop
      vertex   4.219019e+01 -3.401085e+01 3.191954e+01
      vertex   3.973267e+01 -3.355197e+01 3.191954e+01
      vertex   4.217280e+01 -3.410399e+01 3.203600e+01
    endloop
  endfacet
  facet normal 1.423844e-01 7.625318e-01 6.310879e-01
    outer loop
      vertex   4.217280e+01 -3.410399e+01 3.203600e+01
      vertex   3.973267e+01 -3.355197e+01 3.191954e+01
      vertex   3.971528e+01 -3.364510e+01 3.203600e+01
    endloop
  endfacet
  facet normal 1.568316e-01 8.399026e-01 5.195840e-01
    outer loop
      vertex   4.217280e+01 -3.410399e+01 3.203600e+01
      vertex   3.971528e+01 -3.364510e+01 3.203600e+01
      vertex   4.215848e+01 -3.418067e+01 3.216428e+01
    endloop
  endfacet
  facet normal 1.568316e-01 8.399026e-01 5.195840e-01
    outer loop
      vertex   4.215848e+01 -3.418067e+01 3.216428e+01
      vertex   3.971528e+01 -3.364510e+01 3.203600e+01
      vertex   3.970096e+01 -3.372178e+01 3.216428e+01
    endloop
  endfacet
  facet normal 1.683573e-01 9.016276e-01 3.984011e-01
    outer loop
      vertex   4.215848e+01 -3.418067e+01 3.216428e+01
      vertex   3.970096e+01 -3.372178e+01 3.216428e+01
      vertex   4.214750e+01 -3.423947e+01 3.230198e+01
    endloop
  endfacet
  facet normal 1.683573e-01 9.016276e-01 3.984011e-01
    outer loop
      vertex   4.214750e+01 -3.423947e+01 3.230198e+01
      vertex   3.970096e+01 -3.372178e+01 3.216428e+01
      vertex   3.968998e+01 -3.378058e+01 3.230198e+01
    endloop
  endfacet
  facet normal 1.767467e-01 9.465571e-01 2.697968e-01
    outer loop
      vertex   4.214750e+01 -3.423947e+01 3.230198e+01
      vertex   3.968998e+01 -3.378058e+01 3.230198e+01
      vertex   4.214007e+01 -3.427928e+01 3.244655e+01
    endloop
  endfacet
  facet normal 1.767467e-01 9.465571e-01 2.697968e-01
    outer loop
      vertex   4.214007e+01 -3.427928e+01 3.244655e+01
      vertex   3.968998e+01 -3.378058e+01 3.230198e+01
      vertex   3.968254e+01 -3.382040e+01 3.244655e+01
    endloop
  endfacet
  facet normal 1.818438e-01 9.738539e-01 1.361666e-01
    outer loop
      vertex   4.214007e+01 -3.427928e+01 3.244655e+01
      vertex   3.968254e+01 -3.382040e+01 3.244655e+01
      vertex   4.213632e+01 -3.429938e+01 3.259529e+01
    endloop
  endfacet
  facet normal 1.818438e-01 9.738539e-01 1.361666e-01
    outer loop
      vertex   4.213632e+01 -3.429938e+01 3.259529e+01
      vertex   3.968254e+01 -3.382040e+01 3.244655e+01
      vertex   3.967879e+01 -3.384049e+01 3.259529e+01
    endloop
  endfacet
  facet normal 1.835534e-01 9.830097e-01 -0.000000e+00
    outer loop
      vertex   4.213632e+01 -3.429938e+01 3.259529e+01
      vertex   3.967879e+01 -3.384049e+01 3.259529e+01
      vertex   4.213632e+01 -3.429938e+01 3.274542e+01
    endloop
  endfacet
  facet normal 1.835534e-01 9.830097e-01 0.000000e+00
    outer loop
      vertex   4.213632e+01 -3.429938e+01 3.274542e+01
      vertex   3.967879e+01 -3.384049e+01 3.259529e+01
      vertex   3.967879e+01 -3.384049e+01 3.274542e+01
    endloop
  endfacet
  facet normal 1.818438e-01 9.738539e-01 -1.361666e-01
    outer loop
      vertex   4.213632e+01 -3.429938e+01 3.274542e+01
      vertex   3.967879e+01 -3.384049e+01 3.274542e+01
      vertex   4.214007e+01 -3.427928e+01 3.289415e+01
    endloop
  endfacet
  facet normal 1.818438e-01 9.738539e-01 -1.361666e-01
    outer loop
      vertex   4.214007e+01 -3.427928e+01 3.289415e+01
      vertex   3.967879e+01 -3.384049e+01 3.274542e+01
      vertex   3.968254e+01 -3.382040e+01 3.289415e+01
    endloop
  endfacet
  facet normal 1.767467e-01 9.465571e-01 -2.697968e-01
    outer loop
      vertex   4.214007e+01 -3.427928e+01 3.289415e+01
      vertex   3.968254e+01 -3.382040e+01 3.289415e+01
      vertex   4.214750e+01 -3.423947e+01 3.303872e+01
    endloop
  endfacet
  facet normal 1.767467e-01 9.465571e-01 -2.697968e-01
    outer loop
      vertex   4.214750e+01 -3.423947e+01 3.303872e+01
      vertex   3.968254e+01 -3.382040e+01 3.289415e+01
      vertex   3.968998e+01 -3.378058e+01 3.303872e+01
    endloop
  endfacet
  facet normal 1.683573e-01 9.016276e-01 -3.984011e-01
    outer loop
      vertex   4.214750e+01 -3.423947e+01 3.303872e+01
      vertex   3.968998e+01 -3.378058e+01 3.303872e+01
      vertex   4.215848e+01 -3.418067e+01 3.317642e+01
    endloop
  endfacet
  facet normal 1.683573e-01 9.016276e-01 -3.984011e-01
    outer loop
      vertex   4.215848e+01 -3.418067e+01 3.317642e+01
      vertex   3.968998e+01 -3.378058e+01 3.303872e+01
      vertex   3.970096e+01 -3.372178e+01 3.317642e+01
    endloop
  endfacet
  facet normal 1.568316e-01 8.399026e-01 -5.195840e-01
    outer loop
      vertex   4.215848e+01 -3.418067e+01 3.317642e+01
      vertex   3.970096e+01 -3.372178e+01 3.317642e+01
      vertex   4.217280e+01 -3.410399e+01 3.330470e+01
    endloop
  endfacet
  facet normal 1.568316e-01 8.399026e-01 -5.195840e-01
    outer loop
      vertex   4.217280e+01 -3.410399e+01 3.330470e+01
      vertex   3.970096e+01 -3.372178e+01 3.317642e+01
      vertex   3.971528e+01 -3.364510e+01 3.330470e+01
    endloop
  endfacet
  facet normal 1.423844e-01 7.625318e-01 -6.310879e-01
    outer loop
      vertex   4.217280e+01 -3.410399e+01 3.330470e+01
      vertex   3.971528e+01 -3.364510e+01 3.330470e+01
      vertex   4.219019e+01 -3.401085e+01 3.342116e+01
    endloop
  endfacet
  facet normal 1.423844e-01 7.625318e-01 -6.310879e-01
    outer loop
      vertex   4.219019e+01 -3.401085e+01 3.342116e+01
      vertex   3.971528e+01 -3.364510e+01 3.330470e+01
      vertex   3.973267e+01 -3.355197e+01 3.342116e+01
    endloop
  endfacet
  facet normal 1.252849e-01 6.709564e-01 -7.308360e-01
    outer loop
      vertex   4.219019e+01 -3.401085e+01 3.342116e+01
      vertex   3.973267e+01 -3.355197e+01 3.342116e+01
      vertex   4.221033e+01 -3.390299e+01 3.352363e+01
    endloop
  endfacet
  facet normal 1.252849e-01 6.709564e-01 -7.308360e-01
    outer loop
      vertex   4.221033e+01 -3.390299e+01 3.352363e+01
      vertex   3.973267e+01 -3.355197e+01 3.342116e+01
      vertex   3.975281e+01 -3.344411e+01 3.352363e+01
    endloop
  endfacet
  facet normal 1.058516e-01 5.668824e-01 -8.169699e-01
    outer loop
      vertex   4.221033e+01 -3.390299e+01 3.352363e+01
      vertex   3.975281e+01 -3.344411e+01 3.352363e+01
      vertex   4.223285e+01 -3.378242e+01 3.361021e+01
    endloop
  endfacet
  facet normal 1.058516e-01 5.668824e-01 -8.169699e-01
    outer loop
      vertex   4.223285e+01 -3.378242e+01 3.361021e+01
      vertex   3.975281e+01 -3.344411e+01 3.352363e+01
      vertex   3.977532e+01 -3.332354e+01 3.361021e+01
    endloop
  endfacet
  facet normal 8.444650e-02 4.522484e-01 -8.878852e-01
    outer loop
      vertex   4.223285e+01 -3.378242e+01 3.361021e+01
      vertex   3.977532e+01 -3.332354e+01 3.361021e+01
      vertex   4.225731e+01 -3.365138e+01 3.367928e+01
    endloop
  endfacet
  facet normal 8.444650e-02 4.522484e-01 -8.878852e-01
    outer loop
      vertex   4.225731e+01 -3.365138e+01 3.367928e+01
      vertex   3.977532e+01 -3.332354e+01 3.361021e+01
      vertex   3.979979e+01 -3.319250e+01 3.367928e+01
    endloop
  endfacet
  facet normal 6.146829e-02 3.291899e-01 -9.422609e-01
    outer loop
      vertex   4.225731e+01 -3.365138e+01 3.367928e+01
      vertex   3.979979e+01 -3.319250e+01 3.367928e+01
      vertex   4.228328e+01 -3.351232e+01 3.372956e+01
    endloop
  endfacet
  facet normal 6.146829e-02 3.291899e-01 -9.422609e-01
    outer loop
      vertex   4.228328e+01 -3.351232e+01 3.372956e+01
      vertex   3.979979e+01 -3.319250e+01 3.367928e+01
      vertex   3.982576e+01 -3.305344e+01 3.372956e+01
    endloop
  endfacet
  facet normal 3.734504e-02 1.999992e-01 -9.790841e-01
    outer loop
      vertex   4.228328e+01 -3.351232e+01 3.372956e+01
      vertex   3.982576e+01 -3.305344e+01 3.372956e+01
      vertex   4.231026e+01 -3.336783e+01 3.376011e+01
    endloop
  endfacet
  facet normal 3.734504e-02 1.999992e-01 -9.790841e-01
    outer loop
      vertex   4.231026e+01 -3.336783e+01 3.376011e+01
      vertex   3.982576e+01 -3.305344e+01 3.372956e+01
      vertex   3.985274e+01 -3.290894e+01 3.376011e+01
    endloop
  endfacet
  facet normal -1.252613e-02 -6.708296e-02 -9.976688e-01
    outer loop
      vertex   3.745020e+01 -3.215558e+01 3.376011e+01
      vertex   3.990772e+01 -3.261447e+01 3.376011e+01
      vertex   3.742271e+01 -3.230282e+01 3.377035e+01
    endloop
  endfacet
  facet normal -1.252613e-02 -6.708296e-02 -9.976688e-01
    outer loop
      vertex   3.742271e+01 -3.230282e+01 3.377035e+01
      vertex   3.990772e+01 -3.261447e+01 3.376011e+01
      vertex   3.988023e+01 -3.276171e+01 3.377035e+01
    endloop
  endfacet
  facet normal 1.252613e-02 6.708296e-02 -9.976688e-01
    outer loop
      vertex   3.742271e+01 -3.230282e+01 3.377035e+01
      vertex   3.988023e+01 -3.276171e+01 3.377035e+01
      vertex   3.739521e+01 -3.245006e+01 3.376011e+01
    endloop
  endfacet
  facet normal 1.252613e-02 6.708296e-02 -9.976688e-01
    outer loop
      vertex   3.739521e+01 -3.245006e+01 3.376011e+01
      vertex   3.988023e+01 -3.276171e+01 3.377035e+01
      vertex   3.985274e+01 -3.290894e+01 3.376011e+01
    endloop
  endfacet
  facet normal 3.734504e-02 1.999992e-01 -9.790841e-01
    outer loop
      vertex   3.739521e+01 -3.245006e+01 3.376011e+01
      vertex   3.985274e+01 -3.290894e+01 3.376011e+01
      vertex   3.736823e+01 -3.259456e+01 3.372956e+01
    endloop
  endfacet
  facet normal 3.734504e-02 1.999992e-01 -9.790841e-01
    outer loop
      vertex   3.736823e+01 -3.259456e+01 3.372956e+01
      vertex   3.985274e+01 -3.290894e+01 3.376011e+01
      vertex   3.982576e+01 -3.305344e+01 3.372956e+01
    endloop
  endfacet
  facet normal 6.146829e-02 3.291899e-01 -9.422609e-01
    outer loop
      vertex   3.736823e+01 -3.259456e+01 3.372956e+01
      vertex   3.982576e+01 -3.305344e+01 3.372956e+01
      vertex   3.734226e+01 -3.273362e+01 3.367928e+01
    endloop
  endfacet
  facet normal 6.146829e-02 3.291899e-01 -9.422609e-01
    outer loop
      vertex   3.734226e+01 -3.273362e+01 3.367928e+01
      vertex   3.982576e+01 -3.305344e+01 3.372956e+01
      vertex   3.979979e+01 -3.319250e+01 3.367928e+01
    endloop
  endfacet
  facet normal 8.444650e-02 4.522484e-01 -8.878852e-01
    outer loop
      vertex   3.734226e+01 -3.273362e+01 3.367928e+01
      vertex   3.979979e+01 -3.319250e+01 3.367928e+01
      vertex   3.731780e+01 -3.286465e+01 3.361021e+01
    endloop
  endfacet
  facet normal 8.444650e-02 4.522484e-01 -8.878852e-01
    outer loop
      vertex   3.731780e+01 -3.286465e+01 3.361021e+01
      vertex   3.979979e+01 -3.319250e+01 3.367928e+01
      vertex   3.977532e+01 -3.332354e+01 3.361021e+01
    endloop
  endfacet
  facet normal 1.058516e-01 5.668824e-01 -8.169699e-01
    outer loop
      vertex   3.731780e+01 -3.286465e+01 3.361021e+01
      vertex   3.977532e+01 -3.332354e+01 3.361021e+01
      vertex   3.729528e+01 -3.298522e+01 3.352363e+01
    endloop
  endfacet
  facet normal 1.058516e-01 5.668824e-01 -8.169699e-01
    outer loop
      vertex   3.729528e+01 -3.298522e+01 3.352363e+01
      vertex   3.977532e+01 -3.332354e+01 3.361021e+01
      vertex   3.975281e+01 -3.344411e+01 3.352363e+01
    endloop
  endfacet
  facet normal 1.252849e-01 6.709564e-01 -7.308360e-01
    outer loop
      vertex   3.729528e+01 -3.298522e+01 3.352363e+01
      vertex   3.975281e+01 -3.344411e+01 3.352363e+01
      vertex   3.727514e+01 -3.309308e+01 3.342116e+01
    endloop
  endfacet
  facet normal 1.252849e-01 6.709564e-01 -7.308360e-01
    outer loop
      vertex   3.727514e+01 -3.309308e+01 3.342116e+01
      vertex   3.975281e+01 -3.344411e+01 3.352363e+01
      vertex   3.973267e+01 -3.355197e+01 3.342116e+01
    endloop
  endfacet
  facet normal 1.423844e-01 7.625318e-01 -6.310879e-01
    outer loop
      vertex   3.727514e+01 -3.309308e+01 3.342116e+01
      vertex   3.973267e+01 -3.355197e+01 3.342116e+01
      vertex   3.725775e+01 -3.318622e+01 3.330470e+01
    endloop
  endfacet
  facet normal 1.423844e-01 7.625318e-01 -6.310879e-01
    outer loop
      vertex   3.725775e+01 -3.318622e+01 3.330470e+01
      vertex   3.973267e+01 -3.355197e+01 3.342116e+01
      vertex   3.971528e+01 -3.364510e+01 3.330470e+01
    endloop
  endfacet
  facet normal 1.568316e-01 8.399026e-01 -5.195840e-01
    outer loop
      vertex   3.725775e+01 -3.318622e+01 3.330470e+01
      vertex   3.971528e+01 -3.364510e+01 3.330470e+01
      vertex   3.724343e+01 -3.326290e+01 3.317642e+01
    endloop
  endfacet
  facet normal 1.568316e-01 8.399026e-01 -5.195840e-01
    outer loop
      vertex   3.724343e+01 -3.326290e+01 3.317642e+01
      vertex   3.971528e+01 -3.364510e+01 3.330470e+01
      vertex   3.970096e+01 -3.372178e+01 3.317642e+01
    endloop
  endfacet
  facet normal 1.683573e-01 9.016276e-01 -3.984011e-01
    outer loop
      vertex   3.724343e+01 -3.326290e+01 3.317642e+01
      vertex   3.970096e+01 -3.372178e+01 3.317642e+01
      vertex   3.723245e+01 -3.332170e+01 3.303872e+01
    endloop
  endfacet
  facet normal 1.683573e-01 9.016276e-01 -3.984011e-01
    outer loop
      vertex   3.723245e+01 -3.332170e+01 3.303872e+01
      vertex   3.970096e+01 -3.372178e+01 3.317642e+01
      vertex   3.968998e+01 -3.378058e+01 3.303872e+01
    endloop
  endfacet
  facet normal 1.767467e-01 9.465571e-01 -2.697968e-01
    outer loop
      vertex   3.723245e+01 -3.332170e+01 3.303872e+01
      vertex   3.968998e+01 -3.378058e+01 3.303872e+01
      vertex   3.722502e+01 -3.336152e+01 3.289415e+01
    endloop
  endfacet
  facet normal 1.767467e-01 9.465571e-01 -2.697968e-01
    outer loop
      vertex   3.722502e+01 -3.336152e+01 3.289415e+01
      vertex   3.968998e+01 -3.378058e+01 3.303872e+01
      vertex   3.968254e+01 -3.382040e+01 3.289415e+01
    endloop
  endfacet
  facet normal 1.818438e-01 9.738539e-01 -1.361666e-01
    outer loop
      vertex   3.722502e+01 -3.336152e+01 3.289415e+01
      vertex   3.968254e+01 -3.382040e+01 3.289415e+01
      vertex   3.722127e+01 -3.338161e+01 3.274542e+01
    endloop
  endfacet
  facet normal 1.818438e-01 9.738539e-01 -1.361666e-01
    outer loop
      vertex   3.722127e+01 -3.338161e+01 3.274542e+01
      vertex   3.968254e+01 -3.382040e+01 3.289415e+01
      vertex   3.967879e+01 -3.384049e+01 3.274542e+01
    endloop
  endfacet
  facet normal 1.835534e-01 9.830097e-01 0.000000e+00
    outer loop
      vertex   3.722127e+01 -3.338161e+01 3.274542e+01
      vertex   3.967879e+01 -3.384049e+01 3.274542e+01
      vertex   3.722127e+01 -3.338161e+01 3.259529e+01
    endloop
  endfacet
  facet normal 1.835534e-01 9.830097e-01 0.000000e+00
    outer loop
      vertex   3.722127e+01 -3.338161e+01 3.259529e+01
      vertex   3.967879e+01 -3.384049e+01 3.274542e+01
      vertex   3.967879e+01 -3.384049e+01 3.259529e+01
    endloop
  endfacet
  facet normal 1.818438e-01 9.738539e-01 1.361666e-01
    outer loop
      vertex   3.722127e+01 -3.338161e+01 3.259529e+01
      vertex   3.967879e+01 -3.384049e+01 3.259529e+01
      vertex   3.722502e+01 -3.336152e+01 3.244655e+01
    endloop
  endfacet
  facet normal 1.818438e-01 9.738539e-01 1.361666e-01
    outer loop
      vertex   3.722502e+01 -3.336152e+01 3.244655e+01
      vertex   3.967879e+01 -3.384049e+01 3.259529e+01
      vertex   3.968254e+01 -3.382040e+01 3.244655e+01
    endloop
  endfacet
  facet normal 1.767467e-01 9.465571e-01 2.697968e-01
    outer loop
      vertex   3.722502e+01 -3.336152e+01 3.244655e+01
      vertex   3.968254e+01 -3.382040e+01 3.244655e+01
      vertex   3.723245e+01 -3.332170e+01 3.230198e+01
    endloop
  endfacet
  facet normal 1.767467e-01 9.465571e-01 2.697968e-01
    outer loop
      vertex   3.723245e+01 -3.332170e+01 3.230198e+01
      vertex   3.968254e+01 -3.382040e+01 3.244655e+01
      vertex   3.968998e+01 -3.378058e+01 3.230198e+01
    endloop
  endfacet
  facet normal 1.683573e-01 9.016276e-01 3.984011e-01
    outer loop
      vertex   3.723245e+01 -3.332170e+01 3.230198e+01
      vertex   3.968998e+01 -3.378058e+01 3.230198e+01
      vertex   3.724343e+01 -3.326290e+01 3.216428e+01
    endloop
  endfacet
  facet normal 1.683573e-01 9.016276e-01 3.984011e-01
    outer loop
      vertex   3.724343e+01 -3.326290e+01 3.216428e+01
      vertex   3.968998e+01 -3.378058e+01 3.230198e+01
      vertex   3.970096e+01 -3.372178e+01 3.216428e+01
    endloop
  endfacet
  facet normal 1.568316e-01 8.399026e-01 5.195840e-01
    outer loop
      vertex   3.724343e+01 -3.326290e+01 3.216428e+01
      vertex   3.970096e+01 -3.372178e+01 3.216428e+01
      vertex   3.725775e+01 -3.318622e+01 3.203600e+01
    endloop
  endfacet
  facet normal 1.568316e-01 8.399026e-01 5.195840e-01
    outer loop
      vertex   3.725775e+01 -3.318622e+01 3.203600e+01
      vertex   3.970096e+01 -3.372178e+01 3.216428e+01
      vertex   3.971528e+01 -3.364510e+01 3.203600e+01
    endloop
  endfacet
  facet normal 1.423844e-01 7.625318e-01 6.310879e-01
    outer loop
      vertex   3.725775e+01 -3.318622e+01 3.203600e+01
      vertex   3.971528e+01 -3.364510e+01 3.203600e+01
      vertex   3.727514e+01 -3.309308e+01 3.191954e+01
    endloop
  endfacet
  facet normal 1.423844e-01 7.625318e-01 6.310879e-01
    outer loop
      vertex   3.727514e+01 -3.309308e+01 3.191954e+01
      vertex   3.971528e+01 -3.364510e+01 3.203600e+01
      vertex   3.973267e+01 -3.355197e+01 3.191954e+01
    endloop
  endfacet
  facet normal 1.252849e-01 6.709564e-01 7.308360e-01
    outer loop
      vertex   3.727514e+01 -3.309308e+01 3.191954e+01
      vertex   3.973267e+01 -3.355197e+01 3.191954e+01
      vertex   3.729528e+01 -3.298522e+01 3.181707e+01
    endloop
  endfacet
  facet normal 1.252849e-01 6.709564e-01 7.308360e-01
    outer loop
      vertex   3.729528e+01 -3.298522e+01 3.181707e+01
      vertex   3.973267e+01 -3.355197e+01 3.191954e+01
      vertex   3.975281e+01 -3.344411e+01 3.181707e+01
    endloop
  endfacet
  facet normal 1.058516e-01 5.668824e-01 8.169699e-01
    outer loop
      vertex   3.729528e+01 -3.298522e+01 3.181707e+01
      vertex   3.975281e+01 -3.344411e+01 3.181707e+01
      vertex   3.731780e+01 -3.286465e+01 3.173049e+01
    endloop
  endfacet
  facet normal 1.058516e-01 5.668824e-01 8.169699e-01
    outer loop
      vertex   3.731780e+01 -3.286465e+01 3.173049e+01
      vertex   3.975281e+01 -3.344411e+01 3.181707e+01
      vertex   3.977532e+01 -3.332354e+01 3.173049e+01
    endloop
  endfacet
  facet normal 8.444650e-02 4.522484e-01 8.878852e-01
    outer loop
      vertex   3.731780e+01 -3.286465e+01 3.173049e+01
      vertex   3.977532e+01 -3.332354e+01 3.173049e+01
      vertex   3.734226e+01 -3.273362e+01 3.166142e+01
    endloop
  endfacet
  facet normal 8.444650e-02 4.522484e-01 8.878852e-01
    outer loop
      vertex   3.734226e+01 -3.273362e+01 3.166142e+01
      vertex   3.977532e+01 -3.332354e+01 3.173049e+01
      vertex   3.979979e+01 -3.319250e+01 3.166142e+01
    endloop
  endfacet
  facet normal 6.146829e-02 3.291899e-01 9.422609e-01
    outer loop
      vertex   3.734226e+01 -3.273362e+01 3.166142e+01
      vertex   3.979979e+01 -3.319250e+01 3.166142e+01
      vertex   3.736823e+01 -3.259456e+01 3.161114e+01
    endloop
  endfacet
  facet normal 6.146829e-02 3.291899e-01 9.422609e-01
    outer loop
      vertex   3.736823e+01 -3.259456e+01 3.161114e+01
      vertex   3.979979e+01 -3.319250e+01 3.166142e+01
      vertex   3.982576e+01 -3.305344e+01 3.161114e+01
    endloop
  endfacet
  facet normal 3.734504e-02 1.999992e-01 9.790841e-01
    outer loop
      vertex   3.736823e+01 -3.259456e+01 3.161114e+01
      vertex   3.982576e+01 -3.305344e+01 3.161114e+01
      vertex   3.739521e+01 -3.245006e+01 3.158060e+01
    endloop
  endfacet
  facet normal 3.734504e-02 1.999992e-01 9.790841e-01
    outer loop
      vertex   3.739521e+01 -3.245006e+01 3.158060e+01
      vertex   3.982576e+01 -3.305344e+01 3.161114e+01
      vertex   3.985274e+01 -3.290894e+01 3.158060e+01
    endloop
  endfacet
  facet normal 1.252613e-02 6.708296e-02 9.976688e-01
    outer loop
      vertex   3.739521e+01 -3.245006e+01 3.158060e+01
      vertex   3.985274e+01 -3.290894e+01 3.158060e+01
      vertex   3.742271e+01 -3.230282e+01 3.157035e+01
    endloop
  endfacet
  facet normal 1.252613e-02 6.708296e-02 9.976688e-01
    outer loop
      vertex   3.742271e+01 -3.230282e+01 3.157035e+01
      vertex   3.985274e+01 -3.290894e+01 3.158060e+01
      vertex   3.988023e+01 -3.276171e+01 3.157035e+01
    endloop
  endfacet
  facet normal -1.252613e-02 -6.708296e-02 9.976688e-01
    outer loop
      vertex   3.742271e+01 -3.230282e+01 3.157035e+01
      vertex   3.988023e+01 -3.276171e+01 3.157035e+01
      vertex   3.745020e+01 -3.215558e+01 3.158060e+01
    endloop
  endfacet
  facet normal -1.252613e-02 -6.708296e-02 9.976688e-01
    outer loop
      vertex   3.745020e+01 -3.215558e+01 3.158060e+01
      vertex   3.988023e+01 -3.276171e+01 3.157035e+01
      vertex   3.990772e+01 -3.261447e+01 3.158060e+01
    endloop
  endfacet
  facet normal -3.734504e-02 -1.999992e-01 9.790841e-01
    outer loop
      vertex   3.745020e+01 -3.215558e+01 3.158060e+01
      vertex   3.990772e+01 -3.261447e+01 3.158060e+01
      vertex   3.747718e+01 -3.201109e+01 3.161114e+01
    endloop
  endfacet
  facet normal -3.734504e-02 -1.999992e-01 9.790841e-01
    outer loop
      vertex   3.747718e+01 -3.201109e+01 3.161114e+01
      vertex   3.990772e+01 -3.261447e+01 3.158060e+01
      vertex   3.993470e+01 -3.246997e+01 3.161114e+01
    endloop
  endfacet
  facet normal -6.146829e-02 -3.291899e-01 9.422609e-01
    outer loop
      vertex   3.747718e+01 -3.201109e+01 3.161114e+01
      vertex   3.993470e+01 -3.246997e+01 3.161114e+01
      vertex   3.750315e+01 -3.187203e+01 3.166142e+01
    endloop
  endfacet
  facet normal -6.146829e-02 -3.291899e-01 9.422609e-01
    outer loop
      vertex   3.750315e+01 -3.187203e+01 3.166142e+01
      vertex   3.993470e+01 -3.246997e+01 3.161114e+01
      vertex   3.996067e+01 -3.233091e+01 3.166142e+01
    endloop
  endfacet
  facet normal -8.444650e-02 -4.522484e-01 8.878852e-01
    outer loop
      vertex   3.750315e+01 -3.187203e+01 3.166142e+01
      vertex   3.996067e+01 -3.233091e+01 3.166142e+01
      vertex   3.752761e+01 -3.174099e+01 3.173049e+01
    endloop
  endfacet
  facet normal -8.444650e-02 -4.522484e-01 8.878852e-01
    outer loop
      vertex   3.752761e+01 -3.174099e+01 3.173049e+01
      vertex   3.996067e+01 -3.233091e+01 3.166142e+01
      vertex   3.998514e+01 -3.219987e+01 3.173049e+01
    endloop
  endfacet
  facet normal -1.058516e-01 -5.668824e-01 8.169699e-01
    outer loop
      vertex   3.752761e+01 -3.174099e+01 3.173049e+01
      vertex   3.998514e+01 -3.219987e+01 3.173049e+01
      vertex   3.755013e+01 -3.162042e+01 3.181707e+01
    endloop
  endfacet
  facet normal -1.058516e-01 -5.668824e-01 8.169699e-01
    outer loop
      vertex   3.755013e+01 -3.162042e+01 3.181707e+01
      vertex   3.998514e+01 -3.219987e+01 3.173049e+01
      vertex   4.000765e+01 -3.207930e+01 3.181707e+01
    endloop
  endfacet
  facet normal -1.252849e-01 -6.709564e-01 7.308360e-01
    outer loop
      vertex   3.755013e+01 -3.162042e+01 3.181707e+01
      vertex   4.000765e+01 -3.207930e+01 3.181707e+01
      vertex   3.757027e+01 -3.151256e+01 3.191954e+01
    endloop
  endfacet
  facet normal -1.252849e-01 -6.709564e-01 7.308360e-01
    outer loop
      vertex   3.757027e+01 -3.151256e+01 3.191954e+01
      vertex   4.000765e+01 -3.207930e+01 3.181707e+01
      vertex   4.002779e+01 -3.197144e+01 3.191954e+01
    endloop
  endfacet
  facet normal -1.423844e-01 -7.625318e-01 6.310879e-01
    outer loop
      vertex   3.757027e+01 -3.151256e+01 3.191954e+01
      vertex   4.002779e+01 -3.197144e+01 3.191954e+01
      vertex   3.758766e+01 -3.141942e+01 3.203600e+01
    endloop
  endfacet
  facet normal -1.423844e-01 -7.625318e-01 6.310879e-01
    outer loop
      vertex   3.758766e+01 -3.141942e+01 3.203600e+01
      vertex   4.002779e+01 -3.197144e+01 3.191954e+01
      vertex   4.004518e+01 -3.187831e+01 3.203600e+01
    endloop
  endfacet
  facet normal -1.568316e-01 -8.399026e-01 5.195840e-01
    outer loop
      vertex   3.758766e+01 -3.141942e+01 3.203600e+01
      vertex   4.004518e+01 -3.187831e+01 3.203600e+01
      vertex   3.760198e+01 -3.134274e+01 3.216428e+01
    endloop
  endfacet
  facet normal -1.568316e-01 -8.399026e-01 5.195840e-01
    outer loop
      vertex   3.760198e+01 -3.134274e+01 3.216428e+01
      vertex   4.004518e+01 -3.187831e+01 3.203600e+01
      vertex   4.005950e+01 -3.180163e+01 3.216428e+01
    endloop
  endfacet
  facet normal -1.683573e-01 -9.016276e-01 3.984011e-01
    outer loop
      vertex   3.760198e+01 -3.134274e+01 3.216428e+01
      vertex   4.005950e+01 -3.180163e+01 3.216428e+01
      vertex   3.761296e+01 -3.128394e+01 3.230198e+01
    endloop
  endfacet
  facet normal -1.683573e-01 -9.016276e-01 3.984011e-01
    outer loop
      vertex   3.761296e+01 -3.128394e+01 3.230198e+01
      vertex   4.005950e+01 -3.180163e+01 3.216428e+01
      vertex   4.007048e+01 -3.174283e+01 3.230198e+01
    endloop
  endfacet
  facet normal -1.767467e-01 -9.465571e-01 2.697968e-01
    outer loop
      vertex   3.761296e+01 -3.128394e+01 3.230198e+01
      vertex   4.007048e+01 -3.174283e+01 3.230198e+01
      vertex   3.762039e+01 -3.124413e+01 3.244655e+01
    endloop
  endfacet
  facet normal -1.767467e-01 -9.465571e-01 2.697968e-01
    outer loop
      vertex   3.762039e+01 -3.124413e+01 3.244655e+01
      vertex   4.007048e+01 -3.174283e+01 3.230198e+01
      vertex   4.007792e+01 -3.170301e+01 3.244655e+01
    endloop
  endfacet
  facet normal -1.818438e-01 -9.738539e-01 1.361666e-01
    outer loop
      vertex   3.762039e+01 -3.124413e+01 3.244655e+01
      vertex   4.007792e+01 -3.170301e+01 3.244655e+01
      vertex   3.762414e+01 -3.122403e+01 3.259529e+01
    endloop
  endfacet
  facet normal -1.818438e-01 -9.738539e-01 1.361666e-01
    outer loop
      vertex   3.762414e+01 -3.122403e+01 3.259529e+01
      vertex   4.007792e+01 -3.170301e+01 3.244655e+01
      vertex   4.008167e+01 -3.168292e+01 3.259529e+01
    endloop
  endfacet
  facet normal -1.835534e-01 -9.830097e-01 0.000000e+00
    outer loop
      vertex   3.762414e+01 -3.122403e+01 3.259529e+01
      vertex   4.008167e+01 -3.168292e+01 3.259529e+01
      vertex   3.762414e+01 -3.122403e+01 3.274542e+01
    endloop
  endfacet
  facet normal -1.835534e-01 -9.830097e-01 0.000000e+00
    outer loop
      vertex   3.762414e+01 -3.122403e+01 3.274542e+01
      vertex   4.008167e+01 -3.168292e+01 3.259529e+01
      vertex   4.008167e+01 -3.168292e+01 3.274542e+01
    endloop
  endfacet
  facet normal -1.818438e-01 -9.738539e-01 -1.361666e-01
    outer loop
      vertex   3.762414e+01 -3.122403e+01 3.274542e+01
      vertex   4.008167e+01 -3.168292e+01 3.274542e+01
      vertex   3.762039e+01 -3.124413e+01 3.289415e+01
    endloop
  endfacet
  facet normal -1.818438e-01 -9.738539e-01 -1.361666e-01
    outer loop
      vertex   3.762039e+01 -3.124413e+01 3.289415e+01
      vertex   4.008167e+01 -3.168292e+01 3.274542e+01
      vertex   4.007792e+01 -3.170301e+01 3.289415e+01
    endloop
  endfacet
  facet normal -1.767467e-01 -9.465571e-01 -2.697968e-01
    outer loop
      vertex   3.762039e+01 -3.124413e+01 3.289415e+01
      vertex   4.007792e+01 -3.170301e+01 3.289415e+01
      vertex   3.761296e+01 -3.128394e+01 3.303872e+01
    endloop
  endfacet
  facet normal -1.767467e-01 -9.465571e-01 -2.697968e-01
    outer loop
      vertex   3.761296e+01 -3.128394e+01 3.303872e+01
      vertex   4.007792e+01 -3.170301e+01 3.289415e+01
      vertex   4.007048e+01 -3.174283e+01 3.303872e+01
    endloop
  endfacet
  facet normal -1.683573e-01 -9.016276e-01 -3.984011e-01
    outer loop
      vertex   3.761296e+01 -3.128394e+01 3.303872e+01
      vertex   4.007048e+01 -3.174283e+01 3.303872e+01
      vertex   3.760198e+01 -3.134274e+01 3.317642e+01
    endloop
  endfacet
  facet normal -1.683573e-01 -9.016276e-01 -3.984011e-01
    outer loop
      vertex   3.760198e+01 -3.134274e+01 3.317642e+01
      vertex   4.007048e+01 -3.174283e+01 3.303872e+01
      vertex   4.005950e+01 -3.180163e+01 3.317642e+01
    endloop
  endfacet
  facet normal -1.568316e-01 -8.399026e-01 -5.195840e-01
    outer loop
      vertex   3.760198e+01 -3.134274e+01 3.317642e+01
      vertex   4.005950e+01 -3.180163e+01 3.317642e+01
      vertex   3.758766e+01 -3.141942e+01 3.330470e+01
    endloop
  endfacet
  facet normal -1.568316e-01 -8.399026e-01 -5.195840e-01
    outer loop
      vertex   3.758766e+01 -3.141942e+01 3.330470e+01
      vertex   4.005950e+01 -3.180163e+01 3.317642e+01
      vertex   4.004518e+01 -3.187831e+01 3.330470e+01
    endloop
  endfacet
  facet normal -1.423844e-01 -7.625318e-01 -6.310879e-01
    outer loop
      vertex   3.758766e+01 -3.141942e+01 3.330470e+01
      vertex   4.004518e+01 -3.187831e+01 3.330470e+01
      vertex   3.757027e+01 -3.151256e+01 3.342116e+01
    endloop
  endfacet
  facet normal -1.423844e-01 -7.625318e-01 -6.310879e-01
    outer loop
      vertex   3.757027e+01 -3.151256e+01 3.342116e+01
      vertex   4.004518e+01 -3.187831e+01 3.330470e+01
      vertex   4.002779e+01 -3.197144e+01 3.342116e+01
    endloop
  endfacet
  facet normal -1.252849e-01 -6.709564e-01 -7.308360e-01
    outer loop
      vertex   3.757027e+01 -3.151256e+01 3.342116e+01
      vertex   4.002779e+01 -3.197144e+01 3.342116e+01
      vertex   3.755013e+01 -3.162042e+01 3.352363e+01
    endloop
  endfacet
  facet normal -1.252849e-01 -6.709564e-01 -7.308360e-01
    outer loop
      vertex   3.755013e+01 -3.162042e+01 3.352363e+01
      vertex   4.002779e+01 -3.197144e+01 3.342116e+01
      vertex   4.000765e+01 -3.207930e+01 3.352363e+01
    endloop
  endfacet
  facet normal -1.058516e-01 -5.668824e-01 -8.169699e-01
    outer loop
      vertex   3.755013e+01 -3.162042e+01 3.352363e+01
      vertex   4.000765e+01 -3.207930e+01 3.352363e+01
      vertex   3.752761e+01 -3.174099e+01 3.361021e+01
    endloop
  endfacet
  facet normal -1.058516e-01 -5.668824e-01 -8.169699e-01
    outer loop
      vertex   3.752761e+01 -3.174099e+01 3.361021e+01
      vertex   4.000765e+01 -3.207930e+01 3.352363e+01
      vertex   3.998514e+01 -3.219987e+01 3.361021e+01
    endloop
  endfacet
  facet normal -8.444650e-02 -4.522484e-01 -8.878852e-01
    outer loop
      vertex   3.752761e+01 -3.174099e+01 3.361021e+01
      vertex   3.998514e+01 -3.219987e+01 3.361021e+01
      vertex   3.750315e+01 -3.187203e+01 3.367928e+01
    endloop
  endfacet
  facet normal -8.444650e-02 -4.522484e-01 -8.878852e-01
    outer loop
      vertex   3.750315e+01 -3.187203e+01 3.367928e+01
      vertex   3.998514e+01 -3.219987e+01 3.361021e+01
      vertex   3.996067e+01 -3.233091e+01 3.367928e+01
    endloop
  endfacet
  facet normal -6.146829e-02 -3.291899e-01 -9.422609e-01
    outer loop
      vertex   3.750315e+01 -3.187203e+01 3.367928e+01
      vertex   3.996067e+01 -3.233091e+01 3.367928e+01
      vertex   3.747718e+01 -3.201109e+01 3.372956e+01
    endloop
  endfacet
  facet normal -6.146829e-02 -3.291899e-01 -9.422609e-01
    outer loop
      vertex   3.747718e+01 -3.201109e+01 3.372956e+01
      vertex   3.996067e+01 -3.233091e+01 3.367928e+01
      vertex   3.993470e+01 -3.246997e+01 3.372956e+01
    endloop
  endfacet
  facet normal -3.734504e-02 -1.999992e-01 -9.790841e-01
    outer loop
      vertex   3.747718e+01 -3.201109e+01 3.372956e+01
      vertex   3.993470e+01 -3.246997e+01 3.372956e+01
      vertex   3.745020e+01 -3.215558e+01 3.376011e+01
    endloop
  endfacet
  facet normal -3.734504e-02 -1.999992e-01 -9.790841e-01
    outer loop
      vertex   3.745020e+01 -3.215558e+01 3.376011e+01
      vertex   3.993470e+01 -3.246997e+01 3.372956e+01
      vertex   3.990772e+01 -3.261447e+01 3.376011e+01
    endloop
  endfacet
  facet normal 1.252613e-02 6.708296e-02 -9.976688e-01
    outer loop
      vertex   3.858046e+01 -5.334258e+01 4.646011e+01
      vertex   3.612293e+01 -5.288370e+01 4.646011e+01
      vertex   3.860795e+01 -5.319535e+01 4.647035e+01
    endloop
  endfacet
  facet normal 1.252613e-02 6.708296e-02 -9.976688e-01
    outer loop
      vertex   3.860795e+01 -5.319535e+01 4.647035e+01
      vertex   3.612293e+01 -5.288370e+01 4.646011e+01
      vertex   3.615042e+01 -5.273646e+01 4.647035e+01
    endloop
  endfacet
  facet normal -1.252613e-02 -6.708296e-02 -9.976688e-01
    outer loop
      vertex   3.860795e+01 -5.319535e+01 4.647035e+01
      vertex   3.615042e+01 -5.273646e+01 4.647035e+01
      vertex   3.863544e+01 -5.304811e+01 4.646011e+01
    endloop
  endfacet
  facet normal -1.252613e-02 -6.708296e-02 -9.976688e-01
    outer loop
      vertex   3.863544e+01 -5.304811e+01 4.646011e+01
      vertex   3.615042e+01 -5.273646e+01 4.647035e+01
      vertex   3.617792e+01 -5.258922e+01 4.646011e+01
    endloop
  endfacet
  facet normal -3.734504e-02 -1.999992e-01 -9.790841e-01
    outer loop
      vertex   3.863544e+01 -5.304811e+01 4.646011e+01
      vertex   3.617792e+01 -5.258922e+01 4.646011e+01
      vertex   3.866242e+01 -5.290361e+01 4.642956e+01
    endloop
  endfacet
  facet normal -3.734504e-02 -1.999992e-01 -9.790841e-01
    outer loop
      vertex   3.866242e+01 -5.290361e+01 4.642956e+01
      vertex   3.617792e+01 -5.258922e+01 4.646011e+01
      vertex   3.620490e+01 -5.244473e+01 4.642956e+01
    endloop
  endfacet
  facet normal -6.146829e-02 -3.291899e-01 -9.422609e-01
    outer loop
      vertex   3.866242e+01 -5.290361e+01 4.642956e+01
      vertex   3.620490e+01 -5.244473e+01 4.642956e+01
      vertex   3.868839e+01 -5.276455e+01 4.637928e+01
    endloop
  endfacet
  facet normal -6.146829e-02 -3.291899e-01 -9.422609e-01
    outer loop
      vertex   3.868839e+01 -5.276455e+01 4.637928e+01
      vertex   3.620490e+01 -5.244473e+01 4.642956e+01
      vertex   3.623087e+01 -5.230567e+01 4.637928e+01
    endloop
  endfacet
  facet normal -8.444650e-02 -4.522484e-01 -8.878852e-01
    outer loop
      vertex   3.868839e+01 -5.276455e+01 4.637928e+01
      vertex   3.623087e+01 -5.230567e+01 4.637928e+01
      vertex   3.871286e+01 -5.263351e+01 4.631021e+01
    endloop
  endfacet
  facet normal -8.444650e-02 -4.522484e-01 -8.878852e-01
    outer loop
      vertex   3.871286e+01 -5.263351e+01 4.631021e+01
      vertex   3.623087e+01 -5.230567e+01 4.637928e+01
      vertex   3.625533e+01 -5.217463e+01 4.631021e+01
    endloop
  endfacet
  facet normal -1.058516e-01 -5.668824e-01 -8.169699e-01
    outer loop
      vertex   3.871286e+01 -5.263351e+01 4.631021e+01
      vertex   3.625533e+01 -5.217463e+01 4.631021e+01
      vertex   3.873537e+01 -5.251294e+01 4.622363e+01
    endloop
  endfacet
  facet normal -1.058516e-01 -5.668824e-01 -8.169699e-01
    outer loop
      vertex   3.873537e+01 -5.251294e+01 4.622363e+01
      vertex   3.625533e+01 -5.217463e+01 4.631021e+01
      vertex   3.627785e+01 -5.205406e+01 4.622363e+01
    endloop
  endfacet
  facet normal -1.252849e-01 -6.709564e-01 -7.308360e-01
    outer loop
      vertex   3.873537e+01 -5.251294e+01 4.622363e+01
      vertex   3.627785e+01 -5.205406e+01 4.622363e+01
      vertex   3.875551e+01 -5.240509e+01 4.612116e+01
    endloop
  endfacet
  facet normal -1.252849e-01 -6.709564e-01 -7.308360e-01
    outer loop
      vertex   3.875551e+01 -5.240509e+01 4.612116e+01
      vertex   3.627785e+01 -5.205406e+01 4.622363e+01
      vertex   3.629799e+01 -5.194620e+01 4.612116e+01
    endloop
  endfacet
  facet normal -1.423844e-01 -7.625318e-01 -6.310879e-01
    outer loop
      vertex   3.875551e+01 -5.240509e+01 4.612116e+01
      vertex   3.629799e+01 -5.194620e+01 4.612116e+01
      vertex   3.877290e+01 -5.231195e+01 4.600470e+01
    endloop
  endfacet
  facet normal -1.423844e-01 -7.625318e-01 -6.310879e-01
    outer loop
      vertex   3.877290e+01 -5.231195e+01 4.600470e+01
      vertex   3.629799e+01 -5.194620e+01 4.612116e+01
      vertex   3.631538e+01 -5.185306e+01 4.600470e+01
    endloop
  endfacet
  facet normal -1.568316e-01 -8.399026e-01 -5.195840e-01
    outer loop
      vertex   3.877290e+01 -5.231195e+01 4.600470e+01
      vertex   3.631538e+01 -5.185306e+01 4.600470e+01
      vertex   3.878722e+01 -5.223527e+01 4.587642e+01
    endloop
  endfacet
  facet normal -1.568316e-01 -8.399026e-01 -5.195840e-01
    outer loop
      vertex   3.878722e+01 -5.223527e+01 4.587642e+01
      vertex   3.631538e+01 -5.185306e+01 4.600470e+01
      vertex   3.632970e+01 -5.177638e+01 4.587642e+01
    endloop
  endfacet
  facet normal -1.683573e-01 -9.016276e-01 -3.984011e-01
    outer loop
      vertex   3.878722e+01 -5.223527e+01 4.587642e+01
      vertex   3.632970e+01 -5.177638e+01 4.587642e+01
      vertex   3.879820e+01 -5.217647e+01 4.573872e+01
    endloop
  endfacet
  facet normal -1.683573e-01 -9.016276e-01 -3.984011e-01
    outer loop
      vertex   3.879820e+01 -5.217647e+01 4.573872e+01
      vertex   3.632970e+01 -5.177638e+01 4.587642e+01
      vertex   3.634068e+01 -5.171759e+01 4.573872e+01
    endloop
  endfacet
  facet normal -1.767467e-01 -9.465571e-01 -2.697968e-01
    outer loop
      vertex   3.879820e+01 -5.217647e+01 4.573872e+01
      vertex   3.634068e+01 -5.171759e+01 4.573872e+01
      vertex   3.880563e+01 -5.213665e+01 4.559415e+01
    endloop
  endfacet
  facet normal -1.767467e-01 -9.465571e-01 -2.697968e-01
    outer loop
      vertex   3.880563e+01 -5.213665e+01 4.559415e+01
      vertex   3.634068e+01 -5.171759e+01 4.573872e+01
      vertex   3.634811e+01 -5.167777e+01 4.559415e+01
    endloop
  endfacet
  facet normal -1.818438e-01 -9.738539e-01 -1.361666e-01
    outer loop
      vertex   3.880563e+01 -5.213665e+01 4.559415e+01
      vertex   3.634811e+01 -5.167777e+01 4.559415e+01
      vertex   3.880939e+01 -5.211656e+01 4.544542e+01
    endloop
  endfacet
  facet normal -1.818438e-01 -9.738539e-01 -1.361666e-01
    outer loop
      vertex   3.880939e+01 -5.211656e+01 4.544542e+01
      vertex   3.634811e+01 -5.167777e+01 4.559415e+01
      vertex   3.635186e+01 -5.165767e+01 4.544542e+01
    endloop
  endfacet
  facet normal -1.835534e-01 -9.830097e-01 -0.000000e+00
    outer loop
      vertex   3.880939e+01 -5.211656e+01 4.544542e+01
      vertex   3.635186e+01 -5.165767e+01 4.544542e+01
      vertex   3.880939e+01 -5.211656e+01 4.529529e+01
    endloop
  endfacet
  facet normal -1.835534e-01 -9.830097e-01 0.000000e+00
    outer loop
      vertex   3.880939e+01 -5.211656e+01 4.529529e+01
      vertex   3.635186e+01 -5.165767e+01 4.544542e+01
      vertex   3.635186e+01 -5.165767e+01 4.529529e+01
    endloop
  endfacet
  facet normal -1.818438e-01 -9.738539e-01 1.361666e-01
    outer loop
      vertex   3.880939e+01 -5.211656e+01 4.529529e+01
      vertex   3.635186e+01 -5.165767e+01 4.529529e+01
      vertex   3.880563e+01 -5.213665e+01 4.514655e+01
    endloop
  endfacet
  facet normal -1.818438e-01 -9.738539e-01 1.361666e-01
    outer loop
      vertex   3.880563e+01 -5.213665e+01 4.514655e+01
      vertex   3.635186e+01 -5.165767e+01 4.529529e+01
      vertex   3.634811e+01 -5.167777e+01 4.514655e+01
    endloop
  endfacet
  facet normal -1.767467e-01 -9.465571e-01 2.697968e-01
    outer loop
      vertex   3.880563e+01 -5.213665e+01 4.514655e+01
      vertex   3.634811e+01 -5.167777e+01 4.514655e+01
      vertex   3.879820e+01 -5.217647e+01 4.500198e+01
    endloop
  endfacet
  facet normal -1.767467e-01 -9.465571e-01 2.697968e-01
    outer loop
      vertex   3.879820e+01 -5.217647e+01 4.500198e+01
      vertex   3.634811e+01 -5.167777e+01 4.514655e+01
      vertex   3.634068e+01 -5.171759e+01 4.500198e+01
    endloop
  endfacet
  facet normal -1.683573e-01 -9.016276e-01 3.984011e-01
    outer loop
      vertex   3.879820e+01 -5.217647e+01 4.500198e+01
      vertex   3.634068e+01 -5.171759e+01 4.500198e+01
      vertex   3.878722e+01 -5.223527e+01 4.486428e+01
    endloop
  endfacet
  facet normal -1.683573e-01 -9.016276e-01 3.984011e-01
    outer loop
      vertex   3.878722e+01 -5.223527e+01 4.486428e+01
      vertex   3.634068e+01 -5.171759e+01 4.500198e+01
      vertex   3.632970e+01 -5.177638e+01 4.486428e+01
    endloop
  endfacet
  facet normal -1.568316e-01 -8.399026e-01 5.195840e-01
    outer loop
      vertex   3.878722e+01 -5.223527e+01 4.486428e+01
      vertex   3.632970e+01 -5.177638e+01 4.486428e+01
      vertex   3.877290e+01 -5.231195e+01 4.473600e+01
    endloop
  endfacet
  facet normal -1.568316e-01 -8.399026e-01 5.195840e-01
    outer loop
      vertex   3.877290e+01 -5.231195e+01 4.473600e+01
      vertex   3.632970e+01 -5.177638e+01 4.486428e+01
      vertex   3.631538e+01 -5.185306e+01 4.473600e+01
    endloop
  endfacet
  facet normal -1.423844e-01 -7.625318e-01 6.310879e-01
    outer loop
      vertex   3.877290e+01 -5.231195e+01 4.473600e+01
      vertex   3.631538e+01 -5.185306e+01 4.473600e+01
      vertex   3.875551e+01 -5.240509e+01 4.461954e+01
    endloop
  endfacet
  facet normal -1.423844e-01 -7.625318e-01 6.310879e-01
    outer loop
      vertex   3.875551e+01 -5.240509e+01 4.461954e+01
      vertex   3.631538e+01 -5.185306e+01 4.473600e+01
      vertex   3.629799e+01 -5.194620e+01 4.461954e+01
    endloop
  endfacet
  facet normal -1.252849e-01 -6.709564e-01 7.308360e-01
    outer loop
      vertex   3.875551e+01 -5.240509e+01 4.461954e+01
      vertex   3.629799e+01 -5.194620e+01 4.461954e+01
      vertex   3.873537e+01 -5.251294e+01 4.451707e+01
    endloop
  endfacet
  facet normal -1.252849e-01 -6.709564e-01 7.308360e-01
    outer loop
      vertex   3.873537e+01 -5.251294e+01 4.451707e+01
      vertex   3.629799e+01 -5.194620e+01 4.461954e+01
      vertex   3.627785e+01 -5.205406e+01 4.451707e+01
    endloop
  endfacet
  facet normal -1.058516e-01 -5.668824e-01 8.169699e-01
    outer loop
      vertex   3.873537e+01 -5.251294e+01 4.451707e+01
      vertex   3.627785e+01 -5.205406e+01 4.451707e+01
      vertex   3.871286e+01 -5.263351e+01 4.443049e+01
    endloop
  endfacet
  facet normal -1.058516e-01 -5.668824e-01 8.169699e-01
    outer loop
      vertex   3.871286e+01 -5.263351e+01 4.443049e+01
      vertex   3.627785e+01 -5.205406e+01 4.451707e+01
      vertex   3.625533e+01 -5.217463e+01 4.443049e+01
    endloop
  endfacet
  facet normal -8.444650e-02 -4.522484e-01 8.878852e-01
    outer loop
      vertex   3.871286e+01 -5.263351e+01 4.443049e+01
      vertex   3.625533e+01 -5.217463e+01 4.443049e+01
      vertex   3.868839e+01 -5.276455e+01 4.436142e+01
    endloop
  endfacet
  facet normal -8.444650e-02 -4.522484e-01 8.878852e-01
    outer loop
      vertex   3.868839e+01 -5.276455e+01 4.436142e+01
      vertex   3.625533e+01 -5.217463e+01 4.443049e+01
      vertex   3.623087e+01 -5.230567e+01 4.436142e+01
    endloop
  endfacet
  facet normal -6.146829e-02 -3.291899e-01 9.422609e-01
    outer loop
      vertex   3.868839e+01 -5.276455e+01 4.436142e+01
      vertex   3.623087e+01 -5.230567e+01 4.436142e+01
      vertex   3.866242e+01 -5.290361e+01 4.431114e+01
    endloop
  endfacet
  facet normal -6.146829e-02 -3.291899e-01 9.422609e-01
    outer loop
      vertex   3.866242e+01 -5.290361e+01 4.431114e+01
      vertex   3.623087e+01 -5.230567e+01 4.436142e+01
      vertex   3.620490e+01 -5.244473e+01 4.431114e+01
    endloop
  endfacet
  facet normal -3.734504e-02 -1.999992e-01 9.790841e-01
    outer loop
      vertex   3.866242e+01 -5.290361e+01 4.431114e+01
      vertex   3.620490e+01 -5.244473e+01 4.431114e+01
      vertex   3.863544e+01 -5.304811e+01 4.428060e+01
    endloop
  endfacet
  facet normal -3.734504e-02 -1.999992e-01 9.790841e-01
    outer loop
      vertex   3.863544e+01 -5.304811e+01 4.428060e+01
      vertex   3.620490e+01 -5.244473e+01 4.431114e+01
      vertex   3.617792e+01 -5.258922e+01 4.428060e+01
    endloop
  endfacet
  facet normal -1.252613e-02 -6.708296e-02 9.976688e-01
    outer loop
      vertex   3.863544e+01 -5.304811e+01 4.428060e+01
      vertex   3.617792e+01 -5.258922e+01 4.428060e+01
      vertex   3.860795e+01 -5.319535e+01 4.427035e+01
    endloop
  endfacet
  facet normal -1.252613e-02 -6.708296e-02 9.976688e-01
    outer loop
      vertex   3.860795e+01 -5.319535e+01 4.427035e+01
      vertex   3.617792e+01 -5.258922e+01 4.428060e+01
      vertex   3.615042e+01 -5.273646e+01 4.427035e+01
    endloop
  endfacet
  facet normal 1.252613e-02 6.708296e-02 9.976688e-01
    outer loop
      vertex   3.860795e+01 -5.319535e+01 4.427035e+01
      vertex   3.615042e+01 -5.273646e+01 4.427035e+01
      vertex   3.858046e+01 -5.334258e+01 4.428060e+01
    endloop
  endfacet
  facet normal 1.252613e-02 6.708296e-02 9.976688e-01
    outer loop
      vertex   3.858046e+01 -5.334258e+01 4.428060e+01
      vertex   3.615042e+01 -5.273646e+01 4.427035e+01
      vertex   3.612293e+01 -5.288370e+01 4.428060e+01
    endloop
  endfacet
  facet normal 3.734504e-02 1.999992e-01 9.790841e-01
    outer loop
      vertex   3.858046e+01 -5.334258e+01 4.428060e+01
      vertex   3.612293e+01 -5.288370e+01 4.428060e+01
      vertex   3.855347e+01 -5.348708e+01 4.431114e+01
    endloop
  endfacet
  facet normal 3.734504e-02 1.999992e-01 9.790841e-01
    outer loop
      vertex   3.855347e+01 -5.348708e+01 4.431114e+01
      vertex   3.612293e+01 -5.288370e+01 4.428060e+01
      vertex   3.609595e+01 -5.302820e+01 4.431114e+01
    endloop
  endfacet
  facet normal 6.146829e-02 3.291899e-01 9.422609e-01
    outer loop
      vertex   3.855347e+01 -5.348708e+01 4.431114e+01
      vertex   3.609595e+01 -5.302820e+01 4.431114e+01
      vertex   3.852751e+01 -5.362614e+01 4.436142e+01
    endloop
  endfacet
  facet normal 6.146829e-02 3.291899e-01 9.422609e-01
    outer loop
      vertex   3.852751e+01 -5.362614e+01 4.436142e+01
      vertex   3.609595e+01 -5.302820e+01 4.431114e+01
      vertex   3.606998e+01 -5.316726e+01 4.436142e+01
    endloop
  endfacet
  facet normal 8.444650e-02 4.522484e-01 8.878852e-01
    outer loop
      vertex   3.852751e+01 -5.362614e+01 4.436142e+01
      vertex   3.606998e+01 -5.316726e+01 4.436142e+01
      vertex   3.850304e+01 -5.375718e+01 4.443049e+01
    endloop
  endfacet
  facet normal 8.444650e-02 4.522484e-01 8.878852e-01
    outer loop
      vertex   3.850304e+01 -5.375718e+01 4.443049e+01
      vertex   3.606998e+01 -5.316726e+01 4.436142e+01
      vertex   3.604552e+01 -5.329829e+01 4.443049e+01
    endloop
  endfacet
  facet normal 1.058516e-01 5.668824e-01 8.169699e-01
    outer loop
      vertex   3.850304e+01 -5.375718e+01 4.443049e+01
      vertex   3.604552e+01 -5.329829e+01 4.443049e+01
      vertex   3.848053e+01 -5.387775e+01 4.451707e+01
    endloop
  endfacet
  facet normal 1.058516e-01 5.668824e-01 8.169699e-01
    outer loop
      vertex   3.848053e+01 -5.387775e+01 4.451707e+01
      vertex   3.604552e+01 -5.329829e+01 4.443049e+01
      vertex   3.602300e+01 -5.341887e+01 4.451707e+01
    endloop
  endfacet
  facet normal 1.252849e-01 6.709564e-01 7.308360e-01
    outer loop
      vertex   3.848053e+01 -5.387775e+01 4.451707e+01
      vertex   3.602300e+01 -5.341887e+01 4.451707e+01
      vertex   3.846039e+01 -5.398561e+01 4.461954e+01
    endloop
  endfacet
  facet normal 1.252849e-01 6.709564e-01 7.308360e-01
    outer loop
      vertex   3.846039e+01 -5.398561e+01 4.461954e+01
      vertex   3.602300e+01 -5.341887e+01 4.451707e+01
      vertex   3.600286e+01 -5.352672e+01 4.461954e+01
    endloop
  endfacet
  facet normal 1.423844e-01 7.625318e-01 6.310879e-01
    outer loop
      vertex   3.846039e+01 -5.398561e+01 4.461954e+01
      vertex   3.600286e+01 -5.352672e+01 4.461954e+01
      vertex   3.844300e+01 -5.407874e+01 4.473600e+01
    endloop
  endfacet
  facet normal 1.423844e-01 7.625318e-01 6.310879e-01
    outer loop
      vertex   3.844300e+01 -5.407874e+01 4.473600e+01
      vertex   3.600286e+01 -5.352672e+01 4.461954e+01
      vertex   3.598547e+01 -5.361986e+01 4.473600e+01
    endloop
  endfacet
  facet normal 1.568316e-01 8.399026e-01 5.195840e-01
    outer loop
      vertex   3.844300e+01 -5.407874e+01 4.473600e+01
      vertex   3.598547e+01 -5.361986e+01 4.473600e+01
      vertex   3.842868e+01 -5.415543e+01 4.486428e+01
    endloop
  endfacet
  facet normal 1.568316e-01 8.399026e-01 5.195840e-01
    outer loop
      vertex   3.842868e+01 -5.415543e+01 4.486428e+01
      vertex   3.598547e+01 -5.361986e+01 4.473600e+01
      vertex   3.597115e+01 -5.369654e+01 4.486428e+01
    endloop
  endfacet
  facet normal 1.683573e-01 9.016276e-01 3.984011e-01
    outer loop
      vertex   3.842868e+01 -5.415543e+01 4.486428e+01
      vertex   3.597115e+01 -5.369654e+01 4.486428e+01
      vertex   3.841770e+01 -5.421422e+01 4.500198e+01
    endloop
  endfacet
  facet normal 1.683573e-01 9.016276e-01 3.984011e-01
    outer loop
      vertex   3.841770e+01 -5.421422e+01 4.500198e+01
      vertex   3.597115e+01 -5.369654e+01 4.486428e+01
      vertex   3.596017e+01 -5.375534e+01 4.500198e+01
    endloop
  endfacet
  facet normal 1.767467e-01 9.465571e-01 2.697968e-01
    outer loop
      vertex   3.841770e+01 -5.421422e+01 4.500198e+01
      vertex   3.596017e+01 -5.375534e+01 4.500198e+01
      vertex   3.841026e+01 -5.425404e+01 4.514655e+01
    endloop
  endfacet
  facet normal 1.767467e-01 9.465571e-01 2.697968e-01
    outer loop
      vertex   3.841026e+01 -5.425404e+01 4.514655e+01
      vertex   3.596017e+01 -5.375534e+01 4.500198e+01
      vertex   3.595274e+01 -5.379516e+01 4.514655e+01
    endloop
  endfacet
  facet normal 1.818438e-01 9.738539e-01 1.361666e-01
    outer loop
      vertex   3.841026e+01 -5.425404e+01 4.514655e+01
      vertex   3.595274e+01 -5.379516e+01 4.514655e+01
      vertex   3.840651e+01 -5.427414e+01 4.529529e+01
    endloop
  endfacet
  facet normal 1.818438e-01 9.738539e-01 1.361666e-01
    outer loop
      vertex   3.840651e+01 -5.427414e+01 4.529529e+01
      vertex   3.595274e+01 -5.379516e+01 4.514655e+01
      vertex   3.594899e+01 -5.381525e+01 4.529529e+01
    endloop
  endfacet
  facet normal 1.835534e-01 9.830097e-01 -0.000000e+00
    outer loop
      vertex   3.840651e+01 -5.427414e+01 4.529529e+01
      vertex   3.594899e+01 -5.381525e+01 4.529529e+01
      vertex   3.840651e+01 -5.427414e+01 4.544542e+01
    endloop
  endfacet
  facet normal 1.835534e-01 9.830097e-01 0.000000e+00
    outer loop
      vertex   3.840651e+01 -5.427414e+01 4.544542e+01
      vertex   3.594899e+01 -5.381525e+01 4.529529e+01
      vertex   3.594899e+01 -5.381525e+01 4.544542e+01
    endloop
  endfacet
  facet normal 1.818438e-01 9.738539e-01 -1.361666e-01
    outer loop
      vertex   3.840651e+01 -5.427414e+01 4.544542e+01
      vertex   3.594899e+01 -5.381525e+01 4.544542e+01
      vertex   3.841026e+01 -5.425404e+01 4.559415e+01
    endloop
  endfacet
  facet normal 1.818438e-01 9.738539e-01 -1.361666e-01
    outer loop
      vertex   3.841026e+01 -5.425404e+01 4.559415e+01
      vertex   3.594899e+01 -5.381525e+01 4.544542e+01
      vertex   3.595274e+01 -5.379516e+01 4.559415e+01
    endloop
  endfacet
  facet normal 1.767467e-01 9.465571e-01 -2.697968e-01
    outer loop
      vertex   3.841026e+01 -5.425404e+01 4.559415e+01
      vertex   3.595274e+01 -5.379516e+01 4.559415e+01
      vertex   3.841770e+01 -5.421422e+01 4.573872e+01
    endloop
  endfacet
  facet normal 1.767467e-01 9.465571e-01 -2.697968e-01
    outer loop
      vertex   3.841770e+01 -5.421422e+01 4.573872e+01
      vertex   3.595274e+01 -5.379516e+01 4.559415e+01
      vertex   3.596017e+01 -5.375534e+01 4.573872e+01
    endloop
  endfacet
  facet normal 1.683573e-01 9.016276e-01 -3.984011e-01
    outer loop
      vertex   3.841770e+01 -5.421422e+01 4.573872e+01
      vertex   3.596017e+01 -5.375534e+01 4.573872e+01
      vertex   3.842868e+01 -5.415543e+01 4.587642e+01
    endloop
  endfacet
  facet normal 1.683573e-01 9.016276e-01 -3.984011e-01
    outer loop
      vertex   3.842868e+01 -5.415543e+01 4.587642e+01
      vertex   3.596017e+01 -5.375534e+01 4.573872e+01
      vertex   3.597115e+01 -5.369654e+01 4.587642e+01
    endloop
  endfacet
  facet normal 1.568316e-01 8.399026e-01 -5.195840e-01
    outer loop
      vertex   3.842868e+01 -5.415543e+01 4.587642e+01
      vertex   3.597115e+01 -5.369654e+01 4.587642e+01
      vertex   3.844300e+01 -5.407874e+01 4.600470e+01
    endloop
  endfacet
  facet normal 1.568316e-01 8.399026e-01 -5.195840e-01
    outer loop
      vertex   3.844300e+01 -5.407874e+01 4.600470e+01
      vertex   3.597115e+01 -5.369654e+01 4.587642e+01
      vertex   3.598547e+01 -5.361986e+01 4.600470e+01
    endloop
  endfacet
  facet normal 1.423844e-01 7.625318e-01 -6.310879e-01
    outer loop
      vertex   3.844300e+01 -5.407874e+01 4.600470e+01
      vertex   3.598547e+01 -5.361986e+01 4.600470e+01
      vertex   3.846039e+01 -5.398561e+01 4.612116e+01
    endloop
  endfacet
  facet normal 1.423844e-01 7.625318e-01 -6.310879e-01
    outer loop
      vertex   3.846039e+01 -5.398561e+01 4.612116e+01
      vertex   3.598547e+01 -5.361986e+01 4.600470e+01
      vertex   3.600286e+01 -5.352672e+01 4.612116e+01
    endloop
  endfacet
  facet normal 1.252849e-01 6.709564e-01 -7.308360e-01
    outer loop
      vertex   3.846039e+01 -5.398561e+01 4.612116e+01
      vertex   3.600286e+01 -5.352672e+01 4.612116e+01
      vertex   3.848053e+01 -5.387775e+01 4.622363e+01
    endloop
  endfacet
  facet normal 1.252849e-01 6.709564e-01 -7.308360e-01
    outer loop
      vertex   3.848053e+01 -5.387775e+01 4.622363e+01
      vertex   3.600286e+01 -5.352672e+01 4.612116e+01
      vertex   3.602300e+01 -5.341887e+01 4.622363e+01
    endloop
  endfacet
  facet normal 1.058516e-01 5.668824e-01 -8.169699e-01
    outer loop
      vertex   3.848053e+01 -5.387775e+01 4.622363e+01
      vertex   3.602300e+01 -5.341887e+01 4.622363e+01
      vertex   3.850304e+01 -5.375718e+01 4.631021e+01
    endloop
  endfacet
  facet normal 1.058516e-01 5.668824e-01 -8.169699e-01
    outer loop
      vertex   3.850304e+01 -5.375718e+01 4.631021e+01
      vertex   3.602300e+01 -5.341887e+01 4.622363e+01
      vertex   3.604552e+01 -5.329829e+01 4.631021e+01
    endloop
  endfacet
  facet normal 8.444650e-02 4.522484e-01 -8.878852e-01
    outer loop
      vertex   3.850304e+01 -5.375718e+01 4.631021e+01
      vertex   3.604552e+01 -5.329829e+01 4.631021e+01
      vertex   3.852751e+01 -5.362614e+01 4.637928e+01
    endloop
  endfacet
  facet normal 8.444650e-02 4.522484e-01 -8.878852e-01
    outer loop
      vertex   3.852751e+01 -5.362614e+01 4.637928e+01
      vertex   3.604552e+01 -5.329829e+01 4.631021e+01
      vertex   3.606998e+01 -5.316726e+01 4.637928e+01
    endloop
  endfacet
  facet normal 6.146829e-02 3.291899e-01 -9.422609e-01
    outer loop
      vertex   3.852751e+01 -5.362614e+01 4.637928e+01
      vertex   3.606998e+01 -5.316726e+01 4.637928e+01
      vertex   3.855347e+01 -5.348708e+01 4.642956e+01
    endloop
  endfacet
  facet normal 6.146829e-02 3.291899e-01 -9.422609e-01
    outer loop
      vertex   3.855347e+01 -5.348708e+01 4.642956e+01
      vertex   3.606998e+01 -5.316726e+01 4.637928e+01
      vertex   3.609595e+01 -5.302820e+01 4.642956e+01
    endloop
  endfacet
  facet normal 3.734504e-02 1.999992e-01 -9.790841e-01
    outer loop
      vertex   3.855347e+01 -5.348708e+01 4.642956e+01
      vertex   3.609595e+01 -5.302820e+01 4.642956e+01
      vertex   3.858046e+01 -5.334258e+01 4.646011e+01
    endloop
  endfacet
  facet normal 3.734504e-02 1.999992e-01 -9.790841e-01
    outer loop
      vertex   3.858046e+01 -5.334258e+01 4.646011e+01
      vertex   3.609595e+01 -5.302820e+01 4.642956e+01
      vertex   3.612293e+01 -5.288370e+01 4.646011e+01
    endloop
  endfacet
  facet normal -1.252613e-02 -6.708296e-02 -9.976688e-01
    outer loop
      vertex   3.372039e+01 -5.213034e+01 4.646011e+01
      vertex   3.617792e+01 -5.258922e+01 4.646011e+01
      vertex   3.369290e+01 -5.227758e+01 4.647035e+01
    endloop
  endfacet
  facet normal -1.252613e-02 -6.708296e-02 -9.976688e-01
    outer loop
      vertex   3.369290e+01 -5.227758e+01 4.647035e+01
      vertex   3.617792e+01 -5.258922e+01 4.646011e+01
      vertex   3.615042e+01 -5.273646e+01 4.647035e+01
    endloop
  endfacet
  facet normal 1.252613e-02 6.708296e-02 -9.976688e-01
    outer loop
      vertex   3.369290e+01 -5.227758e+01 4.647035e+01
      vertex   3.615042e+01 -5.273646e+01 4.647035e+01
      vertex   3.366541e+01 -5.242482e+01 4.646011e+01
    endloop
  endfacet
  facet normal 1.252613e-02 6.708296e-02 -9.976688e-01
    outer loop
      vertex   3.366541e+01 -5.242482e+01 4.646011e+01
      vertex   3.615042e+01 -5.273646e+01 4.647035e+01
      vertex   3.612293e+01 -5.288370e+01 4.646011e+01
    endloop
  endfacet
  facet normal 3.734504e-02 1.999992e-01 -9.790841e-01
    outer loop
      vertex   3.366541e+01 -5.242482e+01 4.646011e+01
      vertex   3.612293e+01 -5.288370e+01 4.646011e+01
      vertex   3.363843e+01 -5.256931e+01 4.642956e+01
    endloop
  endfacet
  facet normal 3.734504e-02 1.999992e-01 -9.790841e-01
    outer loop
      vertex   3.363843e+01 -5.256931e+01 4.642956e+01
      vertex   3.612293e+01 -5.288370e+01 4.646011e+01
      vertex   3.609595e+01 -5.302820e+01 4.642956e+01
    endloop
  endfacet
  facet normal 6.146829e-02 3.291899e-01 -9.422609e-01
    outer loop
      vertex   3.363843e+01 -5.256931e+01 4.642956e+01
      vertex   3.609595e+01 -5.302820e+01 4.642956e+01
      vertex   3.361246e+01 -5.270837e+01 4.637928e+01
    endloop
  endfacet
  facet normal 6.146829e-02 3.291899e-01 -9.422609e-01
    outer loop
      vertex   3.361246e+01 -5.270837e+01 4.637928e+01
      vertex   3.609595e+01 -5.302820e+01 4.642956e+01
      vertex   3.606998e+01 -5.316726e+01 4.637928e+01
    endloop
  endfacet
  facet normal 8.444650e-02 4.522484e-01 -8.878852e-01
    outer loop
      vertex   3.361246e+01 -5.270837e+01 4.637928e+01
      vertex   3.606998e+01 -5.316726e+01 4.637928e+01
      vertex   3.358799e+01 -5.283941e+01 4.631021e+01
    endloop
  endfacet
  facet normal 8.444650e-02 4.522484e-01 -8.878852e-01
    outer loop
      vertex   3.358799e+01 -5.283941e+01 4.631021e+01
      vertex   3.606998e+01 -5.316726e+01 4.637928e+01
      vertex   3.604552e+01 -5.329829e+01 4.631021e+01
    endloop
  endfacet
  facet normal 1.058516e-01 5.668824e-01 -8.169699e-01
    outer loop
      vertex   3.358799e+01 -5.283941e+01 4.631021e+01
      vertex   3.604552e+01 -5.329829e+01 4.631021e+01
      vertex   3.356548e+01 -5.295998e+01 4.622363e+01
    endloop
  endfacet
  facet normal 1.058516e-01 5.668824e-01 -8.169699e-01
    outer loop
      vertex   3.356548e+01 -5.295998e+01 4.622363e+01
      vertex   3.604552e+01 -5.329829e+01 4.631021e+01
      vertex   3.602300e+01 -5.341887e+01 4.622363e+01
    endloop
  endfacet
  facet normal 1.252849e-01 6.709564e-01 -7.308360e-01
    outer loop
      vertex   3.356548e+01 -5.295998e+01 4.622363e+01
      vertex   3.602300e+01 -5.341887e+01 4.622363e+01
      vertex   3.354534e+01 -5.306784e+01 4.612116e+01
    endloop
  endfacet
  facet normal 1.252849e-01 6.709564e-01 -7.308360e-01
    outer loop
      vertex   3.354534e+01 -5.306784e+01 4.612116e+01
      vertex   3.602300e+01 -5.341887e+01 4.622363e+01
      vertex   3.600286e+01 -5.352672e+01 4.612116e+01
    endloop
  endfacet
  facet normal 1.423844e-01 7.625318e-01 -6.310879e-01
    outer loop
      vertex   3.354534e+01 -5.306784e+01 4.612116e+01
      vertex   3.600286e+01 -5.352672e+01 4.612116e+01
      vertex   3.352795e+01 -5.316098e+01 4.600470e+01
    endloop
  endfacet
  facet normal 1.423844e-01 7.625318e-01 -6.310879e-01
    outer loop
      vertex   3.352795e+01 -5.316098e+01 4.600470e+01
      vertex   3.600286e+01 -5.352672e+01 4.612116e+01
      vertex   3.598547e+01 -5.361986e+01 4.600470e+01
    endloop
  endfacet
  facet normal 1.568316e-01 8.399026e-01 -5.195840e-01
    outer loop
      vertex   3.352795e+01 -5.316098e+01 4.600470e+01
      vertex   3.598547e+01 -5.361986e+01 4.600470e+01
      vertex   3.351363e+01 -5.323766e+01 4.587642e+01
    endloop
  endfacet
  facet normal 1.568316e-01 8.399026e-01 -5.195840e-01
    outer loop
      vertex   3.351363e+01 -5.323766e+01 4.587642e+01
      vertex   3.598547e+01 -5.361986e+01 4.600470e+01
      vertex   3.597115e+01 -5.369654e+01 4.587642e+01
    endloop
  endfacet
  facet normal 1.683573e-01 9.016276e-01 -3.984011e-01
    outer loop
      vertex   3.351363e+01 -5.323766e+01 4.587642e+01
      vertex   3.597115e+01 -5.369654e+01 4.587642e+01
      vertex   3.350265e+01 -5.329646e+01 4.573872e+01
    endloop
  endfacet
  facet normal 1.683573e-01 9.016276e-01 -3.984011e-01
    outer loop
      vertex   3.350265e+01 -5.329646e+01 4.573872e+01
      vertex   3.597115e+01 -5.369654e+01 4.587642e+01
      vertex   3.596017e+01 -5.375534e+01 4.573872e+01
    endloop
  endfacet
  facet normal 1.767467e-01 9.465571e-01 -2.697968e-01
    outer loop
      vertex   3.350265e+01 -5.329646e+01 4.573872e+01
      vertex   3.596017e+01 -5.375534e+01 4.573872e+01
      vertex   3.349521e+01 -5.333627e+01 4.559415e+01
    endloop
  endfacet
  facet normal 1.767467e-01 9.465571e-01 -2.697968e-01
    outer loop
      vertex   3.349521e+01 -5.333627e+01 4.559415e+01
      vertex   3.596017e+01 -5.375534e+01 4.573872e+01
      vertex   3.595274e+01 -5.379516e+01 4.559415e+01
    endloop
  endfacet
  facet normal 1.818438e-01 9.738539e-01 -1.361666e-01
    outer loop
      vertex   3.349521e+01 -5.333627e+01 4.559415e+01
      vertex   3.595274e+01 -5.379516e+01 4.559415e+01
      vertex   3.349146e+01 -5.335637e+01 4.544542e+01
    endloop
  endfacet
  facet normal 1.818438e-01 9.738539e-01 -1.361666e-01
    outer loop
      vertex   3.349146e+01 -5.335637e+01 4.544542e+01
      vertex   3.595274e+01 -5.379516e+01 4.559415e+01
      vertex   3.594899e+01 -5.381525e+01 4.544542e+01
    endloop
  endfacet
  facet normal 1.835534e-01 9.830097e-01 0.000000e+00
    outer loop
      vertex   3.349146e+01 -5.335637e+01 4.544542e+01
      vertex   3.594899e+01 -5.381525e+01 4.544542e+01
      vertex   3.349146e+01 -5.335637e+01 4.529529e+01
    endloop
  endfacet
  facet normal 1.835534e-01 9.830097e-01 0.000000e+00
    outer loop
      vertex   3.349146e+01 -5.335637e+01 4.529529e+01
      vertex   3.594899e+01 -5.381525e+01 4.544542e+01
      vertex   3.594899e+01 -5.381525e+01 4.529529e+01
    endloop
  endfacet
  facet normal 1.818438e-01 9.738539e-01 1.361666e-01
    outer loop
      vertex   3.349146e+01 -5.335637e+01 4.529529e+01
      vertex   3.594899e+01 -5.381525e+01 4.529529e+01
      vertex   3.349521e+01 -5.333627e+01 4.514655e+01
    endloop
  endfacet
  facet normal 1.818438e-01 9.738539e-01 1.361666e-01
    outer loop
      vertex   3.349521e+01 -5.333627e+01 4.514655e+01
      vertex   3.594899e+01 -5.381525e+01 4.529529e+01
      vertex   3.595274e+01 -5.379516e+01 4.514655e+01
    endloop
  endfacet
  facet normal 1.767467e-01 9.465571e-01 2.697968e-01
    outer loop
      vertex   3.349521e+01 -5.333627e+01 4.514655e+01
      vertex   3.595274e+01 -5.379516e+01 4.514655e+01
      vertex   3.350265e+01 -5.329646e+01 4.500198e+01
    endloop
  endfacet
  facet normal 1.767467e-01 9.465571e-01 2.697968e-01
    outer loop
      vertex   3.350265e+01 -5.329646e+01 4.500198e+01
      vertex   3.595274e+01 -5.379516e+01 4.514655e+01
      vertex   3.596017e+01 -5.375534e+01 4.500198e+01
    endloop
  endfacet
  facet normal 1.683573e-01 9.016276e-01 3.984011e-01
    outer loop
      vertex   3.350265e+01 -5.329646e+01 4.500198e+01
      vertex   3.596017e+01 -5.375534e+01 4.500198e+01
      vertex   3.351363e+01 -5.323766e+01 4.486428e+01
    endloop
  endfacet
  facet normal 1.683573e-01 9.016276e-01 3.984011e-01
    outer loop
      vertex   3.351363e+01 -5.323766e+01 4.486428e+01
      vertex   3.596017e+01 -5.375534e+01 4.500198e+01
      vertex   3.597115e+01 -5.369654e+01 4.486428e+01
    endloop
  endfacet
  facet normal 1.568316e-01 8.399026e-01 5.195840e-01
    outer loop
      vertex   3.351363e+01 -5.323766e+01 4.486428e+01
      vertex   3.597115e+01 -5.369654e+01 4.486428e+01
      vertex   3.352795e+01 -5.316098e+01 4.473600e+01
    endloop
  endfacet
  facet normal 1.568316e-01 8.399026e-01 5.195840e-01
    outer loop
      vertex   3.352795e+01 -5.316098e+01 4.473600e+01
      vertex   3.597115e+01 -5.369654e+01 4.486428e+01
      vertex   3.598547e+01 -5.361986e+01 4.473600e+01
    endloop
  endfacet
  facet normal 1.423844e-01 7.625318e-01 6.310879e-01
    outer loop
      vertex   3.352795e+01 -5.316098e+01 4.473600e+01
      vertex   3.598547e+01 -5.361986e+01 4.473600e+01
      vertex   3.354534e+01 -5.306784e+01 4.461954e+01
    endloop
  endfacet
  facet normal 1.423844e-01 7.625318e-01 6.310879e-01
    outer loop
      vertex   3.354534e+01 -5.306784e+01 4.461954e+01
      vertex   3.598547e+01 -5.361986e+01 4.473600e+01
      vertex   3.600286e+01 -5.352672e+01 4.461954e+01
    endloop
  endfacet
  facet normal 1.252849e-01 6.709564e-01 7.308360e-01
    outer loop
      vertex   3.354534e+01 -5.306784e+01 4.461954e+01
      vertex   3.600286e+01 -5.352672e+01 4.461954e+01
      vertex   3.356548e+01 -5.295998e+01 4.451707e+01
    endloop
  endfacet
  facet normal 1.252849e-01 6.709564e-01 7.308360e-01
    outer loop
      vertex   3.356548e+01 -5.295998e+01 4.451707e+01
      vertex   3.600286e+01 -5.352672e+01 4.461954e+01
      vertex   3.602300e+01 -5.341887e+01 4.451707e+01
    endloop
  endfacet
  facet normal 1.058516e-01 5.668824e-01 8.169699e-01
    outer loop
      vertex   3.356548e+01 -5.295998e+01 4.451707e+01
      vertex   3.602300e+01 -5.341887e+01 4.451707e+01
      vertex   3.358799e+01 -5.283941e+01 4.443049e+01
    endloop
  endfacet
  facet normal 1.058516e-01 5.668824e-01 8.169699e-01
    outer loop
      vertex   3.358799e+01 -5.283941e+01 4.443049e+01
      vertex   3.602300e+01 -5.341887e+01 4.451707e+01
      vertex   3.604552e+01 -5.329829e+01 4.443049e+01
    endloop
  endfacet
  facet normal 8.444650e-02 4.522484e-01 8.878852e-01
    outer loop
      vertex   3.358799e+01 -5.283941e+01 4.443049e+01
      vertex   3.604552e+01 -5.329829e+01 4.443049e+01
      vertex   3.361246e+01 -5.270837e+01 4.436142e+01
    endloop
  endfacet
  facet normal 8.444650e-02 4.522484e-01 8.878852e-01
    outer loop
      vertex   3.361246e+01 -5.270837e+01 4.436142e+01
      vertex   3.604552e+01 -5.329829e+01 4.443049e+01
      vertex   3.606998e+01 -5.316726e+01 4.436142e+01
    endloop
  endfacet
  facet normal 6.146829e-02 3.291899e-01 9.422609e-01
    outer loop
      vertex   3.361246e+01 -5.270837e+01 4.436142e+01
      vertex   3.606998e+01 -5.316726e+01 4.436142e+01
      vertex   3.363843e+01 -5.256931e+01 4.431114e+01
    endloop
  endfacet
  facet normal 6.146829e-02 3.291899e-01 9.422609e-01
    outer loop
      vertex   3.363843e+01 -5.256931e+01 4.431114e+01
      vertex   3.606998e+01 -5.316726e+01 4.436142e+01
      vertex   3.609595e+01 -5.302820e+01 4.431114e+01
    endloop
  endfacet
  facet normal 3.734504e-02 1.999992e-01 9.790841e-01
    outer loop
      vertex   3.363843e+01 -5.256931e+01 4.431114e+01
      vertex   3.609595e+01 -5.302820e+01 4.431114e+01
      vertex   3.366541e+01 -5.242482e+01 4.428060e+01
    endloop
  endfacet
  facet normal 3.734504e-02 1.999992e-01 9.790841e-01
    outer loop
      vertex   3.366541e+01 -5.242482e+01 4.428060e+01
      vertex   3.609595e+01 -5.302820e+01 4.431114e+01
      vertex   3.612293e+01 -5.288370e+01 4.428060e+01
    endloop
  endfacet
  facet normal 1.252613e-02 6.708296e-02 9.976688e-01
    outer loop
      vertex   3.366541e+01 -5.242482e+01 4.428060e+01
      vertex   3.612293e+01 -5.288370e+01 4.428060e+01
      vertex   3.369290e+01 -5.227758e+01 4.427035e+01
    endloop
  endfacet
  facet normal 1.252613e-02 6.708296e-02 9.976688e-01
    outer loop
      vertex   3.369290e+01 -5.227758e+01 4.427035e+01
      vertex   3.612293e+01 -5.288370e+01 4.428060e+01
      vertex   3.615042e+01 -5.273646e+01 4.427035e+01
    endloop
  endfacet
  facet normal -1.252613e-02 -6.708296e-02 9.976688e-01
    outer loop
      vertex   3.369290e+01 -5.227758e+01 4.427035e+01
      vertex   3.615042e+01 -5.273646e+01 4.427035e+01
      vertex   3.372039e+01 -5.213034e+01 4.428060e+01
    endloop
  endfacet
  facet normal -1.252613e-02 -6.708296e-02 9.976688e-01
    outer loop
      vertex   3.372039e+01 -5.213034e+01 4.428060e+01
      vertex   3.615042e+01 -5.273646e+01 4.427035e+01
      vertex   3.617792e+01 -5.258922e+01 4.428060e+01
    endloop
  endfacet
  facet normal -3.734504e-02 -1.999992e-01 9.790841e-01
    outer loop
      vertex   3.372039e+01 -5.213034e+01 4.428060e+01
      vertex   3.617792e+01 -5.258922e+01 4.428060e+01
      vertex   3.374737e+01 -5.198585e+01 4.431114e+01
    endloop
  endfacet
  facet normal -3.734504e-02 -1.999992e-01 9.790841e-01
    outer loop
      vertex   3.374737e+01 -5.198585e+01 4.431114e+01
      vertex   3.617792e+01 -5.258922e+01 4.428060e+01
      vertex   3.620490e+01 -5.244473e+01 4.431114e+01
    endloop
  endfacet
  facet normal -6.146829e-02 -3.291899e-01 9.422609e-01
    outer loop
      vertex   3.374737e+01 -5.198585e+01 4.431114e+01
      vertex   3.620490e+01 -5.244473e+01 4.431114e+01
      vertex   3.377334e+01 -5.184678e+01 4.436142e+01
    endloop
  endfacet
  facet normal -6.146829e-02 -3.291899e-01 9.422609e-01
    outer loop
      vertex   3.377334e+01 -5.184678e+01 4.436142e+01
      vertex   3.620490e+01 -5.244473e+01 4.431114e+01
      vertex   3.623087e+01 -5.230567e+01 4.436142e+01
    endloop
  endfacet
  facet normal -8.444650e-02 -4.522484e-01 8.878852e-01
    outer loop
      vertex   3.377334e+01 -5.184678e+01 4.436142e+01
      vertex   3.623087e+01 -5.230567e+01 4.436142e+01
      vertex   3.379781e+01 -5.171575e+01 4.443049e+01
    endloop
  endfacet
  facet normal -8.444650e-02 -4.522484e-01 8.878852e-01
    outer loop
      vertex   3.379781e+01 -5.171575e+01 4.443049e+01
      vertex   3.623087e+01 -5.230567e+01 4.436142e+01
      vertex   3.625533e+01 -5.217463e+01 4.443049e+01
    endloop
  endfacet
  facet normal -1.058516e-01 -5.668824e-01 8.169699e-01
    outer loop
      vertex   3.379781e+01 -5.171575e+01 4.443049e+01
      vertex   3.625533e+01 -5.217463e+01 4.443049e+01
      vertex   3.382032e+01 -5.159518e+01 4.451707e+01
    endloop
  endfacet
  facet normal -1.058516e-01 -5.668824e-01 8.169699e-01
    outer loop
      vertex   3.382032e+01 -5.159518e+01 4.451707e+01
      vertex   3.625533e+01 -5.217463e+01 4.443049e+01
      vertex   3.627785e+01 -5.205406e+01 4.451707e+01
    endloop
  endfacet
  facet normal -1.252849e-01 -6.709564e-01 7.308360e-01
    outer loop
      vertex   3.382032e+01 -5.159518e+01 4.451707e+01
      vertex   3.627785e+01 -5.205406e+01 4.451707e+01
      vertex   3.384046e+01 -5.148732e+01 4.461954e+01
    endloop
  endfacet
  facet normal -1.252849e-01 -6.709564e-01 7.308360e-01
    outer loop
      vertex   3.384046e+01 -5.148732e+01 4.461954e+01
      vertex   3.627785e+01 -5.205406e+01 4.451707e+01
      vertex   3.629799e+01 -5.194620e+01 4.461954e+01
    endloop
  endfacet
  facet normal -1.423844e-01 -7.625318e-01 6.310879e-01
    outer loop
      vertex   3.384046e+01 -5.148732e+01 4.461954e+01
      vertex   3.629799e+01 -5.194620e+01 4.461954e+01
      vertex   3.385785e+01 -5.139418e+01 4.473600e+01
    endloop
  endfacet
  facet normal -1.423844e-01 -7.625318e-01 6.310879e-01
    outer loop
      vertex   3.385785e+01 -5.139418e+01 4.473600e+01
      vertex   3.629799e+01 -5.194620e+01 4.461954e+01
      vertex   3.631538e+01 -5.185306e+01 4.473600e+01
    endloop
  endfacet
  facet normal -1.568316e-01 -8.399026e-01 5.195840e-01
    outer loop
      vertex   3.385785e+01 -5.139418e+01 4.473600e+01
      vertex   3.631538e+01 -5.185306e+01 4.473600e+01
      vertex   3.387217e+01 -5.131750e+01 4.486428e+01
    endloop
  endfacet
  facet normal -1.568316e-01 -8.399026e-01 5.195840e-01
    outer loop
      vertex   3.387217e+01 -5.131750e+01 4.486428e+01
      vertex   3.631538e+01 -5.185306e+01 4.473600e+01
      vertex   3.632970e+01 -5.177638e+01 4.486428e+01
    endloop
  endfacet
  facet normal -1.683573e-01 -9.016276e-01 3.984011e-01
    outer loop
      vertex   3.387217e+01 -5.131750e+01 4.486428e+01
      vertex   3.632970e+01 -5.177638e+01 4.486428e+01
      vertex   3.388315e+01 -5.125870e+01 4.500198e+01
    endloop
  endfacet
  facet normal -1.683573e-01 -9.016276e-01 3.984011e-01
    outer loop
      vertex   3.388315e+01 -5.125870e+01 4.500198e+01
      vertex   3.632970e+01 -5.177638e+01 4.486428e+01
      vertex   3.634068e+01 -5.171759e+01 4.500198e+01
    endloop
  endfacet
  facet normal -1.767467e-01 -9.465571e-01 2.697968e-01
    outer loop
      vertex   3.388315e+01 -5.125870e+01 4.500198e+01
      vertex   3.634068e+01 -5.171759e+01 4.500198e+01
      vertex   3.389059e+01 -5.121889e+01 4.514655e+01
    endloop
  endfacet
  facet normal -1.767467e-01 -9.465571e-01 2.697968e-01
    outer loop
      vertex   3.389059e+01 -5.121889e+01 4.514655e+01
      vertex   3.634068e+01 -5.171759e+01 4.500198e+01
      vertex   3.634811e+01 -5.167777e+01 4.514655e+01
    endloop
  endfacet
  facet normal -1.818438e-01 -9.738539e-01 1.361666e-01
    outer loop
      vertex   3.389059e+01 -5.121889e+01 4.514655e+01
      vertex   3.634811e+01 -5.167777e+01 4.514655e+01
      vertex   3.389434e+01 -5.119879e+01 4.529529e+01
    endloop
  endfacet
  facet normal -1.818438e-01 -9.738539e-01 1.361666e-01
    outer loop
      vertex   3.389434e+01 -5.119879e+01 4.529529e+01
      vertex   3.634811e+01 -5.167777e+01 4.514655e+01
      vertex   3.635186e+01 -5.165767e+01 4.529529e+01
    endloop
  endfacet
  facet normal -1.835534e-01 -9.830097e-01 0.000000e+00
    outer loop
      vertex   3.389434e+01 -5.119879e+01 4.529529e+01
      vertex   3.635186e+01 -5.165767e+01 4.529529e+01
      vertex   3.389434e+01 -5.119879e+01 4.544542e+01
    endloop
  endfacet
  facet normal -1.835534e-01 -9.830097e-01 0.000000e+00
    outer loop
      vertex   3.389434e+01 -5.119879e+01 4.544542e+01
      vertex   3.635186e+01 -5.165767e+01 4.529529e+01
      vertex   3.635186e+01 -5.165767e+01 4.544542e+01
    endloop
  endfacet
  facet normal -1.818438e-01 -9.738539e-01 -1.361666e-01
    outer loop
      vertex   3.389434e+01 -5.119879e+01 4.544542e+01
      vertex   3.635186e+01 -5.165767e+01 4.544542e+01
      vertex   3.389059e+01 -5.121889e+01 4.559415e+01
    endloop
  endfacet
  facet normal -1.818438e-01 -9.738539e-01 -1.361666e-01
    outer loop
      vertex   3.389059e+01 -5.121889e+01 4.559415e+01
      vertex   3.635186e+01 -5.165767e+01 4.544542e+01
      vertex   3.634811e+01 -5.167777e+01 4.559415e+01
    endloop
  endfacet
  facet normal -1.767467e-01 -9.465571e-01 -2.697968e-01
    outer loop
      vertex   3.389059e+01 -5.121889e+01 4.559415e+01
      vertex   3.634811e+01 -5.167777e+01 4.559415e+01
      vertex   3.388315e+01 -5.125870e+01 4.573872e+01
    endloop
  endfacet
  facet normal -1.767467e-01 -9.465571e-01 -2.697968e-01
    outer loop
      vertex   3.388315e+01 -5.125870e+01 4.573872e+01
      vertex   3.634811e+01 -5.167777e+01 4.559415e+01
      vertex   3.634068e+01 -5.171759e+01 4.573872e+01
    endloop
  endfacet
  facet normal -1.683573e-01 -9.016276e-01 -3.984011e-01
    outer loop
      vertex   3.388315e+01 -5.125870e+01 4.573872e+01
      vertex   3.634068e+01 -5.171759e+01 4.573872e+01
      vertex   3.387217e+01 -5.131750e+01 4.587642e+01
    endloop
  endfacet
  facet normal -1.683573e-01 -9.016276e-01 -3.984011e-01
    outer loop
      vertex   3.387217e+01 -5.131750e+01 4.587642e+01
      vertex   3.634068e+01 -5.171759e+01 4.573872e+01
      vertex   3.632970e+01 -5.177638e+01 4.587642e+01
    endloop
  endfacet
  facet normal -1.568316e-01 -8.399026e-01 -5.195840e-01
    outer loop
      vertex   3.387217e+01 -5.131750e+01 4.587642e+01
      vertex   3.632970e+01 -5.177638e+01 4.587642e+01
      vertex   3.385785e+01 -5.139418e+01 4.600470e+01
    endloop
  endfacet
  facet normal -1.568316e-01 -8.399026e-01 -5.195840e-01
    outer loop
      vertex   3.385785e+01 -5.139418e+01 4.600470e+01
      vertex   3.632970e+01 -5.177638e+01 4.587642e+01
      vertex   3.631538e+01 -5.185306e+01 4.600470e+01
    endloop
  endfacet
  facet normal -1.423844e-01 -7.625318e-01 -6.310879e-01
    outer loop
      vertex   3.385785e+01 -5.139418e+01 4.600470e+01
      vertex   3.631538e+01 -5.185306e+01 4.600470e+01
      vertex   3.384046e+01 -5.148732e+01 4.612116e+01
    endloop
  endfacet
  facet normal -1.423844e-01 -7.625318e-01 -6.310879e-01
    outer loop
      vertex   3.384046e+01 -5.148732e+01 4.612116e+01
      vertex   3.631538e+01 -5.185306e+01 4.600470e+01
      vertex   3.629799e+01 -5.194620e+01 4.612116e+01
    endloop
  endfacet
  facet normal -1.252849e-01 -6.709564e-01 -7.308360e-01
    outer loop
      vertex   3.384046e+01 -5.148732e+01 4.612116e+01
      vertex   3.629799e+01 -5.194620e+01 4.612116e+01
      vertex   3.382032e+01 -5.159518e+01 4.622363e+01
    endloop
  endfacet
  facet normal -1.252849e-01 -6.709564e-01 -7.308360e-01
    outer loop
      vertex   3.382032e+01 -5.159518e+01 4.622363e+01
      vertex   3.629799e+01 -5.194620e+01 4.612116e+01
      vertex   3.627785e+01 -5.205406e+01 4.622363e+01
    endloop
  endfacet
  facet normal -1.058516e-01 -5.668824e-01 -8.169699e-01
    outer loop
      vertex   3.382032e+01 -5.159518e+01 4.622363e+01
      vertex   3.627785e+01 -5.205406e+01 4.622363e+01
      vertex   3.379781e+01 -5.171575e+01 4.631021e+01
    endloop
  endfacet
  facet normal -1.058516e-01 -5.668824e-01 -8.169699e-01
    outer loop
      vertex   3.379781e+01 -5.171575e+01 4.631021e+01
      vertex   3.627785e+01 -5.205406e+01 4.622363e+01
      vertex   3.625533e+01 -5.217463e+01 4.631021e+01
    endloop
  endfacet
  facet normal -8.444650e-02 -4.522484e-01 -8.878852e-01
    outer loop
      vertex   3.379781e+01 -5.171575e+01 4.631021e+01
      vertex   3.625533e+01 -5.217463e+01 4.631021e+01
      vertex   3.377334e+01 -5.184678e+01 4.637928e+01
    endloop
  endfacet
  facet normal -8.444650e-02 -4.522484e-01 -8.878852e-01
    outer loop
      vertex   3.377334e+01 -5.184678e+01 4.637928e+01
      vertex   3.625533e+01 -5.217463e+01 4.631021e+01
      vertex   3.623087e+01 -5.230567e+01 4.637928e+01
    endloop
  endfacet
  facet normal -6.146829e-02 -3.291899e-01 -9.422609e-01
    outer loop
      vertex   3.377334e+01 -5.184678e+01 4.637928e+01
      vertex   3.623087e+01 -5.230567e+01 4.637928e+01
      vertex   3.374737e+01 -5.198585e+01 4.642956e+01
    endloop
  endfacet
  facet normal -6.146829e-02 -3.291899e-01 -9.422609e-01
    outer loop
      vertex   3.374737e+01 -5.198585e+01 4.642956e+01
      vertex   3.623087e+01 -5.230567e+01 4.637928e+01
      vertex   3.620490e+01 -5.244473e+01 4.642956e+01
    endloop
  endfacet
  facet normal -3.734504e-02 -1.999992e-01 -9.790841e-01
    outer loop
      vertex   3.374737e+01 -5.198585e+01 4.642956e+01
      vertex   3.620490e+01 -5.244473e+01 4.642956e+01
      vertex   3.372039e+01 -5.213034e+01 4.646011e+01
    endloop
  endfacet
  facet normal -3.734504e-02 -1.999992e-01 -9.790841e-01
    outer loop
      vertex   3.372039e+01 -5.213034e+01 4.646011e+01
      vertex   3.620490e+01 -5.244473e+01 4.642956e+01
      vertex   3.617792e+01 -5.258922e+01 4.646011e+01
    endloop
  endfacet
  facet normal -1.833787e-01 -9.820741e-01 -4.361939e-02
    outer loop
      vertex   3.814172e+01 -5.569219e+01 3.267035e+01
      vertex   3.322667e+01 -5.477442e+01 3.267035e+01
      vertex   3.814350e+01 -5.568269e+01 3.244898e+01
    endloop
  endfacet
  facet normal -1.833787e-01 -9.820741e-01 -4.361939e-02
    outer loop
      vertex   3.814350e+01 -5.568269e+01 3.244898e+01
      vertex   3.322667e+01 -5.477442e+01 3.267035e+01
      vertex   3.322845e+01 -5.476492e+01 3.244898e+01
    endloop
  endfacet
  facet normal -1.819831e-01 -9.746000e-01 -1.305262e-01
    outer loop
      vertex   3.814350e+01 -5.568269e+01 3.244898e+01
      vertex   3.322845e+01 -5.476492e+01 3.244898e+01
      vertex   3.814881e+01 -5.565426e+01 3.222929e+01
    endloop
  endfacet
  facet normal -1.819831e-01 -9.746000e-01 -1.305262e-01
    outer loop
      vertex   3.814881e+01 -5.565426e+01 3.222929e+01
      vertex   3.322845e+01 -5.476492e+01 3.244898e+01
      vertex   3.323376e+01 -5.473649e+01 3.222929e+01
    endloop
  endfacet
  facet normal -1.792024e-01 -9.597085e-01 -2.164396e-01
    outer loop
      vertex   3.814881e+01 -5.565426e+01 3.222929e+01
      vertex   3.323376e+01 -5.473649e+01 3.222929e+01
      vertex   3.815761e+01 -5.560711e+01 3.201295e+01
    endloop
  endfacet
  facet normal -1.792024e-01 -9.597085e-01 -2.164396e-01
    outer loop
      vertex   3.815761e+01 -5.560711e+01 3.201295e+01
      vertex   3.323376e+01 -5.473649e+01 3.222929e+01
      vertex   3.324256e+01 -5.468935e+01 3.201295e+01
    endloop
  endfacet
  facet normal -1.750580e-01 -9.375131e-01 -3.007058e-01
    outer loop
      vertex   3.815761e+01 -5.560711e+01 3.201295e+01
      vertex   3.324256e+01 -5.468935e+01 3.201295e+01
      vertex   3.816984e+01 -5.554161e+01 3.180162e+01
    endloop
  endfacet
  facet normal -1.750580e-01 -9.375131e-01 -3.007058e-01
    outer loop
      vertex   3.816984e+01 -5.554161e+01 3.180162e+01
      vertex   3.324256e+01 -5.468935e+01 3.201295e+01
      vertex   3.325479e+01 -5.462385e+01 3.180162e+01
    endloop
  endfacet
  facet normal -1.695812e-01 -9.081826e-01 -3.826834e-01
    outer loop
      vertex   3.816984e+01 -5.554161e+01 3.180162e+01
      vertex   3.325479e+01 -5.462385e+01 3.180162e+01
      vertex   3.818541e+01 -5.545826e+01 3.159690e+01
    endloop
  endfacet
  facet normal -1.695812e-01 -9.081826e-01 -3.826834e-01
    outer loop
      vertex   3.818541e+01 -5.545826e+01 3.159690e+01
      vertex   3.325479e+01 -5.462385e+01 3.180162e+01
      vertex   3.327036e+01 -5.454049e+01 3.159690e+01
    endloop
  endfacet
  facet normal -1.628139e-01 -8.719403e-01 -4.617486e-01
    outer loop
      vertex   3.818541e+01 -5.545826e+01 3.159690e+01
      vertex   3.327036e+01 -5.454049e+01 3.159690e+01
      vertex   3.820419e+01 -5.535768e+01 3.140035e+01
    endloop
  endfacet
  facet normal -1.628139e-01 -8.719403e-01 -4.617486e-01
    outer loop
      vertex   3.820419e+01 -5.535768e+01 3.140035e+01
      vertex   3.327036e+01 -5.454049e+01 3.159690e+01
      vertex   3.328914e+01 -5.443991e+01 3.140035e+01
    endloop
  endfacet
  facet normal -1.548074e-01 -8.290620e-01 -5.372996e-01
    outer loop
      vertex   3.820419e+01 -5.535768e+01 3.140035e+01
      vertex   3.328914e+01 -5.443991e+01 3.140035e+01
      vertex   3.822604e+01 -5.524064e+01 3.121347e+01
    endloop
  endfacet
  facet normal -1.548074e-01 -8.290620e-01 -5.372996e-01
    outer loop
      vertex   3.822604e+01 -5.524064e+01 3.121347e+01
      vertex   3.328914e+01 -5.443991e+01 3.140035e+01
      vertex   3.331099e+01 -5.432287e+01 3.121347e+01
    endloop
  endfacet
  facet normal -1.456227e-01 -7.798741e-01 -6.087614e-01
    outer loop
      vertex   3.822604e+01 -5.524064e+01 3.121347e+01
      vertex   3.331099e+01 -5.432287e+01 3.121347e+01
      vertex   3.825080e+01 -5.510804e+01 3.103767e+01
    endloop
  endfacet
  facet normal -1.456227e-01 -7.798741e-01 -6.087614e-01
    outer loop
      vertex   3.825080e+01 -5.510804e+01 3.103767e+01
      vertex   3.331099e+01 -5.432287e+01 3.121347e+01
      vertex   3.333575e+01 -5.419027e+01 3.103767e+01
    endloop
  endfacet
  facet normal -1.353298e-01 -7.247508e-01 -6.755902e-01
    outer loop
      vertex   3.825080e+01 -5.510804e+01 3.103767e+01
      vertex   3.333575e+01 -5.419027e+01 3.103767e+01
      vertex   3.827828e+01 -5.496088e+01 3.087430e+01
    endloop
  endfacet
  facet normal -1.353298e-01 -7.247508e-01 -6.755902e-01
    outer loop
      vertex   3.827828e+01 -5.496088e+01 3.087430e+01
      vertex   3.333575e+01 -5.419027e+01 3.103767e+01
      vertex   3.336323e+01 -5.404312e+01 3.087430e+01
    endloop
  endfacet
  facet normal -1.240069e-01 -6.641118e-01 -7.372773e-01
    outer loop
      vertex   3.827828e+01 -5.496088e+01 3.087430e+01
      vertex   3.336323e+01 -5.404312e+01 3.087430e+01
      vertex   3.830826e+01 -5.480029e+01 3.072460e+01
    endloop
  endfacet
  facet normal -1.240069e-01 -6.641118e-01 -7.372773e-01
    outer loop
      vertex   3.830826e+01 -5.480029e+01 3.072460e+01
      vertex   3.336323e+01 -5.404312e+01 3.087430e+01
      vertex   3.339322e+01 -5.388252e+01 3.072460e+01
    endloop
  endfacet
  facet normal -1.117402e-01 -5.984184e-01 -7.933533e-01
    outer loop
      vertex   3.830826e+01 -5.480029e+01 3.072460e+01
      vertex   3.339322e+01 -5.388252e+01 3.072460e+01
      vertex   3.834053e+01 -5.462748e+01 3.058971e+01
    endloop
  endfacet
  facet normal -1.117402e-01 -5.984184e-01 -7.933533e-01
    outer loop
      vertex   3.834053e+01 -5.462748e+01 3.058971e+01
      vertex   3.339322e+01 -5.388252e+01 3.072460e+01
      vertex   3.342548e+01 -5.370971e+01 3.058971e+01
    endloop
  endfacet
  facet normal -9.862317e-02 -5.281708e-01 -8.433914e-01
    outer loop
      vertex   3.834053e+01 -5.462748e+01 3.058971e+01
      vertex   3.342548e+01 -5.370971e+01 3.058971e+01
      vertex   3.837484e+01 -5.444377e+01 3.047065e+01
    endloop
  endfacet
  facet normal -9.862317e-02 -5.281708e-01 -8.433914e-01
    outer loop
      vertex   3.837484e+01 -5.444377e+01 3.047065e+01
      vertex   3.342548e+01 -5.370971e+01 3.058971e+01
      vertex   3.345979e+01 -5.352600e+01 3.047065e+01
    endloop
  endfacet
  facet normal -8.475553e-02 -4.539034e-01 -8.870108e-01
    outer loop
      vertex   3.837484e+01 -5.444377e+01 3.047065e+01
      vertex   3.345979e+01 -5.352600e+01 3.047065e+01
      vertex   3.841091e+01 -5.425056e+01 3.036833e+01
    endloop
  endfacet
  facet normal -8.475553e-02 -4.539034e-01 -8.870108e-01
    outer loop
      vertex   3.841091e+01 -5.425056e+01 3.036833e+01
      vertex   3.345979e+01 -5.352600e+01 3.047065e+01
      vertex   3.349586e+01 -5.333279e+01 3.036833e+01
    endloop
  endfacet
  facet normal -7.024285e-02 -3.761816e-01 -9.238795e-01
    outer loop
      vertex   3.841091e+01 -5.425056e+01 3.036833e+01
      vertex   3.349586e+01 -5.333279e+01 3.036833e+01
      vertex   3.844849e+01 -5.404932e+01 3.028353e+01
    endloop
  endfacet
  facet normal -7.024285e-02 -3.761816e-01 -9.238795e-01
    outer loop
      vertex   3.844849e+01 -5.404932e+01 3.028353e+01
      vertex   3.349586e+01 -5.333279e+01 3.036833e+01
      vertex   3.353344e+01 -5.313155e+01 3.028353e+01
    endloop
  endfacet
  facet normal -5.519557e-02 -2.955967e-01 -9.537169e-01
    outer loop
      vertex   3.844849e+01 -5.404932e+01 3.028353e+01
      vertex   3.353344e+01 -5.313155e+01 3.028353e+01
      vertex   3.848728e+01 -5.384158e+01 3.021690e+01
    endloop
  endfacet
  facet normal -5.519557e-02 -2.955967e-01 -9.537169e-01
    outer loop
      vertex   3.848728e+01 -5.384158e+01 3.021690e+01
      vertex   3.353344e+01 -5.313155e+01 3.028353e+01
      vertex   3.357223e+01 -5.292381e+01 3.021690e+01
    endloop
  endfacet
  facet normal -3.972823e-02 -2.127623e-01 -9.762960e-01
    outer loop
      vertex   3.848728e+01 -5.384158e+01 3.021690e+01
      vertex   3.357223e+01 -5.292381e+01 3.021690e+01
      vertex   3.852699e+01 -5.362892e+01 3.016894e+01
    endloop
  endfacet
  facet normal -3.972823e-02 -2.127623e-01 -9.762960e-01
    outer loop
      vertex   3.852699e+01 -5.362892e+01 3.016894e+01
      vertex   3.357223e+01 -5.292381e+01 3.021690e+01
      vertex   3.361194e+01 -5.271115e+01 3.016894e+01
    endloop
  endfacet
  facet normal -2.395853e-02 -1.283085e-01 -9.914449e-01
    outer loop
      vertex   3.852699e+01 -5.362892e+01 3.016894e+01
      vertex   3.361194e+01 -5.271115e+01 3.016894e+01
      vertex   3.856731e+01 -5.341296e+01 3.014002e+01
    endloop
  endfacet
  facet normal -2.395853e-02 -1.283085e-01 -9.914449e-01
    outer loop
      vertex   3.856731e+01 -5.341296e+01 3.014002e+01
      vertex   3.361194e+01 -5.271115e+01 3.016894e+01
      vertex   3.365227e+01 -5.249519e+01 3.014002e+01
    endloop
  endfacet
  facet normal -8.006490e-03 -4.287830e-02 -9.990482e-01
    outer loop
      vertex   3.856731e+01 -5.341296e+01 3.014002e+01
      vertex   3.365227e+01 -5.249519e+01 3.014002e+01
      vertex   3.860795e+01 -5.319535e+01 3.013035e+01
    endloop
  endfacet
  facet normal -8.006490e-03 -4.287830e-02 -9.990482e-01
    outer loop
      vertex   3.860795e+01 -5.319535e+01 3.013035e+01
      vertex   3.365227e+01 -5.249519e+01 3.014002e+01
      vertex   3.369290e+01 -5.227758e+01 3.013035e+01
    endloop
  endfacet
  facet normal -1.835534e-01 -9.830097e-01 -5.155180e-15
    outer loop
      vertex   3.322667e+01 -5.477442e+01 4.537035e+01
      vertex   3.322667e+01 -5.477442e+01 3.267035e+01
      vertex   3.814172e+01 -5.569219e+01 4.537035e+01
    endloop
  endfacet
  facet normal -1.835534e-01 -9.830097e-01 -5.155180e-15
    outer loop
      vertex   3.814172e+01 -5.569219e+01 4.537035e+01
      vertex   3.322667e+01 -5.477442e+01 3.267035e+01
      vertex   3.814172e+01 -5.569219e+01 3.267035e+01
    endloop
  endfacet
  facet normal -8.006493e-03 -4.287832e-02 9.990482e-01
    outer loop
      vertex   3.860795e+01 -5.319535e+01 4.791035e+01
      vertex   3.369290e+01 -5.227758e+01 4.791035e+01
      vertex   3.856731e+01 -5.341296e+01 4.790069e+01
    endloop
  endfacet
  facet normal -8.006493e-03 -4.287832e-02 9.990482e-01
    outer loop
      vertex   3.856731e+01 -5.341296e+01 4.790069e+01
      vertex   3.369290e+01 -5.227758e+01 4.791035e+01
      vertex   3.365227e+01 -5.249519e+01 4.790069e+01
    endloop
  endfacet
  facet normal -2.395853e-02 -1.283085e-01 9.914449e-01
    outer loop
      vertex   3.856731e+01 -5.341296e+01 4.790069e+01
      vertex   3.365227e+01 -5.249519e+01 4.790069e+01
      vertex   3.852699e+01 -5.362892e+01 4.787176e+01
    endloop
  endfacet
  facet normal -2.395853e-02 -1.283085e-01 9.914449e-01
    outer loop
      vertex   3.852699e+01 -5.362892e+01 4.787176e+01
      vertex   3.365227e+01 -5.249519e+01 4.790069e+01
      vertex   3.361194e+01 -5.271115e+01 4.787176e+01
    endloop
  endfacet
  facet normal -3.972823e-02 -2.127623e-01 9.762960e-01
    outer loop
      vertex   3.852699e+01 -5.362892e+01 4.787176e+01
      vertex   3.361194e+01 -5.271115e+01 4.787176e+01
      vertex   3.848728e+01 -5.384158e+01 4.782380e+01
    endloop
  endfacet
  facet normal -3.972823e-02 -2.127623e-01 9.762960e-01
    outer loop
      vertex   3.848728e+01 -5.384158e+01 4.782380e+01
      vertex   3.361194e+01 -5.271115e+01 4.787176e+01
      vertex   3.357223e+01 -5.292381e+01 4.782380e+01
    endloop
  endfacet
  facet normal -5.519558e-02 -2.955968e-01 9.537169e-01
    outer loop
      vertex   3.848728e+01 -5.384158e+01 4.782380e+01
      vertex   3.357223e+01 -5.292381e+01 4.782380e+01
      vertex   3.844849e+01 -5.404932e+01 4.775717e+01
    endloop
  endfacet
  facet normal -5.519558e-02 -2.955968e-01 9.537169e-01
    outer loop
      vertex   3.844849e+01 -5.404932e+01 4.775717e+01
      vertex   3.357223e+01 -5.292381e+01 4.782380e+01
      vertex   3.353344e+01 -5.313155e+01 4.775717e+01
    endloop
  endfacet
  facet normal -7.024285e-02 -3.761816e-01 9.238795e-01
    outer loop
      vertex   3.844849e+01 -5.404932e+01 4.775717e+01
      vertex   3.353344e+01 -5.313155e+01 4.775717e+01
      vertex   3.841091e+01 -5.425056e+01 4.767237e+01
    endloop
  endfacet
  facet normal -7.024285e-02 -3.761816e-01 9.238795e-01
    outer loop
      vertex   3.841091e+01 -5.425056e+01 4.767237e+01
      vertex   3.353344e+01 -5.313155e+01 4.775717e+01
      vertex   3.349586e+01 -5.333279e+01 4.767237e+01
    endloop
  endfacet
  facet normal -8.475553e-02 -4.539034e-01 8.870108e-01
    outer loop
      vertex   3.841091e+01 -5.425056e+01 4.767237e+01
      vertex   3.349586e+01 -5.333279e+01 4.767237e+01
      vertex   3.837484e+01 -5.444377e+01 4.757006e+01
    endloop
  endfacet
  facet normal -8.475553e-02 -4.539034e-01 8.870108e-01
    outer loop
      vertex   3.837484e+01 -5.444377e+01 4.757006e+01
      vertex   3.349586e+01 -5.333279e+01 4.767237e+01
      vertex   3.345979e+01 -5.352600e+01 4.757006e+01
    endloop
  endfacet
  facet normal -9.862317e-02 -5.281708e-01 8.433914e-01
    outer loop
      vertex   3.837484e+01 -5.444377e+01 4.757006e+01
      vertex   3.345979e+01 -5.352600e+01 4.757006e+01
      vertex   3.834053e+01 -5.462748e+01 4.745100e+01
    endloop
  endfacet
  facet normal -9.862317e-02 -5.281708e-01 8.433914e-01
    outer loop
      vertex   3.834053e+01 -5.462748e+01 4.745100e+01
      vertex   3.345979e+01 -5.352600e+01 4.757006e+01
      vertex   3.342548e+01 -5.370971e+01 4.745100e+01
    endloop
  endfacet
  facet normal -1.117402e-01 -5.984184e-01 7.933533e-01
    outer loop
      vertex   3.834053e+01 -5.462748e+01 4.745100e+01
      vertex   3.342548e+01 -5.370971e+01 4.745100e+01
      vertex   3.830826e+01 -5.480029e+01 4.731610e+01
    endloop
  endfacet
  facet normal -1.117402e-01 -5.984184e-01 7.933533e-01
    outer loop
      vertex   3.830826e+01 -5.480029e+01 4.731610e+01
      vertex   3.342548e+01 -5.370971e+01 4.745100e+01
      vertex   3.339322e+01 -5.388252e+01 4.731610e+01
    endloop
  endfacet
  facet normal -1.240069e-01 -6.641118e-01 7.372773e-01
    outer loop
      vertex   3.830826e+01 -5.480029e+01 4.731610e+01
      vertex   3.339322e+01 -5.388252e+01 4.731610e+01
      vertex   3.827828e+01 -5.496088e+01 4.716640e+01
    endloop
  endfacet
  facet normal -1.240069e-01 -6.641118e-01 7.372773e-01
    outer loop
      vertex   3.827828e+01 -5.496088e+01 4.716640e+01
      vertex   3.339322e+01 -5.388252e+01 4.731610e+01
      vertex   3.336323e+01 -5.404312e+01 4.716640e+01
    endloop
  endfacet
  facet normal -1.353298e-01 -7.247508e-01 6.755902e-01
    outer loop
      vertex   3.827828e+01 -5.496088e+01 4.716640e+01
      vertex   3.336323e+01 -5.404312e+01 4.716640e+01
      vertex   3.825080e+01 -5.510804e+01 4.700303e+01
    endloop
  endfacet
  facet normal -1.353298e-01 -7.247508e-01 6.755902e-01
    outer loop
      vertex   3.825080e+01 -5.510804e+01 4.700303e+01
      vertex   3.336323e+01 -5.404312e+01 4.716640e+01
      vertex   3.333575e+01 -5.419027e+01 4.700303e+01
    endloop
  endfacet
  facet normal -1.456227e-01 -7.798741e-01 6.087614e-01
    outer loop
      vertex   3.825080e+01 -5.510804e+01 4.700303e+01
      vertex   3.333575e+01 -5.419027e+01 4.700303e+01
      vertex   3.822604e+01 -5.524064e+01 4.682724e+01
    endloop
  endfacet
  facet normal -1.456227e-01 -7.798741e-01 6.087614e-01
    outer loop
      vertex   3.822604e+01 -5.524064e+01 4.682724e+01
      vertex   3.333575e+01 -5.419027e+01 4.700303e+01
      vertex   3.331099e+01 -5.432287e+01 4.682724e+01
    endloop
  endfacet
  facet normal -1.548074e-01 -8.290620e-01 5.372996e-01
    outer loop
      vertex   3.822604e+01 -5.524064e+01 4.682724e+01
      vertex   3.331099e+01 -5.432287e+01 4.682724e+01
      vertex   3.820419e+01 -5.535768e+01 4.664035e+01
    endloop
  endfacet
  facet normal -1.548074e-01 -8.290620e-01 5.372996e-01
    outer loop
      vertex   3.820419e+01 -5.535768e+01 4.664035e+01
      vertex   3.331099e+01 -5.432287e+01 4.682724e+01
      vertex   3.328914e+01 -5.443991e+01 4.664035e+01
    endloop
  endfacet
  facet normal -1.628139e-01 -8.719403e-01 4.617486e-01
    outer loop
      vertex   3.820419e+01 -5.535768e+01 4.664035e+01
      vertex   3.328914e+01 -5.443991e+01 4.664035e+01
      vertex   3.818541e+01 -5.545826e+01 4.644380e+01
    endloop
  endfacet
  facet normal -1.628139e-01 -8.719403e-01 4.617486e-01
    outer loop
      vertex   3.818541e+01 -5.545826e+01 4.644380e+01
      vertex   3.328914e+01 -5.443991e+01 4.664035e+01
      vertex   3.327036e+01 -5.454049e+01 4.644380e+01
    endloop
  endfacet
  facet normal -1.695812e-01 -9.081826e-01 3.826834e-01
    outer loop
      vertex   3.818541e+01 -5.545826e+01 4.644380e+01
      vertex   3.327036e+01 -5.454049e+01 4.644380e+01
      vertex   3.816984e+01 -5.554161e+01 4.623908e+01
    endloop
  endfacet
  facet normal -1.695812e-01 -9.081826e-01 3.826834e-01
    outer loop
      vertex   3.816984e+01 -5.554161e+01 4.623908e+01
      vertex   3.327036e+01 -5.454049e+01 4.644380e+01
      vertex   3.325479e+01 -5.462385e+01 4.623908e+01
    endloop
  endfacet
  facet normal -1.750580e-01 -9.375131e-01 3.007058e-01
    outer loop
      vertex   3.816984e+01 -5.554161e+01 4.623908e+01
      vertex   3.325479e+01 -5.462385e+01 4.623908e+01
      vertex   3.815761e+01 -5.560711e+01 4.602775e+01
    endloop
  endfacet
  facet normal -1.750580e-01 -9.375131e-01 3.007058e-01
    outer loop
      vertex   3.815761e+01 -5.560711e+01 4.602775e+01
      vertex   3.325479e+01 -5.462385e+01 4.623908e+01
      vertex   3.324256e+01 -5.468935e+01 4.602775e+01
    endloop
  endfacet
  facet normal -1.792024e-01 -9.597085e-01 2.164396e-01
    outer loop
      vertex   3.815761e+01 -5.560711e+01 4.602775e+01
      vertex   3.324256e+01 -5.468935e+01 4.602775e+01
      vertex   3.814881e+01 -5.565426e+01 4.581142e+01
    endloop
  endfacet
  facet normal -1.792024e-01 -9.597085e-01 2.164396e-01
    outer loop
      vertex   3.814881e+01 -5.565426e+01 4.581142e+01
      vertex   3.324256e+01 -5.468935e+01 4.602775e+01
      vertex   3.323376e+01 -5.473649e+01 4.581142e+01
    endloop
  endfacet
  facet normal -1.819831e-01 -9.746000e-01 1.305262e-01
    outer loop
      vertex   3.814881e+01 -5.565426e+01 4.581142e+01
      vertex   3.323376e+01 -5.473649e+01 4.581142e+01
      vertex   3.814350e+01 -5.568269e+01 4.559173e+01
    endloop
  endfacet
  facet normal -1.819831e-01 -9.746000e-01 1.305262e-01
    outer loop
      vertex   3.814350e+01 -5.568269e+01 4.559173e+01
      vertex   3.323376e+01 -5.473649e+01 4.581142e+01
      vertex   3.322845e+01 -5.476492e+01 4.559173e+01
    endloop
  endfacet
  facet normal -1.833787e-01 -9.820741e-01 4.361939e-02
    outer loop
      vertex   3.814350e+01 -5.568269e+01 4.559173e+01
      vertex   3.322845e+01 -5.476492e+01 4.559173e+01
      vertex   3.814172e+01 -5.569219e+01 4.537035e+01
    endloop
  endfacet
  facet normal -1.833787e-01 -9.820741e-01 4.361939e-02
    outer loop
      vertex   3.814172e+01 -5.569219e+01 4.537035e+01
      vertex   3.322845e+01 -5.476492e+01 4.559173e+01
      vertex   3.322667e+01 -5.477442e+01 4.537035e+01
    endloop
  endfacet
  facet normal 1.833787e-01 9.820741e-01 4.361934e-02
    outer loop
      vertex   4.280398e+01 -3.072374e+01 4.537035e+01
      vertex   3.788893e+01 -2.980598e+01 4.537035e+01
      vertex   4.280221e+01 -3.073325e+01 4.559173e+01
    endloop
  endfacet
  facet normal 1.833787e-01 9.820741e-01 4.361934e-02
    outer loop
      vertex   4.280221e+01 -3.073325e+01 4.559173e+01
      vertex   3.788893e+01 -2.980598e+01 4.537035e+01
      vertex   3.788716e+01 -2.981548e+01 4.559173e+01
    endloop
  endfacet
  facet normal 1.819831e-01 9.746000e-01 1.305261e-01
    outer loop
      vertex   4.280221e+01 -3.073325e+01 4.559173e+01
      vertex   3.788716e+01 -2.981548e+01 4.559173e+01
      vertex   4.279690e+01 -3.076168e+01 4.581142e+01
    endloop
  endfacet
  facet normal 1.819831e-01 9.746000e-01 1.305261e-01
    outer loop
      vertex   4.279690e+01 -3.076168e+01 4.581142e+01
      vertex   3.788716e+01 -2.981548e+01 4.559173e+01
      vertex   3.788185e+01 -2.984391e+01 4.581142e+01
    endloop
  endfacet
  facet normal 1.792025e-01 9.597085e-01 2.164396e-01
    outer loop
      vertex   4.279690e+01 -3.076168e+01 4.581142e+01
      vertex   3.788185e+01 -2.984391e+01 4.581142e+01
      vertex   4.278809e+01 -3.080882e+01 4.602775e+01
    endloop
  endfacet
  facet normal 1.792025e-01 9.597085e-01 2.164396e-01
    outer loop
      vertex   4.278809e+01 -3.080882e+01 4.602775e+01
      vertex   3.788185e+01 -2.984391e+01 4.581142e+01
      vertex   3.787304e+01 -2.989105e+01 4.602775e+01
    endloop
  endfacet
  facet normal 1.750580e-01 9.375131e-01 3.007058e-01
    outer loop
      vertex   4.278809e+01 -3.080882e+01 4.602775e+01
      vertex   3.787304e+01 -2.989105e+01 4.602775e+01
      vertex   4.277586e+01 -3.087432e+01 4.623908e+01
    endloop
  endfacet
  facet normal 1.750580e-01 9.375131e-01 3.007058e-01
    outer loop
      vertex   4.277586e+01 -3.087432e+01 4.623908e+01
      vertex   3.787304e+01 -2.989105e+01 4.602775e+01
      vertex   3.786081e+01 -2.995655e+01 4.623908e+01
    endloop
  endfacet
  facet normal 1.695812e-01 9.081826e-01 3.826834e-01
    outer loop
      vertex   4.277586e+01 -3.087432e+01 4.623908e+01
      vertex   3.786081e+01 -2.995655e+01 4.623908e+01
      vertex   4.276030e+01 -3.095768e+01 4.644380e+01
    endloop
  endfacet
  facet normal 1.695812e-01 9.081826e-01 3.826834e-01
    outer loop
      vertex   4.276030e+01 -3.095768e+01 4.644380e+01
      vertex   3.786081e+01 -2.995655e+01 4.623908e+01
      vertex   3.784525e+01 -3.003991e+01 4.644380e+01
    endloop
  endfacet
  facet normal 1.628139e-01 8.719403e-01 4.617486e-01
    outer loop
      vertex   4.276030e+01 -3.095768e+01 4.644380e+01
      vertex   3.784525e+01 -3.003991e+01 4.644380e+01
      vertex   4.274152e+01 -3.105826e+01 4.664035e+01
    endloop
  endfacet
  facet normal 1.628139e-01 8.719403e-01 4.617486e-01
    outer loop
      vertex   4.274152e+01 -3.105826e+01 4.664035e+01
      vertex   3.784525e+01 -3.003991e+01 4.644380e+01
      vertex   3.782647e+01 -3.014049e+01 4.664035e+01
    endloop
  endfacet
  facet normal 1.548074e-01 8.290620e-01 5.372996e-01
    outer loop
      vertex   4.274152e+01 -3.105826e+01 4.664035e+01
      vertex   3.782647e+01 -3.014049e+01 4.664035e+01
      vertex   4.271966e+01 -3.117529e+01 4.682724e+01
    endloop
  endfacet
  facet normal 1.548074e-01 8.290620e-01 5.372996e-01
    outer loop
      vertex   4.271966e+01 -3.117529e+01 4.682724e+01
      vertex   3.782647e+01 -3.014049e+01 4.664035e+01
      vertex   3.780462e+01 -3.025753e+01 4.682724e+01
    endloop
  endfacet
  facet normal 1.456227e-01 7.798741e-01 6.087614e-01
    outer loop
      vertex   4.271966e+01 -3.117529e+01 4.682724e+01
      vertex   3.780462e+01 -3.025753e+01 4.682724e+01
      vertex   4.269490e+01 -3.130789e+01 4.700303e+01
    endloop
  endfacet
  facet normal 1.456227e-01 7.798741e-01 6.087614e-01
    outer loop
      vertex   4.269490e+01 -3.130789e+01 4.700303e+01
      vertex   3.780462e+01 -3.025753e+01 4.682724e+01
      vertex   3.777985e+01 -3.039013e+01 4.700303e+01
    endloop
  endfacet
  facet normal 1.353298e-01 7.247508e-01 6.755902e-01
    outer loop
      vertex   4.269490e+01 -3.130789e+01 4.700303e+01
      vertex   3.777985e+01 -3.039013e+01 4.700303e+01
      vertex   4.266743e+01 -3.145505e+01 4.716640e+01
    endloop
  endfacet
  facet normal 1.353298e-01 7.247508e-01 6.755902e-01
    outer loop
      vertex   4.266743e+01 -3.145505e+01 4.716640e+01
      vertex   3.777985e+01 -3.039013e+01 4.700303e+01
      vertex   3.775238e+01 -3.053729e+01 4.716640e+01
    endloop
  endfacet
  facet normal 1.240069e-01 6.641118e-01 7.372773e-01
    outer loop
      vertex   4.266743e+01 -3.145505e+01 4.716640e+01
      vertex   3.775238e+01 -3.053729e+01 4.716640e+01
      vertex   4.263744e+01 -3.161565e+01 4.731610e+01
    endloop
  endfacet
  facet normal 1.240069e-01 6.641118e-01 7.372773e-01
    outer loop
      vertex   4.263744e+01 -3.161565e+01 4.731610e+01
      vertex   3.775238e+01 -3.053729e+01 4.716640e+01
      vertex   3.772239e+01 -3.069788e+01 4.731610e+01
    endloop
  endfacet
  facet normal 1.117402e-01 5.984184e-01 7.933533e-01
    outer loop
      vertex   4.263744e+01 -3.161565e+01 4.731610e+01
      vertex   3.772239e+01 -3.069788e+01 4.731610e+01
      vertex   4.260517e+01 -3.178846e+01 4.745100e+01
    endloop
  endfacet
  facet normal 1.117402e-01 5.984184e-01 7.933533e-01
    outer loop
      vertex   4.260517e+01 -3.178846e+01 4.745100e+01
      vertex   3.772239e+01 -3.069788e+01 4.731610e+01
      vertex   3.769012e+01 -3.087069e+01 4.745100e+01
    endloop
  endfacet
  facet normal 9.862317e-02 5.281707e-01 8.433914e-01
    outer loop
      vertex   4.260517e+01 -3.178846e+01 4.745100e+01
      vertex   3.769012e+01 -3.087069e+01 4.745100e+01
      vertex   4.257087e+01 -3.197217e+01 4.757006e+01
    endloop
  endfacet
  facet normal 9.862317e-02 5.281707e-01 8.433914e-01
    outer loop
      vertex   4.257087e+01 -3.197217e+01 4.757006e+01
      vertex   3.769012e+01 -3.087069e+01 4.745100e+01
      vertex   3.765582e+01 -3.105440e+01 4.757006e+01
    endloop
  endfacet
  facet normal 8.475553e-02 4.539034e-01 8.870108e-01
    outer loop
      vertex   4.257087e+01 -3.197217e+01 4.757006e+01
      vertex   3.765582e+01 -3.105440e+01 4.757006e+01
      vertex   4.253479e+01 -3.216538e+01 4.767237e+01
    endloop
  endfacet
  facet normal 8.475553e-02 4.539034e-01 8.870108e-01
    outer loop
      vertex   4.253479e+01 -3.216538e+01 4.767237e+01
      vertex   3.765582e+01 -3.105440e+01 4.757006e+01
      vertex   3.761974e+01 -3.124761e+01 4.767237e+01
    endloop
  endfacet
  facet normal 7.024284e-02 3.761815e-01 9.238795e-01
    outer loop
      vertex   4.253479e+01 -3.216538e+01 4.767237e+01
      vertex   3.761974e+01 -3.124761e+01 4.767237e+01
      vertex   4.249721e+01 -3.236662e+01 4.775717e+01
    endloop
  endfacet
  facet normal 7.024284e-02 3.761815e-01 9.238795e-01
    outer loop
      vertex   4.249721e+01 -3.236662e+01 4.775717e+01
      vertex   3.761974e+01 -3.124761e+01 4.767237e+01
      vertex   3.758216e+01 -3.144885e+01 4.775717e+01
    endloop
  endfacet
  facet normal 5.519557e-02 2.955967e-01 9.537170e-01
    outer loop
      vertex   4.249721e+01 -3.236662e+01 4.775717e+01
      vertex   3.758216e+01 -3.144885e+01 4.775717e+01
      vertex   4.245842e+01 -3.257436e+01 4.782380e+01
    endloop
  endfacet
  facet normal 5.519557e-02 2.955967e-01 9.537170e-01
    outer loop
      vertex   4.245842e+01 -3.257436e+01 4.782380e+01
      vertex   3.758216e+01 -3.144885e+01 4.775717e+01
      vertex   3.754337e+01 -3.165659e+01 4.782380e+01
    endloop
  endfacet
  facet normal 3.972822e-02 2.127622e-01 9.762960e-01
    outer loop
      vertex   4.245842e+01 -3.257436e+01 4.782380e+01
      vertex   3.754337e+01 -3.165659e+01 4.782380e+01
      vertex   4.241871e+01 -3.278702e+01 4.787176e+01
    endloop
  endfacet
  facet normal 3.972822e-02 2.127622e-01 9.762960e-01
    outer loop
      vertex   4.241871e+01 -3.278702e+01 4.787176e+01
      vertex   3.754337e+01 -3.165659e+01 4.782380e+01
      vertex   3.750366e+01 -3.186925e+01 4.787176e+01
    endloop
  endfacet
  facet normal 2.395852e-02 1.283085e-01 9.914449e-01
    outer loop
      vertex   4.241871e+01 -3.278702e+01 4.787176e+01
      vertex   3.750366e+01 -3.186925e+01 4.787176e+01
      vertex   4.237839e+01 -3.300297e+01 4.790069e+01
    endloop
  endfacet
  facet normal 2.395852e-02 1.283085e-01 9.914449e-01
    outer loop
      vertex   4.237839e+01 -3.300297e+01 4.790069e+01
      vertex   3.750366e+01 -3.186925e+01 4.787176e+01
      vertex   3.746334e+01 -3.208521e+01 4.790069e+01
    endloop
  endfacet
  facet normal 8.006481e-03 4.287825e-02 9.990482e-01
    outer loop
      vertex   4.237839e+01 -3.300297e+01 4.790069e+01
      vertex   3.746334e+01 -3.208521e+01 4.790069e+01
      vertex   4.233775e+01 -3.322059e+01 4.791035e+01
    endloop
  endfacet
  facet normal 8.006481e-03 4.287825e-02 9.990482e-01
    outer loop
      vertex   4.233775e+01 -3.322059e+01 4.791035e+01
      vertex   3.746334e+01 -3.208521e+01 4.790069e+01
      vertex   3.742271e+01 -3.230282e+01 4.791035e+01
    endloop
  endfacet
  facet normal 1.835534e-01 9.830097e-01 7.732770e-15
    outer loop
      vertex   3.788893e+01 -2.980598e+01 3.267035e+01
      vertex   3.788893e+01 -2.980598e+01 4.537035e+01
      vertex   4.280398e+01 -3.072374e+01 3.267035e+01
    endloop
  endfacet
  facet normal 1.835534e-01 9.830097e-01 8.282747e-15
    outer loop
      vertex   4.280398e+01 -3.072374e+01 3.267035e+01
      vertex   3.788893e+01 -2.980598e+01 4.537035e+01
      vertex   4.280398e+01 -3.072374e+01 4.537035e+01
    endloop
  endfacet
  facet normal 8.006483e-03 4.287826e-02 -9.990482e-01
    outer loop
      vertex   4.233775e+01 -3.322059e+01 3.013035e+01
      vertex   3.742271e+01 -3.230282e+01 3.013035e+01
      vertex   4.237839e+01 -3.300297e+01 3.014002e+01
    endloop
  endfacet
  facet normal 8.006483e-03 4.287826e-02 -9.990482e-01
    outer loop
      vertex   4.237839e+01 -3.300297e+01 3.014002e+01
      vertex   3.742271e+01 -3.230282e+01 3.013035e+01
      vertex   3.746334e+01 -3.208521e+01 3.014002e+01
    endloop
  endfacet
  facet normal 2.395852e-02 1.283085e-01 -9.914449e-01
    outer loop
      vertex   4.237839e+01 -3.300297e+01 3.014002e+01
      vertex   3.746334e+01 -3.208521e+01 3.014002e+01
      vertex   4.241871e+01 -3.278702e+01 3.016894e+01
    endloop
  endfacet
  facet normal 2.395852e-02 1.283085e-01 -9.914449e-01
    outer loop
      vertex   4.241871e+01 -3.278702e+01 3.016894e+01
      vertex   3.746334e+01 -3.208521e+01 3.014002e+01
      vertex   3.750366e+01 -3.186925e+01 3.016894e+01
    endloop
  endfacet
  facet normal 3.972822e-02 2.127622e-01 -9.762960e-01
    outer loop
      vertex   4.241871e+01 -3.278702e+01 3.016894e+01
      vertex   3.750366e+01 -3.186925e+01 3.016894e+01
      vertex   4.245842e+01 -3.257436e+01 3.021690e+01
    endloop
  endfacet
  facet normal 3.972822e-02 2.127622e-01 -9.762960e-01
    outer loop
      vertex   4.245842e+01 -3.257436e+01 3.021690e+01
      vertex   3.750366e+01 -3.186925e+01 3.016894e+01
      vertex   3.754337e+01 -3.165659e+01 3.021690e+01
    endloop
  endfacet
  facet normal 5.519557e-02 2.955967e-01 -9.537170e-01
    outer loop
      vertex   4.245842e+01 -3.257436e+01 3.021690e+01
      vertex   3.754337e+01 -3.165659e+01 3.021690e+01
      vertex   4.249721e+01 -3.236662e+01 3.028353e+01
    endloop
  endfacet
  facet normal 5.519557e-02 2.955967e-01 -9.537170e-01
    outer loop
      vertex   4.249721e+01 -3.236662e+01 3.028353e+01
      vertex   3.754337e+01 -3.165659e+01 3.021690e+01
      vertex   3.758216e+01 -3.144885e+01 3.028353e+01
    endloop
  endfacet
  facet normal 7.024284e-02 3.761815e-01 -9.238795e-01
    outer loop
      vertex   4.249721e+01 -3.236662e+01 3.028353e+01
      vertex   3.758216e+01 -3.144885e+01 3.028353e+01
      vertex   4.253479e+01 -3.216538e+01 3.036833e+01
    endloop
  endfacet
  facet normal 7.024284e-02 3.761815e-01 -9.238795e-01
    outer loop
      vertex   4.253479e+01 -3.216538e+01 3.036833e+01
      vertex   3.758216e+01 -3.144885e+01 3.028353e+01
      vertex   3.761974e+01 -3.124761e+01 3.036833e+01
    endloop
  endfacet
  facet normal 8.475552e-02 4.539034e-01 -8.870108e-01
    outer loop
      vertex   4.253479e+01 -3.216538e+01 3.036833e+01
      vertex   3.761974e+01 -3.124761e+01 3.036833e+01
      vertex   4.257087e+01 -3.197217e+01 3.047065e+01
    endloop
  endfacet
  facet normal 8.475552e-02 4.539034e-01 -8.870108e-01
    outer loop
      vertex   4.257087e+01 -3.197217e+01 3.047065e+01
      vertex   3.761974e+01 -3.124761e+01 3.036833e+01
      vertex   3.765582e+01 -3.105440e+01 3.047065e+01
    endloop
  endfacet
  facet normal 9.862316e-02 5.281707e-01 -8.433915e-01
    outer loop
      vertex   4.257087e+01 -3.197217e+01 3.047065e+01
      vertex   3.765582e+01 -3.105440e+01 3.047065e+01
      vertex   4.260517e+01 -3.178846e+01 3.058971e+01
    endloop
  endfacet
  facet normal 9.862316e-02 5.281707e-01 -8.433915e-01
    outer loop
      vertex   4.260517e+01 -3.178846e+01 3.058971e+01
      vertex   3.765582e+01 -3.105440e+01 3.047065e+01
      vertex   3.769012e+01 -3.087069e+01 3.058971e+01
    endloop
  endfacet
  facet normal 1.117402e-01 5.984184e-01 -7.933534e-01
    outer loop
      vertex   4.260517e+01 -3.178846e+01 3.058971e+01
      vertex   3.769012e+01 -3.087069e+01 3.058971e+01
      vertex   4.263744e+01 -3.161565e+01 3.072460e+01
    endloop
  endfacet
  facet normal 1.117402e-01 5.984184e-01 -7.933534e-01
    outer loop
      vertex   4.263744e+01 -3.161565e+01 3.072460e+01
      vertex   3.769012e+01 -3.087069e+01 3.058971e+01
      vertex   3.772239e+01 -3.069788e+01 3.072460e+01
    endloop
  endfacet
  facet normal 1.240069e-01 6.641117e-01 -7.372774e-01
    outer loop
      vertex   4.263744e+01 -3.161565e+01 3.072460e+01
      vertex   3.772239e+01 -3.069788e+01 3.072460e+01
      vertex   4.266743e+01 -3.145505e+01 3.087430e+01
    endloop
  endfacet
  facet normal 1.240069e-01 6.641117e-01 -7.372774e-01
    outer loop
      vertex   4.266743e+01 -3.145505e+01 3.087430e+01
      vertex   3.772239e+01 -3.069788e+01 3.072460e+01
      vertex   3.775238e+01 -3.053729e+01 3.087430e+01
    endloop
  endfacet
  facet normal 1.353298e-01 7.247508e-01 -6.755902e-01
    outer loop
      vertex   4.266743e+01 -3.145505e+01 3.087430e+01
      vertex   3.775238e+01 -3.053729e+01 3.087430e+01
      vertex   4.269490e+01 -3.130789e+01 3.103767e+01
    endloop
  endfacet
  facet normal 1.353298e-01 7.247508e-01 -6.755902e-01
    outer loop
      vertex   4.269490e+01 -3.130789e+01 3.103767e+01
      vertex   3.775238e+01 -3.053729e+01 3.087430e+01
      vertex   3.777985e+01 -3.039013e+01 3.103767e+01
    endloop
  endfacet
  facet normal 1.456227e-01 7.798740e-01 -6.087615e-01
    outer loop
      vertex   4.269490e+01 -3.130789e+01 3.103767e+01
      vertex   3.777985e+01 -3.039013e+01 3.103767e+01
      vertex   4.271966e+01 -3.117529e+01 3.121347e+01
    endloop
  endfacet
  facet normal 1.456227e-01 7.798740e-01 -6.087615e-01
    outer loop
      vertex   4.271966e+01 -3.117529e+01 3.121347e+01
      vertex   3.777985e+01 -3.039013e+01 3.103767e+01
      vertex   3.780462e+01 -3.025753e+01 3.121347e+01
    endloop
  endfacet
  facet normal 1.548074e-01 8.290620e-01 -5.372996e-01
    outer loop
      vertex   4.271966e+01 -3.117529e+01 3.121347e+01
      vertex   3.780462e+01 -3.025753e+01 3.121347e+01
      vertex   4.274152e+01 -3.105826e+01 3.140035e+01
    endloop
  endfacet
  facet normal 1.548074e-01 8.290620e-01 -5.372996e-01
    outer loop
      vertex   4.274152e+01 -3.105826e+01 3.140035e+01
      vertex   3.780462e+01 -3.025753e+01 3.121347e+01
      vertex   3.782647e+01 -3.014049e+01 3.140035e+01
    endloop
  endfacet
  facet normal 1.628138e-01 8.719403e-01 -4.617487e-01
    outer loop
      vertex   4.274152e+01 -3.105826e+01 3.140035e+01
      vertex   3.782647e+01 -3.014049e+01 3.140035e+01
      vertex   4.276030e+01 -3.095768e+01 3.159690e+01
    endloop
  endfacet
  facet normal 1.628138e-01 8.719403e-01 -4.617487e-01
    outer loop
      vertex   4.276030e+01 -3.095768e+01 3.159690e+01
      vertex   3.782647e+01 -3.014049e+01 3.140035e+01
      vertex   3.784525e+01 -3.003991e+01 3.159690e+01
    endloop
  endfacet
  facet normal 1.695812e-01 9.081826e-01 -3.826835e-01
    outer loop
      vertex   4.276030e+01 -3.095768e+01 3.159690e+01
      vertex   3.784525e+01 -3.003991e+01 3.159690e+01
      vertex   4.277586e+01 -3.087432e+01 3.180162e+01
    endloop
  endfacet
  facet normal 1.695812e-01 9.081826e-01 -3.826835e-01
    outer loop
      vertex   4.277586e+01 -3.087432e+01 3.180162e+01
      vertex   3.784525e+01 -3.003991e+01 3.159690e+01
      vertex   3.786081e+01 -2.995655e+01 3.180162e+01
    endloop
  endfacet
  facet normal 1.750580e-01 9.375130e-01 -3.007058e-01
    outer loop
      vertex   4.277586e+01 -3.087432e+01 3.180162e+01
      vertex   3.786081e+01 -2.995655e+01 3.180162e+01
      vertex   4.278809e+01 -3.080882e+01 3.201295e+01
    endloop
  endfacet
  facet normal 1.750580e-01 9.375130e-01 -3.007058e-01
    outer loop
      vertex   4.278809e+01 -3.080882e+01 3.201295e+01
      vertex   3.786081e+01 -2.995655e+01 3.180162e+01
      vertex   3.787304e+01 -2.989105e+01 3.201295e+01
    endloop
  endfacet
  facet normal 1.792024e-01 9.597085e-01 -2.164397e-01
    outer loop
      vertex   4.278809e+01 -3.080882e+01 3.201295e+01
      vertex   3.787304e+01 -2.989105e+01 3.201295e+01
      vertex   4.279690e+01 -3.076168e+01 3.222929e+01
    endloop
  endfacet
  facet normal 1.792024e-01 9.597085e-01 -2.164397e-01
    outer loop
      vertex   4.279690e+01 -3.076168e+01 3.222929e+01
      vertex   3.787304e+01 -2.989105e+01 3.201295e+01
      vertex   3.788185e+01 -2.984391e+01 3.222929e+01
    endloop
  endfacet
  facet normal 1.819831e-01 9.745999e-01 -1.305262e-01
    outer loop
      vertex   4.279690e+01 -3.076168e+01 3.222929e+01
      vertex   3.788185e+01 -2.984391e+01 3.222929e+01
      vertex   4.280221e+01 -3.073325e+01 3.244898e+01
    endloop
  endfacet
  facet normal 1.819831e-01 9.745999e-01 -1.305262e-01
    outer loop
      vertex   4.280221e+01 -3.073325e+01 3.244898e+01
      vertex   3.788185e+01 -2.984391e+01 3.222929e+01
      vertex   3.788716e+01 -2.981548e+01 3.244898e+01
    endloop
  endfacet
  facet normal 1.833787e-01 9.820741e-01 -4.361944e-02
    outer loop
      vertex   4.280221e+01 -3.073325e+01 3.244898e+01
      vertex   3.788716e+01 -2.981548e+01 3.244898e+01
      vertex   4.280398e+01 -3.072374e+01 3.267035e+01
    endloop
  endfacet
  facet normal 1.833787e-01 9.820741e-01 -4.361944e-02
    outer loop
      vertex   4.280398e+01 -3.072374e+01 3.267035e+01
      vertex   3.788716e+01 -2.981548e+01 3.244898e+01
      vertex   3.788893e+01 -2.980598e+01 3.267035e+01
    endloop
  endfacet
  facet normal -9.830097e-01 1.835534e-01 0.000000e+00
    outer loop
      vertex   3.701705e+01 -3.447527e+01 4.491035e+01
      vertex   3.701705e+01 -3.447527e+01 4.591035e+01
      vertex   3.721111e+01 -3.343603e+01 4.767419e+01
    endloop
  endfacet
  facet normal -9.830097e-01 1.835534e-01 -4.376426e-15
    outer loop
      vertex   3.721111e+01 -3.343603e+01 4.767419e+01
      vertex   3.701705e+01 -3.447527e+01 4.591035e+01
      vertex   3.701882e+01 -3.446581e+01 4.610639e+01
    endloop
  endfacet
  facet normal -9.830097e-01 1.835534e-01 2.297880e-14
    outer loop
      vertex   3.721111e+01 -3.343603e+01 4.767419e+01
      vertex   3.701882e+01 -3.446581e+01 4.610639e+01
      vertex   3.702411e+01 -3.443750e+01 4.630053e+01
    endloop
  endfacet
  facet normal -9.830097e-01 1.835534e-01 -4.819806e-14
    outer loop
      vertex   3.702411e+01 -3.443750e+01 4.630053e+01
      vertex   3.703286e+01 -3.439062e+01 4.649092e+01
      vertex   3.721111e+01 -3.343603e+01 4.767419e+01
    endloop
  endfacet
  facet normal -9.830097e-01 1.835534e-01 7.349232e-14
    outer loop
      vertex   3.721111e+01 -3.343603e+01 4.767419e+01
      vertex   3.703286e+01 -3.439062e+01 4.649092e+01
      vertex   3.704500e+01 -3.432562e+01 4.667572e+01
    endloop
  endfacet
  facet normal -9.830097e-01 1.835534e-01 -4.157388e-14
    outer loop
      vertex   3.721111e+01 -3.343603e+01 4.767419e+01
      vertex   3.704500e+01 -3.432562e+01 4.667572e+01
      vertex   3.706040e+01 -3.424313e+01 4.685315e+01
    endloop
  endfacet
  facet normal -9.830097e-01 1.835534e-01 5.538627e-14
    outer loop
      vertex   3.706040e+01 -3.424313e+01 4.685315e+01
      vertex   3.707892e+01 -3.414394e+01 4.702149e+01
      vertex   3.721111e+01 -3.343603e+01 4.767419e+01
    endloop
  endfacet
  facet normal -9.830097e-01 1.835534e-01 -4.922346e-14
    outer loop
      vertex   3.721111e+01 -3.343603e+01 4.767419e+01
      vertex   3.707892e+01 -3.414394e+01 4.702149e+01
      vertex   3.710038e+01 -3.402901e+01 4.717914e+01
    endloop
  endfacet
  facet normal -9.830097e-01 1.835534e-01 -1.204158e-13
    outer loop
      vertex   3.721111e+01 -3.343603e+01 4.767419e+01
      vertex   3.710038e+01 -3.402901e+01 4.717914e+01
      vertex   3.712458e+01 -3.389944e+01 4.732457e+01
    endloop
  endfacet
  facet normal -9.830097e-01 1.835534e-01 2.833044e-13
    outer loop
      vertex   3.712458e+01 -3.389944e+01 4.732457e+01
      vertex   3.715127e+01 -3.375648e+01 4.745637e+01
      vertex   3.721111e+01 -3.343603e+01 4.767419e+01
    endloop
  endfacet
  facet normal -9.830097e-01 1.835534e-01 2.673870e-13
    outer loop
      vertex   3.721111e+01 -3.343603e+01 4.767419e+01
      vertex   3.715127e+01 -3.375648e+01 4.745637e+01
      vertex   3.718021e+01 -3.360152e+01 4.757329e+01
    endloop
  endfacet
  facet normal -9.830097e-01 1.835534e-01 8.905797e-15
    outer loop
      vertex   3.724367e+01 -3.326162e+01 4.775811e+01
      vertex   3.739521e+01 -3.245006e+01 4.646011e+01
      vertex   3.721111e+01 -3.343603e+01 4.767419e+01
    endloop
  endfacet
  facet normal -9.830097e-01 1.835534e-01 1.592859e-15
    outer loop
      vertex   3.721111e+01 -3.343603e+01 4.767419e+01
      vertex   3.739521e+01 -3.245006e+01 4.646011e+01
      vertex   3.736823e+01 -3.259456e+01 4.642956e+01
    endloop
  endfacet
  facet normal -9.830097e-01 1.835534e-01 -5.383667e-15
    outer loop
      vertex   3.721111e+01 -3.343603e+01 4.767419e+01
      vertex   3.736823e+01 -3.259456e+01 4.642956e+01
      vertex   3.734226e+01 -3.273362e+01 4.637928e+01
    endloop
  endfacet
  facet normal -9.830097e-01 1.835534e-01 1.496381e-15
    outer loop
      vertex   3.724367e+01 -3.326162e+01 4.775811e+01
      vertex   3.727759e+01 -3.307996e+01 4.782423e+01
      vertex   3.739521e+01 -3.245006e+01 4.646011e+01
    endloop
  endfacet
  facet normal -9.830097e-01 1.835534e-01 5.259033e-16
    outer loop
      vertex   3.739521e+01 -3.245006e+01 4.646011e+01
      vertex   3.727759e+01 -3.307996e+01 4.782423e+01
      vertex   3.731254e+01 -3.289281e+01 4.787192e+01
    endloop
  endfacet
  facet normal -9.830097e-01 1.835534e-01 8.169948e-15
    outer loop
      vertex   3.739521e+01 -3.245006e+01 4.646011e+01
      vertex   3.731254e+01 -3.289281e+01 4.787192e+01
      vertex   3.734818e+01 -3.270196e+01 4.790072e+01
    endloop
  endfacet
  facet normal -9.830097e-01 1.835534e-01 -2.380940e-15
    outer loop
      vertex   3.734818e+01 -3.270196e+01 4.790072e+01
      vertex   3.738416e+01 -3.250925e+01 4.791035e+01
      vertex   3.739521e+01 -3.245006e+01 4.646011e+01
    endloop
  endfacet
  facet normal -9.830097e-01 1.835534e-01 -1.040207e-15
    outer loop
      vertex   3.739521e+01 -3.245006e+01 4.646011e+01
      vertex   3.738416e+01 -3.250925e+01 4.791035e+01
      vertex   3.742271e+01 -3.230282e+01 4.647035e+01
    endloop
  endfacet
  facet normal -9.830097e-01 1.835534e-01 -2.116824e-15
    outer loop
      vertex   3.742271e+01 -3.230282e+01 4.647035e+01
      vertex   3.738416e+01 -3.250925e+01 4.791035e+01
      vertex   3.742271e+01 -3.230282e+01 4.791035e+01
    endloop
  endfacet
  facet normal -9.830097e-01 1.835534e-01 -2.116821e-15
    outer loop
      vertex   3.742271e+01 -3.230282e+01 4.647035e+01
      vertex   3.742271e+01 -3.230282e+01 4.791035e+01
      vertex   3.746334e+01 -3.208521e+01 4.790069e+01
    endloop
  endfacet
  facet normal -9.830097e-01 1.835534e-01 5.496854e-15
    outer loop
      vertex   3.746334e+01 -3.208521e+01 4.790069e+01
      vertex   3.750366e+01 -3.186925e+01 4.787176e+01
      vertex   3.742271e+01 -3.230282e+01 4.647035e+01
    endloop
  endfacet
  facet normal -9.830097e-01 1.835534e-01 4.886385e-15
    outer loop
      vertex   3.742271e+01 -3.230282e+01 4.647035e+01
      vertex   3.750366e+01 -3.186925e+01 4.787176e+01
      vertex   3.745020e+01 -3.215558e+01 4.646011e+01
    endloop
  endfacet
  facet normal -9.830097e-01 1.835534e-01 -1.998933e-15
    outer loop
      vertex   3.745020e+01 -3.215558e+01 4.646011e+01
      vertex   3.750366e+01 -3.186925e+01 4.787176e+01
      vertex   3.754337e+01 -3.165659e+01 4.782380e+01
    endloop
  endfacet
  facet normal -9.830097e-01 1.835534e-01 1.275663e-14
    outer loop
      vertex   3.745020e+01 -3.215558e+01 4.646011e+01
      vertex   3.754337e+01 -3.165659e+01 4.782380e+01
      vertex   3.758216e+01 -3.144885e+01 4.775717e+01
    endloop
  endfacet
  facet normal -9.830097e-01 1.835534e-01 -1.211388e-15
    outer loop
      vertex   3.758216e+01 -3.144885e+01 4.775717e+01
      vertex   3.761974e+01 -3.124761e+01 4.767237e+01
      vertex   3.745020e+01 -3.215558e+01 4.646011e+01
    endloop
  endfacet
  facet normal -9.830097e-01 1.835534e-01 3.865981e-16
    outer loop
      vertex   3.745020e+01 -3.215558e+01 4.646011e+01
      vertex   3.761974e+01 -3.124761e+01 4.767237e+01
      vertex   3.747718e+01 -3.201109e+01 4.642956e+01
    endloop
  endfacet
  facet normal -9.830097e-01 1.835534e-01 5.486960e-15
    outer loop
      vertex   3.747718e+01 -3.201109e+01 4.642956e+01
      vertex   3.761974e+01 -3.124761e+01 4.767237e+01
      vertex   3.765582e+01 -3.105440e+01 4.757006e+01
    endloop
  endfacet
  facet normal -9.830097e-01 1.835534e-01 -2.083708e-14
    outer loop
      vertex   3.747718e+01 -3.201109e+01 4.642956e+01
      vertex   3.765582e+01 -3.105440e+01 4.757006e+01
      vertex   3.769012e+01 -3.087069e+01 4.745100e+01
    endloop
  endfacet
  facet normal -9.830097e-01 1.835534e-01 1.361617e-14
    outer loop
      vertex   3.747718e+01 -3.201109e+01 4.642956e+01
      vertex   3.769012e+01 -3.087069e+01 4.745100e+01
      vertex   3.750315e+01 -3.187203e+01 4.637928e+01
    endloop
  endfacet
  facet normal -9.830097e-01 1.835534e-01 -4.174264e-15
    outer loop
      vertex   3.750315e+01 -3.187203e+01 4.637928e+01
      vertex   3.769012e+01 -3.087069e+01 4.745100e+01
      vertex   3.772239e+01 -3.069788e+01 4.731610e+01
    endloop
  endfacet
  facet normal -9.830097e-01 1.835534e-01 1.722917e-14
    outer loop
      vertex   3.750315e+01 -3.187203e+01 4.637928e+01
      vertex   3.772239e+01 -3.069788e+01 4.731610e+01
      vertex   3.775238e+01 -3.053729e+01 4.716640e+01
    endloop
  endfacet
  facet normal -9.830097e-01 1.835534e-01 -4.504659e-15
    outer loop
      vertex   3.750315e+01 -3.187203e+01 4.637928e+01
      vertex   3.775238e+01 -3.053729e+01 4.716640e+01
      vertex   3.752761e+01 -3.174099e+01 4.631021e+01
    endloop
  endfacet
  facet normal -9.830097e-01 1.835534e-01 8.963725e-15
    outer loop
      vertex   3.752761e+01 -3.174099e+01 4.631021e+01
      vertex   3.775238e+01 -3.053729e+01 4.716640e+01
      vertex   3.777985e+01 -3.039013e+01 4.700303e+01
    endloop
  endfacet
  facet normal -9.830097e-01 1.835534e-01 4.899124e-15
    outer loop
      vertex   3.752761e+01 -3.174099e+01 4.631021e+01
      vertex   3.777985e+01 -3.039013e+01 4.700303e+01
      vertex   3.755013e+01 -3.162042e+01 4.622363e+01
    endloop
  endfacet
  facet normal -9.830097e-01 1.835534e-01 3.243724e-15
    outer loop
      vertex   3.755013e+01 -3.162042e+01 4.622363e+01
      vertex   3.777985e+01 -3.039013e+01 4.700303e+01
      vertex   3.780462e+01 -3.025753e+01 4.682724e+01
    endloop
  endfacet
  facet normal -9.830097e-01 1.835534e-01 1.489020e-14
    outer loop
      vertex   3.755013e+01 -3.162042e+01 4.622363e+01
      vertex   3.780462e+01 -3.025753e+01 4.682724e+01
      vertex   3.757027e+01 -3.151256e+01 4.612116e+01
    endloop
  endfacet
  facet normal -9.830097e-01 1.835534e-01 2.890272e-14
    outer loop
      vertex   3.757027e+01 -3.151256e+01 4.612116e+01
      vertex   3.780462e+01 -3.025753e+01 4.682724e+01
      vertex   3.782647e+01 -3.014049e+01 4.664035e+01
    endloop
  endfacet
  facet normal -9.830097e-01 1.835534e-01 -2.576684e-14
    outer loop
      vertex   3.757027e+01 -3.151256e+01 4.612116e+01
      vertex   3.782647e+01 -3.014049e+01 4.664035e+01
      vertex   3.784525e+01 -3.003991e+01 4.644380e+01
    endloop
  endfacet
  facet normal -9.830097e-01 1.835534e-01 -2.291096e-14
    outer loop
      vertex   3.757027e+01 -3.151256e+01 4.612116e+01
      vertex   3.784525e+01 -3.003991e+01 4.644380e+01
      vertex   3.758766e+01 -3.141942e+01 4.600470e+01
    endloop
  endfacet
  facet normal -9.830097e-01 1.835534e-01 2.394724e-15
    outer loop
      vertex   3.758766e+01 -3.141942e+01 4.600470e+01
      vertex   3.784525e+01 -3.003991e+01 4.644380e+01
      vertex   3.786081e+01 -2.995655e+01 4.623908e+01
    endloop
  endfacet
  facet normal -9.830097e-01 1.835534e-01 -1.724947e-15
    outer loop
      vertex   3.758766e+01 -3.141942e+01 4.600470e+01
      vertex   3.786081e+01 -2.995655e+01 4.623908e+01
      vertex   3.760198e+01 -3.134274e+01 4.587642e+01
    endloop
  endfacet
  facet normal -9.830097e-01 1.835534e-01 1.292271e-14
    outer loop
      vertex   3.760198e+01 -3.134274e+01 4.587642e+01
      vertex   3.786081e+01 -2.995655e+01 4.623908e+01
      vertex   3.787304e+01 -2.989105e+01 4.602775e+01
    endloop
  endfacet
  facet normal -9.830097e-01 1.835534e-01 2.868207e-14
    outer loop
      vertex   3.760198e+01 -3.134274e+01 4.587642e+01
      vertex   3.787304e+01 -2.989105e+01 4.602775e+01
      vertex   3.761296e+01 -3.128394e+01 4.573872e+01
    endloop
  endfacet
  facet normal -9.830097e-01 1.835534e-01 5.370934e-15
    outer loop
      vertex   3.761296e+01 -3.128394e+01 4.573872e+01
      vertex   3.787304e+01 -2.989105e+01 4.602775e+01
      vertex   3.788185e+01 -2.984391e+01 4.581142e+01
    endloop
  endfacet
  facet normal -9.830097e-01 1.835534e-01 -8.345496e-15
    outer loop
      vertex   3.761296e+01 -3.128394e+01 4.573872e+01
      vertex   3.788185e+01 -2.984391e+01 4.581142e+01
      vertex   3.762039e+01 -3.124413e+01 4.559415e+01
    endloop
  endfacet
  facet normal -9.830097e-01 1.835534e-01 -4.190955e-14
    outer loop
      vertex   3.762039e+01 -3.124413e+01 4.559415e+01
      vertex   3.788185e+01 -2.984391e+01 4.581142e+01
      vertex   3.788716e+01 -2.981548e+01 4.559173e+01
    endloop
  endfacet
  facet normal -9.830097e-01 1.835534e-01 1.963385e-14
    outer loop
      vertex   3.762039e+01 -3.124413e+01 4.559415e+01
      vertex   3.788716e+01 -2.981548e+01 4.559173e+01
      vertex   3.762414e+01 -3.122403e+01 4.544542e+01
    endloop
  endfacet
  facet normal -9.830097e-01 1.835534e-01 4.251018e-14
    outer loop
      vertex   3.762414e+01 -3.122403e+01 4.544542e+01
      vertex   3.788716e+01 -2.981548e+01 4.559173e+01
      vertex   3.788893e+01 -2.980598e+01 4.537035e+01
    endloop
  endfacet
  facet normal -9.830097e-01 1.835534e-01 0.000000e+00
    outer loop
      vertex   3.762414e+01 -3.122403e+01 4.544542e+01
      vertex   3.788893e+01 -2.980598e+01 4.537035e+01
      vertex   3.762414e+01 -3.122403e+01 4.529529e+01
    endloop
  endfacet
  facet normal -9.830097e-01 1.835534e-01 -1.914485e-14
    outer loop
      vertex   3.762414e+01 -3.122403e+01 4.529529e+01
      vertex   3.788893e+01 -2.980598e+01 4.537035e+01
      vertex   3.762039e+01 -3.124413e+01 4.514655e+01
    endloop
  endfacet
  facet normal -9.830097e-01 1.835534e-01 9.083403e-15
    outer loop
      vertex   3.762039e+01 -3.124413e+01 4.514655e+01
      vertex   3.788893e+01 -2.980598e+01 4.537035e+01
      vertex   3.761296e+01 -3.128394e+01 4.500198e+01
    endloop
  endfacet
  facet normal -9.830097e-01 1.835534e-01 -3.452448e-14
    outer loop
      vertex   3.761296e+01 -3.128394e+01 4.500198e+01
      vertex   3.788893e+01 -2.980598e+01 4.537035e+01
      vertex   3.760198e+01 -3.134274e+01 4.486428e+01
    endloop
  endfacet
  facet normal -9.830097e-01 1.835534e-01 4.480556e-15
    outer loop
      vertex   3.760198e+01 -3.134274e+01 4.486428e+01
      vertex   3.788893e+01 -2.980598e+01 4.537035e+01
      vertex   3.758766e+01 -3.141942e+01 4.473600e+01
    endloop
  endfacet
  facet normal -9.830097e-01 1.835534e-01 4.540432e-14
    outer loop
      vertex   3.758766e+01 -3.141942e+01 4.473600e+01
      vertex   3.788893e+01 -2.980598e+01 4.537035e+01
      vertex   3.757027e+01 -3.151256e+01 4.461954e+01
    endloop
  endfacet
  facet normal -9.830097e-01 1.835534e-01 -3.566706e-14
    outer loop
      vertex   3.757027e+01 -3.151256e+01 4.461954e+01
      vertex   3.788893e+01 -2.980598e+01 4.537035e+01
      vertex   3.755013e+01 -3.162042e+01 4.451707e+01
    endloop
  endfacet
  facet normal -9.830097e-01 1.835534e-01 -9.562412e-15
    outer loop
      vertex   3.755013e+01 -3.162042e+01 4.451707e+01
      vertex   3.788893e+01 -2.980598e+01 4.537035e+01
      vertex   3.752761e+01 -3.174099e+01 4.443049e+01
    endloop
  endfacet
  facet normal -9.830097e-01 1.835534e-01 -5.678280e-16
    outer loop
      vertex   3.752761e+01 -3.174099e+01 4.443049e+01
      vertex   3.788893e+01 -2.980598e+01 4.537035e+01
      vertex   3.752761e+01 -3.174099e+01 3.361021e+01
    endloop
  endfacet
  facet normal -9.830097e-01 1.835534e-01 -5.678280e-16
    outer loop
      vertex   3.752761e+01 -3.174099e+01 4.443049e+01
      vertex   3.752761e+01 -3.174099e+01 3.361021e+01
      vertex   3.750315e+01 -3.187203e+01 4.436142e+01
    endloop
  endfacet
  facet normal -9.830097e-01 1.835534e-01 -5.751712e-16
    outer loop
      vertex   3.750315e+01 -3.187203e+01 4.436142e+01
      vertex   3.752761e+01 -3.174099e+01 3.361021e+01
      vertex   3.750315e+01 -3.187203e+01 3.367928e+01
    endloop
  endfacet
  facet normal -9.830097e-01 1.835534e-01 -5.751712e-16
    outer loop
      vertex   3.750315e+01 -3.187203e+01 4.436142e+01
      vertex   3.750315e+01 -3.187203e+01 3.367928e+01
      vertex   3.747718e+01 -3.201109e+01 4.431114e+01
    endloop
  endfacet
  facet normal -9.830097e-01 1.835534e-01 -5.806369e-16
    outer loop
      vertex   3.747718e+01 -3.201109e+01 4.431114e+01
      vertex   3.750315e+01 -3.187203e+01 3.367928e+01
      vertex   3.747718e+01 -3.201109e+01 3.372956e+01
    endloop
  endfacet
  facet normal -9.830097e-01 1.835534e-01 -5.806369e-16
    outer loop
      vertex   3.747718e+01 -3.201109e+01 4.431114e+01
      vertex   3.747718e+01 -3.201109e+01 3.372956e+01
      vertex   3.745020e+01 -3.215558e+01 4.428060e+01
    endloop
  endfacet
  facet normal -9.830097e-01 1.835534e-01 -5.840085e-16
    outer loop
      vertex   3.745020e+01 -3.215558e+01 4.428060e+01
      vertex   3.747718e+01 -3.201109e+01 3.372956e+01
      vertex   3.745020e+01 -3.215558e+01 3.376011e+01
    endloop
  endfacet
  facet normal -9.830097e-01 1.835534e-01 -5.840085e-16
    outer loop
      vertex   3.745020e+01 -3.215558e+01 4.428060e+01
      vertex   3.745020e+01 -3.215558e+01 3.376011e+01
      vertex   3.742271e+01 -3.230282e+01 4.427035e+01
    endloop
  endfacet
  facet normal -9.830097e-01 1.835534e-01 -4.609363e-16
    outer loop
      vertex   3.742271e+01 -3.230282e+01 4.427035e+01
      vertex   3.745020e+01 -3.215558e+01 3.376011e+01
      vertex   3.742271e+01 -3.230282e+01 3.377035e+01
    endloop
  endfacet
  facet normal -9.830097e-01 1.835534e-01 -4.609363e-16
    outer loop
      vertex   3.742271e+01 -3.230282e+01 4.427035e+01
      vertex   3.742271e+01 -3.230282e+01 3.377035e+01
      vertex   3.739521e+01 -3.245006e+01 4.428060e+01
    endloop
  endfacet
  facet normal -9.830097e-01 1.835534e-01 -5.840085e-16
    outer loop
      vertex   3.739521e+01 -3.245006e+01 4.428060e+01
      vertex   3.742271e+01 -3.230282e+01 3.377035e+01
      vertex   3.739521e+01 -3.245006e+01 3.376011e+01
    endloop
  endfacet
  facet normal -9.830097e-01 1.835534e-01 -5.840085e-16
    outer loop
      vertex   3.739521e+01 -3.245006e+01 4.428060e+01
      vertex   3.739521e+01 -3.245006e+01 3.376011e+01
      vertex   3.736823e+01 -3.259456e+01 4.431114e+01
    endloop
  endfacet
  facet normal -9.830097e-01 1.835534e-01 -5.806369e-16
    outer loop
      vertex   3.736823e+01 -3.259456e+01 4.431114e+01
      vertex   3.739521e+01 -3.245006e+01 3.376011e+01
      vertex   3.736823e+01 -3.259456e+01 3.372956e+01
    endloop
  endfacet
  facet normal -9.830097e-01 1.835534e-01 -5.806369e-16
    outer loop
      vertex   3.736823e+01 -3.259456e+01 4.431114e+01
      vertex   3.736823e+01 -3.259456e+01 3.372956e+01
      vertex   3.734226e+01 -3.273362e+01 4.436142e+01
    endloop
  endfacet
  facet normal -9.830097e-01 1.835534e-01 -4.530771e-16
    outer loop
      vertex   3.734226e+01 -3.273362e+01 4.436142e+01
      vertex   3.736823e+01 -3.259456e+01 3.372956e+01
      vertex   3.734226e+01 -3.273362e+01 3.367928e+01
    endloop
  endfacet
  facet normal -9.830097e-01 1.835534e-01 -4.530771e-16
    outer loop
      vertex   3.734226e+01 -3.273362e+01 4.436142e+01
      vertex   3.734226e+01 -3.273362e+01 3.367928e+01
      vertex   3.731780e+01 -3.286465e+01 4.443049e+01
    endloop
  endfacet
  facet normal -9.830097e-01 1.835534e-01 -4.472927e-16
    outer loop
      vertex   3.731780e+01 -3.286465e+01 4.443049e+01
      vertex   3.734226e+01 -3.273362e+01 3.367928e+01
      vertex   3.731780e+01 -3.286465e+01 3.361021e+01
    endloop
  endfacet
  facet normal -9.830097e-01 1.835534e-01 -4.472927e-16
    outer loop
      vertex   3.731780e+01 -3.286465e+01 4.443049e+01
      vertex   3.731780e+01 -3.286465e+01 3.361021e+01
      vertex   3.701000e+01 -3.451305e+01 4.452017e+01
    endloop
  endfacet
  facet normal -9.830097e-01 1.835534e-01 -7.484629e-16
    outer loop
      vertex   3.701000e+01 -3.451305e+01 4.452017e+01
      vertex   3.731780e+01 -3.286465e+01 3.361021e+01
      vertex   3.729528e+01 -3.298522e+01 3.352363e+01
    endloop
  endfacet
  facet normal -9.830097e-01 1.835534e-01 8.209788e-15
    outer loop
      vertex   3.701000e+01 -3.451305e+01 4.452017e+01
      vertex   3.729528e+01 -3.298522e+01 3.352363e+01
      vertex   3.727514e+01 -3.309308e+01 3.342116e+01
    endloop
  endfacet
  facet normal -9.830097e-01 1.835534e-01 -2.635489e-16
    outer loop
      vertex   3.788893e+01 -2.980598e+01 4.537035e+01
      vertex   3.788893e+01 -2.980598e+01 3.267035e+01
      vertex   3.752761e+01 -3.174099e+01 3.361021e+01
    endloop
  endfacet
  facet normal -9.830097e-01 1.835534e-01 2.654829e-14
    outer loop
      vertex   3.752761e+01 -3.174099e+01 3.361021e+01
      vertex   3.788893e+01 -2.980598e+01 3.267035e+01
      vertex   3.755013e+01 -3.162042e+01 3.352363e+01
    endloop
  endfacet
  facet normal -9.830097e-01 1.835534e-01 2.055760e-14
    outer loop
      vertex   3.755013e+01 -3.162042e+01 3.352363e+01
      vertex   3.788893e+01 -2.980598e+01 3.267035e+01
      vertex   3.757027e+01 -3.151256e+01 3.342116e+01
    endloop
  endfacet
  facet normal -9.830097e-01 1.835534e-01 -4.738994e-14
    outer loop
      vertex   3.757027e+01 -3.151256e+01 3.342116e+01
      vertex   3.788893e+01 -2.980598e+01 3.267035e+01
      vertex   3.758766e+01 -3.141942e+01 3.330470e+01
    endloop
  endfacet
  facet normal -9.830097e-01 1.835534e-01 6.535581e-14
    outer loop
      vertex   3.758766e+01 -3.141942e+01 3.330470e+01
      vertex   3.788893e+01 -2.980598e+01 3.267035e+01
      vertex   3.760198e+01 -3.134274e+01 3.317642e+01
    endloop
  endfacet
  facet normal -9.830097e-01 1.835534e-01 -2.865476e-14
    outer loop
      vertex   3.760198e+01 -3.134274e+01 3.317642e+01
      vertex   3.788893e+01 -2.980598e+01 3.267035e+01
      vertex   3.761296e+01 -3.128394e+01 3.303872e+01
    endloop
  endfacet
  facet normal -9.830097e-01 1.835534e-01 -4.935887e-15
    outer loop
      vertex   3.761296e+01 -3.128394e+01 3.303872e+01
      vertex   3.788893e+01 -2.980598e+01 3.267035e+01
      vertex   3.762039e+01 -3.124413e+01 3.289415e+01
    endloop
  endfacet
  facet normal -9.830097e-01 1.835534e-01 1.440139e-14
    outer loop
      vertex   3.762039e+01 -3.124413e+01 3.289415e+01
      vertex   3.788893e+01 -2.980598e+01 3.267035e+01
      vertex   3.762414e+01 -3.122403e+01 3.274542e+01
    endloop
  endfacet
  facet normal -9.830097e-01 1.835534e-01 0.000000e+00
    outer loop
      vertex   3.762414e+01 -3.122403e+01 3.274542e+01
      vertex   3.788893e+01 -2.980598e+01 3.267035e+01
      vertex   3.762414e+01 -3.122403e+01 3.259529e+01
    endloop
  endfacet
  facet normal -9.830097e-01 1.835534e-01 1.777065e-14
    outer loop
      vertex   3.762414e+01 -3.122403e+01 3.259529e+01
      vertex   3.788893e+01 -2.980598e+01 3.267035e+01
      vertex   3.788716e+01 -2.981548e+01 3.244898e+01
    endloop
  endfacet
  facet normal -9.830097e-01 1.835534e-01 -1.372202e-14
    outer loop
      vertex   3.762414e+01 -3.122403e+01 3.259529e+01
      vertex   3.788716e+01 -2.981548e+01 3.244898e+01
      vertex   3.762039e+01 -3.124413e+01 3.244655e+01
    endloop
  endfacet
  facet normal -9.830097e-01 1.835534e-01 1.512918e-14
    outer loop
      vertex   3.762039e+01 -3.124413e+01 3.244655e+01
      vertex   3.788716e+01 -2.981548e+01 3.244898e+01
      vertex   3.788185e+01 -2.984391e+01 3.222929e+01
    endloop
  endfacet
  facet normal -9.830097e-01 1.835534e-01 5.889512e-15
    outer loop
      vertex   3.762039e+01 -3.124413e+01 3.244655e+01
      vertex   3.788185e+01 -2.984391e+01 3.222929e+01
      vertex   3.761296e+01 -3.128394e+01 3.230198e+01
    endloop
  endfacet
  facet normal -9.830097e-01 1.835534e-01 -3.170584e-14
    outer loop
      vertex   3.761296e+01 -3.128394e+01 3.230198e+01
      vertex   3.788185e+01 -2.984391e+01 3.222929e+01
      vertex   3.787304e+01 -2.989105e+01 3.201295e+01
    endloop
  endfacet
  facet normal -9.830097e-01 1.835534e-01 2.352061e-14
    outer loop
      vertex   3.761296e+01 -3.128394e+01 3.230198e+01
      vertex   3.787304e+01 -2.989105e+01 3.201295e+01
      vertex   3.760198e+01 -3.134274e+01 3.216428e+01
    endloop
  endfacet
  facet normal -9.830097e-01 1.835534e-01 2.481161e-14
    outer loop
      vertex   3.760198e+01 -3.134274e+01 3.216428e+01
      vertex   3.787304e+01 -2.989105e+01 3.201295e+01
      vertex   3.786081e+01 -2.995655e+01 3.180162e+01
    endloop
  endfacet
  facet normal -9.830097e-01 1.835534e-01 -4.342222e-14
    outer loop
      vertex   3.760198e+01 -3.134274e+01 3.216428e+01
      vertex   3.786081e+01 -2.995655e+01 3.180162e+01
      vertex   3.758766e+01 -3.141942e+01 3.203600e+01
    endloop
  endfacet
  facet normal -9.830097e-01 1.835534e-01 -4.789448e-15
    outer loop
      vertex   3.758766e+01 -3.141942e+01 3.203600e+01
      vertex   3.786081e+01 -2.995655e+01 3.180162e+01
      vertex   3.784525e+01 -3.003991e+01 3.159690e+01
    endloop
  endfacet
  facet normal -9.830097e-01 1.835534e-01 2.798724e-14
    outer loop
      vertex   3.758766e+01 -3.141942e+01 3.203600e+01
      vertex   3.784525e+01 -3.003991e+01 3.159690e+01
      vertex   3.757027e+01 -3.151256e+01 3.191954e+01
    endloop
  endfacet
  facet normal -9.830097e-01 1.835534e-01 -1.322246e-14
    outer loop
      vertex   3.757027e+01 -3.151256e+01 3.191954e+01
      vertex   3.784525e+01 -3.003991e+01 3.159690e+01
      vertex   3.782647e+01 -3.014049e+01 3.140035e+01
    endloop
  endfacet
  facet normal -9.830097e-01 1.835534e-01 2.477376e-14
    outer loop
      vertex   3.757027e+01 -3.151256e+01 3.191954e+01
      vertex   3.782647e+01 -3.014049e+01 3.140035e+01
      vertex   3.780462e+01 -3.025753e+01 3.121347e+01
    endloop
  endfacet
  facet normal -9.830097e-01 1.835534e-01 -3.547665e-15
    outer loop
      vertex   3.757027e+01 -3.151256e+01 3.191954e+01
      vertex   3.780462e+01 -3.025753e+01 3.121347e+01
      vertex   3.755013e+01 -3.162042e+01 3.181707e+01
    endloop
  endfacet
  facet normal -9.830097e-01 1.835534e-01 -1.399923e-14
    outer loop
      vertex   3.755013e+01 -3.162042e+01 3.181707e+01
      vertex   3.780462e+01 -3.025753e+01 3.121347e+01
      vertex   3.777985e+01 -3.039013e+01 3.103767e+01
    endloop
  endfacet
  facet normal -9.830097e-01 1.835534e-01 8.165206e-16
    outer loop
      vertex   3.755013e+01 -3.162042e+01 3.181707e+01
      vertex   3.777985e+01 -3.039013e+01 3.103767e+01
      vertex   3.752761e+01 -3.174099e+01 3.173049e+01
    endloop
  endfacet
  facet normal -9.830097e-01 1.835534e-01 1.792745e-14
    outer loop
      vertex   3.752761e+01 -3.174099e+01 3.173049e+01
      vertex   3.777985e+01 -3.039013e+01 3.103767e+01
      vertex   3.775238e+01 -3.053729e+01 3.087430e+01
    endloop
  endfacet
  facet normal -9.830097e-01 1.835534e-01 1.042357e-14
    outer loop
      vertex   3.752761e+01 -3.174099e+01 3.173049e+01
      vertex   3.775238e+01 -3.053729e+01 3.087430e+01
      vertex   3.750315e+01 -3.187203e+01 3.166142e+01
    endloop
  endfacet
  facet normal -9.830097e-01 1.835534e-01 -3.211652e-14
    outer loop
      vertex   3.750315e+01 -3.187203e+01 3.166142e+01
      vertex   3.775238e+01 -3.053729e+01 3.087430e+01
      vertex   3.772239e+01 -3.069788e+01 3.072460e+01
    endloop
  endfacet
  facet normal -9.830097e-01 1.835534e-01 3.237184e-15
    outer loop
      vertex   3.750315e+01 -3.187203e+01 3.166142e+01
      vertex   3.772239e+01 -3.069788e+01 3.072460e+01
      vertex   3.769012e+01 -3.087069e+01 3.058971e+01
    endloop
  endfacet
  facet normal -9.830097e-01 1.835534e-01 -7.851532e-15
    outer loop
      vertex   3.750315e+01 -3.187203e+01 3.166142e+01
      vertex   3.769012e+01 -3.087069e+01 3.058971e+01
      vertex   3.747718e+01 -3.201109e+01 3.161114e+01
    endloop
  endfacet
  facet normal -9.830097e-01 1.835534e-01 1.332898e-14
    outer loop
      vertex   3.747718e+01 -3.201109e+01 3.161114e+01
      vertex   3.769012e+01 -3.087069e+01 3.058971e+01
      vertex   3.765582e+01 -3.105440e+01 3.047065e+01
    endloop
  endfacet
  facet normal -9.830097e-01 1.835534e-01 -1.500341e-14
    outer loop
      vertex   3.747718e+01 -3.201109e+01 3.161114e+01
      vertex   3.765582e+01 -3.105440e+01 3.047065e+01
      vertex   3.761974e+01 -3.124761e+01 3.036833e+01
    endloop
  endfacet
  facet normal -9.830097e-01 1.835534e-01 5.042584e-17
    outer loop
      vertex   3.747718e+01 -3.201109e+01 3.161114e+01
      vertex   3.761974e+01 -3.124761e+01 3.036833e+01
      vertex   3.745020e+01 -3.215558e+01 3.158060e+01
    endloop
  endfacet
  facet normal -9.830097e-01 1.835534e-01 1.521673e-14
    outer loop
      vertex   3.745020e+01 -3.215558e+01 3.158060e+01
      vertex   3.761974e+01 -3.124761e+01 3.036833e+01
      vertex   3.758216e+01 -3.144885e+01 3.028353e+01
    endloop
  endfacet
  facet normal -9.830097e-01 1.835534e-01 -8.576249e-15
    outer loop
      vertex   3.745020e+01 -3.215558e+01 3.158060e+01
      vertex   3.758216e+01 -3.144885e+01 3.028353e+01
      vertex   3.754337e+01 -3.165659e+01 3.021690e+01
    endloop
  endfacet
  facet normal -9.830097e-01 1.835534e-01 1.199360e-14
    outer loop
      vertex   3.754337e+01 -3.165659e+01 3.021690e+01
      vertex   3.750366e+01 -3.186925e+01 3.016894e+01
      vertex   3.745020e+01 -3.215558e+01 3.158060e+01
    endloop
  endfacet
  facet normal -9.830097e-01 1.835534e-01 3.567708e-15
    outer loop
      vertex   3.745020e+01 -3.215558e+01 3.158060e+01
      vertex   3.750366e+01 -3.186925e+01 3.016894e+01
      vertex   3.742271e+01 -3.230282e+01 3.157035e+01
    endloop
  endfacet
  facet normal -9.830097e-01 1.835534e-01 -2.412989e-15
    outer loop
      vertex   3.742271e+01 -3.230282e+01 3.157035e+01
      vertex   3.750366e+01 -3.186925e+01 3.016894e+01
      vertex   3.746334e+01 -3.208521e+01 3.014002e+01
    endloop
  endfacet
  facet normal -9.830097e-01 1.835534e-01 -8.264595e-18
    outer loop
      vertex   3.742271e+01 -3.230282e+01 3.157035e+01
      vertex   3.746334e+01 -3.208521e+01 3.014002e+01
      vertex   3.742271e+01 -3.230282e+01 3.013035e+01
    endloop
  endfacet
  facet normal -9.830097e-01 1.835534e-01 5.046098e-16
    outer loop
      vertex   3.369290e+01 -5.227758e+01 3.013035e+01
      vertex   3.385785e+01 -5.139418e+01 3.203600e+01
      vertex   3.742271e+01 -3.230282e+01 3.013035e+01
    endloop
  endfacet
  facet normal -9.830097e-01 1.835534e-01 -1.283286e-15
    outer loop
      vertex   3.742271e+01 -3.230282e+01 3.013035e+01
      vertex   3.385785e+01 -5.139418e+01 3.203600e+01
      vertex   3.725775e+01 -3.318622e+01 3.203600e+01
    endloop
  endfacet
  facet normal -9.830097e-01 1.835534e-01 -4.132441e-14
    outer loop
      vertex   3.742271e+01 -3.230282e+01 3.013035e+01
      vertex   3.725775e+01 -3.318622e+01 3.203600e+01
      vertex   3.727514e+01 -3.309308e+01 3.191954e+01
    endloop
  endfacet
  facet normal -9.830097e-01 1.835534e-01 -1.088349e-17
    outer loop
      vertex   3.365227e+01 -5.249519e+01 3.014002e+01
      vertex   3.369290e+01 -5.227758e+01 3.157035e+01
      vertex   3.369290e+01 -5.227758e+01 3.013035e+01
    endloop
  endfacet
  facet normal -9.830097e-01 1.835534e-01 -8.264708e-18
    outer loop
      vertex   3.369290e+01 -5.227758e+01 3.013035e+01
      vertex   3.369290e+01 -5.227758e+01 3.157035e+01
      vertex   3.372039e+01 -5.213034e+01 3.158060e+01
    endloop
  endfacet
  facet normal -9.830097e-01 1.835534e-01 4.989595e-17
    outer loop
      vertex   3.369290e+01 -5.227758e+01 3.013035e+01
      vertex   3.372039e+01 -5.213034e+01 3.158060e+01
      vertex   3.374737e+01 -5.198585e+01 3.161114e+01
    endloop
  endfacet
  facet normal -9.830097e-01 1.835534e-01 -2.618580e-15
    outer loop
      vertex   3.365227e+01 -5.249519e+01 3.014002e+01
      vertex   3.361194e+01 -5.271115e+01 3.016894e+01
      vertex   3.369290e+01 -5.227758e+01 3.157035e+01
    endloop
  endfacet
  facet normal -9.830097e-01 1.835534e-01 5.638759e-15
    outer loop
      vertex   3.369290e+01 -5.227758e+01 3.157035e+01
      vertex   3.361194e+01 -5.271115e+01 3.016894e+01
      vertex   3.366541e+01 -5.242482e+01 3.158060e+01
    endloop
  endfacet
  facet normal -9.830097e-01 1.835534e-01 8.158691e-15
    outer loop
      vertex   3.366541e+01 -5.242482e+01 3.158060e+01
      vertex   3.361194e+01 -5.271115e+01 3.016894e+01
      vertex   3.357223e+01 -5.292381e+01 3.021690e+01
    endloop
  endfacet
  facet normal -9.830097e-01 1.835534e-01 -5.990445e-15
    outer loop
      vertex   3.366541e+01 -5.242482e+01 3.158060e+01
      vertex   3.357223e+01 -5.292381e+01 3.021690e+01
      vertex   3.353344e+01 -5.313155e+01 3.028353e+01
    endloop
  endfacet
  facet normal -9.830097e-01 1.835534e-01 -1.190135e-15
    outer loop
      vertex   3.353344e+01 -5.313155e+01 3.028353e+01
      vertex   3.349586e+01 -5.333279e+01 3.036833e+01
      vertex   3.366541e+01 -5.242482e+01 3.158060e+01
    endloop
  endfacet
  facet normal -9.830097e-01 1.835534e-01 5.008967e-15
    outer loop
      vertex   3.366541e+01 -5.242482e+01 3.158060e+01
      vertex   3.349586e+01 -5.333279e+01 3.036833e+01
      vertex   3.363843e+01 -5.256931e+01 3.161114e+01
    endloop
  endfacet
  facet normal -9.830097e-01 1.835534e-01 6.344298e-15
    outer loop
      vertex   3.363843e+01 -5.256931e+01 3.161114e+01
      vertex   3.349586e+01 -5.333279e+01 3.036833e+01
      vertex   3.345979e+01 -5.352600e+01 3.047065e+01
    endloop
  endfacet
  facet normal -9.830097e-01 1.835534e-01 1.225946e-14
    outer loop
      vertex   3.363843e+01 -5.256931e+01 3.161114e+01
      vertex   3.345979e+01 -5.352600e+01 3.047065e+01
      vertex   3.361246e+01 -5.270837e+01 3.166142e+01
    endloop
  endfacet
  facet normal -9.830097e-01 1.835534e-01 -2.675326e-14
    outer loop
      vertex   3.361246e+01 -5.270837e+01 3.166142e+01
      vertex   3.345979e+01 -5.352600e+01 3.047065e+01
      vertex   3.358799e+01 -5.283941e+01 3.173049e+01
    endloop
  endfacet
  facet normal -9.830097e-01 1.835534e-01 2.405248e-14
    outer loop
      vertex   3.358799e+01 -5.283941e+01 3.173049e+01
      vertex   3.345979e+01 -5.352600e+01 3.047065e+01
      vertex   3.356548e+01 -5.295998e+01 3.181707e+01
    endloop
  endfacet
  facet normal -9.830097e-01 1.835534e-01 -1.006072e-14
    outer loop
      vertex   3.356548e+01 -5.295998e+01 3.181707e+01
      vertex   3.345979e+01 -5.352600e+01 3.047065e+01
      vertex   3.354534e+01 -5.306784e+01 3.191954e+01
    endloop
  endfacet
  facet normal -9.830097e-01 1.835534e-01 6.674145e-15
    outer loop
      vertex   3.354534e+01 -5.306784e+01 3.191954e+01
      vertex   3.345979e+01 -5.352600e+01 3.047065e+01
      vertex   3.352795e+01 -5.316098e+01 3.203600e+01
    endloop
  endfacet
  facet normal -9.830097e-01 1.835534e-01 4.379171e-15
    outer loop
      vertex   3.352795e+01 -5.316098e+01 3.203600e+01
      vertex   3.345979e+01 -5.352600e+01 3.047065e+01
      vertex   3.351363e+01 -5.323766e+01 3.216428e+01
    endloop
  endfacet
  facet normal -9.830097e-01 1.835534e-01 1.114702e-14
    outer loop
      vertex   3.351363e+01 -5.323766e+01 3.216428e+01
      vertex   3.345979e+01 -5.352600e+01 3.047065e+01
      vertex   3.350265e+01 -5.329646e+01 3.230198e+01
    endloop
  endfacet
  facet normal -9.830097e-01 1.835534e-01 -1.785956e-15
    outer loop
      vertex   3.350265e+01 -5.329646e+01 3.230198e+01
      vertex   3.345979e+01 -5.352600e+01 3.047065e+01
      vertex   3.349521e+01 -5.333627e+01 3.244655e+01
    endloop
  endfacet
  facet normal -9.830097e-01 1.835534e-01 -1.133930e-14
    outer loop
      vertex   3.349521e+01 -5.333627e+01 3.244655e+01
      vertex   3.345979e+01 -5.352600e+01 3.047065e+01
      vertex   3.349146e+01 -5.335637e+01 3.259529e+01
    endloop
  endfacet
  facet normal -9.830097e-01 1.835534e-01 -1.250344e-15
    outer loop
      vertex   3.349146e+01 -5.335637e+01 3.259529e+01
      vertex   3.345979e+01 -5.352600e+01 3.047065e+01
      vertex   3.342548e+01 -5.370971e+01 3.058971e+01
    endloop
  endfacet
  facet normal -9.830097e-01 1.835534e-01 7.577992e-15
    outer loop
      vertex   3.349146e+01 -5.335637e+01 3.259529e+01
      vertex   3.342548e+01 -5.370971e+01 3.058971e+01
      vertex   3.339322e+01 -5.388252e+01 3.072460e+01
    endloop
  endfacet
  facet normal -9.830097e-01 1.835534e-01 7.735019e-15
    outer loop
      vertex   3.339322e+01 -5.388252e+01 3.072460e+01
      vertex   3.336323e+01 -5.404312e+01 3.087430e+01
      vertex   3.349146e+01 -5.335637e+01 3.259529e+01
    endloop
  endfacet
  facet normal -9.830097e-01 1.835534e-01 -3.172983e-15
    outer loop
      vertex   3.349146e+01 -5.335637e+01 3.259529e+01
      vertex   3.336323e+01 -5.404312e+01 3.087430e+01
      vertex   3.333575e+01 -5.419027e+01 3.103767e+01
    endloop
  endfacet
  facet normal -9.830097e-01 1.835534e-01 -6.953520e-16
    outer loop
      vertex   3.349146e+01 -5.335637e+01 3.259529e+01
      vertex   3.333575e+01 -5.419027e+01 3.103767e+01
      vertex   3.331099e+01 -5.432287e+01 3.121347e+01
    endloop
  endfacet
  facet normal -9.830097e-01 1.835534e-01 4.981068e-17
    outer loop
      vertex   3.331099e+01 -5.432287e+01 3.121347e+01
      vertex   3.328914e+01 -5.443991e+01 3.140035e+01
      vertex   3.349146e+01 -5.335637e+01 3.259529e+01
    endloop
  endfacet
  facet normal -9.830097e-01 1.835534e-01 -1.392231e-15
    outer loop
      vertex   3.349146e+01 -5.335637e+01 3.259529e+01
      vertex   3.328914e+01 -5.443991e+01 3.140035e+01
      vertex   3.327036e+01 -5.454049e+01 3.159690e+01
    endloop
  endfacet
  facet normal -9.830097e-01 1.835534e-01 1.591959e-14
    outer loop
      vertex   3.349146e+01 -5.335637e+01 3.259529e+01
      vertex   3.327036e+01 -5.454049e+01 3.159690e+01
      vertex   3.325479e+01 -5.462385e+01 3.180162e+01
    endloop
  endfacet
  facet normal -9.830097e-01 1.835534e-01 -1.205994e-14
    outer loop
      vertex   3.325479e+01 -5.462385e+01 3.180162e+01
      vertex   3.324256e+01 -5.468935e+01 3.201295e+01
      vertex   3.349146e+01 -5.335637e+01 3.259529e+01
    endloop
  endfacet
  facet normal -9.830097e-01 1.835534e-01 -2.505319e-14
    outer loop
      vertex   3.349146e+01 -5.335637e+01 3.259529e+01
      vertex   3.324256e+01 -5.468935e+01 3.201295e+01
      vertex   3.323376e+01 -5.473649e+01 3.222929e+01
    endloop
  endfacet
  facet normal -9.830097e-01 1.835534e-01 2.157622e-14
    outer loop
      vertex   3.349146e+01 -5.335637e+01 3.259529e+01
      vertex   3.323376e+01 -5.473649e+01 3.222929e+01
      vertex   3.322845e+01 -5.476492e+01 3.244898e+01
    endloop
  endfacet
  facet normal -9.830097e-01 1.835534e-01 2.111626e-14
    outer loop
      vertex   3.322845e+01 -5.476492e+01 3.244898e+01
      vertex   3.322667e+01 -5.477442e+01 3.267035e+01
      vertex   3.349146e+01 -5.335637e+01 3.259529e+01
    endloop
  endfacet
  facet normal -9.830097e-01 1.835534e-01 0.000000e+00
    outer loop
      vertex   3.349146e+01 -5.335637e+01 3.259529e+01
      vertex   3.322667e+01 -5.477442e+01 3.267035e+01
      vertex   3.349146e+01 -5.335637e+01 3.274542e+01
    endloop
  endfacet
  facet normal -9.830097e-01 1.835534e-01 -1.757395e-16
    outer loop
      vertex   3.349146e+01 -5.335637e+01 3.274542e+01
      vertex   3.322667e+01 -5.477442e+01 3.267035e+01
      vertex   3.322667e+01 -5.477442e+01 4.537035e+01
    endloop
  endfacet
  facet normal -9.830097e-01 1.835534e-01 -2.817246e-16
    outer loop
      vertex   3.349146e+01 -5.335637e+01 3.274542e+01
      vertex   3.322667e+01 -5.477442e+01 4.537035e+01
      vertex   3.349146e+01 -5.335637e+01 4.529529e+01
    endloop
  endfacet
  facet normal -9.830097e-01 1.835534e-01 0.000000e+00
    outer loop
      vertex   3.349146e+01 -5.335637e+01 4.529529e+01
      vertex   3.322667e+01 -5.477442e+01 4.537035e+01
      vertex   3.349146e+01 -5.335637e+01 4.544542e+01
    endloop
  endfacet
  facet normal -9.830097e-01 1.835534e-01 2.857242e-14
    outer loop
      vertex   3.349146e+01 -5.335637e+01 4.544542e+01
      vertex   3.322667e+01 -5.477442e+01 4.537035e+01
      vertex   3.322845e+01 -5.476492e+01 4.559173e+01
    endloop
  endfacet
  facet normal -9.830097e-01 1.835534e-01 3.303881e-14
    outer loop
      vertex   3.349146e+01 -5.335637e+01 4.544542e+01
      vertex   3.322845e+01 -5.476492e+01 4.559173e+01
      vertex   3.349521e+01 -5.333627e+01 4.559415e+01
    endloop
  endfacet
  facet normal -9.830097e-01 1.835534e-01 5.043059e-15
    outer loop
      vertex   3.349521e+01 -5.333627e+01 4.559415e+01
      vertex   3.322845e+01 -5.476492e+01 4.559173e+01
      vertex   3.323376e+01 -5.473649e+01 4.581142e+01
    endloop
  endfacet
  facet normal -9.830097e-01 1.835534e-01 7.432581e-16
    outer loop
      vertex   3.349521e+01 -5.333627e+01 4.559415e+01
      vertex   3.323376e+01 -5.473649e+01 4.581142e+01
      vertex   3.350265e+01 -5.329646e+01 4.573872e+01
    endloop
  endfacet
  facet normal -9.830097e-01 1.835534e-01 -1.178141e-14
    outer loop
      vertex   3.350265e+01 -5.329646e+01 4.573872e+01
      vertex   3.323376e+01 -5.473649e+01 4.581142e+01
      vertex   3.324256e+01 -5.468935e+01 4.602775e+01
    endloop
  endfacet
  facet normal -9.830097e-01 1.835534e-01 -2.719570e-14
    outer loop
      vertex   3.350265e+01 -5.329646e+01 4.573872e+01
      vertex   3.324256e+01 -5.468935e+01 4.602775e+01
      vertex   3.351363e+01 -5.323766e+01 4.587642e+01
    endloop
  endfacet
  facet normal -9.830097e-01 1.835534e-01 -1.016587e-14
    outer loop
      vertex   3.351363e+01 -5.323766e+01 4.587642e+01
      vertex   3.324256e+01 -5.468935e+01 4.602775e+01
      vertex   3.325479e+01 -5.462385e+01 4.623908e+01
    endloop
  endfacet
  facet normal -9.830097e-01 1.835534e-01 1.260538e-14
    outer loop
      vertex   3.351363e+01 -5.323766e+01 4.587642e+01
      vertex   3.325479e+01 -5.462385e+01 4.623908e+01
      vertex   3.352795e+01 -5.316098e+01 4.600470e+01
    endloop
  endfacet
  facet normal -9.830097e-01 1.835534e-01 1.710517e-15
    outer loop
      vertex   3.352795e+01 -5.316098e+01 4.600470e+01
      vertex   3.325479e+01 -5.462385e+01 4.623908e+01
      vertex   3.327036e+01 -5.454049e+01 4.644380e+01
    endloop
  endfacet
  facet normal -9.830097e-01 1.835534e-01 -2.260638e-14
    outer loop
      vertex   3.352795e+01 -5.316098e+01 4.600470e+01
      vertex   3.327036e+01 -5.454049e+01 4.644380e+01
      vertex   3.354534e+01 -5.306784e+01 4.612116e+01
    endloop
  endfacet
  facet normal -9.830097e-01 1.835534e-01 -1.237487e-14
    outer loop
      vertex   3.354534e+01 -5.306784e+01 4.612116e+01
      vertex   3.327036e+01 -5.454049e+01 4.644380e+01
      vertex   3.328914e+01 -5.443991e+01 4.664035e+01
    endloop
  endfacet
  facet normal -9.830097e-01 1.835534e-01 1.376320e-15
    outer loop
      vertex   3.354534e+01 -5.306784e+01 4.612116e+01
      vertex   3.328914e+01 -5.443991e+01 4.664035e+01
      vertex   3.331099e+01 -5.432287e+01 4.682724e+01
    endloop
  endfacet
  facet normal -9.830097e-01 1.835534e-01 3.294498e-14
    outer loop
      vertex   3.354534e+01 -5.306784e+01 4.612116e+01
      vertex   3.331099e+01 -5.432287e+01 4.682724e+01
      vertex   3.356548e+01 -5.295998e+01 4.622363e+01
    endloop
  endfacet
  facet normal -9.830097e-01 1.835534e-01 1.263345e-14
    outer loop
      vertex   3.356548e+01 -5.295998e+01 4.622363e+01
      vertex   3.331099e+01 -5.432287e+01 4.682724e+01
      vertex   3.333575e+01 -5.419027e+01 4.700303e+01
    endloop
  endfacet
  facet normal -9.830097e-01 1.835534e-01 -5.212123e-14
    outer loop
      vertex   3.356548e+01 -5.295998e+01 4.622363e+01
      vertex   3.333575e+01 -5.419027e+01 4.700303e+01
      vertex   3.358799e+01 -5.283941e+01 4.631021e+01
    endloop
  endfacet
  facet normal -9.830097e-01 1.835534e-01 1.268452e-14
    outer loop
      vertex   3.358799e+01 -5.283941e+01 4.631021e+01
      vertex   3.333575e+01 -5.419027e+01 4.700303e+01
      vertex   3.336323e+01 -5.404312e+01 4.716640e+01
    endloop
  endfacet
  facet normal -9.830097e-01 1.835534e-01 5.953832e-14
    outer loop
      vertex   3.358799e+01 -5.283941e+01 4.631021e+01
      vertex   3.336323e+01 -5.404312e+01 4.716640e+01
      vertex   3.361246e+01 -5.270837e+01 4.637928e+01
    endloop
  endfacet
  facet normal -9.830097e-01 1.835534e-01 1.672735e-15
    outer loop
      vertex   3.361246e+01 -5.270837e+01 4.637928e+01
      vertex   3.336323e+01 -5.404312e+01 4.716640e+01
      vertex   3.339322e+01 -5.388252e+01 4.731610e+01
    endloop
  endfacet
  facet normal -9.830097e-01 1.835534e-01 -5.963234e-15
    outer loop
      vertex   3.361246e+01 -5.270837e+01 4.637928e+01
      vertex   3.339322e+01 -5.388252e+01 4.731610e+01
      vertex   3.342548e+01 -5.370971e+01 4.745100e+01
    endloop
  endfacet
  facet normal -9.830097e-01 1.835534e-01 -7.047563e-15
    outer loop
      vertex   3.361246e+01 -5.270837e+01 4.637928e+01
      vertex   3.342548e+01 -5.370971e+01 4.745100e+01
      vertex   3.363843e+01 -5.256931e+01 4.642956e+01
    endloop
  endfacet
  facet normal -9.830097e-01 1.835534e-01 -1.375079e-14
    outer loop
      vertex   3.363843e+01 -5.256931e+01 4.642956e+01
      vertex   3.342548e+01 -5.370971e+01 4.745100e+01
      vertex   3.345979e+01 -5.352600e+01 4.757006e+01
    endloop
  endfacet
  facet normal -9.830097e-01 1.835534e-01 -6.001363e-15
    outer loop
      vertex   3.363843e+01 -5.256931e+01 4.642956e+01
      vertex   3.345979e+01 -5.352600e+01 4.757006e+01
      vertex   3.349586e+01 -5.333279e+01 4.767237e+01
    endloop
  endfacet
  facet normal -9.830097e-01 1.835534e-01 -1.630436e-15
    outer loop
      vertex   3.363843e+01 -5.256931e+01 4.642956e+01
      vertex   3.349586e+01 -5.333279e+01 4.767237e+01
      vertex   3.366541e+01 -5.242482e+01 4.646011e+01
    endloop
  endfacet
  facet normal -9.830097e-01 1.835534e-01 2.023230e-14
    outer loop
      vertex   3.366541e+01 -5.242482e+01 4.646011e+01
      vertex   3.349586e+01 -5.333279e+01 4.767237e+01
      vertex   3.353344e+01 -5.313155e+01 4.775717e+01
    endloop
  endfacet
  facet normal -9.830097e-01 1.835534e-01 -5.688768e-15
    outer loop
      vertex   3.366541e+01 -5.242482e+01 4.646011e+01
      vertex   3.353344e+01 -5.313155e+01 4.775717e+01
      vertex   3.357223e+01 -5.292381e+01 4.782380e+01
    endloop
  endfacet
  facet normal -9.830097e-01 1.835534e-01 -8.202146e-15
    outer loop
      vertex   3.357223e+01 -5.292381e+01 4.782380e+01
      vertex   3.361194e+01 -5.271115e+01 4.787176e+01
      vertex   3.366541e+01 -5.242482e+01 4.646011e+01
    endloop
  endfacet
  facet normal -9.830097e-01 1.835534e-01 -4.813575e-15
    outer loop
      vertex   3.366541e+01 -5.242482e+01 4.646011e+01
      vertex   3.361194e+01 -5.271115e+01 4.787176e+01
      vertex   3.369290e+01 -5.227758e+01 4.647035e+01
    endloop
  endfacet
  facet normal -9.830097e-01 1.835534e-01 -6.275936e-16
    outer loop
      vertex   3.369290e+01 -5.227758e+01 4.647035e+01
      vertex   3.361194e+01 -5.271115e+01 4.787176e+01
      vertex   3.365227e+01 -5.249519e+01 4.790069e+01
    endloop
  endfacet
  facet normal -9.830097e-01 1.835534e-01 -1.211111e-15
    outer loop
      vertex   3.369290e+01 -5.227758e+01 4.647035e+01
      vertex   3.365227e+01 -5.249519e+01 4.790069e+01
      vertex   3.369290e+01 -5.227758e+01 4.791035e+01
    endloop
  endfacet
  facet normal -9.830097e-01 1.835534e-01 -1.211111e-15
    outer loop
      vertex   3.369290e+01 -5.227758e+01 4.791035e+01
      vertex   3.373145e+01 -5.207115e+01 4.791035e+01
      vertex   3.369290e+01 -5.227758e+01 4.647035e+01
    endloop
  endfacet
  facet normal -9.830097e-01 1.835534e-01 7.525327e-16
    outer loop
      vertex   3.369290e+01 -5.227758e+01 4.647035e+01
      vertex   3.373145e+01 -5.207115e+01 4.791035e+01
      vertex   3.372039e+01 -5.213034e+01 4.646011e+01
    endloop
  endfacet
  facet normal -9.830097e-01 1.835534e-01 -8.570776e-16
    outer loop
      vertex   3.372039e+01 -5.213034e+01 4.646011e+01
      vertex   3.373145e+01 -5.207115e+01 4.791035e+01
      vertex   3.376743e+01 -5.187844e+01 4.790072e+01
    endloop
  endfacet
  facet normal -9.830097e-01 1.835534e-01 7.227262e-15
    outer loop
      vertex   3.372039e+01 -5.213034e+01 4.646011e+01
      vertex   3.376743e+01 -5.187844e+01 4.790072e+01
      vertex   3.380307e+01 -5.168760e+01 4.787192e+01
    endloop
  endfacet
  facet normal -9.830097e-01 1.835534e-01 3.770966e-15
    outer loop
      vertex   3.380307e+01 -5.168760e+01 4.787192e+01
      vertex   3.383801e+01 -5.150044e+01 4.782423e+01
      vertex   3.372039e+01 -5.213034e+01 4.646011e+01
    endloop
  endfacet
  facet normal -9.830097e-01 1.835534e-01 2.592156e-15
    outer loop
      vertex   3.372039e+01 -5.213034e+01 4.646011e+01
      vertex   3.383801e+01 -5.150044e+01 4.782423e+01
      vertex   3.387193e+01 -5.131878e+01 4.775811e+01
    endloop
  endfacet
  facet normal -9.830097e-01 1.835534e-01 -1.389721e-15
    outer loop
      vertex   3.372039e+01 -5.213034e+01 4.646011e+01
      vertex   3.387193e+01 -5.131878e+01 4.775811e+01
      vertex   3.390450e+01 -5.114437e+01 4.767419e+01
    endloop
  endfacet
  facet normal -9.830097e-01 1.835534e-01 2.090627e-15
    outer loop
      vertex   3.372039e+01 -5.213034e+01 4.646011e+01
      vertex   3.390450e+01 -5.114437e+01 4.767419e+01
      vertex   3.374737e+01 -5.198585e+01 4.642956e+01
    endloop
  endfacet
  facet normal -9.830097e-01 1.835534e-01 1.603961e-14
    outer loop
      vertex   3.374737e+01 -5.198585e+01 4.642956e+01
      vertex   3.390450e+01 -5.114437e+01 4.767419e+01
      vertex   3.393540e+01 -5.097889e+01 4.757329e+01
    endloop
  endfacet
  facet normal -9.830097e-01 1.835534e-01 2.959889e-15
    outer loop
      vertex   3.374737e+01 -5.198585e+01 4.642956e+01
      vertex   3.393540e+01 -5.097889e+01 4.757329e+01
      vertex   3.396434e+01 -5.082392e+01 4.745637e+01
    endloop
  endfacet
  facet normal -9.830097e-01 1.835534e-01 1.544160e-14
    outer loop
      vertex   3.374737e+01 -5.198585e+01 4.642956e+01
      vertex   3.396434e+01 -5.082392e+01 4.745637e+01
      vertex   3.377334e+01 -5.184678e+01 4.637928e+01
    endloop
  endfacet
  facet normal -9.830097e-01 1.835534e-01 -2.050095e-14
    outer loop
      vertex   3.377334e+01 -5.184678e+01 4.637928e+01
      vertex   3.396434e+01 -5.082392e+01 4.745637e+01
      vertex   3.399103e+01 -5.068096e+01 4.732457e+01
    endloop
  endfacet
  facet normal -9.830097e-01 1.835534e-01 1.924697e-14
    outer loop
      vertex   3.377334e+01 -5.184678e+01 4.637928e+01
      vertex   3.399103e+01 -5.068096e+01 4.732457e+01
      vertex   3.401522e+01 -5.055139e+01 4.717914e+01
    endloop
  endfacet
  facet normal -9.830097e-01 1.835534e-01 -7.302549e-15
    outer loop
      vertex   3.377334e+01 -5.184678e+01 4.637928e+01
      vertex   3.401522e+01 -5.055139e+01 4.717914e+01
      vertex   3.379781e+01 -5.171575e+01 4.631021e+01
    endloop
  endfacet
  facet normal -9.830097e-01 1.835534e-01 -7.123684e-15
    outer loop
      vertex   3.379781e+01 -5.171575e+01 4.631021e+01
      vertex   3.401522e+01 -5.055139e+01 4.717914e+01
      vertex   3.403668e+01 -5.043646e+01 4.702149e+01
    endloop
  endfacet
  facet normal -9.830097e-01 1.835534e-01 1.813113e-14
    outer loop
      vertex   3.379781e+01 -5.171575e+01 4.631021e+01
      vertex   3.403668e+01 -5.043646e+01 4.702149e+01
      vertex   3.405521e+01 -5.033727e+01 4.685315e+01
    endloop
  endfacet
  facet normal -9.830097e-01 1.835534e-01 2.251418e-15
    outer loop
      vertex   3.379781e+01 -5.171575e+01 4.631021e+01
      vertex   3.405521e+01 -5.033727e+01 4.685315e+01
      vertex   3.382032e+01 -5.159518e+01 4.622363e+01
    endloop
  endfacet
  facet normal -9.830097e-01 1.835534e-01 -1.804953e-14
    outer loop
      vertex   3.382032e+01 -5.159518e+01 4.622363e+01
      vertex   3.405521e+01 -5.033727e+01 4.685315e+01
      vertex   3.407061e+01 -5.025478e+01 4.667572e+01
    endloop
  endfacet
  facet normal -9.830097e-01 1.835534e-01 1.585071e-14
    outer loop
      vertex   3.382032e+01 -5.159518e+01 4.622363e+01
      vertex   3.407061e+01 -5.025478e+01 4.667572e+01
      vertex   3.384046e+01 -5.148732e+01 4.612116e+01
    endloop
  endfacet
  facet normal -9.830097e-01 1.835534e-01 -1.241052e-15
    outer loop
      vertex   3.384046e+01 -5.148732e+01 4.612116e+01
      vertex   3.407061e+01 -5.025478e+01 4.667572e+01
      vertex   3.408275e+01 -5.018978e+01 4.649092e+01
    endloop
  endfacet
  facet normal -9.830097e-01 1.835534e-01 1.114601e-14
    outer loop
      vertex   3.384046e+01 -5.148732e+01 4.612116e+01
      vertex   3.408275e+01 -5.018978e+01 4.649092e+01
      vertex   3.409150e+01 -5.014290e+01 4.630053e+01
    endloop
  endfacet
  facet normal -9.830097e-01 1.835534e-01 -2.476042e-14
    outer loop
      vertex   3.384046e+01 -5.148732e+01 4.612116e+01
      vertex   3.409150e+01 -5.014290e+01 4.630053e+01
      vertex   3.385785e+01 -5.139418e+01 4.600470e+01
    endloop
  endfacet
  facet normal -9.830097e-01 1.835534e-01 1.194259e-14
    outer loop
      vertex   3.385785e+01 -5.139418e+01 4.600470e+01
      vertex   3.409150e+01 -5.014290e+01 4.630053e+01
      vertex   3.409679e+01 -5.011459e+01 4.610639e+01
    endloop
  endfacet
  facet normal -9.830097e-01 1.835534e-01 -3.134019e-15
    outer loop
      vertex   3.385785e+01 -5.139418e+01 4.600470e+01
      vertex   3.409679e+01 -5.011459e+01 4.610639e+01
      vertex   3.387217e+01 -5.131750e+01 4.587642e+01
    endloop
  endfacet
  facet normal -9.830097e-01 1.835534e-01 2.750620e-14
    outer loop
      vertex   3.387217e+01 -5.131750e+01 4.587642e+01
      vertex   3.409679e+01 -5.011459e+01 4.610639e+01
      vertex   3.388315e+01 -5.125870e+01 4.573872e+01
    endloop
  endfacet
  facet normal -9.830097e-01 1.835534e-01 -7.520438e-15
    outer loop
      vertex   3.388315e+01 -5.125870e+01 4.573872e+01
      vertex   3.409679e+01 -5.011459e+01 4.610639e+01
      vertex   3.389059e+01 -5.121889e+01 4.559415e+01
    endloop
  endfacet
  facet normal -9.830097e-01 1.835534e-01 1.360954e-14
    outer loop
      vertex   3.389059e+01 -5.121889e+01 4.559415e+01
      vertex   3.409679e+01 -5.011459e+01 4.610639e+01
      vertex   3.389434e+01 -5.119879e+01 4.544542e+01
    endloop
  endfacet
  facet normal -9.830097e-01 1.835534e-01 1.800798e-15
    outer loop
      vertex   3.389434e+01 -5.119879e+01 4.544542e+01
      vertex   3.409679e+01 -5.011459e+01 4.610639e+01
      vertex   3.409855e+01 -5.010513e+01 4.491035e+01
    endloop
  endfacet
  facet normal -9.830097e-01 1.835534e-01 0.000000e+00
    outer loop
      vertex   3.389434e+01 -5.119879e+01 4.544542e+01
      vertex   3.409855e+01 -5.010513e+01 4.491035e+01
      vertex   3.389434e+01 -5.119879e+01 4.529529e+01
    endloop
  endfacet
  facet normal -9.830097e-01 1.835534e-01 -1.381002e-14
    outer loop
      vertex   3.389434e+01 -5.119879e+01 4.529529e+01
      vertex   3.409855e+01 -5.010513e+01 4.491035e+01
      vertex   3.389059e+01 -5.121889e+01 4.514655e+01
    endloop
  endfacet
  facet normal -9.830097e-01 1.835534e-01 8.515434e-15
    outer loop
      vertex   3.389059e+01 -5.121889e+01 4.514655e+01
      vertex   3.409855e+01 -5.010513e+01 4.491035e+01
      vertex   3.388315e+01 -5.125870e+01 4.500198e+01
    endloop
  endfacet
  facet normal -9.830097e-01 1.835534e-01 -2.948687e-14
    outer loop
      vertex   3.388315e+01 -5.125870e+01 4.500198e+01
      vertex   3.409855e+01 -5.010513e+01 4.491035e+01
      vertex   3.387217e+01 -5.131750e+01 4.486428e+01
    endloop
  endfacet
  facet normal -9.830097e-01 1.835534e-01 -6.714931e-14
    outer loop
      vertex   3.387217e+01 -5.131750e+01 4.486428e+01
      vertex   3.409855e+01 -5.010513e+01 4.491035e+01
      vertex   3.410032e+01 -5.009566e+01 4.471432e+01
    endloop
  endfacet
  facet normal -9.830097e-01 1.835534e-01 -1.783979e-15
    outer loop
      vertex   3.387217e+01 -5.131750e+01 4.486428e+01
      vertex   3.410032e+01 -5.009566e+01 4.471432e+01
      vertex   3.385785e+01 -5.139418e+01 4.473600e+01
    endloop
  endfacet
  facet normal -9.830097e-01 1.835534e-01 -9.547104e-15
    outer loop
      vertex   3.385785e+01 -5.139418e+01 4.473600e+01
      vertex   3.410032e+01 -5.009566e+01 4.471432e+01
      vertex   3.410561e+01 -5.006735e+01 4.452017e+01
    endloop
  endfacet
  facet normal -9.830097e-01 1.835534e-01 2.037025e-14
    outer loop
      vertex   3.385785e+01 -5.139418e+01 4.473600e+01
      vertex   3.410561e+01 -5.006735e+01 4.452017e+01
      vertex   3.384046e+01 -5.148732e+01 4.461954e+01
    endloop
  endfacet
  facet normal -9.830097e-01 1.835534e-01 4.395226e-14
    outer loop
      vertex   3.384046e+01 -5.148732e+01 4.461954e+01
      vertex   3.410561e+01 -5.006735e+01 4.452017e+01
      vertex   3.411436e+01 -5.002047e+01 4.432978e+01
    endloop
  endfacet
  facet normal -9.830097e-01 1.835534e-01 -1.959142e-14
    outer loop
      vertex   3.384046e+01 -5.148732e+01 4.461954e+01
      vertex   3.411436e+01 -5.002047e+01 4.432978e+01
      vertex   3.382032e+01 -5.159518e+01 4.451707e+01
    endloop
  endfacet
  facet normal -9.830097e-01 1.835534e-01 -1.683060e-14
    outer loop
      vertex   3.382032e+01 -5.159518e+01 4.451707e+01
      vertex   3.411436e+01 -5.002047e+01 4.432978e+01
      vertex   3.412650e+01 -4.995547e+01 4.414499e+01
    endloop
  endfacet
  facet normal -9.830097e-01 1.835534e-01 -8.470291e-15
    outer loop
      vertex   3.382032e+01 -5.159518e+01 4.451707e+01
      vertex   3.412650e+01 -4.995547e+01 4.414499e+01
      vertex   3.379781e+01 -5.171575e+01 4.443049e+01
    endloop
  endfacet
  facet normal -9.830097e-01 1.835534e-01 -1.360572e-14
    outer loop
      vertex   3.379781e+01 -5.171575e+01 4.443049e+01
      vertex   3.412650e+01 -4.995547e+01 4.414499e+01
      vertex   3.414190e+01 -4.987298e+01 4.396756e+01
    endloop
  endfacet
  facet normal -9.830097e-01 1.835534e-01 6.024634e-15
    outer loop
      vertex   3.379781e+01 -5.171575e+01 4.443049e+01
      vertex   3.414190e+01 -4.987298e+01 4.396756e+01
      vertex   3.377334e+01 -5.184678e+01 4.436142e+01
    endloop
  endfacet
  facet normal -9.830097e-01 1.835534e-01 2.977619e-14
    outer loop
      vertex   3.377334e+01 -5.184678e+01 4.436142e+01
      vertex   3.414190e+01 -4.987298e+01 4.396756e+01
      vertex   3.416042e+01 -4.977379e+01 4.379921e+01
    endloop
  endfacet
  facet normal -9.830097e-01 1.835534e-01 -3.937691e-14
    outer loop
      vertex   3.377334e+01 -5.184678e+01 4.436142e+01
      vertex   3.416042e+01 -4.977379e+01 4.379921e+01
      vertex   3.374737e+01 -5.198585e+01 4.431114e+01
    endloop
  endfacet
  facet normal -9.830097e-01 1.835534e-01 -1.204741e-14
    outer loop
      vertex   3.374737e+01 -5.198585e+01 4.431114e+01
      vertex   3.416042e+01 -4.977379e+01 4.379921e+01
      vertex   3.418188e+01 -4.965886e+01 4.364157e+01
    endloop
  endfacet
  facet normal -9.830097e-01 1.835534e-01 -4.226801e-15
    outer loop
      vertex   3.374737e+01 -5.198585e+01 4.431114e+01
      vertex   3.418188e+01 -4.965886e+01 4.364157e+01
      vertex   3.372039e+01 -5.213034e+01 4.428060e+01
    endloop
  endfacet
  facet normal -9.830097e-01 1.835534e-01 -2.288283e-14
    outer loop
      vertex   3.372039e+01 -5.213034e+01 4.428060e+01
      vertex   3.418188e+01 -4.965886e+01 4.364157e+01
      vertex   3.420608e+01 -4.952929e+01 4.349614e+01
    endloop
  endfacet
  facet normal -9.830097e-01 1.835534e-01 9.650776e-14
    outer loop
      vertex   3.372039e+01 -5.213034e+01 4.428060e+01
      vertex   3.420608e+01 -4.952929e+01 4.349614e+01
      vertex   3.423277e+01 -4.938634e+01 4.336433e+01
    endloop
  endfacet
  facet normal -9.830097e-01 1.835534e-01 0.000000e+00
    outer loop
      vertex   3.409679e+01 -5.011459e+01 4.610639e+01
      vertex   3.409855e+01 -5.010513e+01 4.591035e+01
      vertex   3.409855e+01 -5.010513e+01 4.491035e+01
    endloop
  endfacet
  facet normal -9.830097e-01 1.835534e-01 -2.058561e-14
    outer loop
      vertex   3.372039e+01 -5.213034e+01 4.428060e+01
      vertex   3.423277e+01 -4.938634e+01 4.336433e+01
      vertex   3.369290e+01 -5.227758e+01 4.427035e+01
    endloop
  endfacet
  facet normal -9.830097e-01 1.835534e-01 -2.208838e-14
    outer loop
      vertex   3.369290e+01 -5.227758e+01 4.427035e+01
      vertex   3.423277e+01 -4.938634e+01 4.336433e+01
      vertex   3.426171e+01 -4.923137e+01 4.324741e+01
    endloop
  endfacet
  facet normal -9.830097e-01 1.835534e-01 -3.141839e-14
    outer loop
      vertex   3.369290e+01 -5.227758e+01 4.427035e+01
      vertex   3.426171e+01 -4.923137e+01 4.324741e+01
      vertex   3.366541e+01 -5.242482e+01 4.428060e+01
    endloop
  endfacet
  facet normal -9.830097e-01 1.835534e-01 1.010177e-13
    outer loop
      vertex   3.366541e+01 -5.242482e+01 4.428060e+01
      vertex   3.426171e+01 -4.923137e+01 4.324741e+01
      vertex   3.429261e+01 -4.906588e+01 4.314651e+01
    endloop
  endfacet
  facet normal -9.830097e-01 1.835534e-01 -5.840085e-16
    outer loop
      vertex   3.366541e+01 -5.242482e+01 4.428060e+01
      vertex   3.429261e+01 -4.906588e+01 4.314651e+01
      vertex   3.366541e+01 -5.242482e+01 3.376011e+01
    endloop
  endfacet
  facet normal -9.830097e-01 1.835534e-01 1.720908e-15
    outer loop
      vertex   3.366541e+01 -5.242482e+01 3.376011e+01
      vertex   3.429261e+01 -4.906588e+01 4.314651e+01
      vertex   3.369290e+01 -5.227758e+01 3.377035e+01
    endloop
  endfacet
  facet normal -9.830097e-01 1.835534e-01 -1.008381e-14
    outer loop
      vertex   3.369290e+01 -5.227758e+01 3.377035e+01
      vertex   3.429261e+01 -4.906588e+01 4.314651e+01
      vertex   3.432517e+01 -4.889147e+01 4.306259e+01
    endloop
  endfacet
  facet normal -9.830097e-01 1.835534e-01 -2.054967e-15
    outer loop
      vertex   3.369290e+01 -5.227758e+01 3.377035e+01
      vertex   3.432517e+01 -4.889147e+01 4.306259e+01
      vertex   3.435909e+01 -4.870981e+01 4.299647e+01
    endloop
  endfacet
  facet normal -9.830097e-01 1.835534e-01 2.630621e-15
    outer loop
      vertex   3.369290e+01 -5.227758e+01 3.377035e+01
      vertex   3.435909e+01 -4.870981e+01 4.299647e+01
      vertex   3.372039e+01 -5.213034e+01 3.376011e+01
    endloop
  endfacet
  facet normal -9.830097e-01 1.835534e-01 -1.153812e-15
    outer loop
      vertex   3.372039e+01 -5.213034e+01 3.376011e+01
      vertex   3.435909e+01 -4.870981e+01 4.299647e+01
      vertex   3.439404e+01 -4.852266e+01 4.294878e+01
    endloop
  endfacet
  facet normal -9.830097e-01 1.835534e-01 2.903114e-15
    outer loop
      vertex   3.372039e+01 -5.213034e+01 3.376011e+01
      vertex   3.439404e+01 -4.852266e+01 4.294878e+01
      vertex   3.374737e+01 -5.198585e+01 3.372956e+01
    endloop
  endfacet
  facet normal -9.830097e-01 1.835534e-01 -7.513652e-15
    outer loop
      vertex   3.374737e+01 -5.198585e+01 3.372956e+01
      vertex   3.439404e+01 -4.852266e+01 4.294878e+01
      vertex   3.442968e+01 -4.833181e+01 4.291998e+01
    endloop
  endfacet
  facet normal -9.830097e-01 1.835534e-01 4.507689e-15
    outer loop
      vertex   3.374737e+01 -5.198585e+01 3.372956e+01
      vertex   3.442968e+01 -4.833181e+01 4.291998e+01
      vertex   3.377334e+01 -5.184678e+01 3.367928e+01
    endloop
  endfacet
  facet normal -9.830097e-01 1.835534e-01 3.175623e-14
    outer loop
      vertex   3.377334e+01 -5.184678e+01 3.367928e+01
      vertex   3.442968e+01 -4.833181e+01 4.291998e+01
      vertex   3.446566e+01 -4.813911e+01 4.291035e+01
    endloop
  endfacet
  facet normal -9.830097e-01 1.835534e-01 -4.300069e-15
    outer loop
      vertex   3.377334e+01 -5.184678e+01 3.367928e+01
      vertex   3.446566e+01 -4.813911e+01 4.291035e+01
      vertex   3.379781e+01 -5.171575e+01 3.361021e+01
    endloop
  endfacet
  facet normal -9.830097e-01 1.835534e-01 -2.859991e-17
    outer loop
      vertex   3.379781e+01 -5.171575e+01 3.361021e+01
      vertex   3.446566e+01 -4.813911e+01 4.291035e+01
      vertex   3.382032e+01 -5.159518e+01 3.352363e+01
    endloop
  endfacet
  facet normal -9.830097e-01 1.835534e-01 3.992989e-15
    outer loop
      vertex   3.382032e+01 -5.159518e+01 3.352363e+01
      vertex   3.446566e+01 -4.813911e+01 4.291035e+01
      vertex   3.384046e+01 -5.148732e+01 3.342116e+01
    endloop
  endfacet
  facet normal -9.830097e-01 1.835534e-01 -9.762395e-15
    outer loop
      vertex   3.384046e+01 -5.148732e+01 3.342116e+01
      vertex   3.446566e+01 -4.813911e+01 4.291035e+01
      vertex   3.385785e+01 -5.139418e+01 3.330470e+01
    endloop
  endfacet
  facet normal -9.830097e-01 1.835534e-01 -2.996133e-16
    outer loop
      vertex   3.385785e+01 -5.139418e+01 3.330470e+01
      vertex   3.446566e+01 -4.813911e+01 4.291035e+01
      vertex   3.722127e+01 -3.338161e+01 3.274542e+01
    endloop
  endfacet
  facet normal -9.830097e-01 1.835534e-01 5.120619e-14
    outer loop
      vertex   3.385785e+01 -5.139418e+01 3.330470e+01
      vertex   3.722127e+01 -3.338161e+01 3.274542e+01
      vertex   3.387217e+01 -5.131750e+01 3.317642e+01
    endloop
  endfacet
  facet normal -9.830097e-01 1.835534e-01 -2.151914e-14
    outer loop
      vertex   3.387217e+01 -5.131750e+01 3.317642e+01
      vertex   3.722127e+01 -3.338161e+01 3.274542e+01
      vertex   3.388315e+01 -5.125870e+01 3.303872e+01
    endloop
  endfacet
  facet normal -9.830097e-01 1.835534e-01 -1.854821e-14
    outer loop
      vertex   3.388315e+01 -5.125870e+01 3.303872e+01
      vertex   3.722127e+01 -3.338161e+01 3.274542e+01
      vertex   3.389059e+01 -5.121889e+01 3.289415e+01
    endloop
  endfacet
  facet normal -9.830097e-01 1.835534e-01 1.399186e-14
    outer loop
      vertex   3.389059e+01 -5.121889e+01 3.289415e+01
      vertex   3.722127e+01 -3.338161e+01 3.274542e+01
      vertex   3.389434e+01 -5.119879e+01 3.274542e+01
    endloop
  endfacet
  facet normal -9.830097e-01 1.835534e-01 0.000000e+00
    outer loop
      vertex   3.389434e+01 -5.119879e+01 3.274542e+01
      vertex   3.722127e+01 -3.338161e+01 3.274542e+01
      vertex   3.722127e+01 -3.338161e+01 3.259529e+01
    endloop
  endfacet
  facet normal -9.830097e-01 1.835534e-01 0.000000e+00
    outer loop
      vertex   3.389434e+01 -5.119879e+01 3.274542e+01
      vertex   3.722127e+01 -3.338161e+01 3.259529e+01
      vertex   3.389434e+01 -5.119879e+01 3.259529e+01
    endloop
  endfacet
  facet normal -9.830097e-01 1.835534e-01 -1.399186e-14
    outer loop
      vertex   3.389434e+01 -5.119879e+01 3.259529e+01
      vertex   3.722127e+01 -3.338161e+01 3.259529e+01
      vertex   3.389059e+01 -5.121889e+01 3.244655e+01
    endloop
  endfacet
  facet normal -9.830097e-01 1.835534e-01 -2.366791e-14
    outer loop
      vertex   3.389059e+01 -5.121889e+01 3.244655e+01
      vertex   3.722127e+01 -3.338161e+01 3.259529e+01
      vertex   3.722502e+01 -3.336152e+01 3.244655e+01
    endloop
  endfacet
  facet normal -9.830097e-01 1.835534e-01 1.844251e-14
    outer loop
      vertex   3.389059e+01 -5.121889e+01 3.244655e+01
      vertex   3.722502e+01 -3.336152e+01 3.244655e+01
      vertex   3.388315e+01 -5.125870e+01 3.230198e+01
    endloop
  endfacet
  facet normal -9.830097e-01 1.835534e-01 -1.077437e-14
    outer loop
      vertex   3.388315e+01 -5.125870e+01 3.230198e+01
      vertex   3.722502e+01 -3.336152e+01 3.244655e+01
      vertex   3.723245e+01 -3.332170e+01 3.230198e+01
    endloop
  endfacet
  facet normal -9.830097e-01 1.835534e-01 2.125283e-14
    outer loop
      vertex   3.388315e+01 -5.125870e+01 3.230198e+01
      vertex   3.723245e+01 -3.332170e+01 3.230198e+01
      vertex   3.387217e+01 -5.131750e+01 3.216428e+01
    endloop
  endfacet
  facet normal -9.830097e-01 1.835534e-01 2.809401e-14
    outer loop
      vertex   3.387217e+01 -5.131750e+01 3.216428e+01
      vertex   3.723245e+01 -3.332170e+01 3.230198e+01
      vertex   3.724343e+01 -3.326290e+01 3.216428e+01
    endloop
  endfacet
  facet normal -9.830097e-01 1.835534e-01 -3.015866e-15
    outer loop
      vertex   3.387217e+01 -5.131750e+01 3.216428e+01
      vertex   3.724343e+01 -3.326290e+01 3.216428e+01
      vertex   3.725775e+01 -3.318622e+01 3.203600e+01
    endloop
  endfacet
  facet normal -9.830097e-01 1.835534e-01 5.874065e-16
    outer loop
      vertex   3.446566e+01 -4.813911e+01 4.291035e+01
      vertex   3.664995e+01 -3.644129e+01 4.291035e+01
      vertex   3.722127e+01 -3.338161e+01 3.274542e+01
    endloop
  endfacet
  facet normal -9.830097e-01 1.835534e-01 -1.976022e-15
    outer loop
      vertex   3.722127e+01 -3.338161e+01 3.274542e+01
      vertex   3.664995e+01 -3.644129e+01 4.291035e+01
      vertex   3.668593e+01 -3.624859e+01 4.291998e+01
    endloop
  endfacet
  facet normal -9.830097e-01 1.835534e-01 6.792836e-15
    outer loop
      vertex   3.722127e+01 -3.338161e+01 3.274542e+01
      vertex   3.668593e+01 -3.624859e+01 4.291998e+01
      vertex   3.672156e+01 -3.605774e+01 4.294878e+01
    endloop
  endfacet
  facet normal -9.830097e-01 1.835534e-01 2.049088e-15
    outer loop
      vertex   3.672156e+01 -3.605774e+01 4.294878e+01
      vertex   3.675651e+01 -3.587059e+01 4.299647e+01
      vertex   3.722127e+01 -3.338161e+01 3.274542e+01
    endloop
  endfacet
  facet normal -9.830097e-01 1.835534e-01 2.584683e-15
    outer loop
      vertex   3.722127e+01 -3.338161e+01 3.274542e+01
      vertex   3.675651e+01 -3.587059e+01 4.299647e+01
      vertex   3.679043e+01 -3.568893e+01 4.306259e+01
    endloop
  endfacet
  facet normal -9.830097e-01 1.835534e-01 -2.737898e-16
    outer loop
      vertex   3.722127e+01 -3.338161e+01 3.274542e+01
      vertex   3.679043e+01 -3.568893e+01 4.306259e+01
      vertex   3.682300e+01 -3.551452e+01 4.314651e+01
    endloop
  endfacet
  facet normal -9.830097e-01 1.835534e-01 -4.015544e-15
    outer loop
      vertex   3.682300e+01 -3.551452e+01 4.314651e+01
      vertex   3.685390e+01 -3.534903e+01 4.324741e+01
      vertex   3.722127e+01 -3.338161e+01 3.274542e+01
    endloop
  endfacet
  facet normal -9.830097e-01 1.835534e-01 8.519380e-15
    outer loop
      vertex   3.722127e+01 -3.338161e+01 3.274542e+01
      vertex   3.685390e+01 -3.534903e+01 4.324741e+01
      vertex   3.688284e+01 -3.519406e+01 4.336433e+01
    endloop
  endfacet
  facet normal -9.830097e-01 1.835534e-01 -4.223978e-15
    outer loop
      vertex   3.722127e+01 -3.338161e+01 3.274542e+01
      vertex   3.688284e+01 -3.519406e+01 4.336433e+01
      vertex   3.690953e+01 -3.505111e+01 4.349614e+01
    endloop
  endfacet
  facet normal -9.830097e-01 1.835534e-01 1.263505e-15
    outer loop
      vertex   3.690953e+01 -3.505111e+01 4.349614e+01
      vertex   3.693372e+01 -3.492154e+01 4.364157e+01
      vertex   3.722127e+01 -3.338161e+01 3.274542e+01
    endloop
  endfacet
  facet normal -9.830097e-01 1.835534e-01 4.233819e-15
    outer loop
      vertex   3.722127e+01 -3.338161e+01 3.274542e+01
      vertex   3.693372e+01 -3.492154e+01 4.364157e+01
      vertex   3.695518e+01 -3.480661e+01 4.379921e+01
    endloop
  endfacet
  facet normal -9.830097e-01 1.835534e-01 -1.510892e-15
    outer loop
      vertex   3.722127e+01 -3.338161e+01 3.274542e+01
      vertex   3.695518e+01 -3.480661e+01 4.379921e+01
      vertex   3.697370e+01 -3.470742e+01 4.396756e+01
    endloop
  endfacet
  facet normal -9.830097e-01 1.835534e-01 3.910031e-15
    outer loop
      vertex   3.697370e+01 -3.470742e+01 4.396756e+01
      vertex   3.698911e+01 -3.462493e+01 4.414499e+01
      vertex   3.722127e+01 -3.338161e+01 3.274542e+01
    endloop
  endfacet
  facet normal -9.830097e-01 1.835534e-01 -7.195438e-15
    outer loop
      vertex   3.722127e+01 -3.338161e+01 3.274542e+01
      vertex   3.698911e+01 -3.462493e+01 4.414499e+01
      vertex   3.700124e+01 -3.455993e+01 4.432978e+01
    endloop
  endfacet
  facet normal -9.830097e-01 1.835534e-01 1.013272e-14
    outer loop
      vertex   3.722127e+01 -3.338161e+01 3.274542e+01
      vertex   3.700124e+01 -3.455993e+01 4.432978e+01
      vertex   3.701000e+01 -3.451305e+01 4.452017e+01
    endloop
  endfacet
  facet normal -9.830097e-01 1.835534e-01 -1.707946e-14
    outer loop
      vertex   3.701528e+01 -3.448474e+01 4.471432e+01
      vertex   3.721111e+01 -3.343603e+01 4.767419e+01
      vertex   3.701000e+01 -3.451305e+01 4.452017e+01
    endloop
  endfacet
  facet normal -9.830097e-01 1.835534e-01 -1.756544e-15
    outer loop
      vertex   3.701000e+01 -3.451305e+01 4.452017e+01
      vertex   3.721111e+01 -3.343603e+01 4.767419e+01
      vertex   3.722127e+01 -3.338161e+01 4.529529e+01
    endloop
  endfacet
  facet normal -9.830097e-01 1.835534e-01 1.973650e-14
    outer loop
      vertex   3.701000e+01 -3.451305e+01 4.452017e+01
      vertex   3.722127e+01 -3.338161e+01 4.529529e+01
      vertex   3.722502e+01 -3.336152e+01 4.514655e+01
    endloop
  endfacet
  facet normal -9.830097e-01 1.835534e-01 -5.304104e-14
    outer loop
      vertex   3.701528e+01 -3.448474e+01 4.471432e+01
      vertex   3.701705e+01 -3.447527e+01 4.491035e+01
      vertex   3.721111e+01 -3.343603e+01 4.767419e+01
    endloop
  endfacet
  facet normal -9.830097e-01 1.835534e-01 -2.817246e-16
    outer loop
      vertex   3.349146e+01 -5.335637e+01 3.274542e+01
      vertex   3.349146e+01 -5.335637e+01 4.529529e+01
      vertex   3.349521e+01 -5.333627e+01 3.289415e+01
    endloop
  endfacet
  facet normal -9.830097e-01 1.835534e-01 -2.885644e-16
    outer loop
      vertex   3.349521e+01 -5.333627e+01 3.289415e+01
      vertex   3.349146e+01 -5.335637e+01 4.529529e+01
      vertex   3.349521e+01 -5.333627e+01 4.514655e+01
    endloop
  endfacet
  facet normal -9.830097e-01 1.835534e-01 -2.885644e-16
    outer loop
      vertex   3.349521e+01 -5.333627e+01 3.289415e+01
      vertex   3.349521e+01 -5.333627e+01 4.514655e+01
      vertex   3.350265e+01 -5.329646e+01 3.303872e+01
    endloop
  endfacet
  facet normal -9.830097e-01 1.835534e-01 -5.135769e-16
    outer loop
      vertex   3.350265e+01 -5.329646e+01 3.303872e+01
      vertex   3.349521e+01 -5.333627e+01 4.514655e+01
      vertex   3.350265e+01 -5.329646e+01 4.500198e+01
    endloop
  endfacet
  facet normal -9.830097e-01 1.835534e-01 -5.135769e-16
    outer loop
      vertex   3.350265e+01 -5.329646e+01 3.303872e+01
      vertex   3.350265e+01 -5.329646e+01 4.500198e+01
      vertex   3.351363e+01 -5.323766e+01 3.317642e+01
    endloop
  endfacet
  facet normal -9.830097e-01 1.835534e-01 -5.256786e-16
    outer loop
      vertex   3.351363e+01 -5.323766e+01 3.317642e+01
      vertex   3.350265e+01 -5.329646e+01 4.500198e+01
      vertex   3.351363e+01 -5.323766e+01 4.486428e+01
    endloop
  endfacet
  facet normal -9.830097e-01 1.835534e-01 -5.256786e-16
    outer loop
      vertex   3.351363e+01 -5.323766e+01 3.317642e+01
      vertex   3.351363e+01 -5.323766e+01 4.486428e+01
      vertex   3.352795e+01 -5.316098e+01 3.330470e+01
    endloop
  endfacet
  facet normal -9.830097e-01 1.835534e-01 -3.092916e-16
    outer loop
      vertex   3.352795e+01 -5.316098e+01 3.330470e+01
      vertex   3.351363e+01 -5.323766e+01 4.486428e+01
      vertex   3.352795e+01 -5.316098e+01 4.473600e+01
    endloop
  endfacet
  facet normal -9.830097e-01 1.835534e-01 -3.092916e-16
    outer loop
      vertex   3.352795e+01 -5.316098e+01 3.330470e+01
      vertex   3.352795e+01 -5.316098e+01 4.473600e+01
      vertex   3.354534e+01 -5.306784e+01 3.342116e+01
    endloop
  endfacet
  facet normal -9.830097e-01 1.835534e-01 -4.321902e-16
    outer loop
      vertex   3.354534e+01 -5.306784e+01 3.342116e+01
      vertex   3.352795e+01 -5.316098e+01 4.473600e+01
      vertex   3.354534e+01 -5.306784e+01 4.461954e+01
    endloop
  endfacet
  facet normal -9.830097e-01 1.835534e-01 -4.321902e-16
    outer loop
      vertex   3.354534e+01 -5.306784e+01 3.342116e+01
      vertex   3.354534e+01 -5.306784e+01 4.461954e+01
      vertex   3.356548e+01 -5.295998e+01 3.352363e+01
    endloop
  endfacet
  facet normal -9.830097e-01 1.835534e-01 -4.402474e-16
    outer loop
      vertex   3.356548e+01 -5.295998e+01 3.352363e+01
      vertex   3.354534e+01 -5.306784e+01 4.461954e+01
      vertex   3.356548e+01 -5.295998e+01 4.451707e+01
    endloop
  endfacet
  facet normal -9.830097e-01 1.835534e-01 -4.402474e-16
    outer loop
      vertex   3.356548e+01 -5.295998e+01 3.352363e+01
      vertex   3.356548e+01 -5.295998e+01 4.451707e+01
      vertex   3.358799e+01 -5.283941e+01 3.361021e+01
    endloop
  endfacet
  facet normal -9.830097e-01 1.835534e-01 -5.678280e-16
    outer loop
      vertex   3.358799e+01 -5.283941e+01 3.361021e+01
      vertex   3.356548e+01 -5.295998e+01 4.451707e+01
      vertex   3.358799e+01 -5.283941e+01 4.443049e+01
    endloop
  endfacet
  facet normal -9.830097e-01 1.835534e-01 -5.678280e-16
    outer loop
      vertex   3.358799e+01 -5.283941e+01 3.361021e+01
      vertex   3.358799e+01 -5.283941e+01 4.443049e+01
      vertex   3.361246e+01 -5.270837e+01 3.367928e+01
    endloop
  endfacet
  facet normal -9.830097e-01 1.835534e-01 -5.751712e-16
    outer loop
      vertex   3.361246e+01 -5.270837e+01 3.367928e+01
      vertex   3.358799e+01 -5.283941e+01 4.443049e+01
      vertex   3.361246e+01 -5.270837e+01 4.436142e+01
    endloop
  endfacet
  facet normal -9.830097e-01 1.835534e-01 -5.751712e-16
    outer loop
      vertex   3.361246e+01 -5.270837e+01 3.367928e+01
      vertex   3.361246e+01 -5.270837e+01 4.436142e+01
      vertex   3.363843e+01 -5.256931e+01 3.372956e+01
    endloop
  endfacet
  facet normal -9.830097e-01 1.835534e-01 -5.806369e-16
    outer loop
      vertex   3.363843e+01 -5.256931e+01 3.372956e+01
      vertex   3.361246e+01 -5.270837e+01 4.436142e+01
      vertex   3.363843e+01 -5.256931e+01 4.431114e+01
    endloop
  endfacet
  facet normal -9.830097e-01 1.835534e-01 -5.806369e-16
    outer loop
      vertex   3.363843e+01 -5.256931e+01 3.372956e+01
      vertex   3.363843e+01 -5.256931e+01 4.431114e+01
      vertex   3.366541e+01 -5.242482e+01 3.376011e+01
    endloop
  endfacet
  facet normal -9.830097e-01 1.835534e-01 -5.840085e-16
    outer loop
      vertex   3.366541e+01 -5.242482e+01 3.376011e+01
      vertex   3.363843e+01 -5.256931e+01 4.431114e+01
      vertex   3.366541e+01 -5.242482e+01 4.428060e+01
    endloop
  endfacet
  facet normal -9.830097e-01 1.835534e-01 -2.761725e-15
    outer loop
      vertex   3.727514e+01 -3.309308e+01 3.342116e+01
      vertex   3.725775e+01 -3.318622e+01 3.330470e+01
      vertex   3.701000e+01 -3.451305e+01 4.452017e+01
    endloop
  endfacet
  facet normal -9.830097e-01 1.835534e-01 1.483084e-15
    outer loop
      vertex   3.701000e+01 -3.451305e+01 4.452017e+01
      vertex   3.725775e+01 -3.318622e+01 3.330470e+01
      vertex   3.724343e+01 -3.326290e+01 3.317642e+01
    endloop
  endfacet
  facet normal -9.830097e-01 1.835534e-01 -5.267376e-15
    outer loop
      vertex   3.701000e+01 -3.451305e+01 4.452017e+01
      vertex   3.724343e+01 -3.326290e+01 3.317642e+01
      vertex   3.723245e+01 -3.332170e+01 3.303872e+01
    endloop
  endfacet
  facet normal -9.830097e-01 1.835534e-01 3.048045e-15
    outer loop
      vertex   3.723245e+01 -3.332170e+01 3.303872e+01
      vertex   3.722502e+01 -3.336152e+01 3.289415e+01
      vertex   3.701000e+01 -3.451305e+01 4.452017e+01
    endloop
  endfacet
  facet normal -9.830097e-01 1.835534e-01 1.064656e-14
    outer loop
      vertex   3.701000e+01 -3.451305e+01 4.452017e+01
      vertex   3.722502e+01 -3.336152e+01 3.289415e+01
      vertex   3.722127e+01 -3.338161e+01 3.274542e+01
    endloop
  endfacet
  facet normal -9.830097e-01 1.835534e-01 4.165736e-14
    outer loop
      vertex   3.727514e+01 -3.309308e+01 3.191954e+01
      vertex   3.729528e+01 -3.298522e+01 3.181707e+01
      vertex   3.742271e+01 -3.230282e+01 3.013035e+01
    endloop
  endfacet
  facet normal -9.830097e-01 1.835534e-01 -5.483777e-15
    outer loop
      vertex   3.742271e+01 -3.230282e+01 3.013035e+01
      vertex   3.729528e+01 -3.298522e+01 3.181707e+01
      vertex   3.731780e+01 -3.286465e+01 3.173049e+01
    endloop
  endfacet
  facet normal -9.830097e-01 1.835534e-01 5.429018e-15
    outer loop
      vertex   3.742271e+01 -3.230282e+01 3.013035e+01
      vertex   3.731780e+01 -3.286465e+01 3.173049e+01
      vertex   3.734226e+01 -3.273362e+01 3.166142e+01
    endloop
  endfacet
  facet normal -9.830097e-01 1.835534e-01 1.168021e-15
    outer loop
      vertex   3.734226e+01 -3.273362e+01 3.166142e+01
      vertex   3.736823e+01 -3.259456e+01 3.161114e+01
      vertex   3.742271e+01 -3.230282e+01 3.013035e+01
    endloop
  endfacet
  facet normal -9.830097e-01 1.835534e-01 1.796254e-15
    outer loop
      vertex   3.742271e+01 -3.230282e+01 3.013035e+01
      vertex   3.736823e+01 -3.259456e+01 3.161114e+01
      vertex   3.739521e+01 -3.245006e+01 3.158060e+01
    endloop
  endfacet
  facet normal -9.830097e-01 1.835534e-01 -8.264441e-18
    outer loop
      vertex   3.742271e+01 -3.230282e+01 3.013035e+01
      vertex   3.739521e+01 -3.245006e+01 3.158060e+01
      vertex   3.742271e+01 -3.230282e+01 3.157035e+01
    endloop
  endfacet
  facet normal -9.830097e-01 1.835534e-01 4.313990e-15
    outer loop
      vertex   3.734226e+01 -3.273362e+01 4.637928e+01
      vertex   3.731780e+01 -3.286465e+01 4.631021e+01
      vertex   3.721111e+01 -3.343603e+01 4.767419e+01
    endloop
  endfacet
  facet normal -9.830097e-01 1.835534e-01 -2.550801e-16
    outer loop
      vertex   3.721111e+01 -3.343603e+01 4.767419e+01
      vertex   3.731780e+01 -3.286465e+01 4.631021e+01
      vertex   3.729528e+01 -3.298522e+01 4.622363e+01
    endloop
  endfacet
  facet normal -9.830097e-01 1.835534e-01 1.176376e-14
    outer loop
      vertex   3.721111e+01 -3.343603e+01 4.767419e+01
      vertex   3.729528e+01 -3.298522e+01 4.622363e+01
      vertex   3.727514e+01 -3.309308e+01 4.612116e+01
    endloop
  endfacet
  facet normal -9.830097e-01 1.835534e-01 -3.519782e-15
    outer loop
      vertex   3.727514e+01 -3.309308e+01 4.612116e+01
      vertex   3.725775e+01 -3.318622e+01 4.600470e+01
      vertex   3.721111e+01 -3.343603e+01 4.767419e+01
    endloop
  endfacet
  facet normal -9.830097e-01 1.835534e-01 1.672607e-15
    outer loop
      vertex   3.721111e+01 -3.343603e+01 4.767419e+01
      vertex   3.725775e+01 -3.318622e+01 4.600470e+01
      vertex   3.724343e+01 -3.326290e+01 4.587642e+01
    endloop
  endfacet
  facet normal -9.830097e-01 1.835534e-01 -4.357114e-15
    outer loop
      vertex   3.721111e+01 -3.343603e+01 4.767419e+01
      vertex   3.724343e+01 -3.326290e+01 4.587642e+01
      vertex   3.723245e+01 -3.332170e+01 4.573872e+01
    endloop
  endfacet
  facet normal -9.830097e-01 1.835534e-01 9.246507e-16
    outer loop
      vertex   3.723245e+01 -3.332170e+01 4.573872e+01
      vertex   3.722502e+01 -3.336152e+01 4.559415e+01
      vertex   3.721111e+01 -3.343603e+01 4.767419e+01
    endloop
  endfacet
  facet normal -9.830097e-01 1.835534e-01 -4.915470e-15
    outer loop
      vertex   3.721111e+01 -3.343603e+01 4.767419e+01
      vertex   3.722502e+01 -3.336152e+01 4.559415e+01
      vertex   3.722127e+01 -3.338161e+01 4.544542e+01
    endloop
  endfacet
  facet normal -9.830097e-01 1.835534e-01 0.000000e+00
    outer loop
      vertex   3.721111e+01 -3.343603e+01 4.767419e+01
      vertex   3.722127e+01 -3.338161e+01 4.544542e+01
      vertex   3.722127e+01 -3.338161e+01 4.529529e+01
    endloop
  endfacet
  facet normal -9.830097e-01 1.835534e-01 -1.102901e-14
    outer loop
      vertex   3.722502e+01 -3.336152e+01 4.514655e+01
      vertex   3.723245e+01 -3.332170e+01 4.500198e+01
      vertex   3.701000e+01 -3.451305e+01 4.452017e+01
    endloop
  endfacet
  facet normal -9.830097e-01 1.835534e-01 2.127319e-14
    outer loop
      vertex   3.701000e+01 -3.451305e+01 4.452017e+01
      vertex   3.723245e+01 -3.332170e+01 4.500198e+01
      vertex   3.724343e+01 -3.326290e+01 4.486428e+01
    endloop
  endfacet
  facet normal -9.830097e-01 1.835534e-01 -1.022683e-14
    outer loop
      vertex   3.701000e+01 -3.451305e+01 4.452017e+01
      vertex   3.724343e+01 -3.326290e+01 4.486428e+01
      vertex   3.725775e+01 -3.318622e+01 4.473600e+01
    endloop
  endfacet
  facet normal -9.830097e-01 1.835534e-01 1.638604e-14
    outer loop
      vertex   3.725775e+01 -3.318622e+01 4.473600e+01
      vertex   3.727514e+01 -3.309308e+01 4.461954e+01
      vertex   3.701000e+01 -3.451305e+01 4.452017e+01
    endloop
  endfacet
  facet normal -9.830097e-01 1.835534e-01 -6.182340e-14
    outer loop
      vertex   3.701000e+01 -3.451305e+01 4.452017e+01
      vertex   3.727514e+01 -3.309308e+01 4.461954e+01
      vertex   3.729528e+01 -3.298522e+01 4.451707e+01
    endloop
  endfacet
  facet normal -9.830097e-01 1.835534e-01 -1.199719e-14
    outer loop
      vertex   3.701000e+01 -3.451305e+01 4.452017e+01
      vertex   3.729528e+01 -3.298522e+01 4.451707e+01
      vertex   3.731780e+01 -3.286465e+01 4.443049e+01
    endloop
  endfacet
  facet normal -9.830097e-01 1.835534e-01 8.069152e-16
    outer loop
      vertex   3.374737e+01 -5.198585e+01 3.161114e+01
      vertex   3.377334e+01 -5.184678e+01 3.166142e+01
      vertex   3.369290e+01 -5.227758e+01 3.013035e+01
    endloop
  endfacet
  facet normal -9.830097e-01 1.835534e-01 -6.426999e-15
    outer loop
      vertex   3.369290e+01 -5.227758e+01 3.013035e+01
      vertex   3.377334e+01 -5.184678e+01 3.166142e+01
      vertex   3.379781e+01 -5.171575e+01 3.173049e+01
    endloop
  endfacet
  facet normal -9.830097e-01 1.835534e-01 -7.563831e-16
    outer loop
      vertex   3.369290e+01 -5.227758e+01 3.013035e+01
      vertex   3.379781e+01 -5.171575e+01 3.173049e+01
      vertex   3.382032e+01 -5.159518e+01 3.181707e+01
    endloop
  endfacet
  facet normal -9.830097e-01 1.835534e-01 8.830874e-15
    outer loop
      vertex   3.382032e+01 -5.159518e+01 3.181707e+01
      vertex   3.384046e+01 -5.148732e+01 3.191954e+01
      vertex   3.369290e+01 -5.227758e+01 3.013035e+01
    endloop
  endfacet
  facet normal -9.830097e-01 1.835534e-01 -4.278722e-14
    outer loop
      vertex   3.369290e+01 -5.227758e+01 3.013035e+01
      vertex   3.384046e+01 -5.148732e+01 3.191954e+01
      vertex   3.385785e+01 -5.139418e+01 3.203600e+01
    endloop
  endfacet
  facet normal -9.830097e-01 1.835534e-01 -5.032390e-14
    outer loop
      vertex   3.385785e+01 -5.139418e+01 3.203600e+01
      vertex   3.387217e+01 -5.131750e+01 3.216428e+01
      vertex   3.725775e+01 -3.318622e+01 3.203600e+01
    endloop
  endfacet
endsolid
