solid ASCII
  facet normal 5.233596e-02 -9.986295e-01 0.000000e+00
    outer loop
      vertex   1.100000e+01 2.600000e+01 -1.470000e+01
      vertex   1.100000e+01 2.600000e+01 -1.320000e+01
      vertex   1.047736e+01 2.597261e+01 -1.470000e+01
    endloop
  endfacet
  facet normal 5.233596e-02 -9.986295e-01 0.000000e+00
    outer loop
      vertex   1.047736e+01 2.597261e+01 -1.470000e+01
      vertex   1.100000e+01 2.600000e+01 -1.320000e+01
      vertex   1.047736e+01 2.597261e+01 -1.320000e+01
    endloop
  endfacet
  facet normal 1.564345e-01 -9.876883e-01 0.000000e+00
    outer loop
      vertex   1.047736e+01 2.597261e+01 -1.470000e+01
      vertex   1.047736e+01 2.597261e+01 -1.320000e+01
      vertex   9.960442e+00 2.589074e+01 -1.470000e+01
    endloop
  endfacet
  facet normal 1.564345e-01 -9.876883e-01 0.000000e+00
    outer loop
      vertex   9.960442e+00 2.589074e+01 -1.470000e+01
      vertex   1.047736e+01 2.597261e+01 -1.320000e+01
      vertex   9.960442e+00 2.589074e+01 -1.320000e+01
    endloop
  endfacet
  facet normal 2.588190e-01 -9.659258e-01 0.000000e+00
    outer loop
      vertex   9.960442e+00 2.589074e+01 -1.470000e+01
      vertex   9.960442e+00 2.589074e+01 -1.320000e+01
      vertex   9.454915e+00 2.575528e+01 -1.470000e+01
    endloop
  endfacet
  facet normal 2.588190e-01 -9.659258e-01 0.000000e+00
    outer loop
      vertex   9.454915e+00 2.575528e+01 -1.470000e+01
      vertex   9.960442e+00 2.589074e+01 -1.320000e+01
      vertex   9.454915e+00 2.575528e+01 -1.320000e+01
    endloop
  endfacet
  facet normal 3.583679e-01 -9.335804e-01 0.000000e+00
    outer loop
      vertex   9.454915e+00 2.575528e+01 -1.470000e+01
      vertex   9.454915e+00 2.575528e+01 -1.320000e+01
      vertex   8.966317e+00 2.556773e+01 -1.470000e+01
    endloop
  endfacet
  facet normal 3.583679e-01 -9.335804e-01 -4.243929e-16
    outer loop
      vertex   8.966317e+00 2.556773e+01 -1.470000e+01
      vertex   9.454915e+00 2.575528e+01 -1.320000e+01
      vertex   8.966317e+00 2.556773e+01 -1.320000e+01
    endloop
  endfacet
  facet normal 4.539905e-01 -8.910065e-01 -5.376328e-16
    outer loop
      vertex   8.966317e+00 2.556773e+01 -1.470000e+01
      vertex   8.966317e+00 2.556773e+01 -1.320000e+01
      vertex   8.500000e+00 2.533013e+01 -1.470000e+01
    endloop
  endfacet
  facet normal 4.539905e-01 -8.910065e-01 0.000000e+00
    outer loop
      vertex   8.500000e+00 2.533013e+01 -1.470000e+01
      vertex   8.966317e+00 2.556773e+01 -1.320000e+01
      vertex   8.500000e+00 2.533013e+01 -1.320000e+01
    endloop
  endfacet
  facet normal 5.446390e-01 -8.386706e-01 0.000000e+00
    outer loop
      vertex   8.500000e+00 2.533013e+01 -1.470000e+01
      vertex   8.500000e+00 2.533013e+01 -1.320000e+01
      vertex   8.061074e+00 2.504508e+01 -1.470000e+01
    endloop
  endfacet
  facet normal 5.446390e-01 -8.386706e-01 0.000000e+00
    outer loop
      vertex   8.061074e+00 2.504508e+01 -1.470000e+01
      vertex   8.500000e+00 2.533013e+01 -1.320000e+01
      vertex   8.061074e+00 2.504508e+01 -1.320000e+01
    endloop
  endfacet
  facet normal 6.293204e-01 -7.771460e-01 0.000000e+00
    outer loop
      vertex   8.061074e+00 2.504508e+01 -1.470000e+01
      vertex   8.061074e+00 2.504508e+01 -1.320000e+01
      vertex   7.654347e+00 2.471572e+01 -1.470000e+01
    endloop
  endfacet
  facet normal 6.293204e-01 -7.771460e-01 0.000000e+00
    outer loop
      vertex   7.654347e+00 2.471572e+01 -1.470000e+01
      vertex   8.061074e+00 2.504508e+01 -1.320000e+01
      vertex   7.654347e+00 2.471572e+01 -1.320000e+01
    endloop
  endfacet
  facet normal 7.071068e-01 -7.071068e-01 0.000000e+00
    outer loop
      vertex   7.654347e+00 2.471572e+01 -1.470000e+01
      vertex   7.654347e+00 2.471572e+01 -1.320000e+01
      vertex   7.284276e+00 2.434565e+01 -1.470000e+01
    endloop
  endfacet
  facet normal 7.071068e-01 -7.071068e-01 1.674765e-15
    outer loop
      vertex   7.284276e+00 2.434565e+01 -1.470000e+01
      vertex   7.654347e+00 2.471572e+01 -1.320000e+01
      vertex   7.284276e+00 2.434565e+01 -1.320000e+01
    endloop
  endfacet
  facet normal 7.771460e-01 -6.293204e-01 1.490530e-15
    outer loop
      vertex   7.284276e+00 2.434565e+01 -1.470000e+01
      vertex   7.284276e+00 2.434565e+01 -1.320000e+01
      vertex   6.954915e+00 2.393893e+01 -1.470000e+01
    endloop
  endfacet
  facet normal 7.771460e-01 -6.293204e-01 0.000000e+00
    outer loop
      vertex   6.954915e+00 2.393893e+01 -1.470000e+01
      vertex   7.284276e+00 2.434565e+01 -1.320000e+01
      vertex   6.954915e+00 2.393893e+01 -1.320000e+01
    endloop
  endfacet
  facet normal 8.386706e-01 -5.446390e-01 0.000000e+00
    outer loop
      vertex   6.954915e+00 2.393893e+01 -1.470000e+01
      vertex   6.954915e+00 2.393893e+01 -1.320000e+01
      vertex   6.669873e+00 2.350000e+01 -1.470000e+01
    endloop
  endfacet
  facet normal 8.386706e-01 -5.446390e-01 1.289964e-15
    outer loop
      vertex   6.669873e+00 2.350000e+01 -1.470000e+01
      vertex   6.954915e+00 2.393893e+01 -1.320000e+01
      vertex   6.669873e+00 2.350000e+01 -1.320000e+01
    endloop
  endfacet
  facet normal 8.910065e-01 -4.539905e-01 1.075266e-15
    outer loop
      vertex   6.669873e+00 2.350000e+01 -1.470000e+01
      vertex   6.669873e+00 2.350000e+01 -1.320000e+01
      vertex   6.432273e+00 2.303368e+01 -1.470000e+01
    endloop
  endfacet
  facet normal 8.910065e-01 -4.539905e-01 0.000000e+00
    outer loop
      vertex   6.432273e+00 2.303368e+01 -1.470000e+01
      vertex   6.669873e+00 2.350000e+01 -1.320000e+01
      vertex   6.432273e+00 2.303368e+01 -1.320000e+01
    endloop
  endfacet
  facet normal 9.335804e-01 -3.583679e-01 0.000000e+00
    outer loop
      vertex   6.432273e+00 2.303368e+01 -1.470000e+01
      vertex   6.432273e+00 2.303368e+01 -1.320000e+01
      vertex   6.244717e+00 2.254508e+01 -1.470000e+01
    endloop
  endfacet
  facet normal 9.335804e-01 -3.583679e-01 0.000000e+00
    outer loop
      vertex   6.244717e+00 2.254508e+01 -1.470000e+01
      vertex   6.432273e+00 2.303368e+01 -1.320000e+01
      vertex   6.244717e+00 2.254508e+01 -1.320000e+01
    endloop
  endfacet
  facet normal 9.659258e-01 -2.588190e-01 0.000000e+00
    outer loop
      vertex   6.244717e+00 2.254508e+01 -1.470000e+01
      vertex   6.244717e+00 2.254508e+01 -1.320000e+01
      vertex   6.109262e+00 2.203956e+01 -1.470000e+01
    endloop
  endfacet
  facet normal 9.659258e-01 -2.588190e-01 0.000000e+00
    outer loop
      vertex   6.109262e+00 2.203956e+01 -1.470000e+01
      vertex   6.244717e+00 2.254508e+01 -1.320000e+01
      vertex   6.109262e+00 2.203956e+01 -1.320000e+01
    endloop
  endfacet
  facet normal 9.876883e-01 -1.564345e-01 0.000000e+00
    outer loop
      vertex   6.109262e+00 2.203956e+01 -1.470000e+01
      vertex   6.109262e+00 2.203956e+01 -1.320000e+01
      vertex   6.027391e+00 2.152264e+01 -1.470000e+01
    endloop
  endfacet
  facet normal 9.876883e-01 -1.564345e-01 3.705112e-16
    outer loop
      vertex   6.027391e+00 2.152264e+01 -1.470000e+01
      vertex   6.109262e+00 2.203956e+01 -1.320000e+01
      vertex   6.027391e+00 2.152264e+01 -1.320000e+01
    endloop
  endfacet
  facet normal 9.986295e-01 -5.233596e-02 1.239564e-16
    outer loop
      vertex   6.027391e+00 2.152264e+01 -1.470000e+01
      vertex   6.027391e+00 2.152264e+01 -1.320000e+01
      vertex   6.000000e+00 2.100000e+01 -1.470000e+01
    endloop
  endfacet
  facet normal 9.986295e-01 -5.233596e-02 0.000000e+00
    outer loop
      vertex   6.000000e+00 2.100000e+01 -1.470000e+01
      vertex   6.027391e+00 2.152264e+01 -1.320000e+01
      vertex   6.000000e+00 2.100000e+01 -1.320000e+01
    endloop
  endfacet
  facet normal 1.000000e+00 0.000000e+00 0.000000e+00
    outer loop
      vertex   6.000000e+00 2.100000e+01 -1.320000e+01
      vertex   6.000000e+00 1.447767e+01 -1.320000e+01
      vertex   6.000000e+00 2.100000e+01 -1.470000e+01
    endloop
  endfacet
  facet normal 1.000000e+00 0.000000e+00 0.000000e+00
    outer loop
      vertex   6.000000e+00 2.100000e+01 -1.470000e+01
      vertex   6.000000e+00 1.447767e+01 -1.320000e+01
      vertex   6.000000e+00 1.447767e+01 -1.470000e+01
    endloop
  endfacet
  facet normal -5.388768e-02 -9.985470e-01 -0.000000e+00
    outer loop
      vertex   3.234545e+01 2.600000e+01 -1.320000e+01
      vertex   3.234545e+01 2.600000e+01 -1.470000e+01
      vertex   3.288355e+01 2.597096e+01 -1.320000e+01
    endloop
  endfacet
  facet normal -5.388768e-02 -9.985470e-01 -0.000000e+00
    outer loop
      vertex   3.288355e+01 2.597096e+01 -1.320000e+01
      vertex   3.234545e+01 2.600000e+01 -1.470000e+01
      vertex   3.288355e+01 2.597096e+01 -1.470000e+01
    endloop
  endfacet
  facet normal -1.610371e-01 -9.869484e-01 -0.000000e+00
    outer loop
      vertex   3.288355e+01 2.597096e+01 -1.320000e+01
      vertex   3.288355e+01 2.597096e+01 -1.470000e+01
      vertex   3.341539e+01 2.588418e+01 -1.320000e+01
    endloop
  endfacet
  facet normal -1.610371e-01 -9.869484e-01 -0.000000e+00
    outer loop
      vertex   3.341539e+01 2.588418e+01 -1.320000e+01
      vertex   3.288355e+01 2.597096e+01 -1.470000e+01
      vertex   3.341539e+01 2.588418e+01 -1.470000e+01
    endloop
  endfacet
  facet normal -2.663160e-01 -9.638858e-01 -0.000000e+00
    outer loop
      vertex   3.341539e+01 2.588418e+01 -1.320000e+01
      vertex   3.341539e+01 2.588418e+01 -1.470000e+01
      vertex   3.393481e+01 2.574067e+01 -1.320000e+01
    endloop
  endfacet
  facet normal -2.663160e-01 -9.638858e-01 -0.000000e+00
    outer loop
      vertex   3.393481e+01 2.574067e+01 -1.320000e+01
      vertex   3.341539e+01 2.588418e+01 -1.470000e+01
      vertex   3.393481e+01 2.574067e+01 -1.470000e+01
    endloop
  endfacet
  facet normal -3.685015e-01 -9.296272e-01 -0.000000e+00
    outer loop
      vertex   3.393481e+01 2.574067e+01 -1.320000e+01
      vertex   3.393481e+01 2.574067e+01 -1.470000e+01
      vertex   3.443576e+01 2.554209e+01 -1.320000e+01
    endloop
  endfacet
  facet normal -3.685015e-01 -9.296272e-01 -0.000000e+00
    outer loop
      vertex   3.443576e+01 2.554209e+01 -1.320000e+01
      vertex   3.393481e+01 2.574067e+01 -1.470000e+01
      vertex   3.443576e+01 2.554209e+01 -1.470000e+01
    endloop
  endfacet
  facet normal -4.664066e-01 -8.845704e-01 -0.000000e+00
    outer loop
      vertex   3.443576e+01 2.554209e+01 -1.320000e+01
      vertex   3.443576e+01 2.554209e+01 -1.470000e+01
      vertex   3.491244e+01 2.529076e+01 -1.320000e+01
    endloop
  endfacet
  facet normal -4.664066e-01 -8.845704e-01 -0.000000e+00
    outer loop
      vertex   3.491244e+01 2.529076e+01 -1.320000e+01
      vertex   3.443576e+01 2.554209e+01 -1.470000e+01
      vertex   3.491244e+01 2.529076e+01 -1.470000e+01
    endloop
  endfacet
  facet normal -5.588942e-01 -8.292389e-01 -0.000000e+00
    outer loop
      vertex   3.491244e+01 2.529076e+01 -1.320000e+01
      vertex   3.491244e+01 2.529076e+01 -1.470000e+01
      vertex   3.535929e+01 2.498958e+01 -1.320000e+01
    endloop
  endfacet
  facet normal -5.588942e-01 -8.292389e-01 -0.000000e+00
    outer loop
      vertex   3.535929e+01 2.498958e+01 -1.320000e+01
      vertex   3.491244e+01 2.529076e+01 -1.470000e+01
      vertex   3.535929e+01 2.498958e+01 -1.470000e+01
    endloop
  endfacet
  facet normal -6.448900e-01 -7.642754e-01 -0.000000e+00
    outer loop
      vertex   3.535929e+01 2.498958e+01 -1.320000e+01
      vertex   3.535929e+01 2.498958e+01 -1.470000e+01
      vertex   3.577114e+01 2.464207e+01 -1.320000e+01
    endloop
  endfacet
  facet normal -6.448900e-01 -7.642754e-01 -0.000000e+00
    outer loop
      vertex   3.577114e+01 2.464207e+01 -1.320000e+01
      vertex   3.535929e+01 2.498958e+01 -1.470000e+01
      vertex   3.577114e+01 2.464207e+01 -1.470000e+01
    endloop
  endfacet
  facet normal -7.233950e-01 -6.904344e-01 -0.000000e+00
    outer loop
      vertex   3.577114e+01 2.464207e+01 -1.320000e+01
      vertex   3.577114e+01 2.464207e+01 -1.470000e+01
      vertex   3.614320e+01 2.425225e+01 -1.320000e+01
    endloop
  endfacet
  facet normal -7.233950e-01 -6.904344e-01 -0.000000e+00
    outer loop
      vertex   3.614320e+01 2.425225e+01 -1.320000e+01
      vertex   3.577114e+01 2.464207e+01 -1.470000e+01
      vertex   3.614320e+01 2.425225e+01 -1.470000e+01
    endloop
  endfacet
  facet normal -7.934974e-01 -6.085737e-01 -0.000000e+00
    outer loop
      vertex   3.614320e+01 2.425225e+01 -1.320000e+01
      vertex   3.614320e+01 2.425225e+01 -1.470000e+01
      vertex   3.647115e+01 2.382465e+01 -1.320000e+01
    endloop
  endfacet
  facet normal -7.934974e-01 -6.085737e-01 -0.000000e+00
    outer loop
      vertex   3.647115e+01 2.382465e+01 -1.320000e+01
      vertex   3.614320e+01 2.425225e+01 -1.470000e+01
      vertex   3.647115e+01 2.382465e+01 -1.470000e+01
    endloop
  endfacet
  facet normal -8.543829e-01 -5.196440e-01 -0.000000e+00
    outer loop
      vertex   3.647115e+01 2.382465e+01 -1.320000e+01
      vertex   3.647115e+01 2.382465e+01 -1.470000e+01
      vertex   3.675117e+01 2.336424e+01 -1.320000e+01
    endloop
  endfacet
  facet normal -8.543829e-01 -5.196440e-01 -0.000000e+00
    outer loop
      vertex   3.675117e+01 2.336424e+01 -1.320000e+01
      vertex   3.647115e+01 2.382465e+01 -1.470000e+01
      vertex   3.675117e+01 2.336424e+01 -1.470000e+01
    endloop
  endfacet
  facet normal -9.053443e-01 -4.246784e-01 -0.000000e+00
    outer loop
      vertex   3.675117e+01 2.336424e+01 -1.320000e+01
      vertex   3.675117e+01 2.336424e+01 -1.470000e+01
      vertex   3.698002e+01 2.287637e+01 -1.320000e+01
    endloop
  endfacet
  facet normal -9.053443e-01 -4.246784e-01 -0.000000e+00
    outer loop
      vertex   3.698002e+01 2.287637e+01 -1.320000e+01
      vertex   3.675117e+01 2.336424e+01 -1.470000e+01
      vertex   3.698002e+01 2.287637e+01 -1.470000e+01
    endloop
  endfacet
  facet normal -9.457896e-01 -3.247800e-01 -0.000000e+00
    outer loop
      vertex   3.698002e+01 2.287637e+01 -1.320000e+01
      vertex   3.698002e+01 2.287637e+01 -1.470000e+01
      vertex   3.715504e+01 2.236671e+01 -1.320000e+01
    endloop
  endfacet
  facet normal -9.457896e-01 -3.247800e-01 -0.000000e+00
    outer loop
      vertex   3.715504e+01 2.236671e+01 -1.320000e+01
      vertex   3.698002e+01 2.287637e+01 -1.470000e+01
      vertex   3.715504e+01 2.236671e+01 -1.470000e+01
    endloop
  endfacet
  facet normal -9.752491e-01 -2.211090e-01 -0.000000e+00
    outer loop
      vertex   3.715504e+01 2.236671e+01 -1.320000e+01
      vertex   3.715504e+01 2.236671e+01 -1.470000e+01
      vertex   3.727419e+01 2.184117e+01 -1.320000e+01
    endloop
  endfacet
  facet normal -9.752491e-01 -2.211090e-01 -0.000000e+00
    outer loop
      vertex   3.727419e+01 2.184117e+01 -1.320000e+01
      vertex   3.715504e+01 2.236671e+01 -1.470000e+01
      vertex   3.727419e+01 2.184117e+01 -1.470000e+01
    endloop
  endfacet
  facet normal -9.933806e-01 -1.148698e-01 -0.000000e+00
    outer loop
      vertex   3.727419e+01 2.184117e+01 -1.320000e+01
      vertex   3.727419e+01 2.184117e+01 -1.470000e+01
      vertex   3.733609e+01 2.130586e+01 -1.320000e+01
    endloop
  endfacet
  facet normal -9.933806e-01 -1.148698e-01 -0.000000e+00
    outer loop
      vertex   3.733609e+01 2.130586e+01 -1.320000e+01
      vertex   3.727419e+01 2.184117e+01 -1.470000e+01
      vertex   3.733609e+01 2.130586e+01 -1.470000e+01
    endloop
  endfacet
  facet normal -9.999734e-01 -7.296237e-03 -0.000000e+00
    outer loop
      vertex   3.733609e+01 2.130586e+01 -1.320000e+01
      vertex   3.733609e+01 2.130586e+01 -1.470000e+01
      vertex   3.734002e+01 2.076700e+01 -1.320000e+01
    endloop
  endfacet
  facet normal -9.999734e-01 -7.296237e-03 -0.000000e+00
    outer loop
      vertex   3.734002e+01 2.076700e+01 -1.320000e+01
      vertex   3.733609e+01 2.130586e+01 -1.470000e+01
      vertex   3.734002e+01 2.076700e+01 -1.470000e+01
    endloop
  endfacet
  facet normal -9.949510e-01 1.003620e-01 0.000000e+00
    outer loop
      vertex   3.734002e+01 2.076700e+01 -1.320000e+01
      vertex   3.734002e+01 2.076700e+01 -1.470000e+01
      vertex   3.728594e+01 2.023084e+01 -1.320000e+01
    endloop
  endfacet
  facet normal -9.949510e-01 1.003620e-01 0.000000e+00
    outer loop
      vertex   3.728594e+01 2.023084e+01 -1.320000e+01
      vertex   3.734002e+01 2.076700e+01 -1.470000e+01
      vertex   3.728594e+01 2.023084e+01 -1.470000e+01
    endloop
  endfacet
  facet normal -9.783717e-01 2.068545e-01 0.000000e+00
    outer loop
      vertex   3.728594e+01 2.023084e+01 -1.320000e+01
      vertex   3.728594e+01 2.023084e+01 -1.470000e+01
      vertex   3.717447e+01 1.970362e+01 -1.320000e+01
    endloop
  endfacet
  facet normal -9.783717e-01 2.068545e-01 0.000000e+00
    outer loop
      vertex   3.717447e+01 1.970362e+01 -1.320000e+01
      vertex   3.728594e+01 2.023084e+01 -1.470000e+01
      vertex   3.717447e+01 1.970362e+01 -1.470000e+01
    endloop
  endfacet
  facet normal -9.504281e-01 3.109443e-01 0.000000e+00
    outer loop
      vertex   3.717447e+01 1.970362e+01 -1.320000e+01
      vertex   3.717447e+01 1.970362e+01 -1.470000e+01
      vertex   3.700691e+01 1.919146e+01 -1.320000e+01
    endloop
  endfacet
  facet normal -9.504281e-01 3.109443e-01 0.000000e+00
    outer loop
      vertex   3.700691e+01 1.919146e+01 -1.320000e+01
      vertex   3.717447e+01 1.970362e+01 -1.470000e+01
      vertex   3.700691e+01 1.919146e+01 -1.470000e+01
    endloop
  endfacet
  facet normal -9.114448e-01 4.114223e-01 0.000000e+00
    outer loop
      vertex   3.700691e+01 1.919146e+01 -1.320000e+01
      vertex   3.700691e+01 1.919146e+01 -1.470000e+01
      vertex   3.678520e+01 1.870030e+01 -1.320000e+01
    endloop
  endfacet
  facet normal -9.114448e-01 4.114223e-01 0.000000e+00
    outer loop
      vertex   3.678520e+01 1.870030e+01 -1.320000e+01
      vertex   3.700691e+01 1.919146e+01 -1.470000e+01
      vertex   3.678520e+01 1.870030e+01 -1.470000e+01
    endloop
  endfacet
  facet normal -8.618746e-01 5.071215e-01 0.000000e+00
    outer loop
      vertex   3.678520e+01 1.870030e+01 -1.320000e+01
      vertex   3.678520e+01 1.870030e+01 -1.470000e+01
      vertex   3.651193e+01 1.823585e+01 -1.320000e+01
    endloop
  endfacet
  facet normal -8.618746e-01 5.071215e-01 0.000000e+00
    outer loop
      vertex   3.651193e+01 1.823585e+01 -1.320000e+01
      vertex   3.678520e+01 1.870030e+01 -1.470000e+01
      vertex   3.651193e+01 1.823585e+01 -1.470000e+01
    endloop
  endfacet
  facet normal -8.022933e-01 5.969301e-01 0.000000e+00
    outer loop
      vertex   3.651193e+01 1.823585e+01 -1.320000e+01
      vertex   3.651193e+01 1.823585e+01 -1.470000e+01
      vertex   3.619026e+01 1.780352e+01 -1.320000e+01
    endloop
  endfacet
  facet normal -8.022933e-01 5.969301e-01 0.000000e+00
    outer loop
      vertex   3.619026e+01 1.780352e+01 -1.320000e+01
      vertex   3.651193e+01 1.823585e+01 -1.470000e+01
      vertex   3.619026e+01 1.780352e+01 -1.470000e+01
    endloop
  endfacet
  facet normal -7.333928e-01 6.798051e-01 0.000000e+00
    outer loop
      vertex   3.619026e+01 1.780352e+01 -1.320000e+01
      vertex   3.619026e+01 1.780352e+01 -1.470000e+01
      vertex   3.582392e+01 1.740831e+01 -1.320000e+01
    endloop
  endfacet
  facet normal -7.333928e-01 6.798051e-01 0.000000e+00
    outer loop
      vertex   3.582392e+01 1.740831e+01 -1.320000e+01
      vertex   3.619026e+01 1.780352e+01 -1.470000e+01
      vertex   3.582392e+01 1.740831e+01 -1.470000e+01
    endloop
  endfacet
  facet normal -6.559737e-01 7.547838e-01 0.000000e+00
    outer loop
      vertex   3.582392e+01 1.740831e+01 -1.320000e+01
      vertex   3.582392e+01 1.740831e+01 -1.470000e+01
      vertex   3.541719e+01 1.705482e+01 -1.320000e+01
    endloop
  endfacet
  facet normal -6.559737e-01 7.547838e-01 0.000000e+00
    outer loop
      vertex   3.541719e+01 1.705482e+01 -1.320000e+01
      vertex   3.582392e+01 1.740831e+01 -1.470000e+01
      vertex   3.541719e+01 1.705482e+01 -1.470000e+01
    endloop
  endfacet
  facet normal -5.709351e-01 8.209952e-01 0.000000e+00
    outer loop
      vertex   3.541719e+01 1.705482e+01 -1.320000e+01
      vertex   3.541719e+01 1.705482e+01 -1.470000e+01
      vertex   3.497477e+01 1.674716e+01 -1.320000e+01
    endloop
  endfacet
  facet normal -5.709351e-01 8.209952e-01 0.000000e+00
    outer loop
      vertex   3.497477e+01 1.674716e+01 -1.320000e+01
      vertex   3.541719e+01 1.705482e+01 -1.470000e+01
      vertex   3.497477e+01 1.674716e+01 -1.470000e+01
    endloop
  endfacet
  facet normal -4.792647e-01 8.776704e-01 0.000000e+00
    outer loop
      vertex   3.497477e+01 1.674716e+01 -1.320000e+01
      vertex   3.497477e+01 1.674716e+01 -1.470000e+01
      vertex   3.450182e+01 1.648889e+01 -1.320000e+01
    endloop
  endfacet
  facet normal -4.792647e-01 8.776704e-01 0.000000e+00
    outer loop
      vertex   3.450182e+01 1.648889e+01 -1.320000e+01
      vertex   3.497477e+01 1.674716e+01 -1.470000e+01
      vertex   3.450182e+01 1.648889e+01 -1.470000e+01
    endloop
  endfacet
  facet normal 1.664389e-16 -1.000000e+00 0.000000e+00
    outer loop
      vertex   1.100000e+01 2.600000e+01 -1.470000e+01
      vertex   3.234545e+01 2.600000e+01 -1.470000e+01
      vertex   1.100000e+01 2.600000e+01 -1.320000e+01
    endloop
  endfacet
  facet normal 1.664389e-16 -1.000000e+00 0.000000e+00
    outer loop
      vertex   1.100000e+01 2.600000e+01 -1.320000e+01
      vertex   3.234545e+01 2.600000e+01 -1.470000e+01
      vertex   3.234545e+01 2.600000e+01 -1.320000e+01
    endloop
  endfacet
  facet normal 9.985592e-01 5.366152e-02 -0.000000e+00
    outer loop
      vertex   6.000000e+00 1.447767e+01 -1.470000e+01
      vertex   6.000000e+00 1.447767e+01 -1.320000e+01
      vertex   6.028796e+00 1.394183e+01 -1.470000e+01
    endloop
  endfacet
  facet normal 9.985592e-01 5.366152e-02 5.912658e-16
    outer loop
      vertex   6.028796e+00 1.394183e+01 -1.470000e+01
      vertex   6.000000e+00 1.447767e+01 -1.320000e+01
      vertex   6.028796e+00 1.394183e+01 -1.320000e+01
    endloop
  endfacet
  facet normal 9.870575e-01 1.603665e-01 5.844555e-16
    outer loop
      vertex   6.028796e+00 1.394183e+01 -1.470000e+01
      vertex   6.028796e+00 1.394183e+01 -1.320000e+01
      vertex   6.114851e+00 1.341216e+01 -1.470000e+01
    endloop
  endfacet
  facet normal 9.870575e-01 1.603665e-01 -0.000000e+00
    outer loop
      vertex   6.114851e+00 1.341216e+01 -1.470000e+01
      vertex   6.028796e+00 1.394183e+01 -1.320000e+01
      vertex   6.114851e+00 1.341216e+01 -1.320000e+01
    endloop
  endfacet
  facet normal 9.641867e-01 2.652243e-01 -0.000000e+00
    outer loop
      vertex   6.114851e+00 1.341216e+01 -1.470000e+01
      vertex   6.114851e+00 1.341216e+01 -1.320000e+01
      vertex   6.257174e+00 1.289476e+01 -1.470000e+01
    endloop
  endfacet
  facet normal 9.641867e-01 2.652243e-01 -0.000000e+00
    outer loop
      vertex   6.257174e+00 1.289476e+01 -1.470000e+01
      vertex   6.114851e+00 1.341216e+01 -1.320000e+01
      vertex   6.257174e+00 1.289476e+01 -1.320000e+01
    endloop
  endfacet
  facet normal 9.302102e-01 3.670272e-01 -0.000000e+00
    outer loop
      vertex   6.257174e+00 1.289476e+01 -1.470000e+01
      vertex   6.257174e+00 1.289476e+01 -1.320000e+01
      vertex   6.454127e+00 1.239560e+01 -1.470000e+01
    endloop
  endfacet
  facet normal 9.302102e-01 3.670272e-01 -4.346475e-16
    outer loop
      vertex   6.454127e+00 1.239560e+01 -1.470000e+01
      vertex   6.257174e+00 1.289476e+01 -1.320000e+01
      vertex   6.454127e+00 1.239560e+01 -1.320000e+01
    endloop
  endfacet
  facet normal 8.855193e-01 4.646026e-01 -5.502000e-16
    outer loop
      vertex   6.454127e+00 1.239560e+01 -1.470000e+01
      vertex   6.454127e+00 1.239560e+01 -1.320000e+01
      vertex   6.703439e+00 1.192042e+01 -1.470000e+01
    endloop
  endfacet
  facet normal 8.855193e-01 4.646026e-01 -0.000000e+00
    outer loop
      vertex   6.703439e+00 1.192042e+01 -1.470000e+01
      vertex   6.454127e+00 1.239560e+01 -1.320000e+01
      vertex   6.703439e+00 1.192042e+01 -1.320000e+01
    endloop
  endfacet
  facet normal 8.306287e-01 5.568266e-01 -0.000000e+00
    outer loop
      vertex   6.703439e+00 1.192042e+01 -1.470000e+01
      vertex   6.703439e+00 1.192042e+01 -1.320000e+01
      vertex   7.002241e+00 1.147469e+01 -1.470000e+01
    endloop
  endfacet
  facet normal 8.306287e-01 5.568266e-01 -6.594152e-16
    outer loop
      vertex   7.002241e+00 1.147469e+01 -1.470000e+01
      vertex   6.703439e+00 1.192042e+01 -1.320000e+01
      vertex   7.002241e+00 1.147469e+01 -1.320000e+01
    endloop
  endfacet
  facet normal 7.661708e-01 6.426370e-01 -7.610350e-16
    outer loop
      vertex   7.002241e+00 1.147469e+01 -1.470000e+01
      vertex   7.002241e+00 1.147469e+01 -1.320000e+01
      vertex   7.347090e+00 1.106355e+01 -1.470000e+01
    endloop
  endfacet
  facet normal 7.661708e-01 6.426370e-01 -0.000000e+00
    outer loop
      vertex   7.347090e+00 1.106355e+01 -1.470000e+01
      vertex   7.002241e+00 1.147469e+01 -1.320000e+01
      vertex   7.347090e+00 1.106355e+01 -1.320000e+01
    endloop
  endfacet
  facet normal 6.928880e-01 7.210452e-01 -0.000000e+00
    outer loop
      vertex   7.347090e+00 1.106355e+01 -1.470000e+01
      vertex   7.347090e+00 1.106355e+01 -1.320000e+01
      vertex   7.734014e+00 1.069173e+01 -1.470000e+01
    endloop
  endfacet
  facet normal 6.928880e-01 7.210452e-01 -0.000000e+00
    outer loop
      vertex   7.734014e+00 1.069173e+01 -1.470000e+01
      vertex   7.347090e+00 1.106355e+01 -1.320000e+01
      vertex   7.734014e+00 1.069173e+01 -1.320000e+01
    endloop
  endfacet
  facet normal 6.116243e-01 7.911484e-01 -0.000000e+00
    outer loop
      vertex   7.734014e+00 1.069173e+01 -1.470000e+01
      vertex   7.734014e+00 1.069173e+01 -1.320000e+01
      vertex   8.158556e+00 1.036353e+01 -1.470000e+01
    endloop
  endfacet
  facet normal 6.116243e-01 7.911484e-01 -0.000000e+00
    outer loop
      vertex   8.158556e+00 1.036353e+01 -1.470000e+01
      vertex   7.734014e+00 1.069173e+01 -1.320000e+01
      vertex   8.158556e+00 1.036353e+01 -1.320000e+01
    endloop
  endfacet
  facet normal 5.233157e-01 8.521389e-01 -0.000000e+00
    outer loop
      vertex   8.158556e+00 1.036353e+01 -1.470000e+01
      vertex   8.158556e+00 1.036353e+01 -1.320000e+01
      vertex   8.615827e+00 1.008271e+01 -1.470000e+01
    endloop
  endfacet
  facet normal 5.233157e-01 8.521389e-01 6.197303e-16
    outer loop
      vertex   8.615827e+00 1.008271e+01 -1.470000e+01
      vertex   8.158556e+00 1.036353e+01 -1.320000e+01
      vertex   8.615827e+00 1.008271e+01 -1.320000e+01
    endloop
  endfacet
  facet normal 4.289795e-01 9.033142e-01 5.080138e-16
    outer loop
      vertex   8.615827e+00 1.008271e+01 -1.470000e+01
      vertex   8.615827e+00 1.008271e+01 -1.320000e+01
      vertex   9.100559e+00 9.852511e+00 -1.470000e+01
    endloop
  endfacet
  facet normal 4.289795e-01 9.033142e-01 -0.000000e+00
    outer loop
      vertex   9.100559e+00 9.852511e+00 -1.470000e+01
      vertex   8.615827e+00 1.008271e+01 -1.320000e+01
      vertex   9.100559e+00 9.852511e+00 -1.320000e+01
    endloop
  endfacet
  facet normal 3.297022e-01 9.440850e-01 -0.000000e+00
    outer loop
      vertex   9.100559e+00 9.852511e+00 -1.470000e+01
      vertex   9.100559e+00 9.852511e+00 -1.320000e+01
      vertex   9.607169e+00 9.675588e+00 -1.470000e+01
    endloop
  endfacet
  facet normal 3.297022e-01 9.440850e-01 -0.000000e+00
    outer loop
      vertex   9.607169e+00 9.675588e+00 -1.470000e+01
      vertex   9.100559e+00 9.852511e+00 -1.320000e+01
      vertex   9.607169e+00 9.675588e+00 -1.320000e+01
    endloop
  endfacet
  facet normal 2.266273e-01 9.739815e-01 -0.000000e+00
    outer loop
      vertex   9.607169e+00 9.675588e+00 -1.470000e+01
      vertex   9.607169e+00 9.675588e+00 -1.320000e+01
      vertex   1.012982e+01 9.553976e+00 -1.470000e+01
    endloop
  endfacet
  facet normal 2.266273e-01 9.739815e-01 -0.000000e+00
    outer loop
      vertex   1.012982e+01 9.553976e+00 -1.470000e+01
      vertex   9.607169e+00 9.675588e+00 -1.320000e+01
      vertex   1.012982e+01 9.553976e+00 -1.320000e+01
    endloop
  endfacet
  facet normal 1.209421e-01 9.926596e-01 -0.000000e+00
    outer loop
      vertex   1.012982e+01 9.553976e+00 -1.470000e+01
      vertex   1.012982e+01 9.553976e+00 -1.320000e+01
      vertex   1.066250e+01 9.489077e+00 -1.470000e+01
    endloop
  endfacet
  facet normal 1.209421e-01 9.926596e-01 -0.000000e+00
    outer loop
      vertex   1.066250e+01 9.489077e+00 -1.470000e+01
      vertex   1.012982e+01 9.553976e+00 -1.320000e+01
      vertex   1.066250e+01 9.489077e+00 -1.320000e+01
    endloop
  endfacet
  facet normal 1.386384e-02 9.999039e-01 -0.000000e+00
    outer loop
      vertex   1.066250e+01 9.489077e+00 -1.470000e+01
      vertex   1.066250e+01 9.489077e+00 -1.320000e+01
      vertex   1.119906e+01 9.481637e+00 -1.470000e+01
    endloop
  endfacet
  facet normal 1.386384e-02 9.999039e-01 -3.283617e-17
    outer loop
      vertex   1.119906e+01 9.481637e+00 -1.470000e+01
      vertex   1.066250e+01 9.489077e+00 -1.320000e+01
      vertex   1.119906e+01 9.481637e+00 -1.320000e+01
    endloop
  endfacet
  facet normal -9.337412e-02 9.956311e-01 2.211543e-16
    outer loop
      vertex   1.119906e+01 9.481637e+00 -1.470000e+01
      vertex   1.119906e+01 9.481637e+00 -1.320000e+01
      vertex   1.173333e+01 9.531743e+00 -1.470000e+01
    endloop
  endfacet
  facet normal -9.337412e-02 9.956311e-01 0.000000e+00
    outer loop
      vertex   1.173333e+01 9.531743e+00 -1.470000e+01
      vertex   1.119906e+01 9.481637e+00 -1.320000e+01
      vertex   1.173333e+01 9.531743e+00 -1.320000e+01
    endloop
  endfacet
  facet normal -4.189834e-01 9.079939e-01 0.000000e+00
    outer loop
      vertex   3.450182e+01 1.648889e+01 -1.320000e+01
      vertex   3.450182e+01 1.648889e+01 -1.470000e+01
      vertex   3.252935e+01 1.557872e+01 -1.320000e+01
    endloop
  endfacet
  facet normal -4.189834e-01 9.079939e-01 0.000000e+00
    outer loop
      vertex   3.252935e+01 1.557872e+01 -1.320000e+01
      vertex   3.450182e+01 1.648889e+01 -1.470000e+01
      vertex   3.252935e+01 1.557872e+01 -1.470000e+01
    endloop
  endfacet
  facet normal -3.941754e-01 9.190352e-01 0.000000e+00
    outer loop
      vertex   3.252935e+01 1.557872e+01 -1.320000e+01
      vertex   3.252935e+01 1.557872e+01 -1.470000e+01
      vertex   3.053290e+01 1.472244e+01 -1.320000e+01
    endloop
  endfacet
  facet normal -3.941754e-01 9.190352e-01 0.000000e+00
    outer loop
      vertex   3.053290e+01 1.472244e+01 -1.320000e+01
      vertex   3.252935e+01 1.557872e+01 -1.470000e+01
      vertex   3.053290e+01 1.472244e+01 -1.470000e+01
    endloop
  endfacet
  facet normal -3.690767e-01 9.293989e-01 0.000000e+00
    outer loop
      vertex   3.053290e+01 1.472244e+01 -1.320000e+01
      vertex   3.053290e+01 1.472244e+01 -1.470000e+01
      vertex   2.851393e+01 1.392068e+01 -1.320000e+01
    endloop
  endfacet
  facet normal -3.690767e-01 9.293989e-01 0.000000e+00
    outer loop
      vertex   2.851393e+01 1.392068e+01 -1.320000e+01
      vertex   3.053290e+01 1.472244e+01 -1.470000e+01
      vertex   2.851393e+01 1.392068e+01 -1.470000e+01
    endloop
  endfacet
  facet normal -3.437059e-01 9.390774e-01 0.000000e+00
    outer loop
      vertex   2.851393e+01 1.392068e+01 -1.320000e+01
      vertex   2.851393e+01 1.392068e+01 -1.470000e+01
      vertex   2.647394e+01 1.317404e+01 -1.320000e+01
    endloop
  endfacet
  facet normal -3.437059e-01 9.390774e-01 0.000000e+00
    outer loop
      vertex   2.647394e+01 1.317404e+01 -1.320000e+01
      vertex   2.851393e+01 1.392068e+01 -1.470000e+01
      vertex   2.647394e+01 1.317404e+01 -1.470000e+01
    endloop
  endfacet
  facet normal -3.180816e-01 9.480633e-01 0.000000e+00
    outer loop
      vertex   2.647394e+01 1.317404e+01 -1.320000e+01
      vertex   2.647394e+01 1.317404e+01 -1.470000e+01
      vertex   2.441443e+01 1.248306e+01 -1.320000e+01
    endloop
  endfacet
  facet normal -3.180816e-01 9.480633e-01 0.000000e+00
    outer loop
      vertex   2.441443e+01 1.248306e+01 -1.320000e+01
      vertex   2.647394e+01 1.317404e+01 -1.470000e+01
      vertex   2.441443e+01 1.248306e+01 -1.470000e+01
    endloop
  endfacet
  facet normal -2.922228e-01 9.563503e-01 0.000000e+00
    outer loop
      vertex   2.441443e+01 1.248306e+01 -1.320000e+01
      vertex   2.441443e+01 1.248306e+01 -1.470000e+01
      vertex   2.233692e+01 1.184825e+01 -1.320000e+01
    endloop
  endfacet
  facet normal -2.922228e-01 9.563503e-01 0.000000e+00
    outer loop
      vertex   2.233692e+01 1.184825e+01 -1.320000e+01
      vertex   2.441443e+01 1.248306e+01 -1.470000e+01
      vertex   2.233692e+01 1.184825e+01 -1.470000e+01
    endloop
  endfacet
  facet normal -2.661486e-01 9.639320e-01 0.000000e+00
    outer loop
      vertex   2.233692e+01 1.184825e+01 -1.320000e+01
      vertex   2.233692e+01 1.184825e+01 -1.470000e+01
      vertex   2.024293e+01 1.127009e+01 -1.320000e+01
    endloop
  endfacet
  facet normal -2.661486e-01 9.639320e-01 0.000000e+00
    outer loop
      vertex   2.024293e+01 1.127009e+01 -1.320000e+01
      vertex   2.233692e+01 1.184825e+01 -1.470000e+01
      vertex   2.024293e+01 1.127009e+01 -1.470000e+01
    endloop
  endfacet
  facet normal -2.398781e-01 9.708030e-01 0.000000e+00
    outer loop
      vertex   2.024293e+01 1.127009e+01 -1.320000e+01
      vertex   2.024293e+01 1.127009e+01 -1.470000e+01
      vertex   1.813402e+01 1.074899e+01 -1.320000e+01
    endloop
  endfacet
  facet normal -2.398781e-01 9.708030e-01 2.907582e-15
    outer loop
      vertex   1.813402e+01 1.074899e+01 -1.320000e+01
      vertex   2.024293e+01 1.127009e+01 -1.470000e+01
      vertex   1.813402e+01 1.074899e+01 -1.470000e+01
    endloop
  endfacet
  facet normal -2.134307e-01 9.769582e-01 3.257228e-15
    outer loop
      vertex   1.813402e+01 1.074899e+01 -1.320000e+01
      vertex   1.813402e+01 1.074899e+01 -1.470000e+01
      vertex   1.601174e+01 1.028535e+01 -1.320000e+01
    endloop
  endfacet
  facet normal -2.134307e-01 9.769582e-01 0.000000e+00
    outer loop
      vertex   1.601174e+01 1.028535e+01 -1.320000e+01
      vertex   1.813402e+01 1.074899e+01 -1.470000e+01
      vertex   1.601174e+01 1.028535e+01 -1.470000e+01
    endloop
  endfacet
  facet normal -1.868259e-01 9.823930e-01 0.000000e+00
    outer loop
      vertex   1.601174e+01 1.028535e+01 -1.320000e+01
      vertex   1.601174e+01 1.028535e+01 -1.470000e+01
      vertex   1.387765e+01 9.879498e+00 -1.320000e+01
    endloop
  endfacet
  facet normal -1.868259e-01 9.823930e-01 0.000000e+00
    outer loop
      vertex   1.387765e+01 9.879498e+00 -1.320000e+01
      vertex   1.601174e+01 1.028535e+01 -1.470000e+01
      vertex   1.387765e+01 9.879498e+00 -1.470000e+01
    endloop
  endfacet
  facet normal -1.600834e-01 9.871035e-01 0.000000e+00
    outer loop
      vertex   1.387765e+01 9.879498e+00 -1.320000e+01
      vertex   1.387765e+01 9.879498e+00 -1.470000e+01
      vertex   1.173333e+01 9.531743e+00 -1.320000e+01
    endloop
  endfacet
  facet normal -1.600834e-01 9.871035e-01 0.000000e+00
    outer loop
      vertex   1.173333e+01 9.531743e+00 -1.320000e+01
      vertex   1.387765e+01 9.879498e+00 -1.470000e+01
      vertex   1.173333e+01 9.531743e+00 -1.470000e+01
    endloop
  endfacet
  facet normal 5.388768e-02 -9.985470e-01 0.000000e+00
    outer loop
      vertex   -3.234545e+01 2.600000e+01 -1.470000e+01
      vertex   -3.234545e+01 2.600000e+01 -1.320000e+01
      vertex   -3.288355e+01 2.597096e+01 -1.470000e+01
    endloop
  endfacet
  facet normal 5.388768e-02 -9.985470e-01 0.000000e+00
    outer loop
      vertex   -3.288355e+01 2.597096e+01 -1.470000e+01
      vertex   -3.234545e+01 2.600000e+01 -1.320000e+01
      vertex   -3.288355e+01 2.597096e+01 -1.320000e+01
    endloop
  endfacet
  facet normal 1.610371e-01 -9.869484e-01 0.000000e+00
    outer loop
      vertex   -3.288355e+01 2.597096e+01 -1.470000e+01
      vertex   -3.288355e+01 2.597096e+01 -1.320000e+01
      vertex   -3.341539e+01 2.588418e+01 -1.470000e+01
    endloop
  endfacet
  facet normal 1.610371e-01 -9.869484e-01 0.000000e+00
    outer loop
      vertex   -3.341539e+01 2.588418e+01 -1.470000e+01
      vertex   -3.288355e+01 2.597096e+01 -1.320000e+01
      vertex   -3.341539e+01 2.588418e+01 -1.320000e+01
    endloop
  endfacet
  facet normal 2.663160e-01 -9.638858e-01 0.000000e+00
    outer loop
      vertex   -3.341539e+01 2.588418e+01 -1.470000e+01
      vertex   -3.341539e+01 2.588418e+01 -1.320000e+01
      vertex   -3.393481e+01 2.574067e+01 -1.470000e+01
    endloop
  endfacet
  facet normal 2.663160e-01 -9.638858e-01 0.000000e+00
    outer loop
      vertex   -3.393481e+01 2.574067e+01 -1.470000e+01
      vertex   -3.341539e+01 2.588418e+01 -1.320000e+01
      vertex   -3.393481e+01 2.574067e+01 -1.320000e+01
    endloop
  endfacet
  facet normal 3.685015e-01 -9.296272e-01 0.000000e+00
    outer loop
      vertex   -3.393481e+01 2.574067e+01 -1.470000e+01
      vertex   -3.393481e+01 2.574067e+01 -1.320000e+01
      vertex   -3.443576e+01 2.554209e+01 -1.470000e+01
    endloop
  endfacet
  facet normal 3.685015e-01 -9.296272e-01 0.000000e+00
    outer loop
      vertex   -3.443576e+01 2.554209e+01 -1.470000e+01
      vertex   -3.393481e+01 2.574067e+01 -1.320000e+01
      vertex   -3.443576e+01 2.554209e+01 -1.320000e+01
    endloop
  endfacet
  facet normal 4.664066e-01 -8.845704e-01 0.000000e+00
    outer loop
      vertex   -3.443576e+01 2.554209e+01 -1.470000e+01
      vertex   -3.443576e+01 2.554209e+01 -1.320000e+01
      vertex   -3.491244e+01 2.529076e+01 -1.470000e+01
    endloop
  endfacet
  facet normal 4.664066e-01 -8.845704e-01 0.000000e+00
    outer loop
      vertex   -3.491244e+01 2.529076e+01 -1.470000e+01
      vertex   -3.443576e+01 2.554209e+01 -1.320000e+01
      vertex   -3.491244e+01 2.529076e+01 -1.320000e+01
    endloop
  endfacet
  facet normal 5.588942e-01 -8.292389e-01 0.000000e+00
    outer loop
      vertex   -3.491244e+01 2.529076e+01 -1.470000e+01
      vertex   -3.491244e+01 2.529076e+01 -1.320000e+01
      vertex   -3.535929e+01 2.498958e+01 -1.470000e+01
    endloop
  endfacet
  facet normal 5.588942e-01 -8.292389e-01 0.000000e+00
    outer loop
      vertex   -3.535929e+01 2.498958e+01 -1.470000e+01
      vertex   -3.491244e+01 2.529076e+01 -1.320000e+01
      vertex   -3.535929e+01 2.498958e+01 -1.320000e+01
    endloop
  endfacet
  facet normal 6.448900e-01 -7.642754e-01 0.000000e+00
    outer loop
      vertex   -3.535929e+01 2.498958e+01 -1.470000e+01
      vertex   -3.535929e+01 2.498958e+01 -1.320000e+01
      vertex   -3.577114e+01 2.464207e+01 -1.470000e+01
    endloop
  endfacet
  facet normal 6.448900e-01 -7.642754e-01 0.000000e+00
    outer loop
      vertex   -3.577114e+01 2.464207e+01 -1.470000e+01
      vertex   -3.535929e+01 2.498958e+01 -1.320000e+01
      vertex   -3.577114e+01 2.464207e+01 -1.320000e+01
    endloop
  endfacet
  facet normal 7.233950e-01 -6.904344e-01 0.000000e+00
    outer loop
      vertex   -3.577114e+01 2.464207e+01 -1.470000e+01
      vertex   -3.577114e+01 2.464207e+01 -1.320000e+01
      vertex   -3.614320e+01 2.425225e+01 -1.470000e+01
    endloop
  endfacet
  facet normal 7.233950e-01 -6.904344e-01 0.000000e+00
    outer loop
      vertex   -3.614320e+01 2.425225e+01 -1.470000e+01
      vertex   -3.577114e+01 2.464207e+01 -1.320000e+01
      vertex   -3.614320e+01 2.425225e+01 -1.320000e+01
    endloop
  endfacet
  facet normal 7.934974e-01 -6.085737e-01 0.000000e+00
    outer loop
      vertex   -3.614320e+01 2.425225e+01 -1.470000e+01
      vertex   -3.614320e+01 2.425225e+01 -1.320000e+01
      vertex   -3.647115e+01 2.382465e+01 -1.470000e+01
    endloop
  endfacet
  facet normal 7.934974e-01 -6.085737e-01 0.000000e+00
    outer loop
      vertex   -3.647115e+01 2.382465e+01 -1.470000e+01
      vertex   -3.614320e+01 2.425225e+01 -1.320000e+01
      vertex   -3.647115e+01 2.382465e+01 -1.320000e+01
    endloop
  endfacet
  facet normal 8.543829e-01 -5.196440e-01 0.000000e+00
    outer loop
      vertex   -3.647115e+01 2.382465e+01 -1.470000e+01
      vertex   -3.647115e+01 2.382465e+01 -1.320000e+01
      vertex   -3.675117e+01 2.336424e+01 -1.470000e+01
    endloop
  endfacet
  facet normal 8.543829e-01 -5.196440e-01 0.000000e+00
    outer loop
      vertex   -3.675117e+01 2.336424e+01 -1.470000e+01
      vertex   -3.647115e+01 2.382465e+01 -1.320000e+01
      vertex   -3.675117e+01 2.336424e+01 -1.320000e+01
    endloop
  endfacet
  facet normal 9.053443e-01 -4.246784e-01 0.000000e+00
    outer loop
      vertex   -3.675117e+01 2.336424e+01 -1.470000e+01
      vertex   -3.675117e+01 2.336424e+01 -1.320000e+01
      vertex   -3.698002e+01 2.287637e+01 -1.470000e+01
    endloop
  endfacet
  facet normal 9.053443e-01 -4.246784e-01 0.000000e+00
    outer loop
      vertex   -3.698002e+01 2.287637e+01 -1.470000e+01
      vertex   -3.675117e+01 2.336424e+01 -1.320000e+01
      vertex   -3.698002e+01 2.287637e+01 -1.320000e+01
    endloop
  endfacet
  facet normal 9.457896e-01 -3.247800e-01 0.000000e+00
    outer loop
      vertex   -3.698002e+01 2.287637e+01 -1.470000e+01
      vertex   -3.698002e+01 2.287637e+01 -1.320000e+01
      vertex   -3.715504e+01 2.236671e+01 -1.470000e+01
    endloop
  endfacet
  facet normal 9.457896e-01 -3.247800e-01 0.000000e+00
    outer loop
      vertex   -3.715504e+01 2.236671e+01 -1.470000e+01
      vertex   -3.698002e+01 2.287637e+01 -1.320000e+01
      vertex   -3.715504e+01 2.236671e+01 -1.320000e+01
    endloop
  endfacet
  facet normal 9.752491e-01 -2.211090e-01 0.000000e+00
    outer loop
      vertex   -3.715504e+01 2.236671e+01 -1.470000e+01
      vertex   -3.715504e+01 2.236671e+01 -1.320000e+01
      vertex   -3.727419e+01 2.184117e+01 -1.470000e+01
    endloop
  endfacet
  facet normal 9.752491e-01 -2.211090e-01 0.000000e+00
    outer loop
      vertex   -3.727419e+01 2.184117e+01 -1.470000e+01
      vertex   -3.715504e+01 2.236671e+01 -1.320000e+01
      vertex   -3.727419e+01 2.184117e+01 -1.320000e+01
    endloop
  endfacet
  facet normal 9.933806e-01 -1.148698e-01 0.000000e+00
    outer loop
      vertex   -3.727419e+01 2.184117e+01 -1.470000e+01
      vertex   -3.727419e+01 2.184117e+01 -1.320000e+01
      vertex   -3.733609e+01 2.130586e+01 -1.470000e+01
    endloop
  endfacet
  facet normal 9.933806e-01 -1.148698e-01 0.000000e+00
    outer loop
      vertex   -3.733609e+01 2.130586e+01 -1.470000e+01
      vertex   -3.727419e+01 2.184117e+01 -1.320000e+01
      vertex   -3.733609e+01 2.130586e+01 -1.320000e+01
    endloop
  endfacet
  facet normal 9.999734e-01 -7.296237e-03 0.000000e+00
    outer loop
      vertex   -3.733609e+01 2.130586e+01 -1.470000e+01
      vertex   -3.733609e+01 2.130586e+01 -1.320000e+01
      vertex   -3.734002e+01 2.076700e+01 -1.470000e+01
    endloop
  endfacet
  facet normal 9.999734e-01 -7.296237e-03 0.000000e+00
    outer loop
      vertex   -3.734002e+01 2.076700e+01 -1.470000e+01
      vertex   -3.733609e+01 2.130586e+01 -1.320000e+01
      vertex   -3.734002e+01 2.076700e+01 -1.320000e+01
    endloop
  endfacet
  facet normal 9.949510e-01 1.003620e-01 -0.000000e+00
    outer loop
      vertex   -3.734002e+01 2.076700e+01 -1.470000e+01
      vertex   -3.734002e+01 2.076700e+01 -1.320000e+01
      vertex   -3.728594e+01 2.023084e+01 -1.470000e+01
    endloop
  endfacet
  facet normal 9.949510e-01 1.003620e-01 -0.000000e+00
    outer loop
      vertex   -3.728594e+01 2.023084e+01 -1.470000e+01
      vertex   -3.734002e+01 2.076700e+01 -1.320000e+01
      vertex   -3.728594e+01 2.023084e+01 -1.320000e+01
    endloop
  endfacet
  facet normal 9.783717e-01 2.068545e-01 -0.000000e+00
    outer loop
      vertex   -3.728594e+01 2.023084e+01 -1.470000e+01
      vertex   -3.728594e+01 2.023084e+01 -1.320000e+01
      vertex   -3.717447e+01 1.970362e+01 -1.470000e+01
    endloop
  endfacet
  facet normal 9.783717e-01 2.068545e-01 -0.000000e+00
    outer loop
      vertex   -3.717447e+01 1.970362e+01 -1.470000e+01
      vertex   -3.728594e+01 2.023084e+01 -1.320000e+01
      vertex   -3.717447e+01 1.970362e+01 -1.320000e+01
    endloop
  endfacet
  facet normal 9.504281e-01 3.109443e-01 -0.000000e+00
    outer loop
      vertex   -3.717447e+01 1.970362e+01 -1.470000e+01
      vertex   -3.717447e+01 1.970362e+01 -1.320000e+01
      vertex   -3.700691e+01 1.919146e+01 -1.470000e+01
    endloop
  endfacet
  facet normal 9.504281e-01 3.109443e-01 -0.000000e+00
    outer loop
      vertex   -3.700691e+01 1.919146e+01 -1.470000e+01
      vertex   -3.717447e+01 1.970362e+01 -1.320000e+01
      vertex   -3.700691e+01 1.919146e+01 -1.320000e+01
    endloop
  endfacet
  facet normal 9.114448e-01 4.114223e-01 -0.000000e+00
    outer loop
      vertex   -3.700691e+01 1.919146e+01 -1.470000e+01
      vertex   -3.700691e+01 1.919146e+01 -1.320000e+01
      vertex   -3.678520e+01 1.870030e+01 -1.470000e+01
    endloop
  endfacet
  facet normal 9.114448e-01 4.114223e-01 -0.000000e+00
    outer loop
      vertex   -3.678520e+01 1.870030e+01 -1.470000e+01
      vertex   -3.700691e+01 1.919146e+01 -1.320000e+01
      vertex   -3.678520e+01 1.870030e+01 -1.320000e+01
    endloop
  endfacet
  facet normal 8.618746e-01 5.071215e-01 -0.000000e+00
    outer loop
      vertex   -3.678520e+01 1.870030e+01 -1.470000e+01
      vertex   -3.678520e+01 1.870030e+01 -1.320000e+01
      vertex   -3.651193e+01 1.823585e+01 -1.470000e+01
    endloop
  endfacet
  facet normal 8.618746e-01 5.071215e-01 -0.000000e+00
    outer loop
      vertex   -3.651193e+01 1.823585e+01 -1.470000e+01
      vertex   -3.678520e+01 1.870030e+01 -1.320000e+01
      vertex   -3.651193e+01 1.823585e+01 -1.320000e+01
    endloop
  endfacet
  facet normal 8.022933e-01 5.969301e-01 -0.000000e+00
    outer loop
      vertex   -3.651193e+01 1.823585e+01 -1.470000e+01
      vertex   -3.651193e+01 1.823585e+01 -1.320000e+01
      vertex   -3.619026e+01 1.780352e+01 -1.470000e+01
    endloop
  endfacet
  facet normal 8.022933e-01 5.969301e-01 -0.000000e+00
    outer loop
      vertex   -3.619026e+01 1.780352e+01 -1.470000e+01
      vertex   -3.651193e+01 1.823585e+01 -1.320000e+01
      vertex   -3.619026e+01 1.780352e+01 -1.320000e+01
    endloop
  endfacet
  facet normal 7.333928e-01 6.798051e-01 -0.000000e+00
    outer loop
      vertex   -3.619026e+01 1.780352e+01 -1.470000e+01
      vertex   -3.619026e+01 1.780352e+01 -1.320000e+01
      vertex   -3.582392e+01 1.740831e+01 -1.470000e+01
    endloop
  endfacet
  facet normal 7.333928e-01 6.798051e-01 -0.000000e+00
    outer loop
      vertex   -3.582392e+01 1.740831e+01 -1.470000e+01
      vertex   -3.619026e+01 1.780352e+01 -1.320000e+01
      vertex   -3.582392e+01 1.740831e+01 -1.320000e+01
    endloop
  endfacet
  facet normal 6.559737e-01 7.547838e-01 -0.000000e+00
    outer loop
      vertex   -3.582392e+01 1.740831e+01 -1.470000e+01
      vertex   -3.582392e+01 1.740831e+01 -1.320000e+01
      vertex   -3.541719e+01 1.705482e+01 -1.470000e+01
    endloop
  endfacet
  facet normal 6.559737e-01 7.547838e-01 -0.000000e+00
    outer loop
      vertex   -3.541719e+01 1.705482e+01 -1.470000e+01
      vertex   -3.582392e+01 1.740831e+01 -1.320000e+01
      vertex   -3.541719e+01 1.705482e+01 -1.320000e+01
    endloop
  endfacet
  facet normal 5.709351e-01 8.209952e-01 -0.000000e+00
    outer loop
      vertex   -3.541719e+01 1.705482e+01 -1.470000e+01
      vertex   -3.541719e+01 1.705482e+01 -1.320000e+01
      vertex   -3.497477e+01 1.674716e+01 -1.470000e+01
    endloop
  endfacet
  facet normal 5.709351e-01 8.209952e-01 -0.000000e+00
    outer loop
      vertex   -3.497477e+01 1.674716e+01 -1.470000e+01
      vertex   -3.541719e+01 1.705482e+01 -1.320000e+01
      vertex   -3.497477e+01 1.674716e+01 -1.320000e+01
    endloop
  endfacet
  facet normal 4.792647e-01 8.776704e-01 -0.000000e+00
    outer loop
      vertex   -3.497477e+01 1.674716e+01 -1.470000e+01
      vertex   -3.497477e+01 1.674716e+01 -1.320000e+01
      vertex   -3.450182e+01 1.648889e+01 -1.470000e+01
    endloop
  endfacet
  facet normal 4.792647e-01 8.776704e-01 -0.000000e+00
    outer loop
      vertex   -3.450182e+01 1.648889e+01 -1.470000e+01
      vertex   -3.497477e+01 1.674716e+01 -1.320000e+01
      vertex   -3.450182e+01 1.648889e+01 -1.320000e+01
    endloop
  endfacet
  facet normal 0.000000e+00 -1.000000e+00 0.000000e+00
    outer loop
      vertex   -3.234545e+01 2.600000e+01 -1.470000e+01
      vertex   -1.100000e+01 2.600000e+01 -1.470000e+01
      vertex   -3.234545e+01 2.600000e+01 -1.320000e+01
    endloop
  endfacet
  facet normal 0.000000e+00 -1.000000e+00 0.000000e+00
    outer loop
      vertex   -3.234545e+01 2.600000e+01 -1.320000e+01
      vertex   -1.100000e+01 2.600000e+01 -1.470000e+01
      vertex   -1.100000e+01 2.600000e+01 -1.320000e+01
    endloop
  endfacet
  facet normal 4.189834e-01 9.079939e-01 -0.000000e+00
    outer loop
      vertex   -3.450182e+01 1.648889e+01 -1.470000e+01
      vertex   -3.450182e+01 1.648889e+01 -1.320000e+01
      vertex   -3.252935e+01 1.557872e+01 -1.470000e+01
    endloop
  endfacet
  facet normal 4.189834e-01 9.079939e-01 -0.000000e+00
    outer loop
      vertex   -3.252935e+01 1.557872e+01 -1.470000e+01
      vertex   -3.450182e+01 1.648889e+01 -1.320000e+01
      vertex   -3.252935e+01 1.557872e+01 -1.320000e+01
    endloop
  endfacet
  facet normal 3.941754e-01 9.190352e-01 -0.000000e+00
    outer loop
      vertex   -3.252935e+01 1.557872e+01 -1.470000e+01
      vertex   -3.252935e+01 1.557872e+01 -1.320000e+01
      vertex   -3.053290e+01 1.472244e+01 -1.470000e+01
    endloop
  endfacet
  facet normal 3.941754e-01 9.190352e-01 -0.000000e+00
    outer loop
      vertex   -3.053290e+01 1.472244e+01 -1.470000e+01
      vertex   -3.252935e+01 1.557872e+01 -1.320000e+01
      vertex   -3.053290e+01 1.472244e+01 -1.320000e+01
    endloop
  endfacet
  facet normal 3.690767e-01 9.293989e-01 -0.000000e+00
    outer loop
      vertex   -3.053290e+01 1.472244e+01 -1.470000e+01
      vertex   -3.053290e+01 1.472244e+01 -1.320000e+01
      vertex   -2.851393e+01 1.392068e+01 -1.470000e+01
    endloop
  endfacet
  facet normal 3.690767e-01 9.293989e-01 -0.000000e+00
    outer loop
      vertex   -2.851393e+01 1.392068e+01 -1.470000e+01
      vertex   -3.053290e+01 1.472244e+01 -1.320000e+01
      vertex   -2.851393e+01 1.392068e+01 -1.320000e+01
    endloop
  endfacet
  facet normal 3.437059e-01 9.390774e-01 -0.000000e+00
    outer loop
      vertex   -2.851393e+01 1.392068e+01 -1.470000e+01
      vertex   -2.851393e+01 1.392068e+01 -1.320000e+01
      vertex   -2.647394e+01 1.317404e+01 -1.470000e+01
    endloop
  endfacet
  facet normal 3.437059e-01 9.390774e-01 -0.000000e+00
    outer loop
      vertex   -2.647394e+01 1.317404e+01 -1.470000e+01
      vertex   -2.851393e+01 1.392068e+01 -1.320000e+01
      vertex   -2.647394e+01 1.317404e+01 -1.320000e+01
    endloop
  endfacet
  facet normal 3.180816e-01 9.480633e-01 -0.000000e+00
    outer loop
      vertex   -2.647394e+01 1.317404e+01 -1.470000e+01
      vertex   -2.647394e+01 1.317404e+01 -1.320000e+01
      vertex   -2.441443e+01 1.248306e+01 -1.470000e+01
    endloop
  endfacet
  facet normal 3.180816e-01 9.480633e-01 -0.000000e+00
    outer loop
      vertex   -2.441443e+01 1.248306e+01 -1.470000e+01
      vertex   -2.647394e+01 1.317404e+01 -1.320000e+01
      vertex   -2.441443e+01 1.248306e+01 -1.320000e+01
    endloop
  endfacet
  facet normal 2.922228e-01 9.563503e-01 -0.000000e+00
    outer loop
      vertex   -2.441443e+01 1.248306e+01 -1.470000e+01
      vertex   -2.441443e+01 1.248306e+01 -1.320000e+01
      vertex   -2.233692e+01 1.184825e+01 -1.470000e+01
    endloop
  endfacet
  facet normal 2.922228e-01 9.563503e-01 -0.000000e+00
    outer loop
      vertex   -2.233692e+01 1.184825e+01 -1.470000e+01
      vertex   -2.441443e+01 1.248306e+01 -1.320000e+01
      vertex   -2.233692e+01 1.184825e+01 -1.320000e+01
    endloop
  endfacet
  facet normal 2.661486e-01 9.639320e-01 -0.000000e+00
    outer loop
      vertex   -2.233692e+01 1.184825e+01 -1.470000e+01
      vertex   -2.233692e+01 1.184825e+01 -1.320000e+01
      vertex   -2.024293e+01 1.127009e+01 -1.470000e+01
    endloop
  endfacet
  facet normal 2.661486e-01 9.639320e-01 -0.000000e+00
    outer loop
      vertex   -2.024293e+01 1.127009e+01 -1.470000e+01
      vertex   -2.233692e+01 1.184825e+01 -1.320000e+01
      vertex   -2.024293e+01 1.127009e+01 -1.320000e+01
    endloop
  endfacet
  facet normal 2.398781e-01 9.708030e-01 -0.000000e+00
    outer loop
      vertex   -2.024293e+01 1.127009e+01 -1.470000e+01
      vertex   -2.024293e+01 1.127009e+01 -1.320000e+01
      vertex   -1.813402e+01 1.074899e+01 -1.470000e+01
    endloop
  endfacet
  facet normal 2.398781e-01 9.708030e-01 -0.000000e+00
    outer loop
      vertex   -1.813402e+01 1.074899e+01 -1.470000e+01
      vertex   -2.024293e+01 1.127009e+01 -1.320000e+01
      vertex   -1.813402e+01 1.074899e+01 -1.320000e+01
    endloop
  endfacet
  facet normal 2.134307e-01 9.769582e-01 -0.000000e+00
    outer loop
      vertex   -1.813402e+01 1.074899e+01 -1.470000e+01
      vertex   -1.813402e+01 1.074899e+01 -1.320000e+01
      vertex   -1.601174e+01 1.028535e+01 -1.470000e+01
    endloop
  endfacet
  facet normal 2.134307e-01 9.769582e-01 -0.000000e+00
    outer loop
      vertex   -1.601174e+01 1.028535e+01 -1.470000e+01
      vertex   -1.813402e+01 1.074899e+01 -1.320000e+01
      vertex   -1.601174e+01 1.028535e+01 -1.320000e+01
    endloop
  endfacet
  facet normal 1.868259e-01 9.823930e-01 -0.000000e+00
    outer loop
      vertex   -1.601174e+01 1.028535e+01 -1.470000e+01
      vertex   -1.601174e+01 1.028535e+01 -1.320000e+01
      vertex   -1.387765e+01 9.879498e+00 -1.470000e+01
    endloop
  endfacet
  facet normal 1.868259e-01 9.823930e-01 -0.000000e+00
    outer loop
      vertex   -1.387765e+01 9.879498e+00 -1.470000e+01
      vertex   -1.601174e+01 1.028535e+01 -1.320000e+01
      vertex   -1.387765e+01 9.879498e+00 -1.320000e+01
    endloop
  endfacet
  facet normal 1.600834e-01 9.871035e-01 -0.000000e+00
    outer loop
      vertex   -1.387765e+01 9.879498e+00 -1.470000e+01
      vertex   -1.387765e+01 9.879498e+00 -1.320000e+01
      vertex   -1.173333e+01 9.531743e+00 -1.470000e+01
    endloop
  endfacet
  facet normal 1.600834e-01 9.871035e-01 -0.000000e+00
    outer loop
      vertex   -1.173333e+01 9.531743e+00 -1.470000e+01
      vertex   -1.387765e+01 9.879498e+00 -1.320000e+01
      vertex   -1.173333e+01 9.531743e+00 -1.320000e+01
    endloop
  endfacet
  facet normal -9.986295e-01 -5.233596e-02 0.000000e+00
    outer loop
      vertex   -6.000000e+00 2.100000e+01 -1.470000e+01
      vertex   -6.000000e+00 2.100000e+01 -1.320000e+01
      vertex   -6.027391e+00 2.152264e+01 -1.470000e+01
    endloop
  endfacet
  facet normal -9.986295e-01 -5.233596e-02 -1.239564e-16
    outer loop
      vertex   -6.027391e+00 2.152264e+01 -1.470000e+01
      vertex   -6.000000e+00 2.100000e+01 -1.320000e+01
      vertex   -6.027391e+00 2.152264e+01 -1.320000e+01
    endloop
  endfacet
  facet normal -9.876883e-01 -1.564345e-01 -3.705112e-16
    outer loop
      vertex   -6.027391e+00 2.152264e+01 -1.470000e+01
      vertex   -6.027391e+00 2.152264e+01 -1.320000e+01
      vertex   -6.109262e+00 2.203956e+01 -1.470000e+01
    endloop
  endfacet
  facet normal -9.876883e-01 -1.564345e-01 0.000000e+00
    outer loop
      vertex   -6.109262e+00 2.203956e+01 -1.470000e+01
      vertex   -6.027391e+00 2.152264e+01 -1.320000e+01
      vertex   -6.109262e+00 2.203956e+01 -1.320000e+01
    endloop
  endfacet
  facet normal -9.659258e-01 -2.588190e-01 0.000000e+00
    outer loop
      vertex   -6.109262e+00 2.203956e+01 -1.470000e+01
      vertex   -6.109262e+00 2.203956e+01 -1.320000e+01
      vertex   -6.244717e+00 2.254508e+01 -1.470000e+01
    endloop
  endfacet
  facet normal -9.659258e-01 -2.588190e-01 0.000000e+00
    outer loop
      vertex   -6.244717e+00 2.254508e+01 -1.470000e+01
      vertex   -6.109262e+00 2.203956e+01 -1.320000e+01
      vertex   -6.244717e+00 2.254508e+01 -1.320000e+01
    endloop
  endfacet
  facet normal -9.335804e-01 -3.583679e-01 0.000000e+00
    outer loop
      vertex   -6.244717e+00 2.254508e+01 -1.470000e+01
      vertex   -6.244717e+00 2.254508e+01 -1.320000e+01
      vertex   -6.432273e+00 2.303368e+01 -1.470000e+01
    endloop
  endfacet
  facet normal -9.335804e-01 -3.583679e-01 0.000000e+00
    outer loop
      vertex   -6.432273e+00 2.303368e+01 -1.470000e+01
      vertex   -6.244717e+00 2.254508e+01 -1.320000e+01
      vertex   -6.432273e+00 2.303368e+01 -1.320000e+01
    endloop
  endfacet
  facet normal -8.910065e-01 -4.539905e-01 0.000000e+00
    outer loop
      vertex   -6.432273e+00 2.303368e+01 -1.470000e+01
      vertex   -6.432273e+00 2.303368e+01 -1.320000e+01
      vertex   -6.669873e+00 2.350000e+01 -1.470000e+01
    endloop
  endfacet
  facet normal -8.910065e-01 -4.539905e-01 -1.075266e-15
    outer loop
      vertex   -6.669873e+00 2.350000e+01 -1.470000e+01
      vertex   -6.432273e+00 2.303368e+01 -1.320000e+01
      vertex   -6.669873e+00 2.350000e+01 -1.320000e+01
    endloop
  endfacet
  facet normal -8.386706e-01 -5.446390e-01 -1.289964e-15
    outer loop
      vertex   -6.669873e+00 2.350000e+01 -1.470000e+01
      vertex   -6.669873e+00 2.350000e+01 -1.320000e+01
      vertex   -6.954915e+00 2.393893e+01 -1.470000e+01
    endloop
  endfacet
  facet normal -8.386706e-01 -5.446390e-01 0.000000e+00
    outer loop
      vertex   -6.954915e+00 2.393893e+01 -1.470000e+01
      vertex   -6.669873e+00 2.350000e+01 -1.320000e+01
      vertex   -6.954915e+00 2.393893e+01 -1.320000e+01
    endloop
  endfacet
  facet normal -7.771460e-01 -6.293204e-01 0.000000e+00
    outer loop
      vertex   -6.954915e+00 2.393893e+01 -1.470000e+01
      vertex   -6.954915e+00 2.393893e+01 -1.320000e+01
      vertex   -7.284276e+00 2.434565e+01 -1.470000e+01
    endloop
  endfacet
  facet normal -7.771460e-01 -6.293204e-01 -1.490530e-15
    outer loop
      vertex   -7.284276e+00 2.434565e+01 -1.470000e+01
      vertex   -6.954915e+00 2.393893e+01 -1.320000e+01
      vertex   -7.284276e+00 2.434565e+01 -1.320000e+01
    endloop
  endfacet
  facet normal -7.071068e-01 -7.071068e-01 -1.674765e-15
    outer loop
      vertex   -7.284276e+00 2.434565e+01 -1.470000e+01
      vertex   -7.284276e+00 2.434565e+01 -1.320000e+01
      vertex   -7.654347e+00 2.471572e+01 -1.470000e+01
    endloop
  endfacet
  facet normal -7.071068e-01 -7.071068e-01 0.000000e+00
    outer loop
      vertex   -7.654347e+00 2.471572e+01 -1.470000e+01
      vertex   -7.284276e+00 2.434565e+01 -1.320000e+01
      vertex   -7.654347e+00 2.471572e+01 -1.320000e+01
    endloop
  endfacet
  facet normal -6.293204e-01 -7.771460e-01 0.000000e+00
    outer loop
      vertex   -7.654347e+00 2.471572e+01 -1.470000e+01
      vertex   -7.654347e+00 2.471572e+01 -1.320000e+01
      vertex   -8.061074e+00 2.504508e+01 -1.470000e+01
    endloop
  endfacet
  facet normal -6.293204e-01 -7.771460e-01 0.000000e+00
    outer loop
      vertex   -8.061074e+00 2.504508e+01 -1.470000e+01
      vertex   -7.654347e+00 2.471572e+01 -1.320000e+01
      vertex   -8.061074e+00 2.504508e+01 -1.320000e+01
    endloop
  endfacet
  facet normal -5.446390e-01 -8.386706e-01 0.000000e+00
    outer loop
      vertex   -8.061074e+00 2.504508e+01 -1.470000e+01
      vertex   -8.061074e+00 2.504508e+01 -1.320000e+01
      vertex   -8.500000e+00 2.533013e+01 -1.470000e+01
    endloop
  endfacet
  facet normal -5.446390e-01 -8.386706e-01 0.000000e+00
    outer loop
      vertex   -8.500000e+00 2.533013e+01 -1.470000e+01
      vertex   -8.061074e+00 2.504508e+01 -1.320000e+01
      vertex   -8.500000e+00 2.533013e+01 -1.320000e+01
    endloop
  endfacet
  facet normal -4.539905e-01 -8.910065e-01 0.000000e+00
    outer loop
      vertex   -8.500000e+00 2.533013e+01 -1.470000e+01
      vertex   -8.500000e+00 2.533013e+01 -1.320000e+01
      vertex   -8.966317e+00 2.556773e+01 -1.470000e+01
    endloop
  endfacet
  facet normal -4.539905e-01 -8.910065e-01 5.376328e-16
    outer loop
      vertex   -8.966317e+00 2.556773e+01 -1.470000e+01
      vertex   -8.500000e+00 2.533013e+01 -1.320000e+01
      vertex   -8.966317e+00 2.556773e+01 -1.320000e+01
    endloop
  endfacet
  facet normal -3.583679e-01 -9.335804e-01 4.243929e-16
    outer loop
      vertex   -8.966317e+00 2.556773e+01 -1.470000e+01
      vertex   -8.966317e+00 2.556773e+01 -1.320000e+01
      vertex   -9.454915e+00 2.575528e+01 -1.470000e+01
    endloop
  endfacet
  facet normal -3.583679e-01 -9.335804e-01 0.000000e+00
    outer loop
      vertex   -9.454915e+00 2.575528e+01 -1.470000e+01
      vertex   -8.966317e+00 2.556773e+01 -1.320000e+01
      vertex   -9.454915e+00 2.575528e+01 -1.320000e+01
    endloop
  endfacet
  facet normal -2.588190e-01 -9.659258e-01 0.000000e+00
    outer loop
      vertex   -9.454915e+00 2.575528e+01 -1.470000e+01
      vertex   -9.454915e+00 2.575528e+01 -1.320000e+01
      vertex   -9.960442e+00 2.589074e+01 -1.470000e+01
    endloop
  endfacet
  facet normal -2.588190e-01 -9.659258e-01 3.065033e-16
    outer loop
      vertex   -9.960442e+00 2.589074e+01 -1.470000e+01
      vertex   -9.454915e+00 2.575528e+01 -1.320000e+01
      vertex   -9.960442e+00 2.589074e+01 -1.320000e+01
    endloop
  endfacet
  facet normal -1.564345e-01 -9.876883e-01 1.852556e-16
    outer loop
      vertex   -9.960442e+00 2.589074e+01 -1.470000e+01
      vertex   -9.960442e+00 2.589074e+01 -1.320000e+01
      vertex   -1.047736e+01 2.597261e+01 -1.470000e+01
    endloop
  endfacet
  facet normal -1.564345e-01 -9.876883e-01 0.000000e+00
    outer loop
      vertex   -1.047736e+01 2.597261e+01 -1.470000e+01
      vertex   -9.960442e+00 2.589074e+01 -1.320000e+01
      vertex   -1.047736e+01 2.597261e+01 -1.320000e+01
    endloop
  endfacet
  facet normal -5.233596e-02 -9.986295e-01 0.000000e+00
    outer loop
      vertex   -1.047736e+01 2.597261e+01 -1.470000e+01
      vertex   -1.047736e+01 2.597261e+01 -1.320000e+01
      vertex   -1.100000e+01 2.600000e+01 -1.470000e+01
    endloop
  endfacet
  facet normal -5.233596e-02 -9.986295e-01 0.000000e+00
    outer loop
      vertex   -1.100000e+01 2.600000e+01 -1.470000e+01
      vertex   -1.047736e+01 2.597261e+01 -1.320000e+01
      vertex   -1.100000e+01 2.600000e+01 -1.320000e+01
    endloop
  endfacet
  facet normal 9.337412e-02 9.956311e-01 -0.000000e+00
    outer loop
      vertex   -1.173333e+01 9.531743e+00 -1.470000e+01
      vertex   -1.173333e+01 9.531743e+00 -1.320000e+01
      vertex   -1.119906e+01 9.481637e+00 -1.470000e+01
    endloop
  endfacet
  facet normal 9.337412e-02 9.956311e-01 -1.179064e-15
    outer loop
      vertex   -1.119906e+01 9.481637e+00 -1.470000e+01
      vertex   -1.173333e+01 9.531743e+00 -1.320000e+01
      vertex   -1.119906e+01 9.481637e+00 -1.320000e+01
    endloop
  endfacet
  facet normal -1.386384e-02 9.999039e-01 -1.184124e-15
    outer loop
      vertex   -1.119906e+01 9.481637e+00 -1.470000e+01
      vertex   -1.119906e+01 9.481637e+00 -1.320000e+01
      vertex   -1.066250e+01 9.489077e+00 -1.470000e+01
    endloop
  endfacet
  facet normal -1.386384e-02 9.999039e-01 0.000000e+00
    outer loop
      vertex   -1.066250e+01 9.489077e+00 -1.470000e+01
      vertex   -1.119906e+01 9.481637e+00 -1.320000e+01
      vertex   -1.066250e+01 9.489077e+00 -1.320000e+01
    endloop
  endfacet
  facet normal -1.209421e-01 9.926596e-01 0.000000e+00
    outer loop
      vertex   -1.066250e+01 9.489077e+00 -1.470000e+01
      vertex   -1.066250e+01 9.489077e+00 -1.320000e+01
      vertex   -1.012982e+01 9.553976e+00 -1.470000e+01
    endloop
  endfacet
  facet normal -1.209421e-01 9.926596e-01 -1.432242e-16
    outer loop
      vertex   -1.012982e+01 9.553976e+00 -1.470000e+01
      vertex   -1.066250e+01 9.489077e+00 -1.320000e+01
      vertex   -1.012982e+01 9.553976e+00 -1.320000e+01
    endloop
  endfacet
  facet normal -2.266273e-01 9.739815e-01 -2.683807e-16
    outer loop
      vertex   -1.012982e+01 9.553976e+00 -1.470000e+01
      vertex   -1.012982e+01 9.553976e+00 -1.320000e+01
      vertex   -9.607169e+00 9.675588e+00 -1.470000e+01
    endloop
  endfacet
  facet normal -2.266273e-01 9.739815e-01 0.000000e+00
    outer loop
      vertex   -9.607169e+00 9.675588e+00 -1.470000e+01
      vertex   -1.012982e+01 9.553976e+00 -1.320000e+01
      vertex   -9.607169e+00 9.675588e+00 -1.320000e+01
    endloop
  endfacet
  facet normal -3.297022e-01 9.440850e-01 0.000000e+00
    outer loop
      vertex   -9.607169e+00 9.675588e+00 -1.470000e+01
      vertex   -9.607169e+00 9.675588e+00 -1.320000e+01
      vertex   -9.100559e+00 9.852511e+00 -1.470000e+01
    endloop
  endfacet
  facet normal -3.297022e-01 9.440850e-01 0.000000e+00
    outer loop
      vertex   -9.100559e+00 9.852511e+00 -1.470000e+01
      vertex   -9.607169e+00 9.675588e+00 -1.320000e+01
      vertex   -9.100559e+00 9.852511e+00 -1.320000e+01
    endloop
  endfacet
  facet normal -4.289795e-01 9.033142e-01 0.000000e+00
    outer loop
      vertex   -9.100559e+00 9.852511e+00 -1.470000e+01
      vertex   -9.100559e+00 9.852511e+00 -1.320000e+01
      vertex   -8.615827e+00 1.008271e+01 -1.470000e+01
    endloop
  endfacet
  facet normal -4.289795e-01 9.033142e-01 0.000000e+00
    outer loop
      vertex   -8.615827e+00 1.008271e+01 -1.470000e+01
      vertex   -9.100559e+00 9.852511e+00 -1.320000e+01
      vertex   -8.615827e+00 1.008271e+01 -1.320000e+01
    endloop
  endfacet
  facet normal -5.233157e-01 8.521389e-01 0.000000e+00
    outer loop
      vertex   -8.615827e+00 1.008271e+01 -1.470000e+01
      vertex   -8.615827e+00 1.008271e+01 -1.320000e+01
      vertex   -8.158556e+00 1.036353e+01 -1.470000e+01
    endloop
  endfacet
  facet normal -5.233157e-01 8.521389e-01 0.000000e+00
    outer loop
      vertex   -8.158556e+00 1.036353e+01 -1.470000e+01
      vertex   -8.615827e+00 1.008271e+01 -1.320000e+01
      vertex   -8.158556e+00 1.036353e+01 -1.320000e+01
    endloop
  endfacet
  facet normal -6.116243e-01 7.911484e-01 0.000000e+00
    outer loop
      vertex   -8.158556e+00 1.036353e+01 -1.470000e+01
      vertex   -8.158556e+00 1.036353e+01 -1.320000e+01
      vertex   -7.734014e+00 1.069173e+01 -1.470000e+01
    endloop
  endfacet
  facet normal -6.116243e-01 7.911484e-01 0.000000e+00
    outer loop
      vertex   -7.734014e+00 1.069173e+01 -1.470000e+01
      vertex   -8.158556e+00 1.036353e+01 -1.320000e+01
      vertex   -7.734014e+00 1.069173e+01 -1.320000e+01
    endloop
  endfacet
  facet normal -6.928880e-01 7.210452e-01 0.000000e+00
    outer loop
      vertex   -7.734014e+00 1.069173e+01 -1.470000e+01
      vertex   -7.734014e+00 1.069173e+01 -1.320000e+01
      vertex   -7.347090e+00 1.106355e+01 -1.470000e+01
    endloop
  endfacet
  facet normal -6.928880e-01 7.210452e-01 0.000000e+00
    outer loop
      vertex   -7.347090e+00 1.106355e+01 -1.470000e+01
      vertex   -7.734014e+00 1.069173e+01 -1.320000e+01
      vertex   -7.347090e+00 1.106355e+01 -1.320000e+01
    endloop
  endfacet
  facet normal -7.661708e-01 6.426370e-01 0.000000e+00
    outer loop
      vertex   -7.347090e+00 1.106355e+01 -1.470000e+01
      vertex   -7.347090e+00 1.106355e+01 -1.320000e+01
      vertex   -7.002241e+00 1.147469e+01 -1.470000e+01
    endloop
  endfacet
  facet normal -7.661708e-01 6.426370e-01 0.000000e+00
    outer loop
      vertex   -7.002241e+00 1.147469e+01 -1.470000e+01
      vertex   -7.347090e+00 1.106355e+01 -1.320000e+01
      vertex   -7.002241e+00 1.147469e+01 -1.320000e+01
    endloop
  endfacet
  facet normal -8.306287e-01 5.568266e-01 0.000000e+00
    outer loop
      vertex   -7.002241e+00 1.147469e+01 -1.470000e+01
      vertex   -7.002241e+00 1.147469e+01 -1.320000e+01
      vertex   -6.703439e+00 1.192042e+01 -1.470000e+01
    endloop
  endfacet
  facet normal -8.306287e-01 5.568266e-01 0.000000e+00
    outer loop
      vertex   -6.703439e+00 1.192042e+01 -1.470000e+01
      vertex   -7.002241e+00 1.147469e+01 -1.320000e+01
      vertex   -6.703439e+00 1.192042e+01 -1.320000e+01
    endloop
  endfacet
  facet normal -8.855193e-01 4.646026e-01 0.000000e+00
    outer loop
      vertex   -6.703439e+00 1.192042e+01 -1.470000e+01
      vertex   -6.703439e+00 1.192042e+01 -1.320000e+01
      vertex   -6.454127e+00 1.239560e+01 -1.470000e+01
    endloop
  endfacet
  facet normal -8.855193e-01 4.646026e-01 0.000000e+00
    outer loop
      vertex   -6.454127e+00 1.239560e+01 -1.470000e+01
      vertex   -6.703439e+00 1.192042e+01 -1.320000e+01
      vertex   -6.454127e+00 1.239560e+01 -1.320000e+01
    endloop
  endfacet
  facet normal -9.302102e-01 3.670272e-01 0.000000e+00
    outer loop
      vertex   -6.454127e+00 1.239560e+01 -1.470000e+01
      vertex   -6.454127e+00 1.239560e+01 -1.320000e+01
      vertex   -6.257174e+00 1.289476e+01 -1.470000e+01
    endloop
  endfacet
  facet normal -9.302102e-01 3.670272e-01 -2.322951e-16
    outer loop
      vertex   -6.257174e+00 1.289476e+01 -1.470000e+01
      vertex   -6.454127e+00 1.239560e+01 -1.320000e+01
      vertex   -6.257174e+00 1.289476e+01 -1.320000e+01
    endloop
  endfacet
  facet normal -9.641867e-01 2.652243e-01 -5.136491e-16
    outer loop
      vertex   -6.257174e+00 1.289476e+01 -1.470000e+01
      vertex   -6.257174e+00 1.289476e+01 -1.320000e+01
      vertex   -6.114851e+00 1.341216e+01 -1.470000e+01
    endloop
  endfacet
  facet normal -9.641867e-01 2.652243e-01 0.000000e+00
    outer loop
      vertex   -6.114851e+00 1.341216e+01 -1.470000e+01
      vertex   -6.257174e+00 1.289476e+01 -1.320000e+01
      vertex   -6.114851e+00 1.341216e+01 -1.320000e+01
    endloop
  endfacet
  facet normal -9.870575e-01 1.603665e-01 0.000000e+00
    outer loop
      vertex   -6.114851e+00 1.341216e+01 -1.470000e+01
      vertex   -6.114851e+00 1.341216e+01 -1.320000e+01
      vertex   -6.028796e+00 1.394183e+01 -1.470000e+01
    endloop
  endfacet
  facet normal -9.870575e-01 1.603665e-01 1.899121e-16
    outer loop
      vertex   -6.028796e+00 1.394183e+01 -1.470000e+01
      vertex   -6.114851e+00 1.341216e+01 -1.320000e+01
      vertex   -6.028796e+00 1.394183e+01 -1.320000e+01
    endloop
  endfacet
  facet normal -9.985592e-01 5.366152e-02 6.354801e-17
    outer loop
      vertex   -6.028796e+00 1.394183e+01 -1.470000e+01
      vertex   -6.028796e+00 1.394183e+01 -1.320000e+01
      vertex   -6.000000e+00 1.447767e+01 -1.470000e+01
    endloop
  endfacet
  facet normal -9.985592e-01 5.366152e-02 0.000000e+00
    outer loop
      vertex   -6.000000e+00 1.447767e+01 -1.470000e+01
      vertex   -6.028796e+00 1.394183e+01 -1.320000e+01
      vertex   -6.000000e+00 1.447767e+01 -1.320000e+01
    endloop
  endfacet
  facet normal -1.000000e+00 -0.000000e+00 0.000000e+00
    outer loop
      vertex   -6.000000e+00 2.100000e+01 -1.470000e+01
      vertex   -6.000000e+00 1.447767e+01 -1.470000e+01
      vertex   -6.000000e+00 2.100000e+01 -1.320000e+01
    endloop
  endfacet
  facet normal -1.000000e+00 0.000000e+00 0.000000e+00
    outer loop
      vertex   -6.000000e+00 2.100000e+01 -1.320000e+01
      vertex   -6.000000e+00 1.447767e+01 -1.470000e+01
      vertex   -6.000000e+00 1.447767e+01 -1.320000e+01
    endloop
  endfacet
  facet normal 9.361168e-01 3.407187e-01 8.715574e-02
    outer loop
      vertex   6.205370e+01 2.000000e+01 -6.917060e+00
      vertex   6.203349e+01 2.000000e+01 -6.700000e+00
      vertex   6.306646e+01 1.716196e+01 -6.700000e+00
    endloop
  endfacet
  facet normal 9.361168e-01 3.407187e-01 -8.715574e-02
    outer loop
      vertex   6.306646e+01 1.716196e+01 -6.700000e+00
      vertex   6.203349e+01 2.000000e+01 -6.700000e+00
      vertex   6.205370e+01 2.000000e+01 -6.482940e+00
    endloop
  endfacet
  facet normal 9.361168e-01 3.407187e-01 -8.715574e-02
    outer loop
      vertex   6.306646e+01 1.716196e+01 -6.700000e+00
      vertex   6.205370e+01 2.000000e+01 -6.482940e+00
      vertex   6.308430e+01 1.716845e+01 -6.482940e+00
    endloop
  endfacet
  facet normal 9.076734e-01 3.303661e-01 -2.588190e-01
    outer loop
      vertex   6.308430e+01 1.716845e+01 -6.482940e+00
      vertex   6.205370e+01 2.000000e+01 -6.482940e+00
      vertex   6.211372e+01 2.000000e+01 -6.272475e+00
    endloop
  endfacet
  facet normal 9.076734e-01 3.303661e-01 -2.588190e-01
    outer loop
      vertex   6.308430e+01 1.716845e+01 -6.482940e+00
      vertex   6.211372e+01 2.000000e+01 -6.272475e+00
      vertex   6.313730e+01 1.718774e+01 -6.272475e+00
    endloop
  endfacet
  facet normal 8.516507e-01 3.099755e-01 -4.226183e-01
    outer loop
      vertex   6.313730e+01 1.718774e+01 -6.272475e+00
      vertex   6.211372e+01 2.000000e+01 -6.272475e+00
      vertex   6.221171e+01 2.000000e+01 -6.075000e+00
    endloop
  endfacet
  facet normal 8.516507e-01 3.099755e-01 -4.226183e-01
    outer loop
      vertex   6.313730e+01 1.718774e+01 -6.272475e+00
      vertex   6.221171e+01 2.000000e+01 -6.075000e+00
      vertex   6.322383e+01 1.721924e+01 -6.075000e+00
    endloop
  endfacet
  facet normal 7.697511e-01 2.801665e-01 -5.735764e-01
    outer loop
      vertex   6.322383e+01 1.721924e+01 -6.075000e+00
      vertex   6.221171e+01 2.000000e+01 -6.075000e+00
      vertex   6.234471e+01 2.000000e+01 -5.896515e+00
    endloop
  endfacet
  facet normal 7.697511e-01 2.801665e-01 -5.735764e-01
    outer loop
      vertex   6.322383e+01 1.721924e+01 -6.075000e+00
      vertex   6.234471e+01 2.000000e+01 -5.896515e+00
      vertex   6.334127e+01 1.726198e+01 -5.896515e+00
    endloop
  endfacet
  facet normal 6.644630e-01 2.418448e-01 -7.071068e-01
    outer loop
      vertex   6.334127e+01 1.726198e+01 -5.896515e+00
      vertex   6.234471e+01 2.000000e+01 -5.896515e+00
      vertex   6.250867e+01 2.000000e+01 -5.742444e+00
    endloop
  endfacet
  facet normal 6.644630e-01 2.418448e-01 -7.071068e-01
    outer loop
      vertex   6.334127e+01 1.726198e+01 -5.896515e+00
      vertex   6.250867e+01 2.000000e+01 -5.742444e+00
      vertex   6.348604e+01 1.731468e+01 -5.742444e+00
    endloop
  endfacet
  facet normal 5.389855e-01 1.961747e-01 -8.191520e-01
    outer loop
      vertex   6.348604e+01 1.731468e+01 -5.742444e+00
      vertex   6.250867e+01 2.000000e+01 -5.742444e+00
      vertex   6.269861e+01 2.000000e+01 -5.617468e+00
    endloop
  endfacet
  facet normal 5.389855e-01 1.961747e-01 -8.191520e-01
    outer loop
      vertex   6.348604e+01 1.731468e+01 -5.742444e+00
      vertex   6.269861e+01 2.000000e+01 -5.617468e+00
      vertex   6.365377e+01 1.737572e+01 -5.617468e+00
    endloop
  endfacet
  facet normal 3.971313e-01 1.445440e-01 -9.063078e-01
    outer loop
      vertex   6.365377e+01 1.737572e+01 -5.617468e+00
      vertex   6.269861e+01 2.000000e+01 -5.617468e+00
      vertex   6.290875e+01 2.000000e+01 -5.525384e+00
    endloop
  endfacet
  facet normal 3.971313e-01 1.445440e-01 -9.063078e-01
    outer loop
      vertex   6.365377e+01 1.737572e+01 -5.617468e+00
      vertex   6.290875e+01 2.000000e+01 -5.525384e+00
      vertex   6.383933e+01 1.744326e+01 -5.525384e+00
    endloop
  endfacet
  facet normal 2.432103e-01 8.852133e-02 -9.659258e-01
    outer loop
      vertex   6.383933e+01 1.744326e+01 -5.525384e+00
      vertex   6.290875e+01 2.000000e+01 -5.525384e+00
      vertex   6.313273e+01 2.000000e+01 -5.468990e+00
    endloop
  endfacet
  facet normal 2.432103e-01 8.852133e-02 -9.659258e-01
    outer loop
      vertex   6.383933e+01 1.744326e+01 -5.525384e+00
      vertex   6.313273e+01 2.000000e+01 -5.468990e+00
      vertex   6.403710e+01 1.751524e+01 -5.468990e+00
    endloop
  endfacet
  facet normal 8.189961e-02 2.980902e-02 -9.961947e-01
    outer loop
      vertex   6.403710e+01 1.751524e+01 -5.468990e+00
      vertex   6.313273e+01 2.000000e+01 -5.468990e+00
      vertex   6.336372e+01 2.000000e+01 -5.450000e+00
    endloop
  endfacet
  facet normal 8.189961e-02 2.980902e-02 -9.961947e-01
    outer loop
      vertex   6.403710e+01 1.751524e+01 -5.468990e+00
      vertex   6.336372e+01 2.000000e+01 -5.450000e+00
      vertex   6.424107e+01 1.758948e+01 -5.450000e+00
    endloop
  endfacet
  facet normal -8.189961e-02 -2.980902e-02 -9.961947e-01
    outer loop
      vertex   6.424107e+01 1.758948e+01 -5.450000e+00
      vertex   6.336372e+01 2.000000e+01 -5.450000e+00
      vertex   6.359471e+01 2.000000e+01 -5.468990e+00
    endloop
  endfacet
  facet normal -8.189961e-02 -2.980902e-02 -9.961947e-01
    outer loop
      vertex   6.424107e+01 1.758948e+01 -5.450000e+00
      vertex   6.359471e+01 2.000000e+01 -5.468990e+00
      vertex   6.444504e+01 1.766372e+01 -5.468990e+00
    endloop
  endfacet
  facet normal -2.432103e-01 -8.852133e-02 -9.659258e-01
    outer loop
      vertex   6.444504e+01 1.766372e+01 -5.468990e+00
      vertex   6.359471e+01 2.000000e+01 -5.468990e+00
      vertex   6.381868e+01 2.000000e+01 -5.525384e+00
    endloop
  endfacet
  facet normal -2.432103e-01 -8.852133e-02 -9.659258e-01
    outer loop
      vertex   6.444504e+01 1.766372e+01 -5.468990e+00
      vertex   6.381868e+01 2.000000e+01 -5.525384e+00
      vertex   6.464282e+01 1.773571e+01 -5.525384e+00
    endloop
  endfacet
  facet normal -3.971313e-01 -1.445440e-01 -9.063078e-01
    outer loop
      vertex   6.464282e+01 1.773571e+01 -5.525384e+00
      vertex   6.381868e+01 2.000000e+01 -5.525384e+00
      vertex   6.402883e+01 2.000000e+01 -5.617468e+00
    endloop
  endfacet
  facet normal -3.971313e-01 -1.445440e-01 -9.063078e-01
    outer loop
      vertex   6.464282e+01 1.773571e+01 -5.525384e+00
      vertex   6.402883e+01 2.000000e+01 -5.617468e+00
      vertex   6.482838e+01 1.780325e+01 -5.617468e+00
    endloop
  endfacet
  facet normal -5.389855e-01 -1.961747e-01 -8.191520e-01
    outer loop
      vertex   6.482838e+01 1.780325e+01 -5.617468e+00
      vertex   6.402883e+01 2.000000e+01 -5.617468e+00
      vertex   6.421877e+01 2.000000e+01 -5.742444e+00
    endloop
  endfacet
  facet normal -5.389855e-01 -1.961747e-01 -8.191520e-01
    outer loop
      vertex   6.482838e+01 1.780325e+01 -5.617468e+00
      vertex   6.421877e+01 2.000000e+01 -5.742444e+00
      vertex   6.499610e+01 1.786429e+01 -5.742444e+00
    endloop
  endfacet
  facet normal -6.644630e-01 -2.418448e-01 -7.071068e-01
    outer loop
      vertex   6.499610e+01 1.786429e+01 -5.742444e+00
      vertex   6.421877e+01 2.000000e+01 -5.742444e+00
      vertex   6.438273e+01 2.000000e+01 -5.896515e+00
    endloop
  endfacet
  facet normal -6.644630e-01 -2.418448e-01 -7.071068e-01
    outer loop
      vertex   6.499610e+01 1.786429e+01 -5.742444e+00
      vertex   6.438273e+01 2.000000e+01 -5.896515e+00
      vertex   6.514088e+01 1.791699e+01 -5.896515e+00
    endloop
  endfacet
  facet normal -7.697511e-01 -2.801665e-01 -5.735764e-01
    outer loop
      vertex   6.514088e+01 1.791699e+01 -5.896515e+00
      vertex   6.438273e+01 2.000000e+01 -5.896515e+00
      vertex   6.451572e+01 2.000000e+01 -6.075000e+00
    endloop
  endfacet
  facet normal -7.697511e-01 -2.801665e-01 -5.735764e-01
    outer loop
      vertex   6.514088e+01 1.791699e+01 -5.896515e+00
      vertex   6.451572e+01 2.000000e+01 -6.075000e+00
      vertex   6.525832e+01 1.795973e+01 -6.075000e+00
    endloop
  endfacet
  facet normal -8.516507e-01 -3.099755e-01 -4.226183e-01
    outer loop
      vertex   6.525832e+01 1.795973e+01 -6.075000e+00
      vertex   6.451572e+01 2.000000e+01 -6.075000e+00
      vertex   6.461372e+01 2.000000e+01 -6.272475e+00
    endloop
  endfacet
  facet normal -8.516507e-01 -3.099755e-01 -4.226183e-01
    outer loop
      vertex   6.525832e+01 1.795973e+01 -6.075000e+00
      vertex   6.461372e+01 2.000000e+01 -6.272475e+00
      vertex   6.534485e+01 1.799123e+01 -6.272475e+00
    endloop
  endfacet
  facet normal -9.076734e-01 -3.303661e-01 -2.588190e-01
    outer loop
      vertex   6.534485e+01 1.799123e+01 -6.272475e+00
      vertex   6.461372e+01 2.000000e+01 -6.272475e+00
      vertex   6.467373e+01 2.000000e+01 -6.482940e+00
    endloop
  endfacet
  facet normal -9.076734e-01 -3.303661e-01 -2.588190e-01
    outer loop
      vertex   6.534485e+01 1.799123e+01 -6.272475e+00
      vertex   6.467373e+01 2.000000e+01 -6.482940e+00
      vertex   6.539784e+01 1.801051e+01 -6.482940e+00
    endloop
  endfacet
  facet normal -9.361168e-01 -3.407187e-01 -8.715574e-02
    outer loop
      vertex   6.539784e+01 1.801051e+01 -6.482940e+00
      vertex   6.467373e+01 2.000000e+01 -6.482940e+00
      vertex   6.469394e+01 2.000000e+01 -6.700000e+00
    endloop
  endfacet
  facet normal -9.361168e-01 -3.407187e-01 -8.715574e-02
    outer loop
      vertex   6.539784e+01 1.801051e+01 -6.482940e+00
      vertex   6.469394e+01 2.000000e+01 -6.700000e+00
      vertex   6.541569e+01 1.801701e+01 -6.700000e+00
    endloop
  endfacet
  facet normal -9.361168e-01 -3.407187e-01 8.715574e-02
    outer loop
      vertex   6.541569e+01 1.801701e+01 -6.700000e+00
      vertex   6.469394e+01 2.000000e+01 -6.700000e+00
      vertex   6.539784e+01 1.801051e+01 -6.917060e+00
    endloop
  endfacet
  facet normal -9.361168e-01 -3.407187e-01 8.715574e-02
    outer loop
      vertex   6.539784e+01 1.801051e+01 -6.917060e+00
      vertex   6.469394e+01 2.000000e+01 -6.700000e+00
      vertex   6.467373e+01 2.000000e+01 -6.917060e+00
    endloop
  endfacet
  facet normal -9.076734e-01 -3.303661e-01 2.588190e-01
    outer loop
      vertex   6.539784e+01 1.801051e+01 -6.917060e+00
      vertex   6.467373e+01 2.000000e+01 -6.917060e+00
      vertex   6.534485e+01 1.799123e+01 -7.127525e+00
    endloop
  endfacet
  facet normal -9.076734e-01 -3.303661e-01 2.588190e-01
    outer loop
      vertex   6.534485e+01 1.799123e+01 -7.127525e+00
      vertex   6.467373e+01 2.000000e+01 -6.917060e+00
      vertex   6.461372e+01 2.000000e+01 -7.127525e+00
    endloop
  endfacet
  facet normal -8.516507e-01 -3.099755e-01 4.226183e-01
    outer loop
      vertex   6.534485e+01 1.799123e+01 -7.127525e+00
      vertex   6.461372e+01 2.000000e+01 -7.127525e+00
      vertex   6.525832e+01 1.795973e+01 -7.325000e+00
    endloop
  endfacet
  facet normal -8.516507e-01 -3.099755e-01 4.226183e-01
    outer loop
      vertex   6.525832e+01 1.795973e+01 -7.325000e+00
      vertex   6.461372e+01 2.000000e+01 -7.127525e+00
      vertex   6.451572e+01 2.000000e+01 -7.325000e+00
    endloop
  endfacet
  facet normal -7.697511e-01 -2.801665e-01 5.735764e-01
    outer loop
      vertex   6.525832e+01 1.795973e+01 -7.325000e+00
      vertex   6.451572e+01 2.000000e+01 -7.325000e+00
      vertex   6.514088e+01 1.791699e+01 -7.503485e+00
    endloop
  endfacet
  facet normal -7.697511e-01 -2.801665e-01 5.735764e-01
    outer loop
      vertex   6.514088e+01 1.791699e+01 -7.503485e+00
      vertex   6.451572e+01 2.000000e+01 -7.325000e+00
      vertex   6.438273e+01 2.000000e+01 -7.503485e+00
    endloop
  endfacet
  facet normal -6.644630e-01 -2.418448e-01 7.071068e-01
    outer loop
      vertex   6.514088e+01 1.791699e+01 -7.503485e+00
      vertex   6.438273e+01 2.000000e+01 -7.503485e+00
      vertex   6.499610e+01 1.786429e+01 -7.657556e+00
    endloop
  endfacet
  facet normal -6.644630e-01 -2.418448e-01 7.071068e-01
    outer loop
      vertex   6.499610e+01 1.786429e+01 -7.657556e+00
      vertex   6.438273e+01 2.000000e+01 -7.503485e+00
      vertex   6.421877e+01 2.000000e+01 -7.657556e+00
    endloop
  endfacet
  facet normal -5.389855e-01 -1.961747e-01 8.191520e-01
    outer loop
      vertex   6.499610e+01 1.786429e+01 -7.657556e+00
      vertex   6.421877e+01 2.000000e+01 -7.657556e+00
      vertex   6.482838e+01 1.780325e+01 -7.782532e+00
    endloop
  endfacet
  facet normal -5.389855e-01 -1.961747e-01 8.191520e-01
    outer loop
      vertex   6.482838e+01 1.780325e+01 -7.782532e+00
      vertex   6.421877e+01 2.000000e+01 -7.657556e+00
      vertex   6.402883e+01 2.000000e+01 -7.782532e+00
    endloop
  endfacet
  facet normal -3.971313e-01 -1.445440e-01 9.063078e-01
    outer loop
      vertex   6.482838e+01 1.780325e+01 -7.782532e+00
      vertex   6.402883e+01 2.000000e+01 -7.782532e+00
      vertex   6.464282e+01 1.773571e+01 -7.874616e+00
    endloop
  endfacet
  facet normal -3.971313e-01 -1.445440e-01 9.063078e-01
    outer loop
      vertex   6.464282e+01 1.773571e+01 -7.874616e+00
      vertex   6.402883e+01 2.000000e+01 -7.782532e+00
      vertex   6.381868e+01 2.000000e+01 -7.874616e+00
    endloop
  endfacet
  facet normal -2.432103e-01 -8.852133e-02 9.659258e-01
    outer loop
      vertex   6.464282e+01 1.773571e+01 -7.874616e+00
      vertex   6.381868e+01 2.000000e+01 -7.874616e+00
      vertex   6.444504e+01 1.766372e+01 -7.931010e+00
    endloop
  endfacet
  facet normal -2.432103e-01 -8.852133e-02 9.659258e-01
    outer loop
      vertex   6.444504e+01 1.766372e+01 -7.931010e+00
      vertex   6.381868e+01 2.000000e+01 -7.874616e+00
      vertex   6.359471e+01 2.000000e+01 -7.931010e+00
    endloop
  endfacet
  facet normal -8.189961e-02 -2.980902e-02 9.961947e-01
    outer loop
      vertex   6.444504e+01 1.766372e+01 -7.931010e+00
      vertex   6.359471e+01 2.000000e+01 -7.931010e+00
      vertex   6.424107e+01 1.758948e+01 -7.950000e+00
    endloop
  endfacet
  facet normal -8.189961e-02 -2.980902e-02 9.961947e-01
    outer loop
      vertex   6.424107e+01 1.758948e+01 -7.950000e+00
      vertex   6.359471e+01 2.000000e+01 -7.931010e+00
      vertex   6.336372e+01 2.000000e+01 -7.950000e+00
    endloop
  endfacet
  facet normal 8.189961e-02 2.980902e-02 9.961947e-01
    outer loop
      vertex   6.424107e+01 1.758948e+01 -7.950000e+00
      vertex   6.336372e+01 2.000000e+01 -7.950000e+00
      vertex   6.403710e+01 1.751524e+01 -7.931010e+00
    endloop
  endfacet
  facet normal 8.189961e-02 2.980902e-02 9.961947e-01
    outer loop
      vertex   6.403710e+01 1.751524e+01 -7.931010e+00
      vertex   6.336372e+01 2.000000e+01 -7.950000e+00
      vertex   6.313273e+01 2.000000e+01 -7.931010e+00
    endloop
  endfacet
  facet normal 2.432103e-01 8.852133e-02 9.659258e-01
    outer loop
      vertex   6.403710e+01 1.751524e+01 -7.931010e+00
      vertex   6.313273e+01 2.000000e+01 -7.931010e+00
      vertex   6.383933e+01 1.744326e+01 -7.874616e+00
    endloop
  endfacet
  facet normal 2.432103e-01 8.852133e-02 9.659258e-01
    outer loop
      vertex   6.383933e+01 1.744326e+01 -7.874616e+00
      vertex   6.313273e+01 2.000000e+01 -7.931010e+00
      vertex   6.290875e+01 2.000000e+01 -7.874616e+00
    endloop
  endfacet
  facet normal 3.971313e-01 1.445440e-01 9.063078e-01
    outer loop
      vertex   6.383933e+01 1.744326e+01 -7.874616e+00
      vertex   6.290875e+01 2.000000e+01 -7.874616e+00
      vertex   6.365377e+01 1.737572e+01 -7.782532e+00
    endloop
  endfacet
  facet normal 3.971313e-01 1.445440e-01 9.063078e-01
    outer loop
      vertex   6.365377e+01 1.737572e+01 -7.782532e+00
      vertex   6.290875e+01 2.000000e+01 -7.874616e+00
      vertex   6.269861e+01 2.000000e+01 -7.782532e+00
    endloop
  endfacet
  facet normal 5.389855e-01 1.961747e-01 8.191520e-01
    outer loop
      vertex   6.365377e+01 1.737572e+01 -7.782532e+00
      vertex   6.269861e+01 2.000000e+01 -7.782532e+00
      vertex   6.348604e+01 1.731468e+01 -7.657556e+00
    endloop
  endfacet
  facet normal 5.389855e-01 1.961747e-01 8.191520e-01
    outer loop
      vertex   6.348604e+01 1.731468e+01 -7.657556e+00
      vertex   6.269861e+01 2.000000e+01 -7.782532e+00
      vertex   6.250867e+01 2.000000e+01 -7.657556e+00
    endloop
  endfacet
  facet normal 6.644630e-01 2.418448e-01 7.071068e-01
    outer loop
      vertex   6.348604e+01 1.731468e+01 -7.657556e+00
      vertex   6.250867e+01 2.000000e+01 -7.657556e+00
      vertex   6.334127e+01 1.726198e+01 -7.503485e+00
    endloop
  endfacet
  facet normal 6.644630e-01 2.418448e-01 7.071068e-01
    outer loop
      vertex   6.334127e+01 1.726198e+01 -7.503485e+00
      vertex   6.250867e+01 2.000000e+01 -7.657556e+00
      vertex   6.234471e+01 2.000000e+01 -7.503485e+00
    endloop
  endfacet
  facet normal 7.697511e-01 2.801665e-01 5.735764e-01
    outer loop
      vertex   6.334127e+01 1.726198e+01 -7.503485e+00
      vertex   6.234471e+01 2.000000e+01 -7.503485e+00
      vertex   6.322383e+01 1.721924e+01 -7.325000e+00
    endloop
  endfacet
  facet normal 7.697511e-01 2.801665e-01 5.735764e-01
    outer loop
      vertex   6.322383e+01 1.721924e+01 -7.325000e+00
      vertex   6.234471e+01 2.000000e+01 -7.503485e+00
      vertex   6.221171e+01 2.000000e+01 -7.325000e+00
    endloop
  endfacet
  facet normal 8.516507e-01 3.099755e-01 4.226183e-01
    outer loop
      vertex   6.322383e+01 1.721924e+01 -7.325000e+00
      vertex   6.221171e+01 2.000000e+01 -7.325000e+00
      vertex   6.313730e+01 1.718774e+01 -7.127525e+00
    endloop
  endfacet
  facet normal 8.516507e-01 3.099755e-01 4.226183e-01
    outer loop
      vertex   6.313730e+01 1.718774e+01 -7.127525e+00
      vertex   6.221171e+01 2.000000e+01 -7.325000e+00
      vertex   6.211372e+01 2.000000e+01 -7.127525e+00
    endloop
  endfacet
  facet normal 9.076734e-01 3.303661e-01 2.588190e-01
    outer loop
      vertex   6.313730e+01 1.718774e+01 -7.127525e+00
      vertex   6.211372e+01 2.000000e+01 -7.127525e+00
      vertex   6.308430e+01 1.716845e+01 -6.917060e+00
    endloop
  endfacet
  facet normal 9.076734e-01 3.303661e-01 2.588190e-01
    outer loop
      vertex   6.308430e+01 1.716845e+01 -6.917060e+00
      vertex   6.211372e+01 2.000000e+01 -7.127525e+00
      vertex   6.205370e+01 2.000000e+01 -6.917060e+00
    endloop
  endfacet
  facet normal 9.361168e-01 3.407187e-01 8.715574e-02
    outer loop
      vertex   6.308430e+01 1.716845e+01 -6.917060e+00
      vertex   6.205370e+01 2.000000e+01 -6.917060e+00
      vertex   6.306646e+01 1.716196e+01 -6.700000e+00
    endloop
  endfacet
  facet normal 9.361168e-01 3.407187e-01 -8.715574e-02
    outer loop
      vertex   2.694759e+01 8.272479e+00 -6.482940e+00
      vertex   2.831568e+01 4.513708e+00 -6.482940e+00
      vertex   2.692975e+01 8.265984e+00 -6.700000e+00
    endloop
  endfacet
  facet normal 9.361168e-01 3.407187e-01 -8.715574e-02
    outer loop
      vertex   2.692975e+01 8.265984e+00 -6.700000e+00
      vertex   2.831568e+01 4.513708e+00 -6.482940e+00
      vertex   2.829783e+01 4.507213e+00 -6.700000e+00
    endloop
  endfacet
  facet normal 9.361168e-01 3.407187e-01 8.715574e-02
    outer loop
      vertex   2.692975e+01 8.265984e+00 -6.700000e+00
      vertex   2.829783e+01 4.507213e+00 -6.700000e+00
      vertex   2.694759e+01 8.272479e+00 -6.917060e+00
    endloop
  endfacet
  facet normal 9.361168e-01 3.407187e-01 8.715574e-02
    outer loop
      vertex   2.694759e+01 8.272479e+00 -6.917060e+00
      vertex   2.829783e+01 4.507213e+00 -6.700000e+00
      vertex   2.831568e+01 4.513708e+00 -6.917060e+00
    endloop
  endfacet
  facet normal 9.076734e-01 3.303661e-01 2.588190e-01
    outer loop
      vertex   2.694759e+01 8.272479e+00 -6.917060e+00
      vertex   2.831568e+01 4.513708e+00 -6.917060e+00
      vertex   2.700059e+01 8.291767e+00 -7.127525e+00
    endloop
  endfacet
  facet normal 9.076734e-01 3.303661e-01 2.588190e-01
    outer loop
      vertex   2.700059e+01 8.291767e+00 -7.127525e+00
      vertex   2.831568e+01 4.513708e+00 -6.917060e+00
      vertex   2.836867e+01 4.532996e+00 -7.127525e+00
    endloop
  endfacet
  facet normal 8.516507e-01 3.099755e-01 4.226183e-01
    outer loop
      vertex   2.700059e+01 8.291767e+00 -7.127525e+00
      vertex   2.836867e+01 4.532996e+00 -7.127525e+00
      vertex   2.708712e+01 8.323261e+00 -7.325000e+00
    endloop
  endfacet
  facet normal 8.516507e-01 3.099755e-01 4.226183e-01
    outer loop
      vertex   2.708712e+01 8.323261e+00 -7.325000e+00
      vertex   2.836867e+01 4.532996e+00 -7.127525e+00
      vertex   2.845520e+01 4.564491e+00 -7.325000e+00
    endloop
  endfacet
  facet normal 7.697511e-01 2.801665e-01 5.735764e-01
    outer loop
      vertex   2.708712e+01 8.323261e+00 -7.325000e+00
      vertex   2.845520e+01 4.564491e+00 -7.325000e+00
      vertex   2.720456e+01 8.366005e+00 -7.503485e+00
    endloop
  endfacet
  facet normal 7.697511e-01 2.801665e-01 5.735764e-01
    outer loop
      vertex   2.720456e+01 8.366005e+00 -7.503485e+00
      vertex   2.845520e+01 4.564491e+00 -7.325000e+00
      vertex   2.857264e+01 4.607235e+00 -7.503485e+00
    endloop
  endfacet
  facet normal 6.644630e-01 2.418448e-01 7.071068e-01
    outer loop
      vertex   2.720456e+01 8.366005e+00 -7.503485e+00
      vertex   2.857264e+01 4.607235e+00 -7.503485e+00
      vertex   2.734934e+01 8.418701e+00 -7.657556e+00
    endloop
  endfacet
  facet normal 6.644630e-01 2.418448e-01 7.071068e-01
    outer loop
      vertex   2.734934e+01 8.418701e+00 -7.657556e+00
      vertex   2.857264e+01 4.607235e+00 -7.503485e+00
      vertex   2.871742e+01 4.659930e+00 -7.657556e+00
    endloop
  endfacet
  facet normal 5.389855e-01 1.961747e-01 8.191520e-01
    outer loop
      vertex   2.734934e+01 8.418701e+00 -7.657556e+00
      vertex   2.871742e+01 4.659930e+00 -7.657556e+00
      vertex   2.751706e+01 8.479746e+00 -7.782532e+00
    endloop
  endfacet
  facet normal 5.389855e-01 1.961747e-01 8.191520e-01
    outer loop
      vertex   2.751706e+01 8.479746e+00 -7.782532e+00
      vertex   2.871742e+01 4.659930e+00 -7.657556e+00
      vertex   2.888514e+01 4.720976e+00 -7.782532e+00
    endloop
  endfacet
  facet normal 3.971313e-01 1.445440e-01 9.063078e-01
    outer loop
      vertex   2.751706e+01 8.479746e+00 -7.782532e+00
      vertex   2.888514e+01 4.720976e+00 -7.782532e+00
      vertex   2.770262e+01 8.547287e+00 -7.874616e+00
    endloop
  endfacet
  facet normal 3.971313e-01 1.445440e-01 9.063078e-01
    outer loop
      vertex   2.770262e+01 8.547287e+00 -7.874616e+00
      vertex   2.888514e+01 4.720976e+00 -7.782532e+00
      vertex   2.907070e+01 4.788516e+00 -7.874616e+00
    endloop
  endfacet
  facet normal 2.432103e-01 8.852133e-02 9.659258e-01
    outer loop
      vertex   2.770262e+01 8.547287e+00 -7.874616e+00
      vertex   2.907070e+01 4.788516e+00 -7.874616e+00
      vertex   2.790040e+01 8.619270e+00 -7.931010e+00
    endloop
  endfacet
  facet normal 2.432103e-01 8.852133e-02 9.659258e-01
    outer loop
      vertex   2.790040e+01 8.619270e+00 -7.931010e+00
      vertex   2.907070e+01 4.788516e+00 -7.874616e+00
      vertex   2.926848e+01 4.860499e+00 -7.931010e+00
    endloop
  endfacet
  facet normal 8.189961e-02 2.980902e-02 9.961947e-01
    outer loop
      vertex   2.790040e+01 8.619270e+00 -7.931010e+00
      vertex   2.926848e+01 4.860499e+00 -7.931010e+00
      vertex   2.810437e+01 8.693509e+00 -7.950000e+00
    endloop
  endfacet
  facet normal 8.189961e-02 2.980902e-02 9.961947e-01
    outer loop
      vertex   2.810437e+01 8.693509e+00 -7.950000e+00
      vertex   2.926848e+01 4.860499e+00 -7.931010e+00
      vertex   2.947245e+01 4.934738e+00 -7.950000e+00
    endloop
  endfacet
  facet normal -8.189961e-02 -2.980902e-02 9.961947e-01
    outer loop
      vertex   2.810437e+01 8.693509e+00 -7.950000e+00
      vertex   2.947245e+01 4.934738e+00 -7.950000e+00
      vertex   2.830834e+01 8.767748e+00 -7.931010e+00
    endloop
  endfacet
  facet normal -8.189961e-02 -2.980902e-02 9.961947e-01
    outer loop
      vertex   2.830834e+01 8.767748e+00 -7.931010e+00
      vertex   2.947245e+01 4.934738e+00 -7.950000e+00
      vertex   2.967642e+01 5.008977e+00 -7.931010e+00
    endloop
  endfacet
  facet normal -2.432103e-01 -8.852133e-02 9.659258e-01
    outer loop
      vertex   2.830834e+01 8.767748e+00 -7.931010e+00
      vertex   2.967642e+01 5.008977e+00 -7.931010e+00
      vertex   2.850611e+01 8.839731e+00 -7.874616e+00
    endloop
  endfacet
  facet normal -2.432103e-01 -8.852133e-02 9.659258e-01
    outer loop
      vertex   2.850611e+01 8.839731e+00 -7.874616e+00
      vertex   2.967642e+01 5.008977e+00 -7.931010e+00
      vertex   2.987419e+01 5.080961e+00 -7.874616e+00
    endloop
  endfacet
  facet normal -3.971313e-01 -1.445440e-01 9.063078e-01
    outer loop
      vertex   2.850611e+01 8.839731e+00 -7.874616e+00
      vertex   2.987419e+01 5.080961e+00 -7.874616e+00
      vertex   2.869167e+01 8.907271e+00 -7.782532e+00
    endloop
  endfacet
  facet normal -3.971313e-01 -1.445440e-01 9.063078e-01
    outer loop
      vertex   2.869167e+01 8.907271e+00 -7.782532e+00
      vertex   2.987419e+01 5.080961e+00 -7.874616e+00
      vertex   3.005975e+01 5.148501e+00 -7.782532e+00
    endloop
  endfacet
  facet normal -5.389855e-01 -1.961747e-01 8.191520e-01
    outer loop
      vertex   2.869167e+01 8.907271e+00 -7.782532e+00
      vertex   3.005975e+01 5.148501e+00 -7.782532e+00
      vertex   2.885939e+01 8.968317e+00 -7.657556e+00
    endloop
  endfacet
  facet normal -5.389855e-01 -1.961747e-01 8.191520e-01
    outer loop
      vertex   2.885939e+01 8.968317e+00 -7.657556e+00
      vertex   3.005975e+01 5.148501e+00 -7.782532e+00
      vertex   3.022747e+01 5.209546e+00 -7.657556e+00
    endloop
  endfacet
  facet normal -6.644630e-01 -2.418448e-01 7.071068e-01
    outer loop
      vertex   2.885939e+01 8.968317e+00 -7.657556e+00
      vertex   3.022747e+01 5.209546e+00 -7.657556e+00
      vertex   2.900417e+01 9.021012e+00 -7.503485e+00
    endloop
  endfacet
  facet normal -6.644630e-01 -2.418448e-01 7.071068e-01
    outer loop
      vertex   2.900417e+01 9.021012e+00 -7.503485e+00
      vertex   3.022747e+01 5.209546e+00 -7.657556e+00
      vertex   3.037225e+01 5.262242e+00 -7.503485e+00
    endloop
  endfacet
  facet normal -7.697511e-01 -2.801665e-01 5.735764e-01
    outer loop
      vertex   2.900417e+01 9.021012e+00 -7.503485e+00
      vertex   3.037225e+01 5.262242e+00 -7.503485e+00
      vertex   2.912161e+01 9.063756e+00 -7.325000e+00
    endloop
  endfacet
  facet normal -7.697511e-01 -2.801665e-01 5.735764e-01
    outer loop
      vertex   2.912161e+01 9.063756e+00 -7.325000e+00
      vertex   3.037225e+01 5.262242e+00 -7.503485e+00
      vertex   3.048969e+01 5.304986e+00 -7.325000e+00
    endloop
  endfacet
  facet normal -8.516507e-01 -3.099755e-01 4.226183e-01
    outer loop
      vertex   2.912161e+01 9.063756e+00 -7.325000e+00
      vertex   3.048969e+01 5.304986e+00 -7.325000e+00
      vertex   2.920814e+01 9.095251e+00 -7.127525e+00
    endloop
  endfacet
  facet normal -8.516507e-01 -3.099755e-01 4.226183e-01
    outer loop
      vertex   2.920814e+01 9.095251e+00 -7.127525e+00
      vertex   3.048969e+01 5.304986e+00 -7.325000e+00
      vertex   3.057622e+01 5.336481e+00 -7.127525e+00
    endloop
  endfacet
  facet normal -9.076734e-01 -3.303661e-01 2.588190e-01
    outer loop
      vertex   2.920814e+01 9.095251e+00 -7.127525e+00
      vertex   3.057622e+01 5.336481e+00 -7.127525e+00
      vertex   2.926114e+01 9.114539e+00 -6.917060e+00
    endloop
  endfacet
  facet normal -9.076734e-01 -3.303661e-01 2.588190e-01
    outer loop
      vertex   2.926114e+01 9.114539e+00 -6.917060e+00
      vertex   3.057622e+01 5.336481e+00 -7.127525e+00
      vertex   3.062922e+01 5.355768e+00 -6.917060e+00
    endloop
  endfacet
  facet normal -9.361168e-01 -3.407187e-01 8.715574e-02
    outer loop
      vertex   2.926114e+01 9.114539e+00 -6.917060e+00
      vertex   3.062922e+01 5.355768e+00 -6.917060e+00
      vertex   2.927898e+01 9.121034e+00 -6.700000e+00
    endloop
  endfacet
  facet normal -9.361168e-01 -3.407187e-01 8.715574e-02
    outer loop
      vertex   2.927898e+01 9.121034e+00 -6.700000e+00
      vertex   3.062922e+01 5.355768e+00 -6.917060e+00
      vertex   3.064706e+01 5.362263e+00 -6.700000e+00
    endloop
  endfacet
  facet normal -9.361168e-01 -3.407187e-01 -8.715574e-02
    outer loop
      vertex   2.927898e+01 9.121034e+00 -6.700000e+00
      vertex   3.064706e+01 5.362263e+00 -6.700000e+00
      vertex   2.926114e+01 9.114539e+00 -6.482940e+00
    endloop
  endfacet
  facet normal -9.361168e-01 -3.407187e-01 -8.715574e-02
    outer loop
      vertex   2.926114e+01 9.114539e+00 -6.482940e+00
      vertex   3.064706e+01 5.362263e+00 -6.700000e+00
      vertex   3.062922e+01 5.355768e+00 -6.482940e+00
    endloop
  endfacet
  facet normal -9.076734e-01 -3.303661e-01 -2.588190e-01
    outer loop
      vertex   2.926114e+01 9.114539e+00 -6.482940e+00
      vertex   3.062922e+01 5.355768e+00 -6.482940e+00
      vertex   2.920814e+01 9.095251e+00 -6.272475e+00
    endloop
  endfacet
  facet normal -9.076734e-01 -3.303661e-01 -2.588190e-01
    outer loop
      vertex   2.920814e+01 9.095251e+00 -6.272475e+00
      vertex   3.062922e+01 5.355768e+00 -6.482940e+00
      vertex   3.057622e+01 5.336481e+00 -6.272475e+00
    endloop
  endfacet
  facet normal -8.516507e-01 -3.099755e-01 -4.226183e-01
    outer loop
      vertex   2.920814e+01 9.095251e+00 -6.272475e+00
      vertex   3.057622e+01 5.336481e+00 -6.272475e+00
      vertex   2.912161e+01 9.063756e+00 -6.075000e+00
    endloop
  endfacet
  facet normal -8.516507e-01 -3.099755e-01 -4.226183e-01
    outer loop
      vertex   2.912161e+01 9.063756e+00 -6.075000e+00
      vertex   3.057622e+01 5.336481e+00 -6.272475e+00
      vertex   3.048969e+01 5.304986e+00 -6.075000e+00
    endloop
  endfacet
  facet normal -7.697511e-01 -2.801665e-01 -5.735764e-01
    outer loop
      vertex   2.912161e+01 9.063756e+00 -6.075000e+00
      vertex   3.048969e+01 5.304986e+00 -6.075000e+00
      vertex   2.900417e+01 9.021012e+00 -5.896515e+00
    endloop
  endfacet
  facet normal -7.697511e-01 -2.801665e-01 -5.735764e-01
    outer loop
      vertex   2.900417e+01 9.021012e+00 -5.896515e+00
      vertex   3.048969e+01 5.304986e+00 -6.075000e+00
      vertex   3.037225e+01 5.262242e+00 -5.896515e+00
    endloop
  endfacet
  facet normal -6.644630e-01 -2.418448e-01 -7.071068e-01
    outer loop
      vertex   2.900417e+01 9.021012e+00 -5.896515e+00
      vertex   3.037225e+01 5.262242e+00 -5.896515e+00
      vertex   2.885939e+01 8.968317e+00 -5.742444e+00
    endloop
  endfacet
  facet normal -6.644630e-01 -2.418448e-01 -7.071068e-01
    outer loop
      vertex   2.885939e+01 8.968317e+00 -5.742444e+00
      vertex   3.037225e+01 5.262242e+00 -5.896515e+00
      vertex   3.022747e+01 5.209546e+00 -5.742444e+00
    endloop
  endfacet
  facet normal -5.389855e-01 -1.961747e-01 -8.191520e-01
    outer loop
      vertex   2.885939e+01 8.968317e+00 -5.742444e+00
      vertex   3.022747e+01 5.209546e+00 -5.742444e+00
      vertex   2.869167e+01 8.907271e+00 -5.617468e+00
    endloop
  endfacet
  facet normal -5.389855e-01 -1.961747e-01 -8.191520e-01
    outer loop
      vertex   2.869167e+01 8.907271e+00 -5.617468e+00
      vertex   3.022747e+01 5.209546e+00 -5.742444e+00
      vertex   3.005975e+01 5.148501e+00 -5.617468e+00
    endloop
  endfacet
  facet normal -3.971313e-01 -1.445440e-01 -9.063078e-01
    outer loop
      vertex   2.869167e+01 8.907271e+00 -5.617468e+00
      vertex   3.005975e+01 5.148501e+00 -5.617468e+00
      vertex   2.850611e+01 8.839731e+00 -5.525384e+00
    endloop
  endfacet
  facet normal -3.971313e-01 -1.445440e-01 -9.063078e-01
    outer loop
      vertex   2.850611e+01 8.839731e+00 -5.525384e+00
      vertex   3.005975e+01 5.148501e+00 -5.617468e+00
      vertex   2.987419e+01 5.080961e+00 -5.525384e+00
    endloop
  endfacet
  facet normal -2.432103e-01 -8.852133e-02 -9.659258e-01
    outer loop
      vertex   2.850611e+01 8.839731e+00 -5.525384e+00
      vertex   2.987419e+01 5.080961e+00 -5.525384e+00
      vertex   2.830834e+01 8.767748e+00 -5.468990e+00
    endloop
  endfacet
  facet normal -2.432103e-01 -8.852133e-02 -9.659258e-01
    outer loop
      vertex   2.830834e+01 8.767748e+00 -5.468990e+00
      vertex   2.987419e+01 5.080961e+00 -5.525384e+00
      vertex   2.967642e+01 5.008977e+00 -5.468990e+00
    endloop
  endfacet
  facet normal -8.189961e-02 -2.980902e-02 -9.961947e-01
    outer loop
      vertex   2.830834e+01 8.767748e+00 -5.468990e+00
      vertex   2.967642e+01 5.008977e+00 -5.468990e+00
      vertex   2.810437e+01 8.693509e+00 -5.450000e+00
    endloop
  endfacet
  facet normal -8.189961e-02 -2.980902e-02 -9.961947e-01
    outer loop
      vertex   2.810437e+01 8.693509e+00 -5.450000e+00
      vertex   2.967642e+01 5.008977e+00 -5.468990e+00
      vertex   2.947245e+01 4.934738e+00 -5.450000e+00
    endloop
  endfacet
  facet normal 8.189961e-02 2.980902e-02 -9.961947e-01
    outer loop
      vertex   2.810437e+01 8.693509e+00 -5.450000e+00
      vertex   2.947245e+01 4.934738e+00 -5.450000e+00
      vertex   2.790040e+01 8.619270e+00 -5.468990e+00
    endloop
  endfacet
  facet normal 8.189961e-02 2.980902e-02 -9.961947e-01
    outer loop
      vertex   2.790040e+01 8.619270e+00 -5.468990e+00
      vertex   2.947245e+01 4.934738e+00 -5.450000e+00
      vertex   2.926848e+01 4.860499e+00 -5.468990e+00
    endloop
  endfacet
  facet normal 2.432103e-01 8.852133e-02 -9.659258e-01
    outer loop
      vertex   2.790040e+01 8.619270e+00 -5.468990e+00
      vertex   2.926848e+01 4.860499e+00 -5.468990e+00
      vertex   2.770262e+01 8.547287e+00 -5.525384e+00
    endloop
  endfacet
  facet normal 2.432103e-01 8.852133e-02 -9.659258e-01
    outer loop
      vertex   2.770262e+01 8.547287e+00 -5.525384e+00
      vertex   2.926848e+01 4.860499e+00 -5.468990e+00
      vertex   2.907070e+01 4.788516e+00 -5.525384e+00
    endloop
  endfacet
  facet normal 3.971313e-01 1.445440e-01 -9.063078e-01
    outer loop
      vertex   2.770262e+01 8.547287e+00 -5.525384e+00
      vertex   2.907070e+01 4.788516e+00 -5.525384e+00
      vertex   2.751706e+01 8.479746e+00 -5.617468e+00
    endloop
  endfacet
  facet normal 3.971313e-01 1.445440e-01 -9.063078e-01
    outer loop
      vertex   2.751706e+01 8.479746e+00 -5.617468e+00
      vertex   2.907070e+01 4.788516e+00 -5.525384e+00
      vertex   2.888514e+01 4.720976e+00 -5.617468e+00
    endloop
  endfacet
  facet normal 5.389855e-01 1.961747e-01 -8.191520e-01
    outer loop
      vertex   2.751706e+01 8.479746e+00 -5.617468e+00
      vertex   2.888514e+01 4.720976e+00 -5.617468e+00
      vertex   2.734934e+01 8.418701e+00 -5.742444e+00
    endloop
  endfacet
  facet normal 5.389855e-01 1.961747e-01 -8.191520e-01
    outer loop
      vertex   2.734934e+01 8.418701e+00 -5.742444e+00
      vertex   2.888514e+01 4.720976e+00 -5.617468e+00
      vertex   2.871742e+01 4.659930e+00 -5.742444e+00
    endloop
  endfacet
  facet normal 6.644630e-01 2.418448e-01 -7.071068e-01
    outer loop
      vertex   2.734934e+01 8.418701e+00 -5.742444e+00
      vertex   2.871742e+01 4.659930e+00 -5.742444e+00
      vertex   2.720456e+01 8.366005e+00 -5.896515e+00
    endloop
  endfacet
  facet normal 6.644630e-01 2.418448e-01 -7.071068e-01
    outer loop
      vertex   2.720456e+01 8.366005e+00 -5.896515e+00
      vertex   2.871742e+01 4.659930e+00 -5.742444e+00
      vertex   2.857264e+01 4.607235e+00 -5.896515e+00
    endloop
  endfacet
  facet normal 7.697511e-01 2.801665e-01 -5.735764e-01
    outer loop
      vertex   2.720456e+01 8.366005e+00 -5.896515e+00
      vertex   2.857264e+01 4.607235e+00 -5.896515e+00
      vertex   2.708712e+01 8.323261e+00 -6.075000e+00
    endloop
  endfacet
  facet normal 7.697511e-01 2.801665e-01 -5.735764e-01
    outer loop
      vertex   2.708712e+01 8.323261e+00 -6.075000e+00
      vertex   2.857264e+01 4.607235e+00 -5.896515e+00
      vertex   2.845520e+01 4.564491e+00 -6.075000e+00
    endloop
  endfacet
  facet normal 8.516507e-01 3.099755e-01 -4.226183e-01
    outer loop
      vertex   2.708712e+01 8.323261e+00 -6.075000e+00
      vertex   2.845520e+01 4.564491e+00 -6.075000e+00
      vertex   2.700059e+01 8.291767e+00 -6.272475e+00
    endloop
  endfacet
  facet normal 8.516507e-01 3.099755e-01 -4.226183e-01
    outer loop
      vertex   2.700059e+01 8.291767e+00 -6.272475e+00
      vertex   2.845520e+01 4.564491e+00 -6.075000e+00
      vertex   2.836867e+01 4.532996e+00 -6.272475e+00
    endloop
  endfacet
  facet normal 9.076734e-01 3.303661e-01 -2.588190e-01
    outer loop
      vertex   2.700059e+01 8.291767e+00 -6.272475e+00
      vertex   2.836867e+01 4.532996e+00 -6.272475e+00
      vertex   2.694759e+01 8.272479e+00 -6.482940e+00
    endloop
  endfacet
  facet normal 9.076734e-01 3.303661e-01 -2.588190e-01
    outer loop
      vertex   2.694759e+01 8.272479e+00 -6.482940e+00
      vertex   2.836867e+01 4.532996e+00 -6.272475e+00
      vertex   2.831568e+01 4.513708e+00 -6.482940e+00
    endloop
  endfacet
  facet normal 9.361168e-01 -3.407187e-01 -8.715574e-02
    outer loop
      vertex   -2.926114e+01 9.114539e+00 -6.482940e+00
      vertex   -3.062922e+01 5.355768e+00 -6.482940e+00
      vertex   -2.927898e+01 9.121034e+00 -6.700000e+00
    endloop
  endfacet
  facet normal 9.361168e-01 -3.407187e-01 -8.715574e-02
    outer loop
      vertex   -2.927898e+01 9.121034e+00 -6.700000e+00
      vertex   -3.062922e+01 5.355768e+00 -6.482940e+00
      vertex   -3.064706e+01 5.362263e+00 -6.700000e+00
    endloop
  endfacet
  facet normal 9.361168e-01 -3.407187e-01 8.715574e-02
    outer loop
      vertex   -2.927898e+01 9.121034e+00 -6.700000e+00
      vertex   -3.064706e+01 5.362263e+00 -6.700000e+00
      vertex   -2.926114e+01 9.114539e+00 -6.917060e+00
    endloop
  endfacet
  facet normal 9.361168e-01 -3.407187e-01 8.715574e-02
    outer loop
      vertex   -2.926114e+01 9.114539e+00 -6.917060e+00
      vertex   -3.064706e+01 5.362263e+00 -6.700000e+00
      vertex   -3.062922e+01 5.355768e+00 -6.917060e+00
    endloop
  endfacet
  facet normal 9.076734e-01 -3.303661e-01 2.588190e-01
    outer loop
      vertex   -2.926114e+01 9.114539e+00 -6.917060e+00
      vertex   -3.062922e+01 5.355768e+00 -6.917060e+00
      vertex   -2.920814e+01 9.095251e+00 -7.127525e+00
    endloop
  endfacet
  facet normal 9.076734e-01 -3.303661e-01 2.588190e-01
    outer loop
      vertex   -2.920814e+01 9.095251e+00 -7.127525e+00
      vertex   -3.062922e+01 5.355768e+00 -6.917060e+00
      vertex   -3.057622e+01 5.336481e+00 -7.127525e+00
    endloop
  endfacet
  facet normal 8.516507e-01 -3.099755e-01 4.226183e-01
    outer loop
      vertex   -2.920814e+01 9.095251e+00 -7.127525e+00
      vertex   -3.057622e+01 5.336481e+00 -7.127525e+00
      vertex   -2.912161e+01 9.063756e+00 -7.325000e+00
    endloop
  endfacet
  facet normal 8.516507e-01 -3.099755e-01 4.226183e-01
    outer loop
      vertex   -2.912161e+01 9.063756e+00 -7.325000e+00
      vertex   -3.057622e+01 5.336481e+00 -7.127525e+00
      vertex   -3.048969e+01 5.304986e+00 -7.325000e+00
    endloop
  endfacet
  facet normal 7.697511e-01 -2.801665e-01 5.735764e-01
    outer loop
      vertex   -2.912161e+01 9.063756e+00 -7.325000e+00
      vertex   -3.048969e+01 5.304986e+00 -7.325000e+00
      vertex   -2.900417e+01 9.021012e+00 -7.503485e+00
    endloop
  endfacet
  facet normal 7.697511e-01 -2.801665e-01 5.735764e-01
    outer loop
      vertex   -2.900417e+01 9.021012e+00 -7.503485e+00
      vertex   -3.048969e+01 5.304986e+00 -7.325000e+00
      vertex   -3.037225e+01 5.262242e+00 -7.503485e+00
    endloop
  endfacet
  facet normal 6.644630e-01 -2.418448e-01 7.071068e-01
    outer loop
      vertex   -2.900417e+01 9.021012e+00 -7.503485e+00
      vertex   -3.037225e+01 5.262242e+00 -7.503485e+00
      vertex   -2.885939e+01 8.968317e+00 -7.657556e+00
    endloop
  endfacet
  facet normal 6.644630e-01 -2.418448e-01 7.071068e-01
    outer loop
      vertex   -2.885939e+01 8.968317e+00 -7.657556e+00
      vertex   -3.037225e+01 5.262242e+00 -7.503485e+00
      vertex   -3.022747e+01 5.209546e+00 -7.657556e+00
    endloop
  endfacet
  facet normal 5.389855e-01 -1.961747e-01 8.191520e-01
    outer loop
      vertex   -2.885939e+01 8.968317e+00 -7.657556e+00
      vertex   -3.022747e+01 5.209546e+00 -7.657556e+00
      vertex   -2.869167e+01 8.907271e+00 -7.782532e+00
    endloop
  endfacet
  facet normal 5.389855e-01 -1.961747e-01 8.191520e-01
    outer loop
      vertex   -2.869167e+01 8.907271e+00 -7.782532e+00
      vertex   -3.022747e+01 5.209546e+00 -7.657556e+00
      vertex   -3.005975e+01 5.148501e+00 -7.782532e+00
    endloop
  endfacet
  facet normal 3.971313e-01 -1.445440e-01 9.063078e-01
    outer loop
      vertex   -2.869167e+01 8.907271e+00 -7.782532e+00
      vertex   -3.005975e+01 5.148501e+00 -7.782532e+00
      vertex   -2.850611e+01 8.839731e+00 -7.874616e+00
    endloop
  endfacet
  facet normal 3.971313e-01 -1.445440e-01 9.063078e-01
    outer loop
      vertex   -2.850611e+01 8.839731e+00 -7.874616e+00
      vertex   -3.005975e+01 5.148501e+00 -7.782532e+00
      vertex   -2.987419e+01 5.080961e+00 -7.874616e+00
    endloop
  endfacet
  facet normal 2.432103e-01 -8.852133e-02 9.659258e-01
    outer loop
      vertex   -2.850611e+01 8.839731e+00 -7.874616e+00
      vertex   -2.987419e+01 5.080961e+00 -7.874616e+00
      vertex   -2.830834e+01 8.767748e+00 -7.931010e+00
    endloop
  endfacet
  facet normal 2.432103e-01 -8.852133e-02 9.659258e-01
    outer loop
      vertex   -2.830834e+01 8.767748e+00 -7.931010e+00
      vertex   -2.987419e+01 5.080961e+00 -7.874616e+00
      vertex   -2.967642e+01 5.008977e+00 -7.931010e+00
    endloop
  endfacet
  facet normal 8.189961e-02 -2.980902e-02 9.961947e-01
    outer loop
      vertex   -2.830834e+01 8.767748e+00 -7.931010e+00
      vertex   -2.967642e+01 5.008977e+00 -7.931010e+00
      vertex   -2.810437e+01 8.693509e+00 -7.950000e+00
    endloop
  endfacet
  facet normal 8.189961e-02 -2.980902e-02 9.961947e-01
    outer loop
      vertex   -2.810437e+01 8.693509e+00 -7.950000e+00
      vertex   -2.967642e+01 5.008977e+00 -7.931010e+00
      vertex   -2.947245e+01 4.934738e+00 -7.950000e+00
    endloop
  endfacet
  facet normal -8.189961e-02 2.980902e-02 9.961947e-01
    outer loop
      vertex   -2.810437e+01 8.693509e+00 -7.950000e+00
      vertex   -2.947245e+01 4.934738e+00 -7.950000e+00
      vertex   -2.790040e+01 8.619270e+00 -7.931010e+00
    endloop
  endfacet
  facet normal -8.189961e-02 2.980902e-02 9.961947e-01
    outer loop
      vertex   -2.790040e+01 8.619270e+00 -7.931010e+00
      vertex   -2.947245e+01 4.934738e+00 -7.950000e+00
      vertex   -2.926848e+01 4.860499e+00 -7.931010e+00
    endloop
  endfacet
  facet normal -2.432103e-01 8.852133e-02 9.659258e-01
    outer loop
      vertex   -2.790040e+01 8.619270e+00 -7.931010e+00
      vertex   -2.926848e+01 4.860499e+00 -7.931010e+00
      vertex   -2.770262e+01 8.547287e+00 -7.874616e+00
    endloop
  endfacet
  facet normal -2.432103e-01 8.852133e-02 9.659258e-01
    outer loop
      vertex   -2.770262e+01 8.547287e+00 -7.874616e+00
      vertex   -2.926848e+01 4.860499e+00 -7.931010e+00
      vertex   -2.907070e+01 4.788516e+00 -7.874616e+00
    endloop
  endfacet
  facet normal -3.971313e-01 1.445440e-01 9.063078e-01
    outer loop
      vertex   -2.770262e+01 8.547287e+00 -7.874616e+00
      vertex   -2.907070e+01 4.788516e+00 -7.874616e+00
      vertex   -2.751706e+01 8.479746e+00 -7.782532e+00
    endloop
  endfacet
  facet normal -3.971313e-01 1.445440e-01 9.063078e-01
    outer loop
      vertex   -2.751706e+01 8.479746e+00 -7.782532e+00
      vertex   -2.907070e+01 4.788516e+00 -7.874616e+00
      vertex   -2.888514e+01 4.720976e+00 -7.782532e+00
    endloop
  endfacet
  facet normal -5.389855e-01 1.961747e-01 8.191520e-01
    outer loop
      vertex   -2.751706e+01 8.479746e+00 -7.782532e+00
      vertex   -2.888514e+01 4.720976e+00 -7.782532e+00
      vertex   -2.734934e+01 8.418701e+00 -7.657556e+00
    endloop
  endfacet
  facet normal -5.389855e-01 1.961747e-01 8.191520e-01
    outer loop
      vertex   -2.734934e+01 8.418701e+00 -7.657556e+00
      vertex   -2.888514e+01 4.720976e+00 -7.782532e+00
      vertex   -2.871742e+01 4.659930e+00 -7.657556e+00
    endloop
  endfacet
  facet normal -6.644630e-01 2.418448e-01 7.071068e-01
    outer loop
      vertex   -2.734934e+01 8.418701e+00 -7.657556e+00
      vertex   -2.871742e+01 4.659930e+00 -7.657556e+00
      vertex   -2.720456e+01 8.366005e+00 -7.503485e+00
    endloop
  endfacet
  facet normal -6.644630e-01 2.418448e-01 7.071068e-01
    outer loop
      vertex   -2.720456e+01 8.366005e+00 -7.503485e+00
      vertex   -2.871742e+01 4.659930e+00 -7.657556e+00
      vertex   -2.857264e+01 4.607235e+00 -7.503485e+00
    endloop
  endfacet
  facet normal -7.697511e-01 2.801665e-01 5.735764e-01
    outer loop
      vertex   -2.720456e+01 8.366005e+00 -7.503485e+00
      vertex   -2.857264e+01 4.607235e+00 -7.503485e+00
      vertex   -2.708712e+01 8.323261e+00 -7.325000e+00
    endloop
  endfacet
  facet normal -7.697511e-01 2.801665e-01 5.735764e-01
    outer loop
      vertex   -2.708712e+01 8.323261e+00 -7.325000e+00
      vertex   -2.857264e+01 4.607235e+00 -7.503485e+00
      vertex   -2.845520e+01 4.564491e+00 -7.325000e+00
    endloop
  endfacet
  facet normal -8.516507e-01 3.099755e-01 4.226183e-01
    outer loop
      vertex   -2.708712e+01 8.323261e+00 -7.325000e+00
      vertex   -2.845520e+01 4.564491e+00 -7.325000e+00
      vertex   -2.700059e+01 8.291767e+00 -7.127525e+00
    endloop
  endfacet
  facet normal -8.516507e-01 3.099755e-01 4.226183e-01
    outer loop
      vertex   -2.700059e+01 8.291767e+00 -7.127525e+00
      vertex   -2.845520e+01 4.564491e+00 -7.325000e+00
      vertex   -2.836867e+01 4.532996e+00 -7.127525e+00
    endloop
  endfacet
  facet normal -9.076734e-01 3.303661e-01 2.588190e-01
    outer loop
      vertex   -2.700059e+01 8.291767e+00 -7.127525e+00
      vertex   -2.836867e+01 4.532996e+00 -7.127525e+00
      vertex   -2.694759e+01 8.272479e+00 -6.917060e+00
    endloop
  endfacet
  facet normal -9.076734e-01 3.303661e-01 2.588190e-01
    outer loop
      vertex   -2.694759e+01 8.272479e+00 -6.917060e+00
      vertex   -2.836867e+01 4.532996e+00 -7.127525e+00
      vertex   -2.831568e+01 4.513708e+00 -6.917060e+00
    endloop
  endfacet
  facet normal -9.361168e-01 3.407187e-01 8.715574e-02
    outer loop
      vertex   -2.694759e+01 8.272479e+00 -6.917060e+00
      vertex   -2.831568e+01 4.513708e+00 -6.917060e+00
      vertex   -2.692975e+01 8.265984e+00 -6.700000e+00
    endloop
  endfacet
  facet normal -9.361168e-01 3.407187e-01 8.715574e-02
    outer loop
      vertex   -2.692975e+01 8.265984e+00 -6.700000e+00
      vertex   -2.831568e+01 4.513708e+00 -6.917060e+00
      vertex   -2.829783e+01 4.507213e+00 -6.700000e+00
    endloop
  endfacet
  facet normal -9.361168e-01 3.407187e-01 -8.715574e-02
    outer loop
      vertex   -2.692975e+01 8.265984e+00 -6.700000e+00
      vertex   -2.829783e+01 4.507213e+00 -6.700000e+00
      vertex   -2.694759e+01 8.272479e+00 -6.482940e+00
    endloop
  endfacet
  facet normal -9.361168e-01 3.407187e-01 -8.715574e-02
    outer loop
      vertex   -2.694759e+01 8.272479e+00 -6.482940e+00
      vertex   -2.829783e+01 4.507213e+00 -6.700000e+00
      vertex   -2.831568e+01 4.513708e+00 -6.482940e+00
    endloop
  endfacet
  facet normal -9.076734e-01 3.303661e-01 -2.588190e-01
    outer loop
      vertex   -2.694759e+01 8.272479e+00 -6.482940e+00
      vertex   -2.831568e+01 4.513708e+00 -6.482940e+00
      vertex   -2.700059e+01 8.291767e+00 -6.272475e+00
    endloop
  endfacet
  facet normal -9.076734e-01 3.303661e-01 -2.588190e-01
    outer loop
      vertex   -2.700059e+01 8.291767e+00 -6.272475e+00
      vertex   -2.831568e+01 4.513708e+00 -6.482940e+00
      vertex   -2.836867e+01 4.532996e+00 -6.272475e+00
    endloop
  endfacet
  facet normal -8.516507e-01 3.099755e-01 -4.226183e-01
    outer loop
      vertex   -2.700059e+01 8.291767e+00 -6.272475e+00
      vertex   -2.836867e+01 4.532996e+00 -6.272475e+00
      vertex   -2.708712e+01 8.323261e+00 -6.075000e+00
    endloop
  endfacet
  facet normal -8.516507e-01 3.099755e-01 -4.226183e-01
    outer loop
      vertex   -2.708712e+01 8.323261e+00 -6.075000e+00
      vertex   -2.836867e+01 4.532996e+00 -6.272475e+00
      vertex   -2.845520e+01 4.564491e+00 -6.075000e+00
    endloop
  endfacet
  facet normal -7.697511e-01 2.801665e-01 -5.735764e-01
    outer loop
      vertex   -2.708712e+01 8.323261e+00 -6.075000e+00
      vertex   -2.845520e+01 4.564491e+00 -6.075000e+00
      vertex   -2.720456e+01 8.366005e+00 -5.896515e+00
    endloop
  endfacet
  facet normal -7.697511e-01 2.801665e-01 -5.735764e-01
    outer loop
      vertex   -2.720456e+01 8.366005e+00 -5.896515e+00
      vertex   -2.845520e+01 4.564491e+00 -6.075000e+00
      vertex   -2.857264e+01 4.607235e+00 -5.896515e+00
    endloop
  endfacet
  facet normal -6.644630e-01 2.418448e-01 -7.071068e-01
    outer loop
      vertex   -2.720456e+01 8.366005e+00 -5.896515e+00
      vertex   -2.857264e+01 4.607235e+00 -5.896515e+00
      vertex   -2.734934e+01 8.418701e+00 -5.742444e+00
    endloop
  endfacet
  facet normal -6.644630e-01 2.418448e-01 -7.071068e-01
    outer loop
      vertex   -2.734934e+01 8.418701e+00 -5.742444e+00
      vertex   -2.857264e+01 4.607235e+00 -5.896515e+00
      vertex   -2.871742e+01 4.659930e+00 -5.742444e+00
    endloop
  endfacet
  facet normal -5.389855e-01 1.961747e-01 -8.191520e-01
    outer loop
      vertex   -2.734934e+01 8.418701e+00 -5.742444e+00
      vertex   -2.871742e+01 4.659930e+00 -5.742444e+00
      vertex   -2.751706e+01 8.479746e+00 -5.617468e+00
    endloop
  endfacet
  facet normal -5.389855e-01 1.961747e-01 -8.191520e-01
    outer loop
      vertex   -2.751706e+01 8.479746e+00 -5.617468e+00
      vertex   -2.871742e+01 4.659930e+00 -5.742444e+00
      vertex   -2.888514e+01 4.720976e+00 -5.617468e+00
    endloop
  endfacet
  facet normal -3.971313e-01 1.445440e-01 -9.063078e-01
    outer loop
      vertex   -2.751706e+01 8.479746e+00 -5.617468e+00
      vertex   -2.888514e+01 4.720976e+00 -5.617468e+00
      vertex   -2.770262e+01 8.547287e+00 -5.525384e+00
    endloop
  endfacet
  facet normal -3.971313e-01 1.445440e-01 -9.063078e-01
    outer loop
      vertex   -2.770262e+01 8.547287e+00 -5.525384e+00
      vertex   -2.888514e+01 4.720976e+00 -5.617468e+00
      vertex   -2.907070e+01 4.788516e+00 -5.525384e+00
    endloop
  endfacet
  facet normal -2.432103e-01 8.852133e-02 -9.659258e-01
    outer loop
      vertex   -2.770262e+01 8.547287e+00 -5.525384e+00
      vertex   -2.907070e+01 4.788516e+00 -5.525384e+00
      vertex   -2.790040e+01 8.619270e+00 -5.468990e+00
    endloop
  endfacet
  facet normal -2.432103e-01 8.852133e-02 -9.659258e-01
    outer loop
      vertex   -2.790040e+01 8.619270e+00 -5.468990e+00
      vertex   -2.907070e+01 4.788516e+00 -5.525384e+00
      vertex   -2.926848e+01 4.860499e+00 -5.468990e+00
    endloop
  endfacet
  facet normal -8.189961e-02 2.980902e-02 -9.961947e-01
    outer loop
      vertex   -2.790040e+01 8.619270e+00 -5.468990e+00
      vertex   -2.926848e+01 4.860499e+00 -5.468990e+00
      vertex   -2.810437e+01 8.693509e+00 -5.450000e+00
    endloop
  endfacet
  facet normal -8.189961e-02 2.980902e-02 -9.961947e-01
    outer loop
      vertex   -2.810437e+01 8.693509e+00 -5.450000e+00
      vertex   -2.926848e+01 4.860499e+00 -5.468990e+00
      vertex   -2.947245e+01 4.934738e+00 -5.450000e+00
    endloop
  endfacet
  facet normal 8.189961e-02 -2.980902e-02 -9.961947e-01
    outer loop
      vertex   -2.810437e+01 8.693509e+00 -5.450000e+00
      vertex   -2.947245e+01 4.934738e+00 -5.450000e+00
      vertex   -2.830834e+01 8.767748e+00 -5.468990e+00
    endloop
  endfacet
  facet normal 8.189961e-02 -2.980902e-02 -9.961947e-01
    outer loop
      vertex   -2.830834e+01 8.767748e+00 -5.468990e+00
      vertex   -2.947245e+01 4.934738e+00 -5.450000e+00
      vertex   -2.967642e+01 5.008977e+00 -5.468990e+00
    endloop
  endfacet
  facet normal 2.432103e-01 -8.852133e-02 -9.659258e-01
    outer loop
      vertex   -2.830834e+01 8.767748e+00 -5.468990e+00
      vertex   -2.967642e+01 5.008977e+00 -5.468990e+00
      vertex   -2.850611e+01 8.839731e+00 -5.525384e+00
    endloop
  endfacet
  facet normal 2.432103e-01 -8.852133e-02 -9.659258e-01
    outer loop
      vertex   -2.850611e+01 8.839731e+00 -5.525384e+00
      vertex   -2.967642e+01 5.008977e+00 -5.468990e+00
      vertex   -2.987419e+01 5.080961e+00 -5.525384e+00
    endloop
  endfacet
  facet normal 3.971313e-01 -1.445440e-01 -9.063078e-01
    outer loop
      vertex   -2.850611e+01 8.839731e+00 -5.525384e+00
      vertex   -2.987419e+01 5.080961e+00 -5.525384e+00
      vertex   -2.869167e+01 8.907271e+00 -5.617468e+00
    endloop
  endfacet
  facet normal 3.971313e-01 -1.445440e-01 -9.063078e-01
    outer loop
      vertex   -2.869167e+01 8.907271e+00 -5.617468e+00
      vertex   -2.987419e+01 5.080961e+00 -5.525384e+00
      vertex   -3.005975e+01 5.148501e+00 -5.617468e+00
    endloop
  endfacet
  facet normal 5.389855e-01 -1.961747e-01 -8.191520e-01
    outer loop
      vertex   -2.869167e+01 8.907271e+00 -5.617468e+00
      vertex   -3.005975e+01 5.148501e+00 -5.617468e+00
      vertex   -2.885939e+01 8.968317e+00 -5.742444e+00
    endloop
  endfacet
  facet normal 5.389855e-01 -1.961747e-01 -8.191520e-01
    outer loop
      vertex   -2.885939e+01 8.968317e+00 -5.742444e+00
      vertex   -3.005975e+01 5.148501e+00 -5.617468e+00
      vertex   -3.022747e+01 5.209546e+00 -5.742444e+00
    endloop
  endfacet
  facet normal 6.644630e-01 -2.418448e-01 -7.071068e-01
    outer loop
      vertex   -2.885939e+01 8.968317e+00 -5.742444e+00
      vertex   -3.022747e+01 5.209546e+00 -5.742444e+00
      vertex   -2.900417e+01 9.021012e+00 -5.896515e+00
    endloop
  endfacet
  facet normal 6.644630e-01 -2.418448e-01 -7.071068e-01
    outer loop
      vertex   -2.900417e+01 9.021012e+00 -5.896515e+00
      vertex   -3.022747e+01 5.209546e+00 -5.742444e+00
      vertex   -3.037225e+01 5.262242e+00 -5.896515e+00
    endloop
  endfacet
  facet normal 7.697511e-01 -2.801665e-01 -5.735764e-01
    outer loop
      vertex   -2.900417e+01 9.021012e+00 -5.896515e+00
      vertex   -3.037225e+01 5.262242e+00 -5.896515e+00
      vertex   -2.912161e+01 9.063756e+00 -6.075000e+00
    endloop
  endfacet
  facet normal 7.697511e-01 -2.801665e-01 -5.735764e-01
    outer loop
      vertex   -2.912161e+01 9.063756e+00 -6.075000e+00
      vertex   -3.037225e+01 5.262242e+00 -5.896515e+00
      vertex   -3.048969e+01 5.304986e+00 -6.075000e+00
    endloop
  endfacet
  facet normal 8.516507e-01 -3.099755e-01 -4.226183e-01
    outer loop
      vertex   -2.912161e+01 9.063756e+00 -6.075000e+00
      vertex   -3.048969e+01 5.304986e+00 -6.075000e+00
      vertex   -2.920814e+01 9.095251e+00 -6.272475e+00
    endloop
  endfacet
  facet normal 8.516507e-01 -3.099755e-01 -4.226183e-01
    outer loop
      vertex   -2.920814e+01 9.095251e+00 -6.272475e+00
      vertex   -3.048969e+01 5.304986e+00 -6.075000e+00
      vertex   -3.057622e+01 5.336481e+00 -6.272475e+00
    endloop
  endfacet
  facet normal 9.076734e-01 -3.303661e-01 -2.588190e-01
    outer loop
      vertex   -2.920814e+01 9.095251e+00 -6.272475e+00
      vertex   -3.057622e+01 5.336481e+00 -6.272475e+00
      vertex   -2.926114e+01 9.114539e+00 -6.482940e+00
    endloop
  endfacet
  facet normal 9.076734e-01 -3.303661e-01 -2.588190e-01
    outer loop
      vertex   -2.926114e+01 9.114539e+00 -6.482940e+00
      vertex   -3.057622e+01 5.336481e+00 -6.272475e+00
      vertex   -3.062922e+01 5.355768e+00 -6.482940e+00
    endloop
  endfacet
  facet normal 9.361168e-01 -3.407187e-01 -8.715574e-02
    outer loop
      vertex   -6.467373e+01 2.000000e+01 -6.482940e+00
      vertex   -6.539784e+01 1.801051e+01 -6.482940e+00
      vertex   -6.469394e+01 2.000000e+01 -6.700000e+00
    endloop
  endfacet
  facet normal 9.361168e-01 -3.407187e-01 -8.715574e-02
    outer loop
      vertex   -6.469394e+01 2.000000e+01 -6.700000e+00
      vertex   -6.539784e+01 1.801051e+01 -6.482940e+00
      vertex   -6.541569e+01 1.801701e+01 -6.700000e+00
    endloop
  endfacet
  facet normal 9.361168e-01 -3.407187e-01 8.715574e-02
    outer loop
      vertex   -6.469394e+01 2.000000e+01 -6.700000e+00
      vertex   -6.541569e+01 1.801701e+01 -6.700000e+00
      vertex   -6.539784e+01 1.801051e+01 -6.917060e+00
    endloop
  endfacet
  facet normal 9.076734e-01 -3.303661e-01 -2.588190e-01
    outer loop
      vertex   -6.539784e+01 1.801051e+01 -6.482940e+00
      vertex   -6.467373e+01 2.000000e+01 -6.482940e+00
      vertex   -6.534485e+01 1.799123e+01 -6.272475e+00
    endloop
  endfacet
  facet normal 9.076734e-01 -3.303661e-01 -2.588190e-01
    outer loop
      vertex   -6.534485e+01 1.799123e+01 -6.272475e+00
      vertex   -6.467373e+01 2.000000e+01 -6.482940e+00
      vertex   -6.461372e+01 2.000000e+01 -6.272475e+00
    endloop
  endfacet
  facet normal 8.516507e-01 -3.099755e-01 -4.226183e-01
    outer loop
      vertex   -6.534485e+01 1.799123e+01 -6.272475e+00
      vertex   -6.461372e+01 2.000000e+01 -6.272475e+00
      vertex   -6.525832e+01 1.795973e+01 -6.075000e+00
    endloop
  endfacet
  facet normal 8.516507e-01 -3.099755e-01 -4.226183e-01
    outer loop
      vertex   -6.525832e+01 1.795973e+01 -6.075000e+00
      vertex   -6.461372e+01 2.000000e+01 -6.272475e+00
      vertex   -6.451572e+01 2.000000e+01 -6.075000e+00
    endloop
  endfacet
  facet normal 7.697511e-01 -2.801665e-01 -5.735764e-01
    outer loop
      vertex   -6.525832e+01 1.795973e+01 -6.075000e+00
      vertex   -6.451572e+01 2.000000e+01 -6.075000e+00
      vertex   -6.514088e+01 1.791699e+01 -5.896515e+00
    endloop
  endfacet
  facet normal 7.697511e-01 -2.801665e-01 -5.735764e-01
    outer loop
      vertex   -6.514088e+01 1.791699e+01 -5.896515e+00
      vertex   -6.451572e+01 2.000000e+01 -6.075000e+00
      vertex   -6.438273e+01 2.000000e+01 -5.896515e+00
    endloop
  endfacet
  facet normal 6.644630e-01 -2.418448e-01 -7.071068e-01
    outer loop
      vertex   -6.514088e+01 1.791699e+01 -5.896515e+00
      vertex   -6.438273e+01 2.000000e+01 -5.896515e+00
      vertex   -6.499610e+01 1.786429e+01 -5.742444e+00
    endloop
  endfacet
  facet normal 6.644630e-01 -2.418448e-01 -7.071068e-01
    outer loop
      vertex   -6.499610e+01 1.786429e+01 -5.742444e+00
      vertex   -6.438273e+01 2.000000e+01 -5.896515e+00
      vertex   -6.421877e+01 2.000000e+01 -5.742444e+00
    endloop
  endfacet
  facet normal 5.389855e-01 -1.961747e-01 -8.191520e-01
    outer loop
      vertex   -6.499610e+01 1.786429e+01 -5.742444e+00
      vertex   -6.421877e+01 2.000000e+01 -5.742444e+00
      vertex   -6.482838e+01 1.780325e+01 -5.617468e+00
    endloop
  endfacet
  facet normal 5.389855e-01 -1.961747e-01 -8.191520e-01
    outer loop
      vertex   -6.482838e+01 1.780325e+01 -5.617468e+00
      vertex   -6.421877e+01 2.000000e+01 -5.742444e+00
      vertex   -6.402883e+01 2.000000e+01 -5.617468e+00
    endloop
  endfacet
  facet normal 3.971313e-01 -1.445440e-01 -9.063078e-01
    outer loop
      vertex   -6.482838e+01 1.780325e+01 -5.617468e+00
      vertex   -6.402883e+01 2.000000e+01 -5.617468e+00
      vertex   -6.464282e+01 1.773571e+01 -5.525384e+00
    endloop
  endfacet
  facet normal 3.971313e-01 -1.445440e-01 -9.063078e-01
    outer loop
      vertex   -6.464282e+01 1.773571e+01 -5.525384e+00
      vertex   -6.402883e+01 2.000000e+01 -5.617468e+00
      vertex   -6.381868e+01 2.000000e+01 -5.525384e+00
    endloop
  endfacet
  facet normal 2.432103e-01 -8.852133e-02 -9.659258e-01
    outer loop
      vertex   -6.464282e+01 1.773571e+01 -5.525384e+00
      vertex   -6.381868e+01 2.000000e+01 -5.525384e+00
      vertex   -6.444504e+01 1.766372e+01 -5.468990e+00
    endloop
  endfacet
  facet normal 2.432103e-01 -8.852133e-02 -9.659258e-01
    outer loop
      vertex   -6.444504e+01 1.766372e+01 -5.468990e+00
      vertex   -6.381868e+01 2.000000e+01 -5.525384e+00
      vertex   -6.359471e+01 2.000000e+01 -5.468990e+00
    endloop
  endfacet
  facet normal 8.189961e-02 -2.980902e-02 -9.961947e-01
    outer loop
      vertex   -6.444504e+01 1.766372e+01 -5.468990e+00
      vertex   -6.359471e+01 2.000000e+01 -5.468990e+00
      vertex   -6.424107e+01 1.758948e+01 -5.450000e+00
    endloop
  endfacet
  facet normal 8.189961e-02 -2.980902e-02 -9.961947e-01
    outer loop
      vertex   -6.424107e+01 1.758948e+01 -5.450000e+00
      vertex   -6.359471e+01 2.000000e+01 -5.468990e+00
      vertex   -6.336372e+01 2.000000e+01 -5.450000e+00
    endloop
  endfacet
  facet normal -8.189961e-02 2.980902e-02 -9.961947e-01
    outer loop
      vertex   -6.424107e+01 1.758948e+01 -5.450000e+00
      vertex   -6.336372e+01 2.000000e+01 -5.450000e+00
      vertex   -6.403710e+01 1.751524e+01 -5.468990e+00
    endloop
  endfacet
  facet normal -8.189961e-02 2.980902e-02 -9.961947e-01
    outer loop
      vertex   -6.403710e+01 1.751524e+01 -5.468990e+00
      vertex   -6.336372e+01 2.000000e+01 -5.450000e+00
      vertex   -6.313273e+01 2.000000e+01 -5.468990e+00
    endloop
  endfacet
  facet normal -2.432103e-01 8.852133e-02 -9.659258e-01
    outer loop
      vertex   -6.403710e+01 1.751524e+01 -5.468990e+00
      vertex   -6.313273e+01 2.000000e+01 -5.468990e+00
      vertex   -6.383933e+01 1.744326e+01 -5.525384e+00
    endloop
  endfacet
  facet normal -2.432103e-01 8.852133e-02 -9.659258e-01
    outer loop
      vertex   -6.383933e+01 1.744326e+01 -5.525384e+00
      vertex   -6.313273e+01 2.000000e+01 -5.468990e+00
      vertex   -6.290875e+01 2.000000e+01 -5.525384e+00
    endloop
  endfacet
  facet normal -3.971313e-01 1.445440e-01 -9.063078e-01
    outer loop
      vertex   -6.383933e+01 1.744326e+01 -5.525384e+00
      vertex   -6.290875e+01 2.000000e+01 -5.525384e+00
      vertex   -6.365377e+01 1.737572e+01 -5.617468e+00
    endloop
  endfacet
  facet normal -3.971313e-01 1.445440e-01 -9.063078e-01
    outer loop
      vertex   -6.365377e+01 1.737572e+01 -5.617468e+00
      vertex   -6.290875e+01 2.000000e+01 -5.525384e+00
      vertex   -6.269861e+01 2.000000e+01 -5.617468e+00
    endloop
  endfacet
  facet normal -5.389855e-01 1.961747e-01 -8.191520e-01
    outer loop
      vertex   -6.365377e+01 1.737572e+01 -5.617468e+00
      vertex   -6.269861e+01 2.000000e+01 -5.617468e+00
      vertex   -6.348604e+01 1.731468e+01 -5.742444e+00
    endloop
  endfacet
  facet normal -5.389855e-01 1.961747e-01 -8.191520e-01
    outer loop
      vertex   -6.348604e+01 1.731468e+01 -5.742444e+00
      vertex   -6.269861e+01 2.000000e+01 -5.617468e+00
      vertex   -6.250867e+01 2.000000e+01 -5.742444e+00
    endloop
  endfacet
  facet normal -6.644630e-01 2.418448e-01 -7.071068e-01
    outer loop
      vertex   -6.348604e+01 1.731468e+01 -5.742444e+00
      vertex   -6.250867e+01 2.000000e+01 -5.742444e+00
      vertex   -6.334127e+01 1.726198e+01 -5.896515e+00
    endloop
  endfacet
  facet normal -6.644630e-01 2.418448e-01 -7.071068e-01
    outer loop
      vertex   -6.334127e+01 1.726198e+01 -5.896515e+00
      vertex   -6.250867e+01 2.000000e+01 -5.742444e+00
      vertex   -6.234471e+01 2.000000e+01 -5.896515e+00
    endloop
  endfacet
  facet normal -7.697511e-01 2.801665e-01 -5.735764e-01
    outer loop
      vertex   -6.334127e+01 1.726198e+01 -5.896515e+00
      vertex   -6.234471e+01 2.000000e+01 -5.896515e+00
      vertex   -6.322383e+01 1.721924e+01 -6.075000e+00
    endloop
  endfacet
  facet normal -7.697511e-01 2.801665e-01 -5.735764e-01
    outer loop
      vertex   -6.322383e+01 1.721924e+01 -6.075000e+00
      vertex   -6.234471e+01 2.000000e+01 -5.896515e+00
      vertex   -6.221171e+01 2.000000e+01 -6.075000e+00
    endloop
  endfacet
  facet normal -8.516507e-01 3.099755e-01 -4.226183e-01
    outer loop
      vertex   -6.322383e+01 1.721924e+01 -6.075000e+00
      vertex   -6.221171e+01 2.000000e+01 -6.075000e+00
      vertex   -6.313730e+01 1.718774e+01 -6.272475e+00
    endloop
  endfacet
  facet normal -8.516507e-01 3.099755e-01 -4.226183e-01
    outer loop
      vertex   -6.313730e+01 1.718774e+01 -6.272475e+00
      vertex   -6.221171e+01 2.000000e+01 -6.075000e+00
      vertex   -6.211372e+01 2.000000e+01 -6.272475e+00
    endloop
  endfacet
  facet normal -9.076734e-01 3.303661e-01 -2.588190e-01
    outer loop
      vertex   -6.313730e+01 1.718774e+01 -6.272475e+00
      vertex   -6.211372e+01 2.000000e+01 -6.272475e+00
      vertex   -6.308430e+01 1.716845e+01 -6.482940e+00
    endloop
  endfacet
  facet normal -9.076734e-01 3.303661e-01 -2.588190e-01
    outer loop
      vertex   -6.308430e+01 1.716845e+01 -6.482940e+00
      vertex   -6.211372e+01 2.000000e+01 -6.272475e+00
      vertex   -6.205370e+01 2.000000e+01 -6.482940e+00
    endloop
  endfacet
  facet normal -9.361168e-01 3.407187e-01 -8.715574e-02
    outer loop
      vertex   -6.308430e+01 1.716845e+01 -6.482940e+00
      vertex   -6.205370e+01 2.000000e+01 -6.482940e+00
      vertex   -6.306646e+01 1.716196e+01 -6.700000e+00
    endloop
  endfacet
  facet normal -9.361168e-01 3.407187e-01 -8.715574e-02
    outer loop
      vertex   -6.306646e+01 1.716196e+01 -6.700000e+00
      vertex   -6.205370e+01 2.000000e+01 -6.482940e+00
      vertex   -6.203349e+01 2.000000e+01 -6.700000e+00
    endloop
  endfacet
  facet normal -9.361168e-01 3.407187e-01 8.715574e-02
    outer loop
      vertex   -6.306646e+01 1.716196e+01 -6.700000e+00
      vertex   -6.203349e+01 2.000000e+01 -6.700000e+00
      vertex   -6.205370e+01 2.000000e+01 -6.917060e+00
    endloop
  endfacet
  facet normal -9.361168e-01 3.407187e-01 8.715574e-02
    outer loop
      vertex   -6.306646e+01 1.716196e+01 -6.700000e+00
      vertex   -6.205370e+01 2.000000e+01 -6.917060e+00
      vertex   -6.308430e+01 1.716845e+01 -6.917060e+00
    endloop
  endfacet
  facet normal -9.076734e-01 3.303661e-01 2.588190e-01
    outer loop
      vertex   -6.308430e+01 1.716845e+01 -6.917060e+00
      vertex   -6.205370e+01 2.000000e+01 -6.917060e+00
      vertex   -6.211372e+01 2.000000e+01 -7.127525e+00
    endloop
  endfacet
  facet normal -9.076734e-01 3.303661e-01 2.588190e-01
    outer loop
      vertex   -6.308430e+01 1.716845e+01 -6.917060e+00
      vertex   -6.211372e+01 2.000000e+01 -7.127525e+00
      vertex   -6.313730e+01 1.718774e+01 -7.127525e+00
    endloop
  endfacet
  facet normal -8.516507e-01 3.099755e-01 4.226183e-01
    outer loop
      vertex   -6.313730e+01 1.718774e+01 -7.127525e+00
      vertex   -6.211372e+01 2.000000e+01 -7.127525e+00
      vertex   -6.221171e+01 2.000000e+01 -7.325000e+00
    endloop
  endfacet
  facet normal -8.516507e-01 3.099755e-01 4.226183e-01
    outer loop
      vertex   -6.313730e+01 1.718774e+01 -7.127525e+00
      vertex   -6.221171e+01 2.000000e+01 -7.325000e+00
      vertex   -6.322383e+01 1.721924e+01 -7.325000e+00
    endloop
  endfacet
  facet normal -7.697511e-01 2.801665e-01 5.735764e-01
    outer loop
      vertex   -6.322383e+01 1.721924e+01 -7.325000e+00
      vertex   -6.221171e+01 2.000000e+01 -7.325000e+00
      vertex   -6.234471e+01 2.000000e+01 -7.503485e+00
    endloop
  endfacet
  facet normal -7.697511e-01 2.801665e-01 5.735764e-01
    outer loop
      vertex   -6.322383e+01 1.721924e+01 -7.325000e+00
      vertex   -6.234471e+01 2.000000e+01 -7.503485e+00
      vertex   -6.334127e+01 1.726198e+01 -7.503485e+00
    endloop
  endfacet
  facet normal -6.644630e-01 2.418448e-01 7.071068e-01
    outer loop
      vertex   -6.334127e+01 1.726198e+01 -7.503485e+00
      vertex   -6.234471e+01 2.000000e+01 -7.503485e+00
      vertex   -6.250867e+01 2.000000e+01 -7.657556e+00
    endloop
  endfacet
  facet normal -6.644630e-01 2.418448e-01 7.071068e-01
    outer loop
      vertex   -6.334127e+01 1.726198e+01 -7.503485e+00
      vertex   -6.250867e+01 2.000000e+01 -7.657556e+00
      vertex   -6.348604e+01 1.731468e+01 -7.657556e+00
    endloop
  endfacet
  facet normal -5.389855e-01 1.961747e-01 8.191520e-01
    outer loop
      vertex   -6.348604e+01 1.731468e+01 -7.657556e+00
      vertex   -6.250867e+01 2.000000e+01 -7.657556e+00
      vertex   -6.269861e+01 2.000000e+01 -7.782532e+00
    endloop
  endfacet
  facet normal -5.389855e-01 1.961747e-01 8.191520e-01
    outer loop
      vertex   -6.348604e+01 1.731468e+01 -7.657556e+00
      vertex   -6.269861e+01 2.000000e+01 -7.782532e+00
      vertex   -6.365377e+01 1.737572e+01 -7.782532e+00
    endloop
  endfacet
  facet normal -3.971313e-01 1.445440e-01 9.063078e-01
    outer loop
      vertex   -6.365377e+01 1.737572e+01 -7.782532e+00
      vertex   -6.269861e+01 2.000000e+01 -7.782532e+00
      vertex   -6.290875e+01 2.000000e+01 -7.874616e+00
    endloop
  endfacet
  facet normal -3.971313e-01 1.445440e-01 9.063078e-01
    outer loop
      vertex   -6.365377e+01 1.737572e+01 -7.782532e+00
      vertex   -6.290875e+01 2.000000e+01 -7.874616e+00
      vertex   -6.383933e+01 1.744326e+01 -7.874616e+00
    endloop
  endfacet
  facet normal -2.432103e-01 8.852133e-02 9.659258e-01
    outer loop
      vertex   -6.383933e+01 1.744326e+01 -7.874616e+00
      vertex   -6.290875e+01 2.000000e+01 -7.874616e+00
      vertex   -6.313273e+01 2.000000e+01 -7.931010e+00
    endloop
  endfacet
  facet normal -2.432103e-01 8.852133e-02 9.659258e-01
    outer loop
      vertex   -6.383933e+01 1.744326e+01 -7.874616e+00
      vertex   -6.313273e+01 2.000000e+01 -7.931010e+00
      vertex   -6.403710e+01 1.751524e+01 -7.931010e+00
    endloop
  endfacet
  facet normal -8.189961e-02 2.980902e-02 9.961947e-01
    outer loop
      vertex   -6.403710e+01 1.751524e+01 -7.931010e+00
      vertex   -6.313273e+01 2.000000e+01 -7.931010e+00
      vertex   -6.336372e+01 2.000000e+01 -7.950000e+00
    endloop
  endfacet
  facet normal -8.189961e-02 2.980902e-02 9.961947e-01
    outer loop
      vertex   -6.403710e+01 1.751524e+01 -7.931010e+00
      vertex   -6.336372e+01 2.000000e+01 -7.950000e+00
      vertex   -6.424107e+01 1.758948e+01 -7.950000e+00
    endloop
  endfacet
  facet normal 8.189961e-02 -2.980902e-02 9.961947e-01
    outer loop
      vertex   -6.424107e+01 1.758948e+01 -7.950000e+00
      vertex   -6.336372e+01 2.000000e+01 -7.950000e+00
      vertex   -6.359471e+01 2.000000e+01 -7.931010e+00
    endloop
  endfacet
  facet normal 8.189961e-02 -2.980902e-02 9.961947e-01
    outer loop
      vertex   -6.424107e+01 1.758948e+01 -7.950000e+00
      vertex   -6.359471e+01 2.000000e+01 -7.931010e+00
      vertex   -6.444504e+01 1.766372e+01 -7.931010e+00
    endloop
  endfacet
  facet normal 2.432103e-01 -8.852133e-02 9.659258e-01
    outer loop
      vertex   -6.444504e+01 1.766372e+01 -7.931010e+00
      vertex   -6.359471e+01 2.000000e+01 -7.931010e+00
      vertex   -6.381868e+01 2.000000e+01 -7.874616e+00
    endloop
  endfacet
  facet normal 2.432103e-01 -8.852133e-02 9.659258e-01
    outer loop
      vertex   -6.444504e+01 1.766372e+01 -7.931010e+00
      vertex   -6.381868e+01 2.000000e+01 -7.874616e+00
      vertex   -6.464282e+01 1.773571e+01 -7.874616e+00
    endloop
  endfacet
  facet normal 3.971313e-01 -1.445440e-01 9.063078e-01
    outer loop
      vertex   -6.464282e+01 1.773571e+01 -7.874616e+00
      vertex   -6.381868e+01 2.000000e+01 -7.874616e+00
      vertex   -6.402883e+01 2.000000e+01 -7.782532e+00
    endloop
  endfacet
  facet normal 3.971313e-01 -1.445440e-01 9.063078e-01
    outer loop
      vertex   -6.464282e+01 1.773571e+01 -7.874616e+00
      vertex   -6.402883e+01 2.000000e+01 -7.782532e+00
      vertex   -6.482838e+01 1.780325e+01 -7.782532e+00
    endloop
  endfacet
  facet normal 5.389855e-01 -1.961747e-01 8.191520e-01
    outer loop
      vertex   -6.482838e+01 1.780325e+01 -7.782532e+00
      vertex   -6.402883e+01 2.000000e+01 -7.782532e+00
      vertex   -6.421877e+01 2.000000e+01 -7.657556e+00
    endloop
  endfacet
  facet normal 5.389855e-01 -1.961747e-01 8.191520e-01
    outer loop
      vertex   -6.482838e+01 1.780325e+01 -7.782532e+00
      vertex   -6.421877e+01 2.000000e+01 -7.657556e+00
      vertex   -6.499610e+01 1.786429e+01 -7.657556e+00
    endloop
  endfacet
  facet normal 6.644630e-01 -2.418448e-01 7.071068e-01
    outer loop
      vertex   -6.499610e+01 1.786429e+01 -7.657556e+00
      vertex   -6.421877e+01 2.000000e+01 -7.657556e+00
      vertex   -6.438273e+01 2.000000e+01 -7.503485e+00
    endloop
  endfacet
  facet normal 6.644630e-01 -2.418448e-01 7.071068e-01
    outer loop
      vertex   -6.499610e+01 1.786429e+01 -7.657556e+00
      vertex   -6.438273e+01 2.000000e+01 -7.503485e+00
      vertex   -6.514088e+01 1.791699e+01 -7.503485e+00
    endloop
  endfacet
  facet normal 7.697511e-01 -2.801665e-01 5.735764e-01
    outer loop
      vertex   -6.514088e+01 1.791699e+01 -7.503485e+00
      vertex   -6.438273e+01 2.000000e+01 -7.503485e+00
      vertex   -6.451572e+01 2.000000e+01 -7.325000e+00
    endloop
  endfacet
  facet normal 7.697511e-01 -2.801665e-01 5.735764e-01
    outer loop
      vertex   -6.514088e+01 1.791699e+01 -7.503485e+00
      vertex   -6.451572e+01 2.000000e+01 -7.325000e+00
      vertex   -6.525832e+01 1.795973e+01 -7.325000e+00
    endloop
  endfacet
  facet normal 8.516507e-01 -3.099755e-01 4.226183e-01
    outer loop
      vertex   -6.525832e+01 1.795973e+01 -7.325000e+00
      vertex   -6.451572e+01 2.000000e+01 -7.325000e+00
      vertex   -6.461372e+01 2.000000e+01 -7.127525e+00
    endloop
  endfacet
  facet normal 8.516507e-01 -3.099755e-01 4.226183e-01
    outer loop
      vertex   -6.525832e+01 1.795973e+01 -7.325000e+00
      vertex   -6.461372e+01 2.000000e+01 -7.127525e+00
      vertex   -6.534485e+01 1.799123e+01 -7.127525e+00
    endloop
  endfacet
  facet normal 9.076734e-01 -3.303661e-01 2.588190e-01
    outer loop
      vertex   -6.534485e+01 1.799123e+01 -7.127525e+00
      vertex   -6.461372e+01 2.000000e+01 -7.127525e+00
      vertex   -6.467373e+01 2.000000e+01 -6.917060e+00
    endloop
  endfacet
  facet normal 9.076734e-01 -3.303661e-01 2.588190e-01
    outer loop
      vertex   -6.534485e+01 1.799123e+01 -7.127525e+00
      vertex   -6.467373e+01 2.000000e+01 -6.917060e+00
      vertex   -6.539784e+01 1.801051e+01 -6.917060e+00
    endloop
  endfacet
  facet normal 9.361168e-01 -3.407187e-01 8.715574e-02
    outer loop
      vertex   -6.539784e+01 1.801051e+01 -6.917060e+00
      vertex   -6.467373e+01 2.000000e+01 -6.917060e+00
      vertex   -6.469394e+01 2.000000e+01 -6.700000e+00
    endloop
  endfacet
  facet normal 9.961947e-01 1.935246e-17 -8.715574e-02
    outer loop
      vertex   1.726899e+01 7.000000e+00 -6.482940e+00
      vertex   1.726899e+01 3.000000e+00 -6.482940e+00
      vertex   1.725000e+01 7.000000e+00 -6.700000e+00
    endloop
  endfacet
  facet normal 9.961947e-01 1.935246e-17 -8.715574e-02
    outer loop
      vertex   1.725000e+01 7.000000e+00 -6.700000e+00
      vertex   1.726899e+01 3.000000e+00 -6.482940e+00
      vertex   1.725000e+01 3.000000e+00 -6.700000e+00
    endloop
  endfacet
  facet normal 9.961947e-01 -1.935246e-17 8.715574e-02
    outer loop
      vertex   1.725000e+01 7.000000e+00 -6.700000e+00
      vertex   1.725000e+01 3.000000e+00 -6.700000e+00
      vertex   1.726899e+01 7.000000e+00 -6.917060e+00
    endloop
  endfacet
  facet normal 9.961947e-01 -1.935246e-17 8.715574e-02
    outer loop
      vertex   1.726899e+01 7.000000e+00 -6.917060e+00
      vertex   1.725000e+01 3.000000e+00 -6.700000e+00
      vertex   1.726899e+01 3.000000e+00 -6.917060e+00
    endloop
  endfacet
  facet normal 9.659258e-01 -5.746937e-17 2.588190e-01
    outer loop
      vertex   1.726899e+01 7.000000e+00 -6.917060e+00
      vertex   1.726899e+01 3.000000e+00 -6.917060e+00
      vertex   1.732538e+01 7.000000e+00 -7.127525e+00
    endloop
  endfacet
  facet normal 9.659258e-01 -5.746937e-17 2.588190e-01
    outer loop
      vertex   1.732538e+01 7.000000e+00 -7.127525e+00
      vertex   1.726899e+01 3.000000e+00 -6.917060e+00
      vertex   1.732538e+01 3.000000e+00 -7.127525e+00
    endloop
  endfacet
  facet normal 9.063078e-01 -9.384010e-17 4.226183e-01
    outer loop
      vertex   1.732538e+01 7.000000e+00 -7.127525e+00
      vertex   1.732538e+01 3.000000e+00 -7.127525e+00
      vertex   1.741747e+01 7.000000e+00 -7.325000e+00
    endloop
  endfacet
  facet normal 9.063078e-01 -9.384010e-17 4.226183e-01
    outer loop
      vertex   1.741747e+01 7.000000e+00 -7.325000e+00
      vertex   1.732538e+01 3.000000e+00 -7.127525e+00
      vertex   1.741747e+01 3.000000e+00 -7.325000e+00
    endloop
  endfacet
  facet normal 8.191520e-01 -1.273596e-16 5.735764e-01
    outer loop
      vertex   1.741747e+01 7.000000e+00 -7.325000e+00
      vertex   1.741747e+01 3.000000e+00 -7.325000e+00
      vertex   1.754244e+01 7.000000e+00 -7.503485e+00
    endloop
  endfacet
  facet normal 8.191520e-01 -1.273596e-16 5.735764e-01
    outer loop
      vertex   1.754244e+01 7.000000e+00 -7.503485e+00
      vertex   1.741747e+01 3.000000e+00 -7.325000e+00
      vertex   1.754244e+01 3.000000e+00 -7.503485e+00
    endloop
  endfacet
  facet normal 7.071068e-01 -1.570092e-16 7.071068e-01
    outer loop
      vertex   1.754244e+01 7.000000e+00 -7.503485e+00
      vertex   1.754244e+01 3.000000e+00 -7.503485e+00
      vertex   1.769652e+01 7.000000e+00 -7.657556e+00
    endloop
  endfacet
  facet normal 7.071068e-01 -1.570092e-16 7.071068e-01
    outer loop
      vertex   1.769652e+01 7.000000e+00 -7.657556e+00
      vertex   1.754244e+01 3.000000e+00 -7.503485e+00
      vertex   1.769652e+01 3.000000e+00 -7.657556e+00
    endloop
  endfacet
  facet normal 5.735764e-01 -1.818883e-16 8.191520e-01
    outer loop
      vertex   1.769652e+01 7.000000e+00 -7.657556e+00
      vertex   1.769652e+01 3.000000e+00 -7.657556e+00
      vertex   1.787500e+01 7.000000e+00 -7.782532e+00
    endloop
  endfacet
  facet normal 5.735764e-01 -3.637766e-16 8.191520e-01
    outer loop
      vertex   1.787500e+01 7.000000e+00 -7.782532e+00
      vertex   1.769652e+01 3.000000e+00 -7.657556e+00
      vertex   1.787500e+01 3.000000e+00 -7.782532e+00
    endloop
  endfacet
  facet normal 4.226183e-01 -4.024815e-16 9.063078e-01
    outer loop
      vertex   1.787500e+01 7.000000e+00 -7.782532e+00
      vertex   1.787500e+01 3.000000e+00 -7.782532e+00
      vertex   1.807247e+01 7.000000e+00 -7.874616e+00
    endloop
  endfacet
  facet normal 4.226183e-01 1.741197e-16 9.063078e-01
    outer loop
      vertex   1.807247e+01 7.000000e+00 -7.874616e+00
      vertex   1.787500e+01 3.000000e+00 -7.782532e+00
      vertex   1.807247e+01 3.000000e+00 -7.874616e+00
    endloop
  endfacet
  facet normal 2.588190e-01 1.539887e-17 9.659258e-01
    outer loop
      vertex   1.807247e+01 7.000000e+00 -7.874616e+00
      vertex   1.807247e+01 3.000000e+00 -7.874616e+00
      vertex   1.828294e+01 7.000000e+00 -7.931010e+00
    endloop
  endfacet
  facet normal 2.588190e-01 -2.144786e-16 9.659258e-01
    outer loop
      vertex   1.828294e+01 7.000000e+00 -7.931010e+00
      vertex   1.807247e+01 3.000000e+00 -7.874616e+00
      vertex   1.828294e+01 3.000000e+00 -7.931010e+00
    endloop
  endfacet
  facet normal 8.715574e-02 -2.211997e-16 9.961947e-01
    outer loop
      vertex   1.828294e+01 7.000000e+00 -7.931010e+00
      vertex   1.828294e+01 3.000000e+00 -7.931010e+00
      vertex   1.850000e+01 7.000000e+00 -7.950000e+00
    endloop
  endfacet
  facet normal 8.715574e-02 -2.211997e-16 9.961947e-01
    outer loop
      vertex   1.850000e+01 7.000000e+00 -7.950000e+00
      vertex   1.828294e+01 3.000000e+00 -7.931010e+00
      vertex   1.850000e+01 3.000000e+00 -7.950000e+00
    endloop
  endfacet
  facet normal -8.715574e-02 -2.211997e-16 9.961947e-01
    outer loop
      vertex   1.850000e+01 7.000000e+00 -7.950000e+00
      vertex   1.850000e+01 3.000000e+00 -7.950000e+00
      vertex   1.871706e+01 7.000000e+00 -7.931010e+00
    endloop
  endfacet
  facet normal -8.715574e-02 -2.211997e-16 9.961947e-01
    outer loop
      vertex   1.871706e+01 7.000000e+00 -7.931010e+00
      vertex   1.850000e+01 3.000000e+00 -7.950000e+00
      vertex   1.871706e+01 3.000000e+00 -7.931010e+00
    endloop
  endfacet
  facet normal -2.588190e-01 -2.144786e-16 9.659258e-01
    outer loop
      vertex   1.871706e+01 7.000000e+00 -7.931010e+00
      vertex   1.871706e+01 3.000000e+00 -7.931010e+00
      vertex   1.892753e+01 7.000000e+00 -7.874616e+00
    endloop
  endfacet
  facet normal -2.588190e-01 -2.144786e-16 9.659258e-01
    outer loop
      vertex   1.892753e+01 7.000000e+00 -7.874616e+00
      vertex   1.871706e+01 3.000000e+00 -7.931010e+00
      vertex   1.892753e+01 3.000000e+00 -7.874616e+00
    endloop
  endfacet
  facet normal -4.226183e-01 -2.012408e-16 9.063078e-01
    outer loop
      vertex   1.892753e+01 7.000000e+00 -7.874616e+00
      vertex   1.892753e+01 3.000000e+00 -7.874616e+00
      vertex   1.912500e+01 7.000000e+00 -7.782532e+00
    endloop
  endfacet
  facet normal -4.226183e-01 -4.024815e-16 9.063078e-01
    outer loop
      vertex   1.912500e+01 7.000000e+00 -7.782532e+00
      vertex   1.892753e+01 3.000000e+00 -7.874616e+00
      vertex   1.912500e+01 3.000000e+00 -7.782532e+00
    endloop
  endfacet
  facet normal -5.735764e-01 -3.637766e-16 8.191520e-01
    outer loop
      vertex   1.912500e+01 7.000000e+00 -7.782532e+00
      vertex   1.912500e+01 3.000000e+00 -7.782532e+00
      vertex   1.930348e+01 7.000000e+00 -7.657556e+00
    endloop
  endfacet
  facet normal -5.735764e-01 -1.818883e-16 8.191520e-01
    outer loop
      vertex   1.930348e+01 7.000000e+00 -7.657556e+00
      vertex   1.912500e+01 3.000000e+00 -7.782532e+00
      vertex   1.930348e+01 3.000000e+00 -7.657556e+00
    endloop
  endfacet
  facet normal -7.071068e-01 -1.570092e-16 7.071068e-01
    outer loop
      vertex   1.930348e+01 7.000000e+00 -7.657556e+00
      vertex   1.930348e+01 3.000000e+00 -7.657556e+00
      vertex   1.945756e+01 7.000000e+00 -7.503485e+00
    endloop
  endfacet
  facet normal -7.071068e-01 -1.570092e-16 7.071068e-01
    outer loop
      vertex   1.945756e+01 7.000000e+00 -7.503485e+00
      vertex   1.930348e+01 3.000000e+00 -7.657556e+00
      vertex   1.945756e+01 3.000000e+00 -7.503485e+00
    endloop
  endfacet
  facet normal -8.191520e-01 -1.273596e-16 5.735764e-01
    outer loop
      vertex   1.945756e+01 7.000000e+00 -7.503485e+00
      vertex   1.945756e+01 3.000000e+00 -7.503485e+00
      vertex   1.958253e+01 7.000000e+00 -7.325000e+00
    endloop
  endfacet
  facet normal -8.191520e-01 -1.273596e-16 5.735764e-01
    outer loop
      vertex   1.958253e+01 7.000000e+00 -7.325000e+00
      vertex   1.945756e+01 3.000000e+00 -7.503485e+00
      vertex   1.958253e+01 3.000000e+00 -7.325000e+00
    endloop
  endfacet
  facet normal -9.063078e-01 -9.384010e-17 4.226183e-01
    outer loop
      vertex   1.958253e+01 7.000000e+00 -7.325000e+00
      vertex   1.958253e+01 3.000000e+00 -7.325000e+00
      vertex   1.967462e+01 7.000000e+00 -7.127525e+00
    endloop
  endfacet
  facet normal -9.063078e-01 -9.384010e-17 4.226183e-01
    outer loop
      vertex   1.967462e+01 7.000000e+00 -7.127525e+00
      vertex   1.958253e+01 3.000000e+00 -7.325000e+00
      vertex   1.967462e+01 3.000000e+00 -7.127525e+00
    endloop
  endfacet
  facet normal -9.659258e-01 -5.746937e-17 2.588190e-01
    outer loop
      vertex   1.967462e+01 7.000000e+00 -7.127525e+00
      vertex   1.967462e+01 3.000000e+00 -7.127525e+00
      vertex   1.973101e+01 7.000000e+00 -6.917060e+00
    endloop
  endfacet
  facet normal -9.659258e-01 0.000000e+00 2.588190e-01
    outer loop
      vertex   1.973101e+01 7.000000e+00 -6.917060e+00
      vertex   1.967462e+01 3.000000e+00 -7.127525e+00
      vertex   1.973101e+01 3.000000e+00 -6.917060e+00
    endloop
  endfacet
  facet normal -9.961947e-01 0.000000e+00 8.715574e-02
    outer loop
      vertex   1.973101e+01 7.000000e+00 -6.917060e+00
      vertex   1.973101e+01 3.000000e+00 -6.917060e+00
      vertex   1.975000e+01 7.000000e+00 -6.700000e+00
    endloop
  endfacet
  facet normal -9.961947e-01 -1.935246e-17 8.715574e-02
    outer loop
      vertex   1.975000e+01 7.000000e+00 -6.700000e+00
      vertex   1.973101e+01 3.000000e+00 -6.917060e+00
      vertex   1.975000e+01 3.000000e+00 -6.700000e+00
    endloop
  endfacet
  facet normal -9.961947e-01 1.935246e-17 -8.715574e-02
    outer loop
      vertex   1.975000e+01 7.000000e+00 -6.700000e+00
      vertex   1.975000e+01 3.000000e+00 -6.700000e+00
      vertex   1.973101e+01 7.000000e+00 -6.482940e+00
    endloop
  endfacet
  facet normal -9.961947e-01 -0.000000e+00 -8.715574e-02
    outer loop
      vertex   1.973101e+01 7.000000e+00 -6.482940e+00
      vertex   1.975000e+01 3.000000e+00 -6.700000e+00
      vertex   1.973101e+01 3.000000e+00 -6.482940e+00
    endloop
  endfacet
  facet normal -9.659258e-01 -0.000000e+00 -2.588190e-01
    outer loop
      vertex   1.973101e+01 7.000000e+00 -6.482940e+00
      vertex   1.973101e+01 3.000000e+00 -6.482940e+00
      vertex   1.967462e+01 7.000000e+00 -6.272475e+00
    endloop
  endfacet
  facet normal -9.659258e-01 5.746937e-17 -2.588190e-01
    outer loop
      vertex   1.967462e+01 7.000000e+00 -6.272475e+00
      vertex   1.973101e+01 3.000000e+00 -6.482940e+00
      vertex   1.967462e+01 3.000000e+00 -6.272475e+00
    endloop
  endfacet
  facet normal -9.063078e-01 9.384010e-17 -4.226183e-01
    outer loop
      vertex   1.967462e+01 7.000000e+00 -6.272475e+00
      vertex   1.967462e+01 3.000000e+00 -6.272475e+00
      vertex   1.958253e+01 7.000000e+00 -6.075000e+00
    endloop
  endfacet
  facet normal -9.063078e-01 9.384010e-17 -4.226183e-01
    outer loop
      vertex   1.958253e+01 7.000000e+00 -6.075000e+00
      vertex   1.967462e+01 3.000000e+00 -6.272475e+00
      vertex   1.958253e+01 3.000000e+00 -6.075000e+00
    endloop
  endfacet
  facet normal -8.191520e-01 1.273596e-16 -5.735764e-01
    outer loop
      vertex   1.958253e+01 7.000000e+00 -6.075000e+00
      vertex   1.958253e+01 3.000000e+00 -6.075000e+00
      vertex   1.945756e+01 7.000000e+00 -5.896515e+00
    endloop
  endfacet
  facet normal -8.191520e-01 1.273596e-16 -5.735764e-01
    outer loop
      vertex   1.945756e+01 7.000000e+00 -5.896515e+00
      vertex   1.958253e+01 3.000000e+00 -6.075000e+00
      vertex   1.945756e+01 3.000000e+00 -5.896515e+00
    endloop
  endfacet
  facet normal -7.071068e-01 1.570092e-16 -7.071068e-01
    outer loop
      vertex   1.945756e+01 7.000000e+00 -5.896515e+00
      vertex   1.945756e+01 3.000000e+00 -5.896515e+00
      vertex   1.930348e+01 7.000000e+00 -5.742444e+00
    endloop
  endfacet
  facet normal -7.071068e-01 1.570092e-16 -7.071068e-01
    outer loop
      vertex   1.930348e+01 7.000000e+00 -5.742444e+00
      vertex   1.945756e+01 3.000000e+00 -5.896515e+00
      vertex   1.930348e+01 3.000000e+00 -5.742444e+00
    endloop
  endfacet
  facet normal -5.735764e-01 1.818883e-16 -8.191520e-01
    outer loop
      vertex   1.930348e+01 7.000000e+00 -5.742444e+00
      vertex   1.930348e+01 3.000000e+00 -5.742444e+00
      vertex   1.912500e+01 7.000000e+00 -5.617468e+00
    endloop
  endfacet
  facet normal -5.735764e-01 1.818883e-16 -8.191520e-01
    outer loop
      vertex   1.912500e+01 7.000000e+00 -5.617468e+00
      vertex   1.930348e+01 3.000000e+00 -5.742444e+00
      vertex   1.912500e+01 3.000000e+00 -5.617468e+00
    endloop
  endfacet
  facet normal -4.226183e-01 2.012408e-16 -9.063078e-01
    outer loop
      vertex   1.912500e+01 7.000000e+00 -5.617468e+00
      vertex   1.912500e+01 3.000000e+00 -5.617468e+00
      vertex   1.892753e+01 7.000000e+00 -5.525384e+00
    endloop
  endfacet
  facet normal -4.226183e-01 4.024815e-16 -9.063078e-01
    outer loop
      vertex   1.892753e+01 7.000000e+00 -5.525384e+00
      vertex   1.912500e+01 3.000000e+00 -5.617468e+00
      vertex   1.892753e+01 3.000000e+00 -5.525384e+00
    endloop
  endfacet
  facet normal -2.588190e-01 4.289572e-16 -9.659258e-01
    outer loop
      vertex   1.892753e+01 7.000000e+00 -5.525384e+00
      vertex   1.892753e+01 3.000000e+00 -5.525384e+00
      vertex   1.871706e+01 7.000000e+00 -5.468990e+00
    endloop
  endfacet
  facet normal -2.588190e-01 4.289572e-16 -9.659258e-01
    outer loop
      vertex   1.871706e+01 7.000000e+00 -5.468990e+00
      vertex   1.892753e+01 3.000000e+00 -5.525384e+00
      vertex   1.871706e+01 3.000000e+00 -5.468990e+00
    endloop
  endfacet
  facet normal -8.715574e-02 4.423993e-16 -9.961947e-01
    outer loop
      vertex   1.871706e+01 7.000000e+00 -5.468990e+00
      vertex   1.871706e+01 3.000000e+00 -5.468990e+00
      vertex   1.850000e+01 7.000000e+00 -5.450000e+00
    endloop
  endfacet
  facet normal -8.715574e-02 2.211997e-16 -9.961947e-01
    outer loop
      vertex   1.850000e+01 7.000000e+00 -5.450000e+00
      vertex   1.871706e+01 3.000000e+00 -5.468990e+00
      vertex   1.850000e+01 3.000000e+00 -5.450000e+00
    endloop
  endfacet
  facet normal 8.715574e-02 2.211997e-16 -9.961947e-01
    outer loop
      vertex   1.850000e+01 7.000000e+00 -5.450000e+00
      vertex   1.850000e+01 3.000000e+00 -5.450000e+00
      vertex   1.828294e+01 7.000000e+00 -5.468990e+00
    endloop
  endfacet
  facet normal 8.715574e-02 4.423993e-16 -9.961947e-01
    outer loop
      vertex   1.828294e+01 7.000000e+00 -5.468990e+00
      vertex   1.850000e+01 3.000000e+00 -5.450000e+00
      vertex   1.828294e+01 3.000000e+00 -5.468990e+00
    endloop
  endfacet
  facet normal 2.588190e-01 4.289572e-16 -9.659258e-01
    outer loop
      vertex   1.828294e+01 7.000000e+00 -5.468990e+00
      vertex   1.828294e+01 3.000000e+00 -5.468990e+00
      vertex   1.807247e+01 7.000000e+00 -5.525384e+00
    endloop
  endfacet
  facet normal 2.588190e-01 4.135584e-16 -9.659258e-01
    outer loop
      vertex   1.807247e+01 7.000000e+00 -5.525384e+00
      vertex   1.828294e+01 3.000000e+00 -5.468990e+00
      vertex   1.807247e+01 3.000000e+00 -5.525384e+00
    endloop
  endfacet
  facet normal 4.226183e-01 2.283618e-16 -9.063078e-01
    outer loop
      vertex   1.807247e+01 7.000000e+00 -5.525384e+00
      vertex   1.807247e+01 3.000000e+00 -5.525384e+00
      vertex   1.787500e+01 7.000000e+00 -5.617468e+00
    endloop
  endfacet
  facet normal 4.226183e-01 2.012408e-16 -9.063078e-01
    outer loop
      vertex   1.787500e+01 7.000000e+00 -5.617468e+00
      vertex   1.807247e+01 3.000000e+00 -5.525384e+00
      vertex   1.787500e+01 3.000000e+00 -5.617468e+00
    endloop
  endfacet
  facet normal 5.735764e-01 1.818883e-16 -8.191520e-01
    outer loop
      vertex   1.787500e+01 7.000000e+00 -5.617468e+00
      vertex   1.787500e+01 3.000000e+00 -5.617468e+00
      vertex   1.769652e+01 7.000000e+00 -5.742444e+00
    endloop
  endfacet
  facet normal 5.735764e-01 1.818883e-16 -8.191520e-01
    outer loop
      vertex   1.769652e+01 7.000000e+00 -5.742444e+00
      vertex   1.787500e+01 3.000000e+00 -5.617468e+00
      vertex   1.769652e+01 3.000000e+00 -5.742444e+00
    endloop
  endfacet
  facet normal 7.071068e-01 1.570092e-16 -7.071068e-01
    outer loop
      vertex   1.769652e+01 7.000000e+00 -5.742444e+00
      vertex   1.769652e+01 3.000000e+00 -5.742444e+00
      vertex   1.754244e+01 7.000000e+00 -5.896515e+00
    endloop
  endfacet
  facet normal 7.071068e-01 1.570092e-16 -7.071068e-01
    outer loop
      vertex   1.754244e+01 7.000000e+00 -5.896515e+00
      vertex   1.769652e+01 3.000000e+00 -5.742444e+00
      vertex   1.754244e+01 3.000000e+00 -5.896515e+00
    endloop
  endfacet
  facet normal 8.191520e-01 1.273596e-16 -5.735764e-01
    outer loop
      vertex   1.754244e+01 7.000000e+00 -5.896515e+00
      vertex   1.754244e+01 3.000000e+00 -5.896515e+00
      vertex   1.741747e+01 7.000000e+00 -6.075000e+00
    endloop
  endfacet
  facet normal 8.191520e-01 1.273596e-16 -5.735764e-01
    outer loop
      vertex   1.741747e+01 7.000000e+00 -6.075000e+00
      vertex   1.754244e+01 3.000000e+00 -5.896515e+00
      vertex   1.741747e+01 3.000000e+00 -6.075000e+00
    endloop
  endfacet
  facet normal 9.063078e-01 9.384010e-17 -4.226183e-01
    outer loop
      vertex   1.741747e+01 7.000000e+00 -6.075000e+00
      vertex   1.741747e+01 3.000000e+00 -6.075000e+00
      vertex   1.732538e+01 7.000000e+00 -6.272475e+00
    endloop
  endfacet
  facet normal 9.063078e-01 1.876802e-16 -4.226183e-01
    outer loop
      vertex   1.732538e+01 7.000000e+00 -6.272475e+00
      vertex   1.741747e+01 3.000000e+00 -6.075000e+00
      vertex   1.732538e+01 3.000000e+00 -6.272475e+00
    endloop
  endfacet
  facet normal 9.659258e-01 1.149387e-16 -2.588190e-01
    outer loop
      vertex   1.732538e+01 7.000000e+00 -6.272475e+00
      vertex   1.732538e+01 3.000000e+00 -6.272475e+00
      vertex   1.726899e+01 7.000000e+00 -6.482940e+00
    endloop
  endfacet
  facet normal 9.659258e-01 5.746937e-17 -2.588190e-01
    outer loop
      vertex   1.726899e+01 7.000000e+00 -6.482940e+00
      vertex   1.732538e+01 3.000000e+00 -6.272475e+00
      vertex   1.726899e+01 3.000000e+00 -6.482940e+00
    endloop
  endfacet
  facet normal 9.961947e-01 3.870492e-17 -8.715574e-02
    outer loop
      vertex   -1.973101e+01 7.000000e+00 -6.482940e+00
      vertex   -1.973101e+01 3.000000e+00 -6.482940e+00
      vertex   -1.975000e+01 7.000000e+00 -6.700000e+00
    endloop
  endfacet
  facet normal 9.961947e-01 1.935246e-17 -8.715574e-02
    outer loop
      vertex   -1.975000e+01 7.000000e+00 -6.700000e+00
      vertex   -1.973101e+01 3.000000e+00 -6.482940e+00
      vertex   -1.975000e+01 3.000000e+00 -6.700000e+00
    endloop
  endfacet
  facet normal 9.961947e-01 -1.935246e-17 8.715574e-02
    outer loop
      vertex   -1.975000e+01 7.000000e+00 -6.700000e+00
      vertex   -1.975000e+01 3.000000e+00 -6.700000e+00
      vertex   -1.973101e+01 7.000000e+00 -6.917060e+00
    endloop
  endfacet
  facet normal 9.961947e-01 -3.870492e-17 8.715574e-02
    outer loop
      vertex   -1.973101e+01 7.000000e+00 -6.917060e+00
      vertex   -1.975000e+01 3.000000e+00 -6.700000e+00
      vertex   -1.973101e+01 3.000000e+00 -6.917060e+00
    endloop
  endfacet
  facet normal 9.659258e-01 -1.149387e-16 2.588190e-01
    outer loop
      vertex   -1.973101e+01 7.000000e+00 -6.917060e+00
      vertex   -1.973101e+01 3.000000e+00 -6.917060e+00
      vertex   -1.967462e+01 7.000000e+00 -7.127525e+00
    endloop
  endfacet
  facet normal 9.659258e-01 -1.149387e-16 2.588190e-01
    outer loop
      vertex   -1.967462e+01 7.000000e+00 -7.127525e+00
      vertex   -1.973101e+01 3.000000e+00 -6.917060e+00
      vertex   -1.967462e+01 3.000000e+00 -7.127525e+00
    endloop
  endfacet
  facet normal 9.063078e-01 -1.876802e-16 4.226183e-01
    outer loop
      vertex   -1.967462e+01 7.000000e+00 -7.127525e+00
      vertex   -1.967462e+01 3.000000e+00 -7.127525e+00
      vertex   -1.958253e+01 7.000000e+00 -7.325000e+00
    endloop
  endfacet
  facet normal 9.063078e-01 -9.384010e-17 4.226183e-01
    outer loop
      vertex   -1.958253e+01 7.000000e+00 -7.325000e+00
      vertex   -1.967462e+01 3.000000e+00 -7.127525e+00
      vertex   -1.958253e+01 3.000000e+00 -7.325000e+00
    endloop
  endfacet
  facet normal 8.191520e-01 -1.273596e-16 5.735764e-01
    outer loop
      vertex   -1.958253e+01 7.000000e+00 -7.325000e+00
      vertex   -1.958253e+01 3.000000e+00 -7.325000e+00
      vertex   -1.945756e+01 7.000000e+00 -7.503485e+00
    endloop
  endfacet
  facet normal 8.191520e-01 -2.547191e-16 5.735764e-01
    outer loop
      vertex   -1.945756e+01 7.000000e+00 -7.503485e+00
      vertex   -1.958253e+01 3.000000e+00 -7.325000e+00
      vertex   -1.945756e+01 3.000000e+00 -7.503485e+00
    endloop
  endfacet
  facet normal 7.071068e-01 -3.140185e-16 7.071068e-01
    outer loop
      vertex   -1.945756e+01 7.000000e+00 -7.503485e+00
      vertex   -1.945756e+01 3.000000e+00 -7.503485e+00
      vertex   -1.930348e+01 7.000000e+00 -7.657556e+00
    endloop
  endfacet
  facet normal 7.071068e-01 -1.570092e-16 7.071068e-01
    outer loop
      vertex   -1.930348e+01 7.000000e+00 -7.657556e+00
      vertex   -1.945756e+01 3.000000e+00 -7.503485e+00
      vertex   -1.930348e+01 3.000000e+00 -7.657556e+00
    endloop
  endfacet
  facet normal 5.735764e-01 -1.818883e-16 8.191520e-01
    outer loop
      vertex   -1.930348e+01 7.000000e+00 -7.657556e+00
      vertex   -1.930348e+01 3.000000e+00 -7.657556e+00
      vertex   -1.912500e+01 7.000000e+00 -7.782532e+00
    endloop
  endfacet
  facet normal 5.735764e-01 -1.818883e-16 8.191520e-01
    outer loop
      vertex   -1.912500e+01 7.000000e+00 -7.782532e+00
      vertex   -1.930348e+01 3.000000e+00 -7.657556e+00
      vertex   -1.912500e+01 3.000000e+00 -7.782532e+00
    endloop
  endfacet
  facet normal 4.226183e-01 -2.012408e-16 9.063078e-01
    outer loop
      vertex   -1.912500e+01 7.000000e+00 -7.782532e+00
      vertex   -1.912500e+01 3.000000e+00 -7.782532e+00
      vertex   -1.892753e+01 7.000000e+00 -7.874616e+00
    endloop
  endfacet
  facet normal 4.226183e-01 -2.283618e-16 9.063078e-01
    outer loop
      vertex   -1.892753e+01 7.000000e+00 -7.874616e+00
      vertex   -1.912500e+01 3.000000e+00 -7.782532e+00
      vertex   -1.892753e+01 3.000000e+00 -7.874616e+00
    endloop
  endfacet
  facet normal 2.588190e-01 -4.135584e-16 9.659258e-01
    outer loop
      vertex   -1.892753e+01 7.000000e+00 -7.874616e+00
      vertex   -1.892753e+01 3.000000e+00 -7.874616e+00
      vertex   -1.871706e+01 7.000000e+00 -7.931010e+00
    endloop
  endfacet
  facet normal 2.588190e-01 -2.144786e-16 9.659258e-01
    outer loop
      vertex   -1.871706e+01 7.000000e+00 -7.931010e+00
      vertex   -1.892753e+01 3.000000e+00 -7.874616e+00
      vertex   -1.871706e+01 3.000000e+00 -7.931010e+00
    endloop
  endfacet
  facet normal 8.715574e-02 -2.211997e-16 9.961947e-01
    outer loop
      vertex   -1.871706e+01 7.000000e+00 -7.931010e+00
      vertex   -1.871706e+01 3.000000e+00 -7.931010e+00
      vertex   -1.850000e+01 7.000000e+00 -7.950000e+00
    endloop
  endfacet
  facet normal 8.715574e-02 -2.211997e-16 9.961947e-01
    outer loop
      vertex   -1.850000e+01 7.000000e+00 -7.950000e+00
      vertex   -1.871706e+01 3.000000e+00 -7.931010e+00
      vertex   -1.850000e+01 3.000000e+00 -7.950000e+00
    endloop
  endfacet
  facet normal -8.715574e-02 -2.211997e-16 9.961947e-01
    outer loop
      vertex   -1.850000e+01 7.000000e+00 -7.950000e+00
      vertex   -1.850000e+01 3.000000e+00 -7.950000e+00
      vertex   -1.828294e+01 7.000000e+00 -7.931010e+00
    endloop
  endfacet
  facet normal -8.715574e-02 -2.211997e-16 9.961947e-01
    outer loop
      vertex   -1.828294e+01 7.000000e+00 -7.931010e+00
      vertex   -1.850000e+01 3.000000e+00 -7.950000e+00
      vertex   -1.828294e+01 3.000000e+00 -7.931010e+00
    endloop
  endfacet
  facet normal -2.588190e-01 -2.144786e-16 9.659258e-01
    outer loop
      vertex   -1.828294e+01 7.000000e+00 -7.931010e+00
      vertex   -1.828294e+01 3.000000e+00 -7.931010e+00
      vertex   -1.807247e+01 7.000000e+00 -7.874616e+00
    endloop
  endfacet
  facet normal -2.588190e-01 -2.144786e-16 9.659258e-01
    outer loop
      vertex   -1.807247e+01 7.000000e+00 -7.874616e+00
      vertex   -1.828294e+01 3.000000e+00 -7.931010e+00
      vertex   -1.807247e+01 3.000000e+00 -7.874616e+00
    endloop
  endfacet
  facet normal -4.226183e-01 -2.012408e-16 9.063078e-01
    outer loop
      vertex   -1.807247e+01 7.000000e+00 -7.874616e+00
      vertex   -1.807247e+01 3.000000e+00 -7.874616e+00
      vertex   -1.787500e+01 7.000000e+00 -7.782532e+00
    endloop
  endfacet
  facet normal -4.226183e-01 -2.012408e-16 9.063078e-01
    outer loop
      vertex   -1.787500e+01 7.000000e+00 -7.782532e+00
      vertex   -1.807247e+01 3.000000e+00 -7.874616e+00
      vertex   -1.787500e+01 3.000000e+00 -7.782532e+00
    endloop
  endfacet
  facet normal -5.735764e-01 -1.818883e-16 8.191520e-01
    outer loop
      vertex   -1.787500e+01 7.000000e+00 -7.782532e+00
      vertex   -1.787500e+01 3.000000e+00 -7.782532e+00
      vertex   -1.769652e+01 7.000000e+00 -7.657556e+00
    endloop
  endfacet
  facet normal -5.735764e-01 -1.818883e-16 8.191520e-01
    outer loop
      vertex   -1.769652e+01 7.000000e+00 -7.657556e+00
      vertex   -1.787500e+01 3.000000e+00 -7.782532e+00
      vertex   -1.769652e+01 3.000000e+00 -7.657556e+00
    endloop
  endfacet
  facet normal -7.071068e-01 -1.570092e-16 7.071068e-01
    outer loop
      vertex   -1.769652e+01 7.000000e+00 -7.657556e+00
      vertex   -1.769652e+01 3.000000e+00 -7.657556e+00
      vertex   -1.754244e+01 7.000000e+00 -7.503485e+00
    endloop
  endfacet
  facet normal -7.071068e-01 -3.140185e-16 7.071068e-01
    outer loop
      vertex   -1.754244e+01 7.000000e+00 -7.503485e+00
      vertex   -1.769652e+01 3.000000e+00 -7.657556e+00
      vertex   -1.754244e+01 3.000000e+00 -7.503485e+00
    endloop
  endfacet
  facet normal -8.191520e-01 -2.547191e-16 5.735764e-01
    outer loop
      vertex   -1.754244e+01 7.000000e+00 -7.503485e+00
      vertex   -1.754244e+01 3.000000e+00 -7.503485e+00
      vertex   -1.741747e+01 7.000000e+00 -7.325000e+00
    endloop
  endfacet
  facet normal -8.191520e-01 -1.273596e-16 5.735764e-01
    outer loop
      vertex   -1.741747e+01 7.000000e+00 -7.325000e+00
      vertex   -1.754244e+01 3.000000e+00 -7.503485e+00
      vertex   -1.741747e+01 3.000000e+00 -7.325000e+00
    endloop
  endfacet
  facet normal -9.063078e-01 -9.384010e-17 4.226183e-01
    outer loop
      vertex   -1.741747e+01 7.000000e+00 -7.325000e+00
      vertex   -1.741747e+01 3.000000e+00 -7.325000e+00
      vertex   -1.732538e+01 7.000000e+00 -7.127525e+00
    endloop
  endfacet
  facet normal -9.063078e-01 -9.384010e-17 4.226183e-01
    outer loop
      vertex   -1.732538e+01 7.000000e+00 -7.127525e+00
      vertex   -1.741747e+01 3.000000e+00 -7.325000e+00
      vertex   -1.732538e+01 3.000000e+00 -7.127525e+00
    endloop
  endfacet
  facet normal -9.659258e-01 -5.746937e-17 2.588190e-01
    outer loop
      vertex   -1.732538e+01 7.000000e+00 -7.127525e+00
      vertex   -1.732538e+01 3.000000e+00 -7.127525e+00
      vertex   -1.726899e+01 7.000000e+00 -6.917060e+00
    endloop
  endfacet
  facet normal -9.659258e-01 0.000000e+00 2.588190e-01
    outer loop
      vertex   -1.726899e+01 7.000000e+00 -6.917060e+00
      vertex   -1.732538e+01 3.000000e+00 -7.127525e+00
      vertex   -1.726899e+01 3.000000e+00 -6.917060e+00
    endloop
  endfacet
  facet normal -9.961947e-01 0.000000e+00 8.715574e-02
    outer loop
      vertex   -1.726899e+01 7.000000e+00 -6.917060e+00
      vertex   -1.726899e+01 3.000000e+00 -6.917060e+00
      vertex   -1.725000e+01 7.000000e+00 -6.700000e+00
    endloop
  endfacet
  facet normal -9.961947e-01 -1.935246e-17 8.715574e-02
    outer loop
      vertex   -1.725000e+01 7.000000e+00 -6.700000e+00
      vertex   -1.726899e+01 3.000000e+00 -6.917060e+00
      vertex   -1.725000e+01 3.000000e+00 -6.700000e+00
    endloop
  endfacet
  facet normal -9.961947e-01 1.935246e-17 -8.715574e-02
    outer loop
      vertex   -1.725000e+01 7.000000e+00 -6.700000e+00
      vertex   -1.725000e+01 3.000000e+00 -6.700000e+00
      vertex   -1.726899e+01 7.000000e+00 -6.482940e+00
    endloop
  endfacet
  facet normal -9.961947e-01 -0.000000e+00 -8.715574e-02
    outer loop
      vertex   -1.726899e+01 7.000000e+00 -6.482940e+00
      vertex   -1.725000e+01 3.000000e+00 -6.700000e+00
      vertex   -1.726899e+01 3.000000e+00 -6.482940e+00
    endloop
  endfacet
  facet normal -9.659258e-01 -0.000000e+00 -2.588190e-01
    outer loop
      vertex   -1.726899e+01 7.000000e+00 -6.482940e+00
      vertex   -1.726899e+01 3.000000e+00 -6.482940e+00
      vertex   -1.732538e+01 7.000000e+00 -6.272475e+00
    endloop
  endfacet
  facet normal -9.659258e-01 1.149387e-16 -2.588190e-01
    outer loop
      vertex   -1.732538e+01 7.000000e+00 -6.272475e+00
      vertex   -1.726899e+01 3.000000e+00 -6.482940e+00
      vertex   -1.732538e+01 3.000000e+00 -6.272475e+00
    endloop
  endfacet
  facet normal -9.063078e-01 1.876802e-16 -4.226183e-01
    outer loop
      vertex   -1.732538e+01 7.000000e+00 -6.272475e+00
      vertex   -1.732538e+01 3.000000e+00 -6.272475e+00
      vertex   -1.741747e+01 7.000000e+00 -6.075000e+00
    endloop
  endfacet
  facet normal -9.063078e-01 9.384010e-17 -4.226183e-01
    outer loop
      vertex   -1.741747e+01 7.000000e+00 -6.075000e+00
      vertex   -1.732538e+01 3.000000e+00 -6.272475e+00
      vertex   -1.741747e+01 3.000000e+00 -6.075000e+00
    endloop
  endfacet
  facet normal -8.191520e-01 1.273596e-16 -5.735764e-01
    outer loop
      vertex   -1.741747e+01 7.000000e+00 -6.075000e+00
      vertex   -1.741747e+01 3.000000e+00 -6.075000e+00
      vertex   -1.754244e+01 7.000000e+00 -5.896515e+00
    endloop
  endfacet
  facet normal -8.191520e-01 2.547191e-16 -5.735764e-01
    outer loop
      vertex   -1.754244e+01 7.000000e+00 -5.896515e+00
      vertex   -1.741747e+01 3.000000e+00 -6.075000e+00
      vertex   -1.754244e+01 3.000000e+00 -5.896515e+00
    endloop
  endfacet
  facet normal -7.071068e-01 3.140185e-16 -7.071068e-01
    outer loop
      vertex   -1.754244e+01 7.000000e+00 -5.896515e+00
      vertex   -1.754244e+01 3.000000e+00 -5.896515e+00
      vertex   -1.769652e+01 7.000000e+00 -5.742444e+00
    endloop
  endfacet
  facet normal -7.071068e-01 3.140185e-16 -7.071068e-01
    outer loop
      vertex   -1.769652e+01 7.000000e+00 -5.742444e+00
      vertex   -1.754244e+01 3.000000e+00 -5.896515e+00
      vertex   -1.769652e+01 3.000000e+00 -5.742444e+00
    endloop
  endfacet
  facet normal -5.735764e-01 3.637766e-16 -8.191520e-01
    outer loop
      vertex   -1.769652e+01 7.000000e+00 -5.742444e+00
      vertex   -1.769652e+01 3.000000e+00 -5.742444e+00
      vertex   -1.787500e+01 7.000000e+00 -5.617468e+00
    endloop
  endfacet
  facet normal -5.735764e-01 1.818883e-16 -8.191520e-01
    outer loop
      vertex   -1.787500e+01 7.000000e+00 -5.617468e+00
      vertex   -1.769652e+01 3.000000e+00 -5.742444e+00
      vertex   -1.787500e+01 3.000000e+00 -5.617468e+00
    endloop
  endfacet
  facet normal -4.226183e-01 2.012408e-16 -9.063078e-01
    outer loop
      vertex   -1.787500e+01 7.000000e+00 -5.617468e+00
      vertex   -1.787500e+01 3.000000e+00 -5.617468e+00
      vertex   -1.807247e+01 7.000000e+00 -5.525384e+00
    endloop
  endfacet
  facet normal -4.226183e-01 2.012408e-16 -9.063078e-01
    outer loop
      vertex   -1.807247e+01 7.000000e+00 -5.525384e+00
      vertex   -1.787500e+01 3.000000e+00 -5.617468e+00
      vertex   -1.807247e+01 3.000000e+00 -5.525384e+00
    endloop
  endfacet
  facet normal -2.588190e-01 2.144786e-16 -9.659258e-01
    outer loop
      vertex   -1.807247e+01 7.000000e+00 -5.525384e+00
      vertex   -1.807247e+01 3.000000e+00 -5.525384e+00
      vertex   -1.828294e+01 7.000000e+00 -5.468990e+00
    endloop
  endfacet
  facet normal -2.588190e-01 2.144786e-16 -9.659258e-01
    outer loop
      vertex   -1.828294e+01 7.000000e+00 -5.468990e+00
      vertex   -1.807247e+01 3.000000e+00 -5.525384e+00
      vertex   -1.828294e+01 3.000000e+00 -5.468990e+00
    endloop
  endfacet
  facet normal -8.715574e-02 2.211997e-16 -9.961947e-01
    outer loop
      vertex   -1.828294e+01 7.000000e+00 -5.468990e+00
      vertex   -1.828294e+01 3.000000e+00 -5.468990e+00
      vertex   -1.850000e+01 7.000000e+00 -5.450000e+00
    endloop
  endfacet
  facet normal -8.715574e-02 2.211997e-16 -9.961947e-01
    outer loop
      vertex   -1.850000e+01 7.000000e+00 -5.450000e+00
      vertex   -1.828294e+01 3.000000e+00 -5.468990e+00
      vertex   -1.850000e+01 3.000000e+00 -5.450000e+00
    endloop
  endfacet
  facet normal 8.715574e-02 2.211997e-16 -9.961947e-01
    outer loop
      vertex   -1.850000e+01 7.000000e+00 -5.450000e+00
      vertex   -1.850000e+01 3.000000e+00 -5.450000e+00
      vertex   -1.871706e+01 7.000000e+00 -5.468990e+00
    endloop
  endfacet
  facet normal 8.715574e-02 2.211997e-16 -9.961947e-01
    outer loop
      vertex   -1.871706e+01 7.000000e+00 -5.468990e+00
      vertex   -1.850000e+01 3.000000e+00 -5.450000e+00
      vertex   -1.871706e+01 3.000000e+00 -5.468990e+00
    endloop
  endfacet
  facet normal 2.588190e-01 2.144786e-16 -9.659258e-01
    outer loop
      vertex   -1.871706e+01 7.000000e+00 -5.468990e+00
      vertex   -1.871706e+01 3.000000e+00 -5.468990e+00
      vertex   -1.892753e+01 7.000000e+00 -5.525384e+00
    endloop
  endfacet
  facet normal 2.588190e-01 1.990797e-16 -9.659258e-01
    outer loop
      vertex   -1.892753e+01 7.000000e+00 -5.525384e+00
      vertex   -1.871706e+01 3.000000e+00 -5.468990e+00
      vertex   -1.892753e+01 3.000000e+00 -5.525384e+00
    endloop
  endfacet
  facet normal 4.226183e-01 2.712109e-17 -9.063078e-01
    outer loop
      vertex   -1.892753e+01 7.000000e+00 -5.525384e+00
      vertex   -1.892753e+01 3.000000e+00 -5.525384e+00
      vertex   -1.912500e+01 7.000000e+00 -5.617468e+00
    endloop
  endfacet
  facet normal 4.226183e-01 2.012408e-16 -9.063078e-01
    outer loop
      vertex   -1.912500e+01 7.000000e+00 -5.617468e+00
      vertex   -1.892753e+01 3.000000e+00 -5.525384e+00
      vertex   -1.912500e+01 3.000000e+00 -5.617468e+00
    endloop
  endfacet
  facet normal 5.735764e-01 1.818883e-16 -8.191520e-01
    outer loop
      vertex   -1.912500e+01 7.000000e+00 -5.617468e+00
      vertex   -1.912500e+01 3.000000e+00 -5.617468e+00
      vertex   -1.930348e+01 7.000000e+00 -5.742444e+00
    endloop
  endfacet
  facet normal 5.735764e-01 3.637766e-16 -8.191520e-01
    outer loop
      vertex   -1.930348e+01 7.000000e+00 -5.742444e+00
      vertex   -1.912500e+01 3.000000e+00 -5.617468e+00
      vertex   -1.930348e+01 3.000000e+00 -5.742444e+00
    endloop
  endfacet
  facet normal 7.071068e-01 3.140185e-16 -7.071068e-01
    outer loop
      vertex   -1.930348e+01 7.000000e+00 -5.742444e+00
      vertex   -1.930348e+01 3.000000e+00 -5.742444e+00
      vertex   -1.945756e+01 7.000000e+00 -5.896515e+00
    endloop
  endfacet
  facet normal 7.071068e-01 3.140185e-16 -7.071068e-01
    outer loop
      vertex   -1.945756e+01 7.000000e+00 -5.896515e+00
      vertex   -1.930348e+01 3.000000e+00 -5.742444e+00
      vertex   -1.945756e+01 3.000000e+00 -5.896515e+00
    endloop
  endfacet
  facet normal 8.191520e-01 2.547191e-16 -5.735764e-01
    outer loop
      vertex   -1.945756e+01 7.000000e+00 -5.896515e+00
      vertex   -1.945756e+01 3.000000e+00 -5.896515e+00
      vertex   -1.958253e+01 7.000000e+00 -6.075000e+00
    endloop
  endfacet
  facet normal 8.191520e-01 1.273596e-16 -5.735764e-01
    outer loop
      vertex   -1.958253e+01 7.000000e+00 -6.075000e+00
      vertex   -1.945756e+01 3.000000e+00 -5.896515e+00
      vertex   -1.958253e+01 3.000000e+00 -6.075000e+00
    endloop
  endfacet
  facet normal 9.063078e-01 9.384010e-17 -4.226183e-01
    outer loop
      vertex   -1.958253e+01 7.000000e+00 -6.075000e+00
      vertex   -1.958253e+01 3.000000e+00 -6.075000e+00
      vertex   -1.967462e+01 7.000000e+00 -6.272475e+00
    endloop
  endfacet
  facet normal 9.063078e-01 9.384010e-17 -4.226183e-01
    outer loop
      vertex   -1.967462e+01 7.000000e+00 -6.272475e+00
      vertex   -1.958253e+01 3.000000e+00 -6.075000e+00
      vertex   -1.967462e+01 3.000000e+00 -6.272475e+00
    endloop
  endfacet
  facet normal 9.659258e-01 5.746937e-17 -2.588190e-01
    outer loop
      vertex   -1.967462e+01 7.000000e+00 -6.272475e+00
      vertex   -1.967462e+01 3.000000e+00 -6.272475e+00
      vertex   -1.973101e+01 7.000000e+00 -6.482940e+00
    endloop
  endfacet
  facet normal 9.659258e-01 1.149387e-16 -2.588190e-01
    outer loop
      vertex   -1.973101e+01 7.000000e+00 -6.482940e+00
      vertex   -1.967462e+01 3.000000e+00 -6.272475e+00
      vertex   -1.973101e+01 3.000000e+00 -6.482940e+00
    endloop
  endfacet
  facet normal -3.420201e-01 9.396926e-01 2.956921e-13
    outer loop
      vertex   2.694759e+01 8.272479e+00 -6.482940e+00
      vertex   2.692975e+01 8.265984e+00 -6.700000e+00
      vertex   2.345149e+01 7.000000e+00 -2.950000e+00
    endloop
  endfacet
  facet normal -3.420201e-01 9.396926e-01 -3.529753e-13
    outer loop
      vertex   2.345149e+01 7.000000e+00 -2.950000e+00
      vertex   2.692975e+01 8.265984e+00 -6.700000e+00
      vertex   2.694759e+01 8.272479e+00 -6.917060e+00
    endloop
  endfacet
  facet normal -3.420201e-01 9.396926e-01 -1.587983e-15
    outer loop
      vertex   2.345149e+01 7.000000e+00 -2.950000e+00
      vertex   2.694759e+01 8.272479e+00 -6.917060e+00
      vertex   2.700059e+01 8.291767e+00 -7.127525e+00
    endloop
  endfacet
  facet normal -3.420201e-01 9.396926e-01 5.627959e-16
    outer loop
      vertex   2.345149e+01 7.000000e+00 -2.950000e+00
      vertex   2.700059e+01 8.291767e+00 -7.127525e+00
      vertex   2.345149e+01 7.000000e+00 -1.320000e+01
    endloop
  endfacet
  facet normal -3.420201e-01 9.396926e-01 1.225059e-14
    outer loop
      vertex   2.345149e+01 7.000000e+00 -1.320000e+01
      vertex   2.700059e+01 8.291767e+00 -7.127525e+00
      vertex   2.708712e+01 8.323261e+00 -7.325000e+00
    endloop
  endfacet
  facet normal -3.420201e-01 9.396926e-01 3.740265e-15
    outer loop
      vertex   2.345149e+01 7.000000e+00 -1.320000e+01
      vertex   2.708712e+01 8.323261e+00 -7.325000e+00
      vertex   2.720456e+01 8.366005e+00 -7.503485e+00
    endloop
  endfacet
  facet normal -3.420201e-01 9.396926e-01 9.852835e-15
    outer loop
      vertex   2.720456e+01 8.366005e+00 -7.503485e+00
      vertex   2.734934e+01 8.418701e+00 -7.657556e+00
      vertex   2.345149e+01 7.000000e+00 -1.320000e+01
    endloop
  endfacet
  facet normal -3.420201e-01 9.396926e-01 1.296058e-14
    outer loop
      vertex   2.345149e+01 7.000000e+00 -1.320000e+01
      vertex   2.734934e+01 8.418701e+00 -7.657556e+00
      vertex   2.751706e+01 8.479746e+00 -7.782532e+00
    endloop
  endfacet
  facet normal -3.420201e-01 9.396926e-01 1.270370e-14
    outer loop
      vertex   2.345149e+01 7.000000e+00 -1.320000e+01
      vertex   2.751706e+01 8.479746e+00 -7.782532e+00
      vertex   2.770262e+01 8.547287e+00 -7.874616e+00
    endloop
  endfacet
  facet normal -3.420201e-01 9.396926e-01 1.036852e-14
    outer loop
      vertex   2.770262e+01 8.547287e+00 -7.874616e+00
      vertex   2.790040e+01 8.619270e+00 -7.931010e+00
      vertex   2.345149e+01 7.000000e+00 -1.320000e+01
    endloop
  endfacet
  facet normal -3.420201e-01 9.396926e-01 1.655979e-14
    outer loop
      vertex   2.345149e+01 7.000000e+00 -1.320000e+01
      vertex   2.790040e+01 8.619270e+00 -7.931010e+00
      vertex   2.810437e+01 8.693509e+00 -7.950000e+00
    endloop
  endfacet
  facet normal -3.420201e-01 9.396926e-01 2.718387e-14
    outer loop
      vertex   2.345149e+01 7.000000e+00 -1.320000e+01
      vertex   2.810437e+01 8.693509e+00 -7.950000e+00
      vertex   2.830834e+01 8.767748e+00 -7.931010e+00
    endloop
  endfacet
  facet normal -3.420201e-01 9.396926e-01 1.380132e-14
    outer loop
      vertex   2.345149e+01 7.000000e+00 -1.320000e+01
      vertex   2.830834e+01 8.767748e+00 -7.931010e+00
      vertex   5.916869e+01 2.000000e+01 -1.320000e+01
    endloop
  endfacet
  facet normal -3.420201e-01 9.396926e-01 0.000000e+00
    outer loop
      vertex   5.916869e+01 2.000000e+01 -1.320000e+01
      vertex   2.830834e+01 8.767748e+00 -7.931010e+00
      vertex   2.850611e+01 8.839731e+00 -7.874616e+00
    endloop
  endfacet
  facet normal -3.420201e-01 9.396926e-01 0.000000e+00
    outer loop
      vertex   5.916869e+01 2.000000e+01 -1.320000e+01
      vertex   2.850611e+01 8.839731e+00 -7.874616e+00
      vertex   2.869167e+01 8.907271e+00 -7.782532e+00
    endloop
  endfacet
  facet normal -3.420201e-01 9.396926e-01 1.318039e-14
    outer loop
      vertex   2.869167e+01 8.907271e+00 -7.782532e+00
      vertex   2.885939e+01 8.968317e+00 -7.657556e+00
      vertex   5.916869e+01 2.000000e+01 -1.320000e+01
    endloop
  endfacet
  facet normal -3.420201e-01 9.396926e-01 -9.761188e-15
    outer loop
      vertex   5.916869e+01 2.000000e+01 -1.320000e+01
      vertex   2.885939e+01 8.968317e+00 -7.657556e+00
      vertex   2.900417e+01 9.021012e+00 -7.503485e+00
    endloop
  endfacet
  facet normal -3.420201e-01 9.396926e-01 8.824760e-15
    outer loop
      vertex   5.916869e+01 2.000000e+01 -1.320000e+01
      vertex   2.900417e+01 9.021012e+00 -7.503485e+00
      vertex   2.912161e+01 9.063756e+00 -7.325000e+00
    endloop
  endfacet
  facet normal -3.420201e-01 9.396926e-01 5.627959e-16
    outer loop
      vertex   5.916869e+01 2.000000e+01 -1.320000e+01
      vertex   2.912161e+01 9.063756e+00 -7.325000e+00
      vertex   5.916869e+01 2.000000e+01 -2.950000e+00
    endloop
  endfacet
  facet normal -3.420201e-01 9.396926e-01 0.000000e+00
    outer loop
      vertex   5.916869e+01 2.000000e+01 -2.950000e+00
      vertex   2.912161e+01 9.063756e+00 -7.325000e+00
      vertex   2.920814e+01 9.095251e+00 -7.127525e+00
    endloop
  endfacet
  facet normal -3.420201e-01 9.396926e-01 8.779257e-15
    outer loop
      vertex   5.916869e+01 2.000000e+01 -2.950000e+00
      vertex   2.920814e+01 9.095251e+00 -7.127525e+00
      vertex   2.926114e+01 9.114539e+00 -6.917060e+00
    endloop
  endfacet
  facet normal -3.420201e-01 9.396926e-01 -3.704518e-15
    outer loop
      vertex   2.926114e+01 9.114539e+00 -6.917060e+00
      vertex   2.927898e+01 9.121034e+00 -6.700000e+00
      vertex   5.916869e+01 2.000000e+01 -2.950000e+00
    endloop
  endfacet
  facet normal -3.420201e-01 9.396926e-01 0.000000e+00
    outer loop
      vertex   5.916869e+01 2.000000e+01 -2.950000e+00
      vertex   2.927898e+01 9.121034e+00 -6.700000e+00
      vertex   2.926114e+01 9.114539e+00 -6.482940e+00
    endloop
  endfacet
  facet normal -3.420201e-01 9.396926e-01 -8.240929e-15
    outer loop
      vertex   5.916869e+01 2.000000e+01 -2.950000e+00
      vertex   2.926114e+01 9.114539e+00 -6.482940e+00
      vertex   2.920814e+01 9.095251e+00 -6.272475e+00
    endloop
  endfacet
  facet normal -3.420201e-01 9.396926e-01 2.909202e-15
    outer loop
      vertex   2.920814e+01 9.095251e+00 -6.272475e+00
      vertex   2.912161e+01 9.063756e+00 -6.075000e+00
      vertex   5.916869e+01 2.000000e+01 -2.950000e+00
    endloop
  endfacet
  facet normal -3.420201e-01 9.396926e-01 -9.322153e-15
    outer loop
      vertex   5.916869e+01 2.000000e+01 -2.950000e+00
      vertex   2.912161e+01 9.063756e+00 -6.075000e+00
      vertex   2.900417e+01 9.021012e+00 -5.896515e+00
    endloop
  endfacet
  facet normal -3.420201e-01 9.396926e-01 2.105422e-14
    outer loop
      vertex   5.916869e+01 2.000000e+01 -2.950000e+00
      vertex   2.900417e+01 9.021012e+00 -5.896515e+00
      vertex   2.885939e+01 8.968317e+00 -5.742444e+00
    endloop
  endfacet
  facet normal -3.420201e-01 9.396926e-01 6.176824e-15
    outer loop
      vertex   2.885939e+01 8.968317e+00 -5.742444e+00
      vertex   2.869167e+01 8.907271e+00 -5.617468e+00
      vertex   5.916869e+01 2.000000e+01 -2.950000e+00
    endloop
  endfacet
  facet normal -3.420201e-01 9.396926e-01 0.000000e+00
    outer loop
      vertex   5.916869e+01 2.000000e+01 -2.950000e+00
      vertex   2.869167e+01 8.907271e+00 -5.617468e+00
      vertex   2.850611e+01 8.839731e+00 -5.525384e+00
    endloop
  endfacet
  facet normal -3.420201e-01 9.396926e-01 0.000000e+00
    outer loop
      vertex   5.916869e+01 2.000000e+01 -2.950000e+00
      vertex   2.850611e+01 8.839731e+00 -5.525384e+00
      vertex   2.830834e+01 8.767748e+00 -5.468990e+00
    endloop
  endfacet
  facet normal -3.420201e-01 9.396926e-01 -2.790358e-14
    outer loop
      vertex   5.916869e+01 2.000000e+01 -2.950000e+00
      vertex   2.830834e+01 8.767748e+00 -5.468990e+00
      vertex   2.345149e+01 7.000000e+00 -2.950000e+00
    endloop
  endfacet
  facet normal -3.420201e-01 9.396926e-01 -4.355560e-14
    outer loop
      vertex   2.345149e+01 7.000000e+00 -2.950000e+00
      vertex   2.830834e+01 8.767748e+00 -5.468990e+00
      vertex   2.810437e+01 8.693509e+00 -5.450000e+00
    endloop
  endfacet
  facet normal -3.420201e-01 9.396926e-01 -3.069030e-14
    outer loop
      vertex   2.345149e+01 7.000000e+00 -2.950000e+00
      vertex   2.810437e+01 8.693509e+00 -5.450000e+00
      vertex   2.790040e+01 8.619270e+00 -5.468990e+00
    endloop
  endfacet
  facet normal -3.420201e-01 9.396926e-01 -2.674054e-14
    outer loop
      vertex   2.790040e+01 8.619270e+00 -5.468990e+00
      vertex   2.770262e+01 8.547287e+00 -5.525384e+00
      vertex   2.345149e+01 7.000000e+00 -2.950000e+00
    endloop
  endfacet
  facet normal -3.420201e-01 9.396926e-01 -1.152034e-14
    outer loop
      vertex   2.345149e+01 7.000000e+00 -2.950000e+00
      vertex   2.770262e+01 8.547287e+00 -5.525384e+00
      vertex   2.751706e+01 8.479746e+00 -5.617468e+00
    endloop
  endfacet
  facet normal -3.420201e-01 9.396926e-01 -1.135544e-14
    outer loop
      vertex   2.345149e+01 7.000000e+00 -2.950000e+00
      vertex   2.751706e+01 8.479746e+00 -5.617468e+00
      vertex   2.734934e+01 8.418701e+00 -5.742444e+00
    endloop
  endfacet
  facet normal -3.420201e-01 9.396926e-01 -1.292620e-14
    outer loop
      vertex   2.734934e+01 8.418701e+00 -5.742444e+00
      vertex   2.720456e+01 8.366005e+00 -5.896515e+00
      vertex   2.345149e+01 7.000000e+00 -2.950000e+00
    endloop
  endfacet
  facet normal -3.420201e-01 9.396926e-01 -3.286204e-15
    outer loop
      vertex   2.345149e+01 7.000000e+00 -2.950000e+00
      vertex   2.720456e+01 8.366005e+00 -5.896515e+00
      vertex   2.708712e+01 8.323261e+00 -6.075000e+00
    endloop
  endfacet
  facet normal -3.420201e-01 9.396926e-01 -1.520009e-14
    outer loop
      vertex   2.345149e+01 7.000000e+00 -2.950000e+00
      vertex   2.708712e+01 8.323261e+00 -6.075000e+00
      vertex   2.700059e+01 8.291767e+00 -6.272475e+00
    endloop
  endfacet
  facet normal -3.420201e-01 9.396926e-01 1.426961e-15
    outer loop
      vertex   2.700059e+01 8.291767e+00 -6.272475e+00
      vertex   2.694759e+01 8.272479e+00 -6.482940e+00
      vertex   2.345149e+01 7.000000e+00 -2.950000e+00
    endloop
  endfacet
  facet normal 1.000000e+00 0.000000e+00 -1.386425e-15
    outer loop
      vertex   6.800000e+01 1.895762e+01 -1.320000e+01
      vertex   6.800000e+01 2.000000e+01 -1.320000e+01
      vertex   6.800000e+01 1.895762e+01 -2.950000e+00
    endloop
  endfacet
  facet normal 1.000000e+00 0.000000e+00 -1.386425e-15
    outer loop
      vertex   6.800000e+01 1.895762e+01 -2.950000e+00
      vertex   6.800000e+01 2.000000e+01 -1.320000e+01
      vertex   6.800000e+01 2.000000e+01 -2.950000e+00
    endloop
  endfacet
  facet normal 3.420201e-01 -9.396926e-01 1.245865e-13
    outer loop
      vertex   6.308430e+01 1.716845e+01 -6.482940e+00
      vertex   3.062922e+01 5.355768e+00 -6.482940e+00
      vertex   6.306646e+01 1.716196e+01 -6.700000e+00
    endloop
  endfacet
  facet normal 3.420201e-01 -9.396926e-01 0.000000e+00
    outer loop
      vertex   6.306646e+01 1.716196e+01 -6.700000e+00
      vertex   3.062922e+01 5.355768e+00 -6.482940e+00
      vertex   3.064706e+01 5.362263e+00 -6.700000e+00
    endloop
  endfacet
  facet normal 3.420201e-01 -9.396926e-01 -1.246607e-13
    outer loop
      vertex   6.306646e+01 1.716196e+01 -6.700000e+00
      vertex   3.064706e+01 5.362263e+00 -6.700000e+00
      vertex   6.308430e+01 1.716845e+01 -6.917060e+00
    endloop
  endfacet
  facet normal 3.420201e-01 -9.396926e-01 0.000000e+00
    outer loop
      vertex   6.308430e+01 1.716845e+01 -6.917060e+00
      vertex   3.064706e+01 5.362263e+00 -6.700000e+00
      vertex   3.062922e+01 5.355768e+00 -6.917060e+00
    endloop
  endfacet
  facet normal 3.420201e-01 -9.396926e-01 2.136738e-14
    outer loop
      vertex   6.308430e+01 1.716845e+01 -6.917060e+00
      vertex   3.062922e+01 5.355768e+00 -6.917060e+00
      vertex   6.313730e+01 1.718774e+01 -7.127525e+00
    endloop
  endfacet
  facet normal 3.420201e-01 -9.396926e-01 0.000000e+00
    outer loop
      vertex   6.313730e+01 1.718774e+01 -7.127525e+00
      vertex   3.062922e+01 5.355768e+00 -6.917060e+00
      vertex   3.057622e+01 5.336481e+00 -7.127525e+00
    endloop
  endfacet
  facet normal 3.420201e-01 -9.396926e-01 -2.985406e-15
    outer loop
      vertex   6.313730e+01 1.718774e+01 -7.127525e+00
      vertex   3.057622e+01 5.336481e+00 -7.127525e+00
      vertex   6.322383e+01 1.721924e+01 -7.325000e+00
    endloop
  endfacet
  facet normal 3.420201e-01 -9.396926e-01 -1.652660e-14
    outer loop
      vertex   6.322383e+01 1.721924e+01 -7.325000e+00
      vertex   3.057622e+01 5.336481e+00 -7.127525e+00
      vertex   3.048969e+01 5.304986e+00 -7.325000e+00
    endloop
  endfacet
  facet normal 3.420201e-01 -9.396926e-01 -1.032102e-14
    outer loop
      vertex   6.322383e+01 1.721924e+01 -7.325000e+00
      vertex   3.048969e+01 5.304986e+00 -7.325000e+00
      vertex   6.334127e+01 1.726198e+01 -7.503485e+00
    endloop
  endfacet
  facet normal 3.420201e-01 -9.396926e-01 -1.815472e-14
    outer loop
      vertex   6.334127e+01 1.726198e+01 -7.503485e+00
      vertex   3.048969e+01 5.304986e+00 -7.325000e+00
      vertex   3.037225e+01 5.262242e+00 -7.503485e+00
    endloop
  endfacet
  facet normal 3.420201e-01 -9.396926e-01 1.680051e-14
    outer loop
      vertex   6.334127e+01 1.726198e+01 -7.503485e+00
      vertex   3.037225e+01 5.262242e+00 -7.503485e+00
      vertex   6.348604e+01 1.731468e+01 -7.657556e+00
    endloop
  endfacet
  facet normal 3.420201e-01 -9.396926e-01 0.000000e+00
    outer loop
      vertex   6.348604e+01 1.731468e+01 -7.657556e+00
      vertex   3.037225e+01 5.262242e+00 -7.503485e+00
      vertex   3.022747e+01 5.209546e+00 -7.657556e+00
    endloop
  endfacet
  facet normal 3.420201e-01 -9.396926e-01 -6.726667e-15
    outer loop
      vertex   6.348604e+01 1.731468e+01 -7.657556e+00
      vertex   3.022747e+01 5.209546e+00 -7.657556e+00
      vertex   6.365377e+01 1.737572e+01 -7.782532e+00
    endloop
  endfacet
  facet normal 3.420201e-01 -9.396926e-01 1.272263e-14
    outer loop
      vertex   6.365377e+01 1.737572e+01 -7.782532e+00
      vertex   3.022747e+01 5.209546e+00 -7.657556e+00
      vertex   3.005975e+01 5.148501e+00 -7.782532e+00
    endloop
  endfacet
  facet normal 3.420201e-01 -9.396926e-01 -1.268054e-14
    outer loop
      vertex   6.365377e+01 1.737572e+01 -7.782532e+00
      vertex   3.005975e+01 5.148501e+00 -7.782532e+00
      vertex   6.383933e+01 1.744326e+01 -7.874616e+00
    endloop
  endfacet
  facet normal 3.420201e-01 -9.396926e-01 -1.707844e-14
    outer loop
      vertex   6.383933e+01 1.744326e+01 -7.874616e+00
      vertex   3.005975e+01 5.148501e+00 -7.782532e+00
      vertex   2.987419e+01 5.080961e+00 -7.874616e+00
    endloop
  endfacet
  facet normal 3.420201e-01 -9.396926e-01 -3.594796e-14
    outer loop
      vertex   6.383933e+01 1.744326e+01 -7.874616e+00
      vertex   2.987419e+01 5.080961e+00 -7.874616e+00
      vertex   6.403710e+01 1.751524e+01 -7.931010e+00
    endloop
  endfacet
  facet normal 3.420201e-01 -9.396926e-01 -5.513177e-14
    outer loop
      vertex   6.403710e+01 1.751524e+01 -7.931010e+00
      vertex   2.987419e+01 5.080961e+00 -7.874616e+00
      vertex   2.967642e+01 5.008977e+00 -7.931010e+00
    endloop
  endfacet
  facet normal 3.420201e-01 -9.396926e-01 2.618455e-15
    outer loop
      vertex   6.403710e+01 1.751524e+01 -7.931010e+00
      vertex   2.967642e+01 5.008977e+00 -7.931010e+00
      vertex   6.800000e+01 1.895762e+01 -1.320000e+01
    endloop
  endfacet
  facet normal 3.420201e-01 -9.396926e-01 4.624516e-16
    outer loop
      vertex   6.800000e+01 1.895762e+01 -1.320000e+01
      vertex   2.967642e+01 5.008977e+00 -7.931010e+00
      vertex   2.415680e+01 3.000000e+00 -1.320000e+01
    endloop
  endfacet
  facet normal 3.420201e-01 -9.396926e-01 -1.376832e-14
    outer loop
      vertex   2.415680e+01 3.000000e+00 -1.320000e+01
      vertex   2.967642e+01 5.008977e+00 -7.931010e+00
      vertex   2.947245e+01 4.934738e+00 -7.950000e+00
    endloop
  endfacet
  facet normal 3.420201e-01 -9.396926e-01 4.273545e-15
    outer loop
      vertex   2.415680e+01 3.000000e+00 -1.320000e+01
      vertex   2.947245e+01 4.934738e+00 -7.950000e+00
      vertex   2.926848e+01 4.860499e+00 -7.931010e+00
    endloop
  endfacet
  facet normal 3.420201e-01 -9.396926e-01 -6.032962e-15
    outer loop
      vertex   3.062922e+01 5.355768e+00 -6.482940e+00
      vertex   6.308430e+01 1.716845e+01 -6.482940e+00
      vertex   3.057622e+01 5.336481e+00 -6.272475e+00
    endloop
  endfacet
  facet normal 3.420201e-01 -9.396926e-01 -1.558897e-14
    outer loop
      vertex   3.057622e+01 5.336481e+00 -6.272475e+00
      vertex   6.308430e+01 1.716845e+01 -6.482940e+00
      vertex   6.313730e+01 1.718774e+01 -6.272475e+00
    endloop
  endfacet
  facet normal 3.420201e-01 -9.396926e-01 -2.985406e-15
    outer loop
      vertex   3.057622e+01 5.336481e+00 -6.272475e+00
      vertex   6.313730e+01 1.718774e+01 -6.272475e+00
      vertex   3.048969e+01 5.304986e+00 -6.075000e+00
    endloop
  endfacet
  facet normal 3.420201e-01 -9.396926e-01 -1.652660e-14
    outer loop
      vertex   3.048969e+01 5.304986e+00 -6.075000e+00
      vertex   6.313730e+01 1.718774e+01 -6.272475e+00
      vertex   6.322383e+01 1.721924e+01 -6.075000e+00
    endloop
  endfacet
  facet normal 3.420201e-01 -9.396926e-01 1.517797e-14
    outer loop
      vertex   3.048969e+01 5.304986e+00 -6.075000e+00
      vertex   6.322383e+01 1.721924e+01 -6.075000e+00
      vertex   3.037225e+01 5.262242e+00 -5.896515e+00
    endloop
  endfacet
  facet normal 3.420201e-01 -9.396926e-01 1.815472e-14
    outer loop
      vertex   3.037225e+01 5.262242e+00 -5.896515e+00
      vertex   6.322383e+01 1.721924e+01 -6.075000e+00
      vertex   6.334127e+01 1.726198e+01 -5.896515e+00
    endloop
  endfacet
  facet normal 3.420201e-01 -9.396926e-01 -1.273388e-14
    outer loop
      vertex   3.037225e+01 5.262242e+00 -5.896515e+00
      vertex   6.334127e+01 1.726198e+01 -5.896515e+00
      vertex   3.022747e+01 5.209546e+00 -5.742444e+00
    endloop
  endfacet
  facet normal 3.420201e-01 -9.396926e-01 -2.084834e-14
    outer loop
      vertex   3.022747e+01 5.209546e+00 -5.742444e+00
      vertex   6.334127e+01 1.726198e+01 -5.896515e+00
      vertex   6.348604e+01 1.731468e+01 -5.742444e+00
    endloop
  endfacet
  facet normal 3.420201e-01 -9.396926e-01 3.011941e-15
    outer loop
      vertex   3.022747e+01 5.209546e+00 -5.742444e+00
      vertex   6.348604e+01 1.731468e+01 -5.742444e+00
      vertex   3.005975e+01 5.148501e+00 -5.617468e+00
    endloop
  endfacet
  facet normal 3.420201e-01 -9.396926e-01 0.000000e+00
    outer loop
      vertex   3.005975e+01 5.148501e+00 -5.617468e+00
      vertex   6.348604e+01 1.731468e+01 -5.742444e+00
      vertex   6.365377e+01 1.737572e+01 -5.617468e+00
    endloop
  endfacet
  facet normal 3.420201e-01 -9.396926e-01 -1.268054e-14
    outer loop
      vertex   3.005975e+01 5.148501e+00 -5.617468e+00
      vertex   6.365377e+01 1.737572e+01 -5.617468e+00
      vertex   2.987419e+01 5.080961e+00 -5.525384e+00
    endloop
  endfacet
  facet normal 3.420201e-01 -9.396926e-01 1.707844e-14
    outer loop
      vertex   2.987419e+01 5.080961e+00 -5.525384e+00
      vertex   6.365377e+01 1.737572e+01 -5.617468e+00
      vertex   6.383933e+01 1.744326e+01 -5.525384e+00
    endloop
  endfacet
  facet normal 3.420201e-01 -9.396926e-01 -7.938417e-15
    outer loop
      vertex   2.987419e+01 5.080961e+00 -5.525384e+00
      vertex   6.383933e+01 1.744326e+01 -5.525384e+00
      vertex   6.800000e+01 1.895762e+01 -2.950000e+00
    endloop
  endfacet
  facet normal 3.420201e-01 -9.396926e-01 -4.253536e-14
    outer loop
      vertex   6.800000e+01 1.895762e+01 -2.950000e+00
      vertex   6.383933e+01 1.744326e+01 -5.525384e+00
      vertex   6.403710e+01 1.751524e+01 -5.468990e+00
    endloop
  endfacet
  facet normal 3.420201e-01 -9.396926e-01 -1.903160e-15
    outer loop
      vertex   6.800000e+01 1.895762e+01 -2.950000e+00
      vertex   6.403710e+01 1.751524e+01 -5.468990e+00
      vertex   6.424107e+01 1.758948e+01 -5.450000e+00
    endloop
  endfacet
  facet normal 3.420201e-01 -9.396926e-01 -1.346019e-15
    outer loop
      vertex   6.424107e+01 1.758948e+01 -5.450000e+00
      vertex   6.444504e+01 1.766372e+01 -5.468990e+00
      vertex   6.800000e+01 1.895762e+01 -2.950000e+00
    endloop
  endfacet
  facet normal 3.420201e-01 -9.396926e-01 -3.583757e-15
    outer loop
      vertex   6.800000e+01 1.895762e+01 -2.950000e+00
      vertex   6.444504e+01 1.766372e+01 -5.468990e+00
      vertex   6.464282e+01 1.773571e+01 -5.525384e+00
    endloop
  endfacet
  facet normal 3.420201e-01 -9.396926e-01 -2.014835e-14
    outer loop
      vertex   6.800000e+01 1.895762e+01 -2.950000e+00
      vertex   6.464282e+01 1.773571e+01 -5.525384e+00
      vertex   6.482838e+01 1.780325e+01 -5.617468e+00
    endloop
  endfacet
  facet normal 3.420201e-01 -9.396926e-01 -7.696853e-15
    outer loop
      vertex   6.482838e+01 1.780325e+01 -5.617468e+00
      vertex   6.499610e+01 1.786429e+01 -5.742444e+00
      vertex   6.800000e+01 1.895762e+01 -2.950000e+00
    endloop
  endfacet
  facet normal 3.420201e-01 -9.396926e-01 4.812665e-15
    outer loop
      vertex   6.800000e+01 1.895762e+01 -2.950000e+00
      vertex   6.499610e+01 1.786429e+01 -5.742444e+00
      vertex   6.514088e+01 1.791699e+01 -5.896515e+00
    endloop
  endfacet
  facet normal 3.420201e-01 -9.396926e-01 -9.746243e-16
    outer loop
      vertex   6.800000e+01 1.895762e+01 -2.950000e+00
      vertex   6.514088e+01 1.791699e+01 -5.896515e+00
      vertex   6.525832e+01 1.795973e+01 -6.075000e+00
    endloop
  endfacet
  facet normal 3.420201e-01 -9.396926e-01 -1.108395e-15
    outer loop
      vertex   6.525832e+01 1.795973e+01 -6.075000e+00
      vertex   6.534485e+01 1.799123e+01 -6.272475e+00
      vertex   6.800000e+01 1.895762e+01 -2.950000e+00
    endloop
  endfacet
  facet normal 3.420201e-01 -9.396926e-01 2.271420e-15
    outer loop
      vertex   6.800000e+01 1.895762e+01 -2.950000e+00
      vertex   6.534485e+01 1.799123e+01 -6.272475e+00
      vertex   6.539784e+01 1.801051e+01 -6.482940e+00
    endloop
  endfacet
  facet normal 3.420201e-01 -9.396926e-01 -5.981755e-15
    outer loop
      vertex   6.800000e+01 1.895762e+01 -2.950000e+00
      vertex   6.539784e+01 1.801051e+01 -6.482940e+00
      vertex   6.541569e+01 1.801701e+01 -6.700000e+00
    endloop
  endfacet
  facet normal 3.420201e-01 -9.396926e-01 7.252510e-15
    outer loop
      vertex   6.541569e+01 1.801701e+01 -6.700000e+00
      vertex   6.539784e+01 1.801051e+01 -6.917060e+00
      vertex   6.800000e+01 1.895762e+01 -2.950000e+00
    endloop
  endfacet
  facet normal 3.420201e-01 -9.396926e-01 -7.998885e-16
    outer loop
      vertex   6.800000e+01 1.895762e+01 -2.950000e+00
      vertex   6.539784e+01 1.801051e+01 -6.917060e+00
      vertex   6.800000e+01 1.895762e+01 -1.320000e+01
    endloop
  endfacet
  facet normal 3.420201e-01 -9.396926e-01 -2.843292e-15
    outer loop
      vertex   6.800000e+01 1.895762e+01 -1.320000e+01
      vertex   6.539784e+01 1.801051e+01 -6.917060e+00
      vertex   6.534485e+01 1.799123e+01 -7.127525e+00
    endloop
  endfacet
  facet normal 3.420201e-01 -9.396926e-01 3.975186e-16
    outer loop
      vertex   6.800000e+01 1.895762e+01 -1.320000e+01
      vertex   6.534485e+01 1.799123e+01 -7.127525e+00
      vertex   6.525832e+01 1.795973e+01 -7.325000e+00
    endloop
  endfacet
  facet normal 3.420201e-01 -9.396926e-01 -1.216391e-16
    outer loop
      vertex   6.525832e+01 1.795973e+01 -7.325000e+00
      vertex   6.514088e+01 1.791699e+01 -7.503485e+00
      vertex   6.800000e+01 1.895762e+01 -1.320000e+01
    endloop
  endfacet
  facet normal 3.420201e-01 -9.396926e-01 -4.287701e-15
    outer loop
      vertex   6.800000e+01 1.895762e+01 -1.320000e+01
      vertex   6.514088e+01 1.791699e+01 -7.503485e+00
      vertex   6.499610e+01 1.786429e+01 -7.657556e+00
    endloop
  endfacet
  facet normal 3.420201e-01 -9.396926e-01 3.837315e-15
    outer loop
      vertex   6.800000e+01 1.895762e+01 -1.320000e+01
      vertex   6.499610e+01 1.786429e+01 -7.657556e+00
      vertex   6.482838e+01 1.780325e+01 -7.782532e+00
    endloop
  endfacet
  facet normal 3.420201e-01 -9.396926e-01 1.091637e-14
    outer loop
      vertex   6.482838e+01 1.780325e+01 -7.782532e+00
      vertex   6.464282e+01 1.773571e+01 -7.874616e+00
      vertex   6.800000e+01 1.895762e+01 -1.320000e+01
    endloop
  endfacet
  facet normal 3.420201e-01 -9.396926e-01 6.717012e-16
    outer loop
      vertex   6.800000e+01 1.895762e+01 -1.320000e+01
      vertex   6.464282e+01 1.773571e+01 -7.874616e+00
      vertex   6.444504e+01 1.766372e+01 -7.931010e+00
    endloop
  endfacet
  facet normal 3.420201e-01 -9.396926e-01 -7.306920e-16
    outer loop
      vertex   6.800000e+01 1.895762e+01 -1.320000e+01
      vertex   6.444504e+01 1.766372e+01 -7.931010e+00
      vertex   6.424107e+01 1.758948e+01 -7.950000e+00
    endloop
  endfacet
  facet normal 3.420201e-01 -9.396926e-01 -8.872584e-16
    outer loop
      vertex   6.424107e+01 1.758948e+01 -7.950000e+00
      vertex   6.403710e+01 1.751524e+01 -7.931010e+00
      vertex   6.800000e+01 1.895762e+01 -1.320000e+01
    endloop
  endfacet
  facet normal 3.420201e-01 -9.396926e-01 -1.077953e-13
    outer loop
      vertex   2.831568e+01 4.513708e+00 -6.917060e+00
      vertex   2.829783e+01 4.507213e+00 -6.700000e+00
      vertex   2.415680e+01 3.000000e+00 -2.950000e+00
    endloop
  endfacet
  facet normal 3.420201e-01 -9.396926e-01 9.246873e-14
    outer loop
      vertex   2.415680e+01 3.000000e+00 -2.950000e+00
      vertex   2.829783e+01 4.507213e+00 -6.700000e+00
      vertex   2.831568e+01 4.513708e+00 -6.482940e+00
    endloop
  endfacet
  facet normal 3.420201e-01 -9.396926e-01 1.571011e-15
    outer loop
      vertex   2.415680e+01 3.000000e+00 -2.950000e+00
      vertex   2.831568e+01 4.513708e+00 -6.482940e+00
      vertex   2.836867e+01 4.532996e+00 -6.272475e+00
    endloop
  endfacet
  facet normal 3.420201e-01 -9.396926e-01 -1.328280e-15
    outer loop
      vertex   2.836867e+01 4.532996e+00 -6.272475e+00
      vertex   2.845520e+01 4.564491e+00 -6.075000e+00
      vertex   2.415680e+01 3.000000e+00 -2.950000e+00
    endloop
  endfacet
  facet normal 3.420201e-01 -9.396926e-01 -2.943459e-15
    outer loop
      vertex   2.415680e+01 3.000000e+00 -2.950000e+00
      vertex   2.845520e+01 4.564491e+00 -6.075000e+00
      vertex   2.857264e+01 4.607235e+00 -5.896515e+00
    endloop
  endfacet
  facet normal 3.420201e-01 -9.396926e-01 2.261934e-15
    outer loop
      vertex   2.415680e+01 3.000000e+00 -2.950000e+00
      vertex   2.857264e+01 4.607235e+00 -5.896515e+00
      vertex   2.871742e+01 4.659930e+00 -5.742444e+00
    endloop
  endfacet
  facet normal 3.420201e-01 -9.396926e-01 8.540513e-16
    outer loop
      vertex   2.871742e+01 4.659930e+00 -5.742444e+00
      vertex   2.888514e+01 4.720976e+00 -5.617468e+00
      vertex   2.415680e+01 3.000000e+00 -2.950000e+00
    endloop
  endfacet
  facet normal 3.420201e-01 -9.396926e-01 -1.255876e-14
    outer loop
      vertex   2.415680e+01 3.000000e+00 -2.950000e+00
      vertex   2.888514e+01 4.720976e+00 -5.617468e+00
      vertex   2.907070e+01 4.788516e+00 -5.525384e+00
    endloop
  endfacet
  facet normal 3.420201e-01 -9.396926e-01 6.367424e-15
    outer loop
      vertex   2.415680e+01 3.000000e+00 -2.950000e+00
      vertex   2.907070e+01 4.788516e+00 -5.525384e+00
      vertex   2.926848e+01 4.860499e+00 -5.468990e+00
    endloop
  endfacet
  facet normal 3.420201e-01 -9.396926e-01 -2.049406e-15
    outer loop
      vertex   2.926848e+01 4.860499e+00 -5.468990e+00
      vertex   2.947245e+01 4.934738e+00 -5.450000e+00
      vertex   2.415680e+01 3.000000e+00 -2.950000e+00
    endloop
  endfacet
  facet normal 3.420201e-01 -9.396926e-01 4.081456e-15
    outer loop
      vertex   2.415680e+01 3.000000e+00 -2.950000e+00
      vertex   2.947245e+01 4.934738e+00 -5.450000e+00
      vertex   2.967642e+01 5.008977e+00 -5.468990e+00
    endloop
  endfacet
  facet normal 3.420201e-01 -9.396926e-01 -2.539198e-15
    outer loop
      vertex   2.415680e+01 3.000000e+00 -2.950000e+00
      vertex   2.967642e+01 5.008977e+00 -5.468990e+00
      vertex   6.800000e+01 1.895762e+01 -2.950000e+00
    endloop
  endfacet
  facet normal 3.420201e-01 -9.396926e-01 0.000000e+00
    outer loop
      vertex   6.800000e+01 1.895762e+01 -2.950000e+00
      vertex   2.967642e+01 5.008977e+00 -5.468990e+00
      vertex   2.987419e+01 5.080961e+00 -5.525384e+00
    endloop
  endfacet
  facet normal 3.420201e-01 -9.396926e-01 -4.548469e-15
    outer loop
      vertex   2.926848e+01 4.860499e+00 -7.931010e+00
      vertex   2.907070e+01 4.788516e+00 -7.874616e+00
      vertex   2.415680e+01 3.000000e+00 -1.320000e+01
    endloop
  endfacet
  facet normal 3.420201e-01 -9.396926e-01 5.793117e-15
    outer loop
      vertex   2.415680e+01 3.000000e+00 -1.320000e+01
      vertex   2.907070e+01 4.788516e+00 -7.874616e+00
      vertex   2.888514e+01 4.720976e+00 -7.782532e+00
    endloop
  endfacet
  facet normal 3.420201e-01 -9.396926e-01 -1.113153e-15
    outer loop
      vertex   2.415680e+01 3.000000e+00 -1.320000e+01
      vertex   2.888514e+01 4.720976e+00 -7.782532e+00
      vertex   2.871742e+01 4.659930e+00 -7.657556e+00
    endloop
  endfacet
  facet normal 3.420201e-01 -9.396926e-01 -2.252768e-15
    outer loop
      vertex   2.871742e+01 4.659930e+00 -7.657556e+00
      vertex   2.857264e+01 4.607235e+00 -7.503485e+00
      vertex   2.415680e+01 3.000000e+00 -1.320000e+01
    endloop
  endfacet
  facet normal 3.420201e-01 -9.396926e-01 1.718312e-15
    outer loop
      vertex   2.415680e+01 3.000000e+00 -1.320000e+01
      vertex   2.857264e+01 4.607235e+00 -7.503485e+00
      vertex   2.845520e+01 4.564491e+00 -7.325000e+00
    endloop
  endfacet
  facet normal 3.420201e-01 -9.396926e-01 6.149561e-16
    outer loop
      vertex   2.415680e+01 3.000000e+00 -1.320000e+01
      vertex   2.845520e+01 4.564491e+00 -7.325000e+00
      vertex   2.836867e+01 4.532996e+00 -7.127525e+00
    endloop
  endfacet
  facet normal 3.420201e-01 -9.396926e-01 -5.220830e-16
    outer loop
      vertex   2.415680e+01 3.000000e+00 -1.320000e+01
      vertex   2.836867e+01 4.532996e+00 -7.127525e+00
      vertex   2.415680e+01 3.000000e+00 -2.950000e+00
    endloop
  endfacet
  facet normal 3.420201e-01 -9.396926e-01 -7.529542e-15
    outer loop
      vertex   2.415680e+01 3.000000e+00 -2.950000e+00
      vertex   2.836867e+01 4.532996e+00 -7.127525e+00
      vertex   2.831568e+01 4.513708e+00 -6.917060e+00
    endloop
  endfacet
  facet normal 3.577686e-29 -1.000000e+00 3.478075e-14
    outer loop
      vertex   1.726899e+01 3.000000e+00 -6.482940e+00
      vertex   -1.726899e+01 3.000000e+00 -6.482940e+00
      vertex   1.725000e+01 3.000000e+00 -6.700000e+00
    endloop
  endfacet
  facet normal -2.188266e-16 -1.000000e+00 -1.914484e-17
    outer loop
      vertex   1.725000e+01 3.000000e+00 -6.700000e+00
      vertex   -1.726899e+01 3.000000e+00 -6.482940e+00
      vertex   -1.725000e+01 3.000000e+00 -6.700000e+00
    endloop
  endfacet
  facet normal -2.188266e-16 -1.000000e+00 -3.479989e-14
    outer loop
      vertex   1.725000e+01 3.000000e+00 -6.700000e+00
      vertex   -1.725000e+01 3.000000e+00 -6.700000e+00
      vertex   1.726899e+01 3.000000e+00 -6.917060e+00
    endloop
  endfacet
  facet normal 0.000000e+00 -1.000000e+00 0.000000e+00
    outer loop
      vertex   1.726899e+01 3.000000e+00 -6.917060e+00
      vertex   -1.725000e+01 3.000000e+00 -6.700000e+00
      vertex   -1.726899e+01 3.000000e+00 -6.917060e+00
    endloop
  endfacet
  facet normal -0.000000e+00 -1.000000e+00 -0.000000e+00
    outer loop
      vertex   1.726899e+01 3.000000e+00 -6.917060e+00
      vertex   -1.726899e+01 3.000000e+00 -6.917060e+00
      vertex   1.732538e+01 3.000000e+00 -7.127525e+00
    endloop
  endfacet
  facet normal 0.000000e+00 -1.000000e+00 0.000000e+00
    outer loop
      vertex   1.732538e+01 3.000000e+00 -7.127525e+00
      vertex   -1.726899e+01 3.000000e+00 -6.917060e+00
      vertex   -1.732538e+01 3.000000e+00 -7.127525e+00
    endloop
  endfacet
  facet normal -0.000000e+00 -1.000000e+00 -0.000000e+00
    outer loop
      vertex   1.732538e+01 3.000000e+00 -7.127525e+00
      vertex   -1.732538e+01 3.000000e+00 -7.127525e+00
      vertex   1.741747e+01 3.000000e+00 -7.325000e+00
    endloop
  endfacet
  facet normal 0.000000e+00 -1.000000e+00 0.000000e+00
    outer loop
      vertex   1.741747e+01 3.000000e+00 -7.325000e+00
      vertex   -1.732538e+01 3.000000e+00 -7.127525e+00
      vertex   -1.741747e+01 3.000000e+00 -7.325000e+00
    endloop
  endfacet
  facet normal -0.000000e+00 -1.000000e+00 -0.000000e+00
    outer loop
      vertex   1.741747e+01 3.000000e+00 -7.325000e+00
      vertex   -1.741747e+01 3.000000e+00 -7.325000e+00
      vertex   1.754244e+01 3.000000e+00 -7.503485e+00
    endloop
  endfacet
  facet normal 0.000000e+00 -1.000000e+00 0.000000e+00
    outer loop
      vertex   1.754244e+01 3.000000e+00 -7.503485e+00
      vertex   -1.741747e+01 3.000000e+00 -7.325000e+00
      vertex   -1.754244e+01 3.000000e+00 -7.503485e+00
    endloop
  endfacet
  facet normal -2.772764e-30 -1.000000e+00 -2.882367e-15
    outer loop
      vertex   1.754244e+01 3.000000e+00 -7.503485e+00
      vertex   -1.754244e+01 3.000000e+00 -7.503485e+00
      vertex   1.769652e+01 3.000000e+00 -7.657556e+00
    endloop
  endfacet
  facet normal -2.820956e-30 -1.000000e+00 -2.882367e-15
    outer loop
      vertex   1.769652e+01 3.000000e+00 -7.657556e+00
      vertex   -1.754244e+01 3.000000e+00 -7.503485e+00
      vertex   -1.769652e+01 3.000000e+00 -7.657556e+00
    endloop
  endfacet
  facet normal -0.000000e+00 -1.000000e+00 -0.000000e+00
    outer loop
      vertex   1.769652e+01 3.000000e+00 -7.657556e+00
      vertex   -1.769652e+01 3.000000e+00 -7.657556e+00
      vertex   1.787500e+01 3.000000e+00 -7.782532e+00
    endloop
  endfacet
  facet normal 0.000000e+00 -1.000000e+00 0.000000e+00
    outer loop
      vertex   1.787500e+01 3.000000e+00 -7.782532e+00
      vertex   -1.769652e+01 3.000000e+00 -7.657556e+00
      vertex   -1.787500e+01 3.000000e+00 -7.782532e+00
    endloop
  endfacet
  facet normal -0.000000e+00 -1.000000e+00 -0.000000e+00
    outer loop
      vertex   1.787500e+01 3.000000e+00 -7.782532e+00
      vertex   -1.787500e+01 3.000000e+00 -7.782532e+00
      vertex   1.807247e+01 3.000000e+00 -7.874616e+00
    endloop
  endfacet
  facet normal 0.000000e+00 -1.000000e+00 0.000000e+00
    outer loop
      vertex   1.807247e+01 3.000000e+00 -7.874616e+00
      vertex   -1.787500e+01 3.000000e+00 -7.782532e+00
      vertex   -1.807247e+01 3.000000e+00 -7.874616e+00
    endloop
  endfacet
  facet normal -0.000000e+00 -1.000000e+00 -0.000000e+00
    outer loop
      vertex   1.807247e+01 3.000000e+00 -7.874616e+00
      vertex   -1.807247e+01 3.000000e+00 -7.874616e+00
      vertex   1.828294e+01 3.000000e+00 -7.931010e+00
    endloop
  endfacet
  facet normal 0.000000e+00 -1.000000e+00 0.000000e+00
    outer loop
      vertex   1.828294e+01 3.000000e+00 -7.931010e+00
      vertex   -1.807247e+01 3.000000e+00 -7.874616e+00
      vertex   -1.828294e+01 3.000000e+00 -7.931010e+00
    endloop
  endfacet
  facet normal -1.596841e-31 -1.000000e+00 -1.685671e-16
    outer loop
      vertex   1.828294e+01 3.000000e+00 -7.931010e+00
      vertex   -1.828294e+01 3.000000e+00 -7.931010e+00
      vertex   2.415680e+01 3.000000e+00 -1.320000e+01
    endloop
  endfacet
  facet normal -1.425481e-31 -1.000000e+00 -1.685671e-16
    outer loop
      vertex   2.415680e+01 3.000000e+00 -1.320000e+01
      vertex   -1.828294e+01 3.000000e+00 -7.931010e+00
      vertex   -2.415680e+01 3.000000e+00 -1.320000e+01
    endloop
  endfacet
  facet normal 1.634154e-17 -1.000000e+00 -1.867846e-16
    outer loop
      vertex   -2.415680e+01 3.000000e+00 -1.320000e+01
      vertex   -1.828294e+01 3.000000e+00 -7.931010e+00
      vertex   -1.850000e+01 3.000000e+00 -7.950000e+00
    endloop
  endfacet
  facet normal -1.352599e-17 -1.000000e+00 -1.546028e-16
    outer loop
      vertex   -2.415680e+01 3.000000e+00 -1.320000e+01
      vertex   -1.850000e+01 3.000000e+00 -7.950000e+00
      vertex   -1.871706e+01 3.000000e+00 -7.931010e+00
    endloop
  endfacet
  facet normal 0.000000e+00 -1.000000e+00 0.000000e+00
    outer loop
      vertex   -1.726899e+01 3.000000e+00 -6.482940e+00
      vertex   1.726899e+01 3.000000e+00 -6.482940e+00
      vertex   -1.732538e+01 3.000000e+00 -6.272475e+00
    endloop
  endfacet
  facet normal 0.000000e+00 -1.000000e+00 0.000000e+00
    outer loop
      vertex   -1.732538e+01 3.000000e+00 -6.272475e+00
      vertex   1.726899e+01 3.000000e+00 -6.482940e+00
      vertex   1.732538e+01 3.000000e+00 -6.272475e+00
    endloop
  endfacet
  facet normal 0.000000e+00 -1.000000e+00 0.000000e+00
    outer loop
      vertex   -1.732538e+01 3.000000e+00 -6.272475e+00
      vertex   1.732538e+01 3.000000e+00 -6.272475e+00
      vertex   -1.741747e+01 3.000000e+00 -6.075000e+00
    endloop
  endfacet
  facet normal 0.000000e+00 -1.000000e+00 0.000000e+00
    outer loop
      vertex   -1.741747e+01 3.000000e+00 -6.075000e+00
      vertex   1.732538e+01 3.000000e+00 -6.272475e+00
      vertex   1.741747e+01 3.000000e+00 -6.075000e+00
    endloop
  endfacet
  facet normal 0.000000e+00 -1.000000e+00 0.000000e+00
    outer loop
      vertex   -1.741747e+01 3.000000e+00 -6.075000e+00
      vertex   1.741747e+01 3.000000e+00 -6.075000e+00
      vertex   -1.754244e+01 3.000000e+00 -5.896515e+00
    endloop
  endfacet
  facet normal 0.000000e+00 -1.000000e+00 0.000000e+00
    outer loop
      vertex   -1.754244e+01 3.000000e+00 -5.896515e+00
      vertex   1.741747e+01 3.000000e+00 -6.075000e+00
      vertex   1.754244e+01 3.000000e+00 -5.896515e+00
    endloop
  endfacet
  facet normal -2.772764e-30 -1.000000e+00 -2.882367e-15
    outer loop
      vertex   -1.754244e+01 3.000000e+00 -5.896515e+00
      vertex   1.754244e+01 3.000000e+00 -5.896515e+00
      vertex   -1.769652e+01 3.000000e+00 -5.742444e+00
    endloop
  endfacet
  facet normal -2.748624e-30 -1.000000e+00 -2.882367e-15
    outer loop
      vertex   -1.769652e+01 3.000000e+00 -5.742444e+00
      vertex   1.754244e+01 3.000000e+00 -5.896515e+00
      vertex   1.769652e+01 3.000000e+00 -5.742444e+00
    endloop
  endfacet
  facet normal 0.000000e+00 -1.000000e+00 0.000000e+00
    outer loop
      vertex   -1.769652e+01 3.000000e+00 -5.742444e+00
      vertex   1.769652e+01 3.000000e+00 -5.742444e+00
      vertex   -1.787500e+01 3.000000e+00 -5.617468e+00
    endloop
  endfacet
  facet normal 0.000000e+00 -1.000000e+00 0.000000e+00
    outer loop
      vertex   -1.787500e+01 3.000000e+00 -5.617468e+00
      vertex   1.769652e+01 3.000000e+00 -5.742444e+00
      vertex   1.787500e+01 3.000000e+00 -5.617468e+00
    endloop
  endfacet
  facet normal 0.000000e+00 -1.000000e+00 0.000000e+00
    outer loop
      vertex   -1.787500e+01 3.000000e+00 -5.617468e+00
      vertex   1.787500e+01 3.000000e+00 -5.617468e+00
      vertex   -1.807247e+01 3.000000e+00 -5.525384e+00
    endloop
  endfacet
  facet normal 0.000000e+00 -1.000000e+00 0.000000e+00
    outer loop
      vertex   -1.807247e+01 3.000000e+00 -5.525384e+00
      vertex   1.787500e+01 3.000000e+00 -5.617468e+00
      vertex   1.807247e+01 3.000000e+00 -5.525384e+00
    endloop
  endfacet
  facet normal 0.000000e+00 -1.000000e+00 0.000000e+00
    outer loop
      vertex   -1.807247e+01 3.000000e+00 -5.525384e+00
      vertex   1.807247e+01 3.000000e+00 -5.525384e+00
      vertex   -1.828294e+01 3.000000e+00 -5.468990e+00
    endloop
  endfacet
  facet normal 0.000000e+00 -1.000000e+00 0.000000e+00
    outer loop
      vertex   -1.828294e+01 3.000000e+00 -5.468990e+00
      vertex   1.807247e+01 3.000000e+00 -5.525384e+00
      vertex   1.828294e+01 3.000000e+00 -5.468990e+00
    endloop
  endfacet
  facet normal -5.010185e-31 -1.000000e+00 -5.288895e-16
    outer loop
      vertex   -1.828294e+01 3.000000e+00 -5.468990e+00
      vertex   1.828294e+01 3.000000e+00 -5.468990e+00
      vertex   -2.415680e+01 3.000000e+00 -2.950000e+00
    endloop
  endfacet
  facet normal -4.618378e-31 -1.000000e+00 -5.288895e-16
    outer loop
      vertex   -2.415680e+01 3.000000e+00 -2.950000e+00
      vertex   1.828294e+01 3.000000e+00 -5.468990e+00
      vertex   2.415680e+01 3.000000e+00 -2.950000e+00
    endloop
  endfacet
  facet normal 5.813108e-17 -1.000000e+00 -6.644413e-16
    outer loop
      vertex   2.415680e+01 3.000000e+00 -2.950000e+00
      vertex   1.828294e+01 3.000000e+00 -5.468990e+00
      vertex   1.850000e+01 3.000000e+00 -5.450000e+00
    endloop
  endfacet
  facet normal -3.891886e-17 -1.000000e+00 -4.448446e-16
    outer loop
      vertex   2.415680e+01 3.000000e+00 -2.950000e+00
      vertex   1.850000e+01 3.000000e+00 -5.450000e+00
      vertex   1.871706e+01 3.000000e+00 -5.468990e+00
    endloop
  endfacet
  facet normal -8.977099e-17 -1.000000e+00 -3.350299e-16
    outer loop
      vertex   1.871706e+01 3.000000e+00 -5.468990e+00
      vertex   1.892753e+01 3.000000e+00 -5.525384e+00
      vertex   2.415680e+01 3.000000e+00 -2.950000e+00
    endloop
  endfacet
  facet normal -1.239065e-16 -1.000000e+00 -2.657184e-16
    outer loop
      vertex   2.415680e+01 3.000000e+00 -2.950000e+00
      vertex   1.892753e+01 3.000000e+00 -5.525384e+00
      vertex   1.912500e+01 3.000000e+00 -5.617468e+00
    endloop
  endfacet
  facet normal -1.506862e-16 -1.000000e+00 -2.152022e-16
    outer loop
      vertex   2.415680e+01 3.000000e+00 -2.950000e+00
      vertex   1.912500e+01 3.000000e+00 -5.617468e+00
      vertex   1.930348e+01 3.000000e+00 -5.742444e+00
    endloop
  endfacet
  facet normal 8.784717e-16 -1.000000e+00 -2.003895e-15
    outer loop
      vertex   1.930348e+01 3.000000e+00 -5.742444e+00
      vertex   1.945756e+01 3.000000e+00 -5.896515e+00
      vertex   2.415680e+01 3.000000e+00 -2.950000e+00
    endloop
  endfacet
  facet normal -2.626809e-16 -1.000000e+00 -1.839312e-16
    outer loop
      vertex   2.415680e+01 3.000000e+00 -2.950000e+00
      vertex   1.945756e+01 3.000000e+00 -5.896515e+00
      vertex   1.958253e+01 3.000000e+00 -6.075000e+00
    endloop
  endfacet
  facet normal -2.945144e-16 -1.000000e+00 -1.373343e-16
    outer loop
      vertex   2.415680e+01 3.000000e+00 -2.950000e+00
      vertex   1.958253e+01 3.000000e+00 -6.075000e+00
      vertex   1.967462e+01 3.000000e+00 -6.272475e+00
    endloop
  endfacet
  facet normal -3.306428e-16 -1.000000e+00 -8.859547e-17
    outer loop
      vertex   1.967462e+01 3.000000e+00 -6.272475e+00
      vertex   1.973101e+01 3.000000e+00 -6.482940e+00
      vertex   2.415680e+01 3.000000e+00 -2.950000e+00
    endloop
  endfacet
  facet normal -3.751642e-16 -1.000000e+00 -3.282261e-17
    outer loop
      vertex   2.415680e+01 3.000000e+00 -2.950000e+00
      vertex   1.973101e+01 3.000000e+00 -6.482940e+00
      vertex   1.975000e+01 3.000000e+00 -6.700000e+00
    endloop
  endfacet
  facet normal -4.355189e-16 -1.000000e+00 3.810296e-17
    outer loop
      vertex   2.415680e+01 3.000000e+00 -2.950000e+00
      vertex   1.975000e+01 3.000000e+00 -6.700000e+00
      vertex   1.973101e+01 3.000000e+00 -6.917060e+00
    endloop
  endfacet
  facet normal -5.282349e-16 -1.000000e+00 1.415401e-16
    outer loop
      vertex   1.973101e+01 3.000000e+00 -6.917060e+00
      vertex   1.967462e+01 3.000000e+00 -7.127525e+00
      vertex   2.415680e+01 3.000000e+00 -2.950000e+00
    endloop
  endfacet
  facet normal -1.136490e-16 -1.000000e+00 -3.032804e-16
    outer loop
      vertex   2.415680e+01 3.000000e+00 -2.950000e+00
      vertex   1.967462e+01 3.000000e+00 -7.127525e+00
      vertex   2.415680e+01 3.000000e+00 -1.320000e+01
    endloop
  endfacet
  facet normal 1.821575e-16 -1.000000e+00 -8.494144e-17
    outer loop
      vertex   2.415680e+01 3.000000e+00 -1.320000e+01
      vertex   1.967462e+01 3.000000e+00 -7.127525e+00
      vertex   1.958253e+01 3.000000e+00 -7.325000e+00
    endloop
  endfacet
  facet normal 1.533460e-16 -1.000000e+00 -1.073740e-16
    outer loop
      vertex   2.415680e+01 3.000000e+00 -1.320000e+01
      vertex   1.958253e+01 3.000000e+00 -7.325000e+00
      vertex   1.945756e+01 3.000000e+00 -7.503485e+00
    endloop
  endfacet
  facet normal -1.451282e-15 -1.000000e+00 -1.431084e-15
    outer loop
      vertex   1.945756e+01 3.000000e+00 -7.503485e+00
      vertex   1.930348e+01 3.000000e+00 -7.657556e+00
      vertex   2.415680e+01 3.000000e+00 -1.320000e+01
    endloop
  endfacet
  facet normal 6.955880e-17 -1.000000e+00 -9.934026e-17
    outer loop
      vertex   2.415680e+01 3.000000e+00 -1.320000e+01
      vertex   1.930348e+01 3.000000e+00 -7.657556e+00
      vertex   1.912500e+01 3.000000e+00 -7.782532e+00
    endloop
  endfacet
  facet normal 5.334535e-17 -1.000000e+00 -1.143995e-16
    outer loop
      vertex   2.415680e+01 3.000000e+00 -1.320000e+01
      vertex   1.912500e+01 3.000000e+00 -7.782532e+00
      vertex   1.892753e+01 3.000000e+00 -7.874616e+00
    endloop
  endfacet
  facet normal 3.538013e-17 -1.000000e+00 -1.320404e-16
    outer loop
      vertex   1.892753e+01 3.000000e+00 -7.874616e+00
      vertex   1.871706e+01 3.000000e+00 -7.931010e+00
      vertex   2.415680e+01 3.000000e+00 -1.320000e+01
    endloop
  endfacet
  facet normal 1.352599e-17 -1.000000e+00 -1.546028e-16
    outer loop
      vertex   2.415680e+01 3.000000e+00 -1.320000e+01
      vertex   1.871706e+01 3.000000e+00 -7.931010e+00
      vertex   1.850000e+01 3.000000e+00 -7.950000e+00
    endloop
  endfacet
  facet normal -1.634154e-17 -1.000000e+00 -1.867846e-16
    outer loop
      vertex   2.415680e+01 3.000000e+00 -1.320000e+01
      vertex   1.850000e+01 3.000000e+00 -7.950000e+00
      vertex   1.828294e+01 3.000000e+00 -7.931010e+00
    endloop
  endfacet
  facet normal -5.534240e-15 -1.000000e+00 -6.621962e-15
    outer loop
      vertex   -1.973101e+01 3.000000e+00 -6.917060e+00
      vertex   -1.975000e+01 3.000000e+00 -6.700000e+00
      vertex   -2.415680e+01 3.000000e+00 -2.950000e+00
    endloop
  endfacet
  facet normal 4.954881e-15 -1.000000e+00 5.704283e-15
    outer loop
      vertex   -2.415680e+01 3.000000e+00 -2.950000e+00
      vertex   -1.975000e+01 3.000000e+00 -6.700000e+00
      vertex   -1.973101e+01 3.000000e+00 -6.482940e+00
    endloop
  endfacet
  facet normal 3.306428e-16 -1.000000e+00 -8.859547e-17
    outer loop
      vertex   -2.415680e+01 3.000000e+00 -2.950000e+00
      vertex   -1.973101e+01 3.000000e+00 -6.482940e+00
      vertex   -1.967462e+01 3.000000e+00 -6.272475e+00
    endloop
  endfacet
  facet normal 2.945144e-16 -1.000000e+00 -1.373343e-16
    outer loop
      vertex   -1.967462e+01 3.000000e+00 -6.272475e+00
      vertex   -1.958253e+01 3.000000e+00 -6.075000e+00
      vertex   -2.415680e+01 3.000000e+00 -2.950000e+00
    endloop
  endfacet
  facet normal 2.626809e-16 -1.000000e+00 -1.839312e-16
    outer loop
      vertex   -2.415680e+01 3.000000e+00 -2.950000e+00
      vertex   -1.958253e+01 3.000000e+00 -6.075000e+00
      vertex   -1.945756e+01 3.000000e+00 -5.896515e+00
    endloop
  endfacet
  facet normal -8.784717e-16 -1.000000e+00 -2.003895e-15
    outer loop
      vertex   -2.415680e+01 3.000000e+00 -2.950000e+00
      vertex   -1.945756e+01 3.000000e+00 -5.896515e+00
      vertex   -1.930348e+01 3.000000e+00 -5.742444e+00
    endloop
  endfacet
  facet normal 1.506862e-16 -1.000000e+00 -2.152022e-16
    outer loop
      vertex   -1.930348e+01 3.000000e+00 -5.742444e+00
      vertex   -1.912500e+01 3.000000e+00 -5.617468e+00
      vertex   -2.415680e+01 3.000000e+00 -2.950000e+00
    endloop
  endfacet
  facet normal 1.239065e-16 -1.000000e+00 -2.657184e-16
    outer loop
      vertex   -2.415680e+01 3.000000e+00 -2.950000e+00
      vertex   -1.912500e+01 3.000000e+00 -5.617468e+00
      vertex   -1.892753e+01 3.000000e+00 -5.525384e+00
    endloop
  endfacet
  facet normal 8.977099e-17 -1.000000e+00 -3.350299e-16
    outer loop
      vertex   -2.415680e+01 3.000000e+00 -2.950000e+00
      vertex   -1.892753e+01 3.000000e+00 -5.525384e+00
      vertex   -1.871706e+01 3.000000e+00 -5.468990e+00
    endloop
  endfacet
  facet normal 3.891886e-17 -1.000000e+00 -4.448446e-16
    outer loop
      vertex   -1.871706e+01 3.000000e+00 -5.468990e+00
      vertex   -1.850000e+01 3.000000e+00 -5.450000e+00
      vertex   -2.415680e+01 3.000000e+00 -2.950000e+00
    endloop
  endfacet
  facet normal -5.813108e-17 -1.000000e+00 -6.644413e-16
    outer loop
      vertex   -2.415680e+01 3.000000e+00 -2.950000e+00
      vertex   -1.850000e+01 3.000000e+00 -5.450000e+00
      vertex   -1.828294e+01 3.000000e+00 -5.468990e+00
    endloop
  endfacet
  facet normal -3.538013e-17 -1.000000e+00 -1.320404e-16
    outer loop
      vertex   -1.871706e+01 3.000000e+00 -7.931010e+00
      vertex   -1.892753e+01 3.000000e+00 -7.874616e+00
      vertex   -2.415680e+01 3.000000e+00 -1.320000e+01
    endloop
  endfacet
  facet normal -5.334535e-17 -1.000000e+00 -1.143995e-16
    outer loop
      vertex   -2.415680e+01 3.000000e+00 -1.320000e+01
      vertex   -1.892753e+01 3.000000e+00 -7.874616e+00
      vertex   -1.912500e+01 3.000000e+00 -7.782532e+00
    endloop
  endfacet
  facet normal -6.955880e-17 -1.000000e+00 -9.934026e-17
    outer loop
      vertex   -2.415680e+01 3.000000e+00 -1.320000e+01
      vertex   -1.912500e+01 3.000000e+00 -7.782532e+00
      vertex   -1.930348e+01 3.000000e+00 -7.657556e+00
    endloop
  endfacet
  facet normal 1.451282e-15 -1.000000e+00 -1.431084e-15
    outer loop
      vertex   -1.930348e+01 3.000000e+00 -7.657556e+00
      vertex   -1.945756e+01 3.000000e+00 -7.503485e+00
      vertex   -2.415680e+01 3.000000e+00 -1.320000e+01
    endloop
  endfacet
  facet normal -1.533460e-16 -1.000000e+00 -1.073740e-16
    outer loop
      vertex   -2.415680e+01 3.000000e+00 -1.320000e+01
      vertex   -1.945756e+01 3.000000e+00 -7.503485e+00
      vertex   -1.958253e+01 3.000000e+00 -7.325000e+00
    endloop
  endfacet
  facet normal -1.821575e-16 -1.000000e+00 -8.494144e-17
    outer loop
      vertex   -2.415680e+01 3.000000e+00 -1.320000e+01
      vertex   -1.958253e+01 3.000000e+00 -7.325000e+00
      vertex   -1.967462e+01 3.000000e+00 -7.127525e+00
    endloop
  endfacet
  facet normal 1.136490e-16 -1.000000e+00 -3.032804e-16
    outer loop
      vertex   -2.415680e+01 3.000000e+00 -1.320000e+01
      vertex   -1.967462e+01 3.000000e+00 -7.127525e+00
      vertex   -2.415680e+01 3.000000e+00 -2.950000e+00
    endloop
  endfacet
  facet normal 5.282349e-16 -1.000000e+00 1.415401e-16
    outer loop
      vertex   -2.415680e+01 3.000000e+00 -2.950000e+00
      vertex   -1.967462e+01 3.000000e+00 -7.127525e+00
      vertex   -1.973101e+01 3.000000e+00 -6.917060e+00
    endloop
  endfacet
  facet normal -3.420201e-01 -9.396926e-01 -4.383908e-14
    outer loop
      vertex   -3.062922e+01 5.355768e+00 -6.482940e+00
      vertex   -6.308430e+01 1.716845e+01 -6.482940e+00
      vertex   -3.064706e+01 5.362263e+00 -6.700000e+00
    endloop
  endfacet
  facet normal -3.420201e-01 -9.396926e-01 1.518137e-14
    outer loop
      vertex   -3.064706e+01 5.362263e+00 -6.700000e+00
      vertex   -6.308430e+01 1.716845e+01 -6.482940e+00
      vertex   -6.306646e+01 1.716196e+01 -6.700000e+00
    endloop
  endfacet
  facet normal -3.420201e-01 -9.396926e-01 4.387252e-14
    outer loop
      vertex   -3.064706e+01 5.362263e+00 -6.700000e+00
      vertex   -6.306646e+01 1.716196e+01 -6.700000e+00
      vertex   -3.062922e+01 5.355768e+00 -6.917060e+00
    endloop
  endfacet
  facet normal -3.420201e-01 -9.396926e-01 -1.516467e-14
    outer loop
      vertex   -3.062922e+01 5.355768e+00 -6.917060e+00
      vertex   -6.306646e+01 1.716196e+01 -6.700000e+00
      vertex   -6.308430e+01 1.716845e+01 -6.917060e+00
    endloop
  endfacet
  facet normal -3.420201e-01 -9.396926e-01 6.032962e-15
    outer loop
      vertex   -3.062922e+01 5.355768e+00 -6.917060e+00
      vertex   -6.308430e+01 1.716845e+01 -6.917060e+00
      vertex   -3.057622e+01 5.336481e+00 -7.127525e+00
    endloop
  endfacet
  facet normal -3.420201e-01 -9.396926e-01 1.558897e-14
    outer loop
      vertex   -3.057622e+01 5.336481e+00 -7.127525e+00
      vertex   -6.308430e+01 1.716845e+01 -6.917060e+00
      vertex   -6.313730e+01 1.718774e+01 -7.127525e+00
    endloop
  endfacet
  facet normal -3.420201e-01 -9.396926e-01 -1.298003e-15
    outer loop
      vertex   -3.057622e+01 5.336481e+00 -7.127525e+00
      vertex   -6.313730e+01 1.718774e+01 -7.127525e+00
      vertex   -3.048969e+01 5.304986e+00 -7.325000e+00
    endloop
  endfacet
  facet normal -3.420201e-01 -9.396926e-01 8.263298e-15
    outer loop
      vertex   -3.048969e+01 5.304986e+00 -7.325000e+00
      vertex   -6.313730e+01 1.718774e+01 -7.127525e+00
      vertex   -6.322383e+01 1.721924e+01 -7.325000e+00
    endloop
  endfacet
  facet normal -3.420201e-01 -9.396926e-01 9.285344e-16
    outer loop
      vertex   -3.048969e+01 5.304986e+00 -7.325000e+00
      vertex   -6.322383e+01 1.721924e+01 -7.325000e+00
      vertex   -3.037225e+01 5.262242e+00 -7.503485e+00
    endloop
  endfacet
  facet normal -3.420201e-01 -9.396926e-01 -1.815472e-14
    outer loop
      vertex   -3.037225e+01 5.262242e+00 -7.503485e+00
      vertex   -6.322383e+01 1.721924e+01 -7.325000e+00
      vertex   -6.334127e+01 1.726198e+01 -7.503485e+00
    endloop
  endfacet
  facet normal -3.420201e-01 -9.396926e-01 -6.983096e-16
    outer loop
      vertex   -3.037225e+01 5.262242e+00 -7.503485e+00
      vertex   -6.334127e+01 1.726198e+01 -7.503485e+00
      vertex   -3.022747e+01 5.209546e+00 -7.657556e+00
    endloop
  endfacet
  facet normal -3.420201e-01 -9.396926e-01 0.000000e+00
    outer loop
      vertex   -3.022747e+01 5.209546e+00 -7.657556e+00
      vertex   -6.334127e+01 1.726198e+01 -7.503485e+00
      vertex   -6.348604e+01 1.731468e+01 -7.657556e+00
    endloop
  endfacet
  facet normal -3.420201e-01 -9.396926e-01 -2.007960e-16
    outer loop
      vertex   -3.022747e+01 5.209546e+00 -7.657556e+00
      vertex   -6.348604e+01 1.731468e+01 -7.657556e+00
      vertex   -3.005975e+01 5.148501e+00 -7.782532e+00
    endloop
  endfacet
  facet normal -3.420201e-01 -9.396926e-01 2.544526e-14
    outer loop
      vertex   -3.005975e+01 5.148501e+00 -7.782532e+00
      vertex   -6.348604e+01 1.731468e+01 -7.657556e+00
      vertex   -6.365377e+01 1.737572e+01 -7.782532e+00
    endloop
  endfacet
  facet normal -3.420201e-01 -9.396926e-01 -2.293289e-14
    outer loop
      vertex   -3.005975e+01 5.148501e+00 -7.782532e+00
      vertex   -6.365377e+01 1.737572e+01 -7.782532e+00
      vertex   -2.987419e+01 5.080961e+00 -7.874616e+00
    endloop
  endfacet
  facet normal -3.420201e-01 -9.396926e-01 -3.415689e-14
    outer loop
      vertex   -2.987419e+01 5.080961e+00 -7.874616e+00
      vertex   -6.365377e+01 1.737572e+01 -7.782532e+00
      vertex   -6.383933e+01 1.744326e+01 -7.874616e+00
    endloop
  endfacet
  facet normal -3.420201e-01 -9.396926e-01 3.529436e-14
    outer loop
      vertex   -2.987419e+01 5.080961e+00 -7.874616e+00
      vertex   -6.383933e+01 1.744326e+01 -7.874616e+00
      vertex   -2.967642e+01 5.008977e+00 -7.931010e+00
    endloop
  endfacet
  facet normal -3.420201e-01 -9.396926e-01 8.269765e-14
    outer loop
      vertex   -2.967642e+01 5.008977e+00 -7.931010e+00
      vertex   -6.383933e+01 1.744326e+01 -7.874616e+00
      vertex   -6.403710e+01 1.751524e+01 -7.931010e+00
    endloop
  endfacet
  facet normal -3.420201e-01 -9.396926e-01 -2.950372e-16
    outer loop
      vertex   -2.967642e+01 5.008977e+00 -7.931010e+00
      vertex   -6.403710e+01 1.751524e+01 -7.931010e+00
      vertex   -6.800000e+01 1.895762e+01 -1.320000e+01
    endloop
  endfacet
  facet normal -3.420201e-01 -9.396926e-01 -4.175334e-15
    outer loop
      vertex   -6.800000e+01 1.895762e+01 -1.320000e+01
      vertex   -6.403710e+01 1.751524e+01 -7.931010e+00
      vertex   -6.424107e+01 1.758948e+01 -7.950000e+00
    endloop
  endfacet
  facet normal -3.420201e-01 -9.396926e-01 1.242176e-14
    outer loop
      vertex   -6.800000e+01 1.895762e+01 -1.320000e+01
      vertex   -6.424107e+01 1.758948e+01 -7.950000e+00
      vertex   -6.444504e+01 1.766372e+01 -7.931010e+00
    endloop
  endfacet
  facet normal -3.420201e-01 -9.396926e-01 -1.706030e-14
    outer loop
      vertex   -6.308430e+01 1.716845e+01 -6.482940e+00
      vertex   -3.062922e+01 5.355768e+00 -6.482940e+00
      vertex   -6.313730e+01 1.718774e+01 -6.272475e+00
    endloop
  endfacet
  facet normal -3.420201e-01 -9.396926e-01 -7.794487e-15
    outer loop
      vertex   -6.313730e+01 1.718774e+01 -6.272475e+00
      vertex   -3.062922e+01 5.355768e+00 -6.482940e+00
      vertex   -3.057622e+01 5.336481e+00 -6.272475e+00
    endloop
  endfacet
  facet normal -3.420201e-01 -9.396926e-01 -1.687404e-15
    outer loop
      vertex   -6.313730e+01 1.718774e+01 -6.272475e+00
      vertex   -3.057622e+01 5.336481e+00 -6.272475e+00
      vertex   -6.322383e+01 1.721924e+01 -6.075000e+00
    endloop
  endfacet
  facet normal -3.420201e-01 -9.396926e-01 0.000000e+00
    outer loop
      vertex   -6.322383e+01 1.721924e+01 -6.075000e+00
      vertex   -3.057622e+01 5.336481e+00 -6.272475e+00
      vertex   -3.048969e+01 5.304986e+00 -6.075000e+00
    endloop
  endfacet
  facet normal -3.420201e-01 -9.396926e-01 1.028530e-14
    outer loop
      vertex   -6.322383e+01 1.721924e+01 -6.075000e+00
      vertex   -3.048969e+01 5.304986e+00 -6.075000e+00
      vertex   -6.334127e+01 1.726198e+01 -5.896515e+00
    endloop
  endfacet
  facet normal -3.420201e-01 -9.396926e-01 -9.077360e-15
    outer loop
      vertex   -6.334127e+01 1.726198e+01 -5.896515e+00
      vertex   -3.048969e+01 5.304986e+00 -6.075000e+00
      vertex   -3.037225e+01 5.262242e+00 -5.896515e+00
    endloop
  endfacet
  facet normal -3.420201e-01 -9.396926e-01 4.723859e-15
    outer loop
      vertex   -6.334127e+01 1.726198e+01 -5.896515e+00
      vertex   -3.037225e+01 5.262242e+00 -5.896515e+00
      vertex   -6.348604e+01 1.731468e+01 -5.742444e+00
    endloop
  endfacet
  facet normal -3.420201e-01 -9.396926e-01 1.042417e-14
    outer loop
      vertex   -6.348604e+01 1.731468e+01 -5.742444e+00
      vertex   -3.037225e+01 5.262242e+00 -5.896515e+00
      vertex   -3.022747e+01 5.209546e+00 -5.742444e+00
    endloop
  endfacet
  facet normal -3.420201e-01 -9.396926e-01 -2.028040e-14
    outer loop
      vertex   -6.348604e+01 1.731468e+01 -5.742444e+00
      vertex   -3.022747e+01 5.209546e+00 -5.742444e+00
      vertex   -6.365377e+01 1.737572e+01 -5.617468e+00
    endloop
  endfacet
  facet normal -3.420201e-01 -9.396926e-01 0.000000e+00
    outer loop
      vertex   -6.365377e+01 1.737572e+01 -5.617468e+00
      vertex   -3.022747e+01 5.209546e+00 -5.742444e+00
      vertex   -3.005975e+01 5.148501e+00 -5.617468e+00
    endloop
  endfacet
  facet normal -3.420201e-01 -9.396926e-01 4.883357e-14
    outer loop
      vertex   -6.365377e+01 1.737572e+01 -5.617468e+00
      vertex   -3.005975e+01 5.148501e+00 -5.617468e+00
      vertex   -6.383933e+01 1.744326e+01 -5.525384e+00
    endloop
  endfacet
  facet normal -3.420201e-01 -9.396926e-01 1.707844e-14
    outer loop
      vertex   -6.383933e+01 1.744326e+01 -5.525384e+00
      vertex   -3.005975e+01 5.148501e+00 -5.617468e+00
      vertex   -2.987419e+01 5.080961e+00 -5.525384e+00
    endloop
  endfacet
  facet normal -3.420201e-01 -9.396926e-01 -4.579856e-16
    outer loop
      vertex   -6.383933e+01 1.744326e+01 -5.525384e+00
      vertex   -2.987419e+01 5.080961e+00 -5.525384e+00
      vertex   -6.800000e+01 1.895762e+01 -2.950000e+00
    endloop
  endfacet
  facet normal -3.420201e-01 -9.396926e-01 -4.017092e-14
    outer loop
      vertex   -6.800000e+01 1.895762e+01 -2.950000e+00
      vertex   -2.987419e+01 5.080961e+00 -5.525384e+00
      vertex   -2.967642e+01 5.008977e+00 -5.468990e+00
    endloop
  endfacet
  facet normal -3.420201e-01 -9.396926e-01 6.771194e-15
    outer loop
      vertex   -6.800000e+01 1.895762e+01 -2.950000e+00
      vertex   -2.967642e+01 5.008977e+00 -5.468990e+00
      vertex   -2.415680e+01 3.000000e+00 -2.950000e+00
    endloop
  endfacet
  facet normal -3.420201e-01 -9.396926e-01 -4.081456e-15
    outer loop
      vertex   -2.415680e+01 3.000000e+00 -2.950000e+00
      vertex   -2.967642e+01 5.008977e+00 -5.468990e+00
      vertex   -2.947245e+01 4.934738e+00 -5.450000e+00
    endloop
  endfacet
  facet normal -3.420201e-01 -9.396926e-01 2.459288e-14
    outer loop
      vertex   -2.415680e+01 3.000000e+00 -2.950000e+00
      vertex   -2.947245e+01 4.934738e+00 -5.450000e+00
      vertex   -2.926848e+01 4.860499e+00 -5.468990e+00
    endloop
  endfacet
  facet normal -3.420201e-01 -9.396926e-01 -8.622554e-15
    outer loop
      vertex   -2.926848e+01 4.860499e+00 -5.468990e+00
      vertex   -2.907070e+01 4.788516e+00 -5.525384e+00
      vertex   -2.415680e+01 3.000000e+00 -2.950000e+00
    endloop
  endfacet
  facet normal -3.420201e-01 -9.396926e-01 8.970540e-15
    outer loop
      vertex   -2.415680e+01 3.000000e+00 -2.950000e+00
      vertex   -2.907070e+01 4.788516e+00 -5.525384e+00
      vertex   -2.888514e+01 4.720976e+00 -5.617468e+00
    endloop
  endfacet
  facet normal -3.420201e-01 -9.396926e-01 -2.411439e-15
    outer loop
      vertex   -2.415680e+01 3.000000e+00 -2.950000e+00
      vertex   -2.888514e+01 4.720976e+00 -5.617468e+00
      vertex   -2.871742e+01 4.659930e+00 -5.742444e+00
    endloop
  endfacet
  facet normal -3.420201e-01 -9.396926e-01 1.032008e-14
    outer loop
      vertex   -2.871742e+01 4.659930e+00 -5.742444e+00
      vertex   -2.857264e+01 4.607235e+00 -5.896515e+00
      vertex   -2.415680e+01 3.000000e+00 -2.950000e+00
    endloop
  endfacet
  facet normal -3.420201e-01 -9.396926e-01 -5.151053e-15
    outer loop
      vertex   -2.415680e+01 3.000000e+00 -2.950000e+00
      vertex   -2.857264e+01 4.607235e+00 -5.896515e+00
      vertex   -2.845520e+01 4.564491e+00 -6.075000e+00
    endloop
  endfacet
  facet normal -3.420201e-01 -9.396926e-01 7.457013e-16
    outer loop
      vertex   -2.415680e+01 3.000000e+00 -2.950000e+00
      vertex   -2.845520e+01 4.564491e+00 -6.075000e+00
      vertex   -2.836867e+01 4.532996e+00 -6.272475e+00
    endloop
  endfacet
  facet normal -3.420201e-01 -9.396926e-01 2.601987e-15
    outer loop
      vertex   -2.836867e+01 4.532996e+00 -6.272475e+00
      vertex   -2.831568e+01 4.513708e+00 -6.482940e+00
      vertex   -2.415680e+01 3.000000e+00 -2.950000e+00
    endloop
  endfacet
  facet normal -3.420201e-01 -9.396926e-01 -1.728387e-15
    outer loop
      vertex   -2.415680e+01 3.000000e+00 -2.950000e+00
      vertex   -2.831568e+01 4.513708e+00 -6.482940e+00
      vertex   -2.829783e+01 4.507213e+00 -6.700000e+00
    endloop
  endfacet
  facet normal -3.420201e-01 -9.396926e-01 2.006443e-15
    outer loop
      vertex   -2.415680e+01 3.000000e+00 -2.950000e+00
      vertex   -2.829783e+01 4.507213e+00 -6.700000e+00
      vertex   -2.831568e+01 4.513708e+00 -6.917060e+00
    endloop
  endfacet
  facet normal -3.420201e-01 -9.396926e-01 -4.156935e-15
    outer loop
      vertex   -2.831568e+01 4.513708e+00 -6.917060e+00
      vertex   -2.836867e+01 4.532996e+00 -7.127525e+00
      vertex   -2.415680e+01 3.000000e+00 -2.950000e+00
    endloop
  endfacet
  facet normal -3.420201e-01 -9.396926e-01 7.064853e-17
    outer loop
      vertex   -2.415680e+01 3.000000e+00 -2.950000e+00
      vertex   -2.836867e+01 4.532996e+00 -7.127525e+00
      vertex   -2.415680e+01 3.000000e+00 -1.320000e+01
    endloop
  endfacet
  facet normal -3.420201e-01 -9.396926e-01 0.000000e+00
    outer loop
      vertex   -2.415680e+01 3.000000e+00 -1.320000e+01
      vertex   -2.836867e+01 4.532996e+00 -7.127525e+00
      vertex   -2.845520e+01 4.564491e+00 -7.325000e+00
    endloop
  endfacet
  facet normal -3.420201e-01 -9.396926e-01 4.582164e-15
    outer loop
      vertex   -2.415680e+01 3.000000e+00 -1.320000e+01
      vertex   -2.845520e+01 4.564491e+00 -7.325000e+00
      vertex   -2.857264e+01 4.607235e+00 -7.503485e+00
    endloop
  endfacet
  facet normal -3.420201e-01 -9.396926e-01 -7.538109e-15
    outer loop
      vertex   -2.857264e+01 4.607235e+00 -7.503485e+00
      vertex   -2.871742e+01 4.659930e+00 -7.657556e+00
      vertex   -2.415680e+01 3.000000e+00 -1.320000e+01
    endloop
  endfacet
  facet normal -3.420201e-01 -9.396926e-01 -2.782882e-15
    outer loop
      vertex   -2.415680e+01 3.000000e+00 -1.320000e+01
      vertex   -2.871742e+01 4.659930e+00 -7.657556e+00
      vertex   -2.888514e+01 4.720976e+00 -7.782532e+00
    endloop
  endfacet
  facet normal -3.420201e-01 -9.396926e-01 -4.634493e-15
    outer loop
      vertex   -2.415680e+01 3.000000e+00 -1.320000e+01
      vertex   -2.888514e+01 4.720976e+00 -7.782532e+00
      vertex   -2.907070e+01 4.788516e+00 -7.874616e+00
    endloop
  endfacet
  facet normal -3.420201e-01 -9.396926e-01 6.822703e-15
    outer loop
      vertex   -2.907070e+01 4.788516e+00 -7.874616e+00
      vertex   -2.926848e+01 4.860499e+00 -7.931010e+00
      vertex   -2.415680e+01 3.000000e+00 -1.320000e+01
    endloop
  endfacet
  facet normal -3.420201e-01 -9.396926e-01 -9.971606e-15
    outer loop
      vertex   -2.415680e+01 3.000000e+00 -1.320000e+01
      vertex   -2.926848e+01 4.860499e+00 -7.931010e+00
      vertex   -2.947245e+01 4.934738e+00 -7.950000e+00
    endloop
  endfacet
  facet normal -3.420201e-01 -9.396926e-01 1.721039e-15
    outer loop
      vertex   -2.415680e+01 3.000000e+00 -1.320000e+01
      vertex   -2.947245e+01 4.934738e+00 -7.950000e+00
      vertex   -2.967642e+01 5.008977e+00 -7.931010e+00
    endloop
  endfacet
  facet normal -3.420201e-01 -9.396926e-01 8.483259e-14
    outer loop
      vertex   -6.539784e+01 1.801051e+01 -6.917060e+00
      vertex   -6.541569e+01 1.801701e+01 -6.700000e+00
      vertex   -6.800000e+01 1.895762e+01 -2.950000e+00
    endloop
  endfacet
  facet normal -3.420201e-01 -9.396926e-01 -6.646394e-14
    outer loop
      vertex   -6.800000e+01 1.895762e+01 -2.950000e+00
      vertex   -6.541569e+01 1.801701e+01 -6.700000e+00
      vertex   -6.539784e+01 1.801051e+01 -6.482940e+00
    endloop
  endfacet
  facet normal -3.420201e-01 -9.396926e-01 3.974984e-15
    outer loop
      vertex   -6.800000e+01 1.895762e+01 -2.950000e+00
      vertex   -6.539784e+01 1.801051e+01 -6.482940e+00
      vertex   -6.534485e+01 1.799123e+01 -6.272475e+00
    endloop
  endfacet
  facet normal -3.420201e-01 -9.396926e-01 6.168461e-15
    outer loop
      vertex   -6.534485e+01 1.799123e+01 -6.272475e+00
      vertex   -6.525832e+01 1.795973e+01 -6.075000e+00
      vertex   -6.800000e+01 1.895762e+01 -2.950000e+00
    endloop
  endfacet
  facet normal -3.420201e-01 -9.396926e-01 -1.364474e-14
    outer loop
      vertex   -6.800000e+01 1.895762e+01 -2.950000e+00
      vertex   -6.525832e+01 1.795973e+01 -6.075000e+00
      vertex   -6.514088e+01 1.791699e+01 -5.896515e+00
    endloop
  endfacet
  facet normal -3.420201e-01 -9.396926e-01 9.144064e-15
    outer loop
      vertex   -6.800000e+01 1.895762e+01 -2.950000e+00
      vertex   -6.514088e+01 1.791699e+01 -5.896515e+00
      vertex   -6.499610e+01 1.786429e+01 -5.742444e+00
    endloop
  endfacet
  facet normal -3.420201e-01 -9.396926e-01 -2.751084e-15
    outer loop
      vertex   -6.499610e+01 1.786429e+01 -5.742444e+00
      vertex   -6.482838e+01 1.780325e+01 -5.617468e+00
      vertex   -6.800000e+01 1.895762e+01 -2.950000e+00
    endloop
  endfacet
  facet normal -3.420201e-01 -9.396926e-01 5.832418e-15
    outer loop
      vertex   -6.800000e+01 1.895762e+01 -2.950000e+00
      vertex   -6.482838e+01 1.780325e+01 -5.617468e+00
      vertex   -6.464282e+01 1.773571e+01 -5.525384e+00
    endloop
  endfacet
  facet normal -3.420201e-01 -9.396926e-01 2.389171e-15
    outer loop
      vertex   -6.800000e+01 1.895762e+01 -2.950000e+00
      vertex   -6.464282e+01 1.773571e+01 -5.525384e+00
      vertex   -6.444504e+01 1.766372e+01 -5.468990e+00
    endloop
  endfacet
  facet normal -3.420201e-01 -9.396926e-01 -2.404887e-14
    outer loop
      vertex   -6.444504e+01 1.766372e+01 -5.468990e+00
      vertex   -6.424107e+01 1.758948e+01 -5.450000e+00
      vertex   -6.800000e+01 1.895762e+01 -2.950000e+00
    endloop
  endfacet
  facet normal -3.420201e-01 -9.396926e-01 9.515800e-15
    outer loop
      vertex   -6.800000e+01 1.895762e+01 -2.950000e+00
      vertex   -6.424107e+01 1.758948e+01 -5.450000e+00
      vertex   -6.403710e+01 1.751524e+01 -5.468990e+00
    endloop
  endfacet
  facet normal -3.420201e-01 -9.396926e-01 5.772656e-14
    outer loop
      vertex   -6.800000e+01 1.895762e+01 -2.950000e+00
      vertex   -6.403710e+01 1.751524e+01 -5.468990e+00
      vertex   -6.383933e+01 1.744326e+01 -5.525384e+00
    endloop
  endfacet
  facet normal -3.420201e-01 -9.396926e-01 -9.235891e-16
    outer loop
      vertex   -6.444504e+01 1.766372e+01 -7.931010e+00
      vertex   -6.464282e+01 1.773571e+01 -7.874616e+00
      vertex   -6.800000e+01 1.895762e+01 -1.320000e+01
    endloop
  endfacet
  facet normal -3.420201e-01 -9.396926e-01 -2.894949e-15
    outer loop
      vertex   -6.800000e+01 1.895762e+01 -1.320000e+01
      vertex   -6.464282e+01 1.773571e+01 -7.874616e+00
      vertex   -6.482838e+01 1.780325e+01 -7.782532e+00
    endloop
  endfacet
  facet normal -3.420201e-01 -9.396926e-01 1.918658e-15
    outer loop
      vertex   -6.800000e+01 1.895762e+01 -1.320000e+01
      vertex   -6.482838e+01 1.780325e+01 -7.782532e+00
      vertex   -6.499610e+01 1.786429e+01 -7.657556e+00
    endloop
  endfacet
  facet normal -3.420201e-01 -9.396926e-01 -6.101728e-15
    outer loop
      vertex   -6.499610e+01 1.786429e+01 -7.657556e+00
      vertex   -6.514088e+01 1.791699e+01 -7.503485e+00
      vertex   -6.800000e+01 1.895762e+01 -1.320000e+01
    endloop
  endfacet
  facet normal -3.420201e-01 -9.396926e-01 1.026192e-14
    outer loop
      vertex   -6.800000e+01 1.895762e+01 -1.320000e+01
      vertex   -6.514088e+01 1.791699e+01 -7.503485e+00
      vertex   -6.525832e+01 1.795973e+01 -7.325000e+00
    endloop
  endfacet
  facet normal -3.420201e-01 -9.396926e-01 -4.770223e-15
    outer loop
      vertex   -6.800000e+01 1.895762e+01 -1.320000e+01
      vertex   -6.525832e+01 1.795973e+01 -7.325000e+00
      vertex   -6.534485e+01 1.799123e+01 -7.127525e+00
    endloop
  endfacet
  facet normal -3.420201e-01 -9.396926e-01 -3.457858e-15
    outer loop
      vertex   -6.534485e+01 1.799123e+01 -7.127525e+00
      vertex   -6.539784e+01 1.801051e+01 -6.917060e+00
      vertex   -6.800000e+01 1.895762e+01 -1.320000e+01
    endloop
  endfacet
  facet normal -3.420201e-01 -9.396926e-01 1.484819e-16
    outer loop
      vertex   -6.800000e+01 1.895762e+01 -1.320000e+01
      vertex   -6.539784e+01 1.801051e+01 -6.917060e+00
      vertex   -6.800000e+01 1.895762e+01 -2.950000e+00
    endloop
  endfacet
  facet normal -3.420201e-01 -9.396926e-01 -3.237161e-15
    outer loop
      vertex   -6.800000e+01 1.895762e+01 -1.320000e+01
      vertex   -2.415680e+01 3.000000e+00 -1.320000e+01
      vertex   -2.967642e+01 5.008977e+00 -7.931010e+00
    endloop
  endfacet
  facet normal -1.000000e+00 0.000000e+00 1.386425e-15
    outer loop
      vertex   -6.800000e+01 2.000000e+01 -1.320000e+01
      vertex   -6.800000e+01 1.895762e+01 -1.320000e+01
      vertex   -6.800000e+01 2.000000e+01 -2.950000e+00
    endloop
  endfacet
  facet normal -1.000000e+00 0.000000e+00 1.386425e-15
    outer loop
      vertex   -6.800000e+01 2.000000e+01 -2.950000e+00
      vertex   -6.800000e+01 1.895762e+01 -1.320000e+01
      vertex   -6.800000e+01 1.895762e+01 -2.950000e+00
    endloop
  endfacet
  facet normal 3.420201e-01 9.396926e-01 1.786586e-15
    outer loop
      vertex   -2.926114e+01 9.114539e+00 -6.482940e+00
      vertex   -2.927898e+01 9.121034e+00 -6.700000e+00
      vertex   -5.916869e+01 2.000000e+01 -2.950000e+00
    endloop
  endfacet
  facet normal 3.420201e-01 9.396926e-01 0.000000e+00
    outer loop
      vertex   -5.916869e+01 2.000000e+01 -2.950000e+00
      vertex   -2.927898e+01 9.121034e+00 -6.700000e+00
      vertex   -2.926114e+01 9.114539e+00 -6.917060e+00
    endloop
  endfacet
  facet normal 3.420201e-01 9.396926e-01 8.779257e-15
    outer loop
      vertex   -5.916869e+01 2.000000e+01 -2.950000e+00
      vertex   -2.926114e+01 9.114539e+00 -6.917060e+00
      vertex   -2.920814e+01 9.095251e+00 -7.127525e+00
    endloop
  endfacet
  facet normal 3.420201e-01 9.396926e-01 -4.563737e-15
    outer loop
      vertex   -2.920814e+01 9.095251e+00 -7.127525e+00
      vertex   -2.912161e+01 9.063756e+00 -7.325000e+00
      vertex   -5.916869e+01 2.000000e+01 -2.950000e+00
    endloop
  endfacet
  facet normal 3.420201e-01 9.396926e-01 8.861069e-17
    outer loop
      vertex   -5.916869e+01 2.000000e+01 -2.950000e+00
      vertex   -2.912161e+01 9.063756e+00 -7.325000e+00
      vertex   -5.916869e+01 2.000000e+01 -1.320000e+01
    endloop
  endfacet
  facet normal 3.420201e-01 9.396926e-01 8.824760e-15
    outer loop
      vertex   -5.916869e+01 2.000000e+01 -1.320000e+01
      vertex   -2.912161e+01 9.063756e+00 -7.325000e+00
      vertex   -2.900417e+01 9.021012e+00 -7.503485e+00
    endloop
  endfacet
  facet normal 3.420201e-01 9.396926e-01 -9.761188e-15
    outer loop
      vertex   -5.916869e+01 2.000000e+01 -1.320000e+01
      vertex   -2.900417e+01 9.021012e+00 -7.503485e+00
      vertex   -2.885939e+01 8.968317e+00 -7.657556e+00
    endloop
  endfacet
  facet normal 3.420201e-01 9.396926e-01 9.995866e-15
    outer loop
      vertex   -2.885939e+01 8.968317e+00 -7.657556e+00
      vertex   -2.869167e+01 8.907271e+00 -7.782532e+00
      vertex   -5.916869e+01 2.000000e+01 -1.320000e+01
    endloop
  endfacet
  facet normal 3.420201e-01 9.396926e-01 -1.401337e-14
    outer loop
      vertex   -5.916869e+01 2.000000e+01 -1.320000e+01
      vertex   -2.869167e+01 8.907271e+00 -7.782532e+00
      vertex   -2.850611e+01 8.839731e+00 -7.874616e+00
    endloop
  endfacet
  facet normal 3.420201e-01 9.396926e-01 0.000000e+00
    outer loop
      vertex   -5.916869e+01 2.000000e+01 -1.320000e+01
      vertex   -2.850611e+01 8.839731e+00 -7.874616e+00
      vertex   -2.830834e+01 8.767748e+00 -7.931010e+00
    endloop
  endfacet
  facet normal 3.420201e-01 9.396926e-01 -1.986823e-15
    outer loop
      vertex   -5.916869e+01 2.000000e+01 -1.320000e+01
      vertex   -2.830834e+01 8.767748e+00 -7.931010e+00
      vertex   -2.345149e+01 7.000000e+00 -1.320000e+01
    endloop
  endfacet
  facet normal 3.420201e-01 9.396926e-01 1.698992e-15
    outer loop
      vertex   -2.345149e+01 7.000000e+00 -1.320000e+01
      vertex   -2.830834e+01 8.767748e+00 -7.931010e+00
      vertex   -2.810437e+01 8.693509e+00 -7.950000e+00
    endloop
  endfacet
  facet normal 3.420201e-01 9.396926e-01 8.639893e-15
    outer loop
      vertex   -2.345149e+01 7.000000e+00 -1.320000e+01
      vertex   -2.810437e+01 8.693509e+00 -7.950000e+00
      vertex   -2.790040e+01 8.619270e+00 -7.931010e+00
    endloop
  endfacet
  facet normal 3.420201e-01 9.396926e-01 -2.582044e-15
    outer loop
      vertex   -2.790040e+01 8.619270e+00 -7.931010e+00
      vertex   -2.770262e+01 8.547287e+00 -7.874616e+00
      vertex   -2.345149e+01 7.000000e+00 -1.320000e+01
    endloop
  endfacet
  facet normal 3.420201e-01 9.396926e-01 0.000000e+00
    outer loop
      vertex   -2.345149e+01 7.000000e+00 -1.320000e+01
      vertex   -2.770262e+01 8.547287e+00 -7.874616e+00
      vertex   -2.751706e+01 8.479746e+00 -7.782532e+00
    endloop
  endfacet
  facet normal 3.420201e-01 9.396926e-01 -1.178235e-15
    outer loop
      vertex   -2.345149e+01 7.000000e+00 -1.320000e+01
      vertex   -2.751706e+01 8.479746e+00 -7.782532e+00
      vertex   -2.734934e+01 8.418701e+00 -7.657556e+00
    endloop
  endfacet
  facet normal 3.420201e-01 9.396926e-01 9.481030e-16
    outer loop
      vertex   -2.734934e+01 8.418701e+00 -7.657556e+00
      vertex   -2.720456e+01 8.366005e+00 -7.503485e+00
      vertex   -2.345149e+01 7.000000e+00 -1.320000e+01
    endloop
  endfacet
  facet normal 3.420201e-01 9.396926e-01 -3.740265e-15
    outer loop
      vertex   -2.345149e+01 7.000000e+00 -1.320000e+01
      vertex   -2.720456e+01 8.366005e+00 -7.503485e+00
      vertex   -2.708712e+01 8.323261e+00 -7.325000e+00
    endloop
  endfacet
  facet normal 3.420201e-01 9.396926e-01 6.805886e-15
    outer loop
      vertex   -2.345149e+01 7.000000e+00 -1.320000e+01
      vertex   -2.708712e+01 8.323261e+00 -7.325000e+00
      vertex   -2.700059e+01 8.291767e+00 -7.127525e+00
    endloop
  endfacet
  facet normal 3.420201e-01 9.396926e-01 -2.993562e-17
    outer loop
      vertex   -2.345149e+01 7.000000e+00 -1.320000e+01
      vertex   -2.700059e+01 8.291767e+00 -7.127525e+00
      vertex   -2.345149e+01 7.000000e+00 -2.950000e+00
    endloop
  endfacet
  facet normal 3.420201e-01 9.396926e-01 -1.111588e-14
    outer loop
      vertex   -2.345149e+01 7.000000e+00 -2.950000e+00
      vertex   -2.700059e+01 8.291767e+00 -7.127525e+00
      vertex   -2.694759e+01 8.272479e+00 -6.917060e+00
    endloop
  endfacet
  facet normal 3.420201e-01 9.396926e-01 4.851895e-15
    outer loop
      vertex   -2.345149e+01 7.000000e+00 -2.950000e+00
      vertex   -2.694759e+01 8.272479e+00 -6.917060e+00
      vertex   -2.692975e+01 8.265984e+00 -6.700000e+00
    endloop
  endfacet
  facet normal 3.420201e-01 9.396926e-01 -3.387498e-15
    outer loop
      vertex   -2.692975e+01 8.265984e+00 -6.700000e+00
      vertex   -2.694759e+01 8.272479e+00 -6.482940e+00
      vertex   -2.345149e+01 7.000000e+00 -2.950000e+00
    endloop
  endfacet
  facet normal 3.420201e-01 9.396926e-01 6.329492e-15
    outer loop
      vertex   -2.345149e+01 7.000000e+00 -2.950000e+00
      vertex   -2.694759e+01 8.272479e+00 -6.482940e+00
      vertex   -2.700059e+01 8.291767e+00 -6.272475e+00
    endloop
  endfacet
  facet normal 3.420201e-01 9.396926e-01 -8.444494e-15
    outer loop
      vertex   -2.345149e+01 7.000000e+00 -2.950000e+00
      vertex   -2.700059e+01 8.291767e+00 -6.272475e+00
      vertex   -2.708712e+01 8.323261e+00 -6.075000e+00
    endloop
  endfacet
  facet normal 3.420201e-01 9.396926e-01 5.340082e-15
    outer loop
      vertex   -2.708712e+01 8.323261e+00 -6.075000e+00
      vertex   -2.720456e+01 8.366005e+00 -5.896515e+00
      vertex   -2.345149e+01 7.000000e+00 -2.950000e+00
    endloop
  endfacet
  facet normal 3.420201e-01 9.396926e-01 -1.661199e-15
    outer loop
      vertex   -2.345149e+01 7.000000e+00 -2.950000e+00
      vertex   -2.720456e+01 8.366005e+00 -5.896515e+00
      vertex   -2.734934e+01 8.418701e+00 -5.742444e+00
    endloop
  endfacet
  facet normal 3.420201e-01 9.396926e-01 -3.493980e-15
    outer loop
      vertex   -2.345149e+01 7.000000e+00 -2.950000e+00
      vertex   -2.734934e+01 8.418701e+00 -5.742444e+00
      vertex   -2.751706e+01 8.479746e+00 -5.617468e+00
    endloop
  endfacet
  facet normal 3.420201e-01 9.396926e-01 1.200036e-16
    outer loop
      vertex   -2.751706e+01 8.479746e+00 -5.617468e+00
      vertex   -2.770262e+01 8.547287e+00 -5.525384e+00
      vertex   -2.345149e+01 7.000000e+00 -2.950000e+00
    endloop
  endfacet
  facet normal 3.420201e-01 9.396926e-01 1.225608e-14
    outer loop
      vertex   -2.345149e+01 7.000000e+00 -2.950000e+00
      vertex   -2.770262e+01 8.547287e+00 -5.525384e+00
      vertex   -2.790040e+01 8.619270e+00 -5.468990e+00
    endloop
  endfacet
  facet normal 3.420201e-01 9.396926e-01 -1.674016e-14
    outer loop
      vertex   -2.345149e+01 7.000000e+00 -2.950000e+00
      vertex   -2.790040e+01 8.619270e+00 -5.468990e+00
      vertex   -2.810437e+01 8.693509e+00 -5.450000e+00
    endloop
  endfacet
  facet normal 3.420201e-01 9.396926e-01 -3.712125e-15
    outer loop
      vertex   -2.810437e+01 8.693509e+00 -5.450000e+00
      vertex   -2.830834e+01 8.767748e+00 -5.468990e+00
      vertex   -2.345149e+01 7.000000e+00 -2.950000e+00
    endloop
  endfacet
  facet normal 3.420201e-01 9.396926e-01 4.823757e-15
    outer loop
      vertex   -2.345149e+01 7.000000e+00 -2.950000e+00
      vertex   -2.830834e+01 8.767748e+00 -5.468990e+00
      vertex   -5.916869e+01 2.000000e+01 -2.950000e+00
    endloop
  endfacet
  facet normal 3.420201e-01 9.396926e-01 0.000000e+00
    outer loop
      vertex   -5.916869e+01 2.000000e+01 -2.950000e+00
      vertex   -2.830834e+01 8.767748e+00 -5.468990e+00
      vertex   -2.850611e+01 8.839731e+00 -5.525384e+00
    endloop
  endfacet
  facet normal 3.420201e-01 9.396926e-01 3.235884e-14
    outer loop
      vertex   -5.916869e+01 2.000000e+01 -2.950000e+00
      vertex   -2.850611e+01 8.839731e+00 -5.525384e+00
      vertex   -2.869167e+01 8.907271e+00 -5.617468e+00
    endloop
  endfacet
  facet normal 3.420201e-01 9.396926e-01 -1.103004e-14
    outer loop
      vertex   -2.869167e+01 8.907271e+00 -5.617468e+00
      vertex   -2.885939e+01 8.968317e+00 -5.742444e+00
      vertex   -5.916869e+01 2.000000e+01 -2.950000e+00
    endloop
  endfacet
  facet normal 3.420201e-01 9.396926e-01 2.105422e-14
    outer loop
      vertex   -5.916869e+01 2.000000e+01 -2.950000e+00
      vertex   -2.885939e+01 8.968317e+00 -5.742444e+00
      vertex   -2.900417e+01 9.021012e+00 -5.896515e+00
    endloop
  endfacet
  facet normal 3.420201e-01 9.396926e-01 0.000000e+00
    outer loop
      vertex   -5.916869e+01 2.000000e+01 -2.950000e+00
      vertex   -2.900417e+01 9.021012e+00 -5.896515e+00
      vertex   -2.912161e+01 9.063756e+00 -6.075000e+00
    endloop
  endfacet
  facet normal 3.420201e-01 9.396926e-01 4.103151e-15
    outer loop
      vertex   -2.912161e+01 9.063756e+00 -6.075000e+00
      vertex   -2.920814e+01 9.095251e+00 -6.272475e+00
      vertex   -5.916869e+01 2.000000e+01 -2.950000e+00
    endloop
  endfacet
  facet normal 3.420201e-01 9.396926e-01 -8.240929e-15
    outer loop
      vertex   -5.916869e+01 2.000000e+01 -2.950000e+00
      vertex   -2.920814e+01 9.095251e+00 -6.272475e+00
      vertex   -2.926114e+01 9.114539e+00 -6.482940e+00
    endloop
  endfacet
  facet normal 2.336018e-29 1.000000e+00 2.455112e-14
    outer loop
      vertex   1.726899e+01 7.000000e+00 -6.917060e+00
      vertex   -1.726899e+01 7.000000e+00 -6.917060e+00
      vertex   1.725000e+01 7.000000e+00 -6.700000e+00
    endloop
  endfacet
  facet normal 1.544658e-16 1.000000e+00 -1.351401e-17
    outer loop
      vertex   1.725000e+01 7.000000e+00 -6.700000e+00
      vertex   -1.726899e+01 7.000000e+00 -6.917060e+00
      vertex   -1.725000e+01 7.000000e+00 -6.700000e+00
    endloop
  endfacet
  facet normal 1.544658e-16 1.000000e+00 -2.456463e-14
    outer loop
      vertex   1.725000e+01 7.000000e+00 -6.700000e+00
      vertex   -1.725000e+01 7.000000e+00 -6.700000e+00
      vertex   1.726899e+01 7.000000e+00 -6.482940e+00
    endloop
  endfacet
  facet normal 0.000000e+00 1.000000e+00 0.000000e+00
    outer loop
      vertex   1.726899e+01 7.000000e+00 -6.482940e+00
      vertex   -1.725000e+01 7.000000e+00 -6.700000e+00
      vertex   -1.726899e+01 7.000000e+00 -6.482940e+00
    endloop
  endfacet
  facet normal 0.000000e+00 1.000000e+00 -0.000000e+00
    outer loop
      vertex   1.726899e+01 7.000000e+00 -6.482940e+00
      vertex   -1.726899e+01 7.000000e+00 -6.482940e+00
      vertex   1.732538e+01 7.000000e+00 -6.272475e+00
    endloop
  endfacet
  facet normal 0.000000e+00 1.000000e+00 0.000000e+00
    outer loop
      vertex   1.732538e+01 7.000000e+00 -6.272475e+00
      vertex   -1.726899e+01 7.000000e+00 -6.482940e+00
      vertex   -1.732538e+01 7.000000e+00 -6.272475e+00
    endloop
  endfacet
  facet normal 0.000000e+00 1.000000e+00 -0.000000e+00
    outer loop
      vertex   1.732538e+01 7.000000e+00 -6.272475e+00
      vertex   -1.732538e+01 7.000000e+00 -6.272475e+00
      vertex   1.741747e+01 7.000000e+00 -6.075000e+00
    endloop
  endfacet
  facet normal 0.000000e+00 1.000000e+00 0.000000e+00
    outer loop
      vertex   1.741747e+01 7.000000e+00 -6.075000e+00
      vertex   -1.732538e+01 7.000000e+00 -6.272475e+00
      vertex   -1.741747e+01 7.000000e+00 -6.075000e+00
    endloop
  endfacet
  facet normal 0.000000e+00 1.000000e+00 -0.000000e+00
    outer loop
      vertex   1.741747e+01 7.000000e+00 -6.075000e+00
      vertex   -1.741747e+01 7.000000e+00 -6.075000e+00
      vertex   1.754244e+01 7.000000e+00 -5.896515e+00
    endloop
  endfacet
  facet normal 0.000000e+00 1.000000e+00 0.000000e+00
    outer loop
      vertex   1.754244e+01 7.000000e+00 -5.896515e+00
      vertex   -1.741747e+01 7.000000e+00 -6.075000e+00
      vertex   -1.754244e+01 7.000000e+00 -5.896515e+00
    endloop
  endfacet
  facet normal 0.000000e+00 1.000000e+00 -0.000000e+00
    outer loop
      vertex   1.754244e+01 7.000000e+00 -5.896515e+00
      vertex   -1.754244e+01 7.000000e+00 -5.896515e+00
      vertex   1.769652e+01 7.000000e+00 -5.742444e+00
    endloop
  endfacet
  facet normal 0.000000e+00 1.000000e+00 0.000000e+00
    outer loop
      vertex   1.769652e+01 7.000000e+00 -5.742444e+00
      vertex   -1.754244e+01 7.000000e+00 -5.896515e+00
      vertex   -1.769652e+01 7.000000e+00 -5.742444e+00
    endloop
  endfacet
  facet normal 0.000000e+00 1.000000e+00 -0.000000e+00
    outer loop
      vertex   1.769652e+01 7.000000e+00 -5.742444e+00
      vertex   -1.769652e+01 7.000000e+00 -5.742444e+00
      vertex   1.787500e+01 7.000000e+00 -5.617468e+00
    endloop
  endfacet
  facet normal 0.000000e+00 1.000000e+00 0.000000e+00
    outer loop
      vertex   1.787500e+01 7.000000e+00 -5.617468e+00
      vertex   -1.769652e+01 7.000000e+00 -5.742444e+00
      vertex   -1.787500e+01 7.000000e+00 -5.617468e+00
    endloop
  endfacet
  facet normal 0.000000e+00 1.000000e+00 -0.000000e+00
    outer loop
      vertex   1.787500e+01 7.000000e+00 -5.617468e+00
      vertex   -1.787500e+01 7.000000e+00 -5.617468e+00
      vertex   1.807247e+01 7.000000e+00 -5.525384e+00
    endloop
  endfacet
  facet normal 0.000000e+00 1.000000e+00 0.000000e+00
    outer loop
      vertex   1.807247e+01 7.000000e+00 -5.525384e+00
      vertex   -1.787500e+01 7.000000e+00 -5.617468e+00
      vertex   -1.807247e+01 7.000000e+00 -5.525384e+00
    endloop
  endfacet
  facet normal 0.000000e+00 1.000000e+00 -0.000000e+00
    outer loop
      vertex   1.807247e+01 7.000000e+00 -5.525384e+00
      vertex   -1.807247e+01 7.000000e+00 -5.525384e+00
      vertex   1.828294e+01 7.000000e+00 -5.468990e+00
    endloop
  endfacet
  facet normal 0.000000e+00 1.000000e+00 0.000000e+00
    outer loop
      vertex   1.828294e+01 7.000000e+00 -5.468990e+00
      vertex   -1.807247e+01 7.000000e+00 -5.525384e+00
      vertex   -1.828294e+01 7.000000e+00 -5.468990e+00
    endloop
  endfacet
  facet normal 6.508959e-31 1.000000e+00 7.051861e-16
    outer loop
      vertex   1.828294e+01 7.000000e+00 -5.468990e+00
      vertex   -1.828294e+01 7.000000e+00 -5.468990e+00
      vertex   2.345149e+01 7.000000e+00 -2.950000e+00
    endloop
  endfacet
  facet normal 6.009191e-31 1.000000e+00 7.051861e-16
    outer loop
      vertex   2.345149e+01 7.000000e+00 -2.950000e+00
      vertex   -1.828294e+01 7.000000e+00 -5.468990e+00
      vertex   -2.345149e+01 7.000000e+00 -2.950000e+00
    endloop
  endfacet
  facet normal 7.519403e-17 1.000000e+00 8.594717e-16
    outer loop
      vertex   -2.345149e+01 7.000000e+00 -2.950000e+00
      vertex   -1.828294e+01 7.000000e+00 -5.468990e+00
      vertex   -1.850000e+01 7.000000e+00 -5.450000e+00
    endloop
  endfacet
  facet normal -5.298348e-17 1.000000e+00 6.056039e-16
    outer loop
      vertex   -2.345149e+01 7.000000e+00 -2.950000e+00
      vertex   -1.850000e+01 7.000000e+00 -5.450000e+00
      vertex   -1.871706e+01 7.000000e+00 -5.468990e+00
    endloop
  endfacet
  facet normal 0.000000e+00 1.000000e+00 0.000000e+00
    outer loop
      vertex   -1.726899e+01 7.000000e+00 -6.917060e+00
      vertex   1.726899e+01 7.000000e+00 -6.917060e+00
      vertex   -1.732538e+01 7.000000e+00 -7.127525e+00
    endloop
  endfacet
  facet normal -0.000000e+00 1.000000e+00 0.000000e+00
    outer loop
      vertex   -1.732538e+01 7.000000e+00 -7.127525e+00
      vertex   1.726899e+01 7.000000e+00 -6.917060e+00
      vertex   1.732538e+01 7.000000e+00 -7.127525e+00
    endloop
  endfacet
  facet normal 0.000000e+00 1.000000e+00 0.000000e+00
    outer loop
      vertex   -1.732538e+01 7.000000e+00 -7.127525e+00
      vertex   1.732538e+01 7.000000e+00 -7.127525e+00
      vertex   -1.741747e+01 7.000000e+00 -7.325000e+00
    endloop
  endfacet
  facet normal -0.000000e+00 1.000000e+00 0.000000e+00
    outer loop
      vertex   -1.741747e+01 7.000000e+00 -7.325000e+00
      vertex   1.732538e+01 7.000000e+00 -7.127525e+00
      vertex   1.741747e+01 7.000000e+00 -7.325000e+00
    endloop
  endfacet
  facet normal 0.000000e+00 1.000000e+00 0.000000e+00
    outer loop
      vertex   -1.741747e+01 7.000000e+00 -7.325000e+00
      vertex   1.741747e+01 7.000000e+00 -7.325000e+00
      vertex   -1.754244e+01 7.000000e+00 -7.503485e+00
    endloop
  endfacet
  facet normal -0.000000e+00 1.000000e+00 0.000000e+00
    outer loop
      vertex   -1.754244e+01 7.000000e+00 -7.503485e+00
      vertex   1.741747e+01 7.000000e+00 -7.325000e+00
      vertex   1.754244e+01 7.000000e+00 -7.503485e+00
    endloop
  endfacet
  facet normal 0.000000e+00 1.000000e+00 0.000000e+00
    outer loop
      vertex   -1.754244e+01 7.000000e+00 -7.503485e+00
      vertex   1.754244e+01 7.000000e+00 -7.503485e+00
      vertex   -1.769652e+01 7.000000e+00 -7.657556e+00
    endloop
  endfacet
  facet normal -0.000000e+00 1.000000e+00 0.000000e+00
    outer loop
      vertex   -1.769652e+01 7.000000e+00 -7.657556e+00
      vertex   1.754244e+01 7.000000e+00 -7.503485e+00
      vertex   1.769652e+01 7.000000e+00 -7.657556e+00
    endloop
  endfacet
  facet normal 0.000000e+00 1.000000e+00 0.000000e+00
    outer loop
      vertex   -1.769652e+01 7.000000e+00 -7.657556e+00
      vertex   1.769652e+01 7.000000e+00 -7.657556e+00
      vertex   -1.787500e+01 7.000000e+00 -7.782532e+00
    endloop
  endfacet
  facet normal -0.000000e+00 1.000000e+00 0.000000e+00
    outer loop
      vertex   -1.787500e+01 7.000000e+00 -7.782532e+00
      vertex   1.769652e+01 7.000000e+00 -7.657556e+00
      vertex   1.787500e+01 7.000000e+00 -7.782532e+00
    endloop
  endfacet
  facet normal 0.000000e+00 1.000000e+00 0.000000e+00
    outer loop
      vertex   -1.787500e+01 7.000000e+00 -7.782532e+00
      vertex   1.787500e+01 7.000000e+00 -7.782532e+00
      vertex   -1.807247e+01 7.000000e+00 -7.874616e+00
    endloop
  endfacet
  facet normal -0.000000e+00 1.000000e+00 0.000000e+00
    outer loop
      vertex   -1.807247e+01 7.000000e+00 -7.874616e+00
      vertex   1.787500e+01 7.000000e+00 -7.782532e+00
      vertex   1.807247e+01 7.000000e+00 -7.874616e+00
    endloop
  endfacet
  facet normal 0.000000e+00 1.000000e+00 0.000000e+00
    outer loop
      vertex   -1.807247e+01 7.000000e+00 -7.874616e+00
      vertex   1.807247e+01 7.000000e+00 -7.874616e+00
      vertex   -1.828294e+01 7.000000e+00 -7.931010e+00
    endloop
  endfacet
  facet normal -0.000000e+00 1.000000e+00 0.000000e+00
    outer loop
      vertex   -1.828294e+01 7.000000e+00 -7.931010e+00
      vertex   1.807247e+01 7.000000e+00 -7.874616e+00
      vertex   1.828294e+01 7.000000e+00 -7.931010e+00
    endloop
  endfacet
  facet normal 3.193682e-31 1.000000e+00 3.371342e-16
    outer loop
      vertex   -1.828294e+01 7.000000e+00 -7.931010e+00
      vertex   1.828294e+01 7.000000e+00 -7.931010e+00
      vertex   -2.345149e+01 7.000000e+00 -1.320000e+01
    endloop
  endfacet
  facet normal 2.809023e-31 1.000000e+00 3.371342e-16
    outer loop
      vertex   -2.345149e+01 7.000000e+00 -1.320000e+01
      vertex   1.828294e+01 7.000000e+00 -7.931010e+00
      vertex   2.345149e+01 7.000000e+00 -1.320000e+01
    endloop
  endfacet
  facet normal 3.226438e-17 1.000000e+00 3.687835e-16
    outer loop
      vertex   2.345149e+01 7.000000e+00 -1.320000e+01
      vertex   1.828294e+01 7.000000e+00 -7.931010e+00
      vertex   1.850000e+01 7.000000e+00 -7.950000e+00
    endloop
  endfacet
  facet normal -2.734570e-17 1.000000e+00 3.125628e-16
    outer loop
      vertex   2.345149e+01 7.000000e+00 -1.320000e+01
      vertex   1.850000e+01 7.000000e+00 -7.950000e+00
      vertex   1.871706e+01 7.000000e+00 -7.931010e+00
    endloop
  endfacet
  facet normal -7.280578e-17 1.000000e+00 2.717149e-16
    outer loop
      vertex   1.871706e+01 7.000000e+00 -7.931010e+00
      vertex   1.892753e+01 7.000000e+00 -7.874616e+00
      vertex   2.345149e+01 7.000000e+00 -1.320000e+01
    endloop
  endfacet
  facet normal -1.114102e-16 1.000000e+00 2.389200e-16
    outer loop
      vertex   2.345149e+01 7.000000e+00 -1.320000e+01
      vertex   1.892753e+01 7.000000e+00 -7.874616e+00
      vertex   1.912500e+01 7.000000e+00 -7.782532e+00
    endloop
  endfacet
  facet normal -1.472513e-16 1.000000e+00 2.102967e-16
    outer loop
      vertex   2.345149e+01 7.000000e+00 -1.320000e+01
      vertex   1.912500e+01 7.000000e+00 -7.782532e+00
      vertex   1.930348e+01 7.000000e+00 -7.657556e+00
    endloop
  endfacet
  facet normal -1.833101e-16 1.000000e+00 1.833101e-16
    outer loop
      vertex   1.930348e+01 7.000000e+00 -7.657556e+00
      vertex   1.945756e+01 7.000000e+00 -7.503485e+00
      vertex   2.345149e+01 7.000000e+00 -1.320000e+01
    endloop
  endfacet
  facet normal -2.225265e-16 1.000000e+00 1.558147e-16
    outer loop
      vertex   2.345149e+01 7.000000e+00 -1.320000e+01
      vertex   1.945756e+01 7.000000e+00 -7.503485e+00
      vertex   1.958253e+01 7.000000e+00 -7.325000e+00
    endloop
  endfacet
  facet normal -2.687982e-16 1.000000e+00 1.253427e-16
    outer loop
      vertex   2.345149e+01 7.000000e+00 -1.320000e+01
      vertex   1.958253e+01 7.000000e+00 -7.325000e+00
      vertex   1.967462e+01 7.000000e+00 -7.127525e+00
    endloop
  endfacet
  facet normal 8.695042e-17 1.000000e+00 3.466062e-16
    outer loop
      vertex   2.345149e+01 7.000000e+00 -1.320000e+01
      vertex   1.967462e+01 7.000000e+00 -7.127525e+00
      vertex   2.345149e+01 7.000000e+00 -2.950000e+00
    endloop
  endfacet
  facet normal 6.684295e-16 1.000000e+00 -1.791051e-16
    outer loop
      vertex   2.345149e+01 7.000000e+00 -2.950000e+00
      vertex   1.967462e+01 7.000000e+00 -7.127525e+00
      vertex   1.973101e+01 7.000000e+00 -6.917060e+00
    endloop
  endfacet
  facet normal 5.265767e-16 1.000000e+00 -4.606949e-17
    outer loop
      vertex   2.345149e+01 7.000000e+00 -2.950000e+00
      vertex   1.973101e+01 7.000000e+00 -6.917060e+00
      vertex   1.975000e+01 7.000000e+00 -6.700000e+00
    endloop
  endfacet
  facet normal 4.408303e-16 1.000000e+00 3.856765e-17
    outer loop
      vertex   1.975000e+01 7.000000e+00 -6.700000e+00
      vertex   1.973101e+01 7.000000e+00 -6.482940e+00
      vertex   2.345149e+01 7.000000e+00 -2.950000e+00
    endloop
  endfacet
  facet normal 3.806103e-16 1.000000e+00 1.019842e-16
    outer loop
      vertex   2.345149e+01 7.000000e+00 -2.950000e+00
      vertex   1.973101e+01 7.000000e+00 -6.482940e+00
      vertex   1.967462e+01 7.000000e+00 -6.272475e+00
    endloop
  endfacet
  facet normal 3.335150e-16 1.000000e+00 1.555206e-16
    outer loop
      vertex   2.345149e+01 7.000000e+00 -2.950000e+00
      vertex   1.967462e+01 7.000000e+00 -6.272475e+00
      vertex   1.958253e+01 7.000000e+00 -6.075000e+00
    endloop
  endfacet
  facet normal 2.932683e-16 1.000000e+00 2.053487e-16
    outer loop
      vertex   1.958253e+01 7.000000e+00 -6.075000e+00
      vertex   1.945756e+01 7.000000e+00 -5.896515e+00
      vertex   2.345149e+01 7.000000e+00 -2.950000e+00
    endloop
  endfacet
  facet normal 2.559427e-16 1.000000e+00 2.559427e-16
    outer loop
      vertex   2.345149e+01 7.000000e+00 -2.950000e+00
      vertex   1.945756e+01 7.000000e+00 -5.896515e+00
      vertex   1.930348e+01 7.000000e+00 -5.742444e+00
    endloop
  endfacet
  facet normal 2.183322e-16 1.000000e+00 3.118107e-16
    outer loop
      vertex   2.345149e+01 7.000000e+00 -2.950000e+00
      vertex   1.930348e+01 7.000000e+00 -5.742444e+00
      vertex   1.912500e+01 7.000000e+00 -5.617468e+00
    endloop
  endfacet
  facet normal 1.768066e-16 1.000000e+00 3.791630e-16
    outer loop
      vertex   1.912500e+01 7.000000e+00 -5.617468e+00
      vertex   1.892753e+01 7.000000e+00 -5.525384e+00
      vertex   2.345149e+01 7.000000e+00 -2.950000e+00
    endloop
  endfacet
  facet normal 1.256670e-16 1.000000e+00 4.689956e-16
    outer loop
      vertex   2.345149e+01 7.000000e+00 -2.950000e+00
      vertex   1.892753e+01 7.000000e+00 -5.525384e+00
      vertex   1.871706e+01 7.000000e+00 -5.468990e+00
    endloop
  endfacet
  facet normal 5.298348e-17 1.000000e+00 6.056039e-16
    outer loop
      vertex   2.345149e+01 7.000000e+00 -2.950000e+00
      vertex   1.871706e+01 7.000000e+00 -5.468990e+00
      vertex   1.850000e+01 7.000000e+00 -5.450000e+00
    endloop
  endfacet
  facet normal -7.519403e-17 1.000000e+00 8.594717e-16
    outer loop
      vertex   1.850000e+01 7.000000e+00 -5.450000e+00
      vertex   1.828294e+01 7.000000e+00 -5.468990e+00
      vertex   2.345149e+01 7.000000e+00 -2.950000e+00
    endloop
  endfacet
  facet normal 6.734261e-15 1.000000e+00 7.594534e-15
    outer loop
      vertex   -1.973101e+01 7.000000e+00 -6.482940e+00
      vertex   -1.975000e+01 7.000000e+00 -6.700000e+00
      vertex   -2.345149e+01 7.000000e+00 -2.950000e+00
    endloop
  endfacet
  facet normal -1.015046e-14 1.000000e+00 -9.071755e-15
    outer loop
      vertex   -2.345149e+01 7.000000e+00 -2.950000e+00
      vertex   -1.975000e+01 7.000000e+00 -6.700000e+00
      vertex   -1.973101e+01 7.000000e+00 -6.917060e+00
    endloop
  endfacet
  facet normal -6.684295e-16 1.000000e+00 -1.791051e-16
    outer loop
      vertex   -2.345149e+01 7.000000e+00 -2.950000e+00
      vertex   -1.973101e+01 7.000000e+00 -6.917060e+00
      vertex   -1.967462e+01 7.000000e+00 -7.127525e+00
    endloop
  endfacet
  facet normal -8.695042e-17 1.000000e+00 3.466062e-16
    outer loop
      vertex   -2.345149e+01 7.000000e+00 -2.950000e+00
      vertex   -1.967462e+01 7.000000e+00 -7.127525e+00
      vertex   -2.345149e+01 7.000000e+00 -1.320000e+01
    endloop
  endfacet
  facet normal 2.687982e-16 1.000000e+00 1.253427e-16
    outer loop
      vertex   -2.345149e+01 7.000000e+00 -1.320000e+01
      vertex   -1.967462e+01 7.000000e+00 -7.127525e+00
      vertex   -1.958253e+01 7.000000e+00 -7.325000e+00
    endloop
  endfacet
  facet normal 2.225265e-16 1.000000e+00 1.558147e-16
    outer loop
      vertex   -2.345149e+01 7.000000e+00 -1.320000e+01
      vertex   -1.958253e+01 7.000000e+00 -7.325000e+00
      vertex   -1.945756e+01 7.000000e+00 -7.503485e+00
    endloop
  endfacet
  facet normal 1.833101e-16 1.000000e+00 1.833101e-16
    outer loop
      vertex   -1.945756e+01 7.000000e+00 -7.503485e+00
      vertex   -1.930348e+01 7.000000e+00 -7.657556e+00
      vertex   -2.345149e+01 7.000000e+00 -1.320000e+01
    endloop
  endfacet
  facet normal 1.472513e-16 1.000000e+00 2.102967e-16
    outer loop
      vertex   -2.345149e+01 7.000000e+00 -1.320000e+01
      vertex   -1.930348e+01 7.000000e+00 -7.657556e+00
      vertex   -1.912500e+01 7.000000e+00 -7.782532e+00
    endloop
  endfacet
  facet normal 1.114102e-16 1.000000e+00 2.389200e-16
    outer loop
      vertex   -2.345149e+01 7.000000e+00 -1.320000e+01
      vertex   -1.912500e+01 7.000000e+00 -7.782532e+00
      vertex   -1.892753e+01 7.000000e+00 -7.874616e+00
    endloop
  endfacet
  facet normal 7.280578e-17 1.000000e+00 2.717149e-16
    outer loop
      vertex   -1.892753e+01 7.000000e+00 -7.874616e+00
      vertex   -1.871706e+01 7.000000e+00 -7.931010e+00
      vertex   -2.345149e+01 7.000000e+00 -1.320000e+01
    endloop
  endfacet
  facet normal 2.734570e-17 1.000000e+00 3.125628e-16
    outer loop
      vertex   -2.345149e+01 7.000000e+00 -1.320000e+01
      vertex   -1.871706e+01 7.000000e+00 -7.931010e+00
      vertex   -1.850000e+01 7.000000e+00 -7.950000e+00
    endloop
  endfacet
  facet normal -3.226438e-17 1.000000e+00 3.687835e-16
    outer loop
      vertex   -2.345149e+01 7.000000e+00 -1.320000e+01
      vertex   -1.850000e+01 7.000000e+00 -7.950000e+00
      vertex   -1.828294e+01 7.000000e+00 -7.931010e+00
    endloop
  endfacet
  facet normal -1.256670e-16 1.000000e+00 4.689956e-16
    outer loop
      vertex   -1.871706e+01 7.000000e+00 -5.468990e+00
      vertex   -1.892753e+01 7.000000e+00 -5.525384e+00
      vertex   -2.345149e+01 7.000000e+00 -2.950000e+00
    endloop
  endfacet
  facet normal -1.768066e-16 1.000000e+00 3.791630e-16
    outer loop
      vertex   -2.345149e+01 7.000000e+00 -2.950000e+00
      vertex   -1.892753e+01 7.000000e+00 -5.525384e+00
      vertex   -1.912500e+01 7.000000e+00 -5.617468e+00
    endloop
  endfacet
  facet normal -2.183322e-16 1.000000e+00 3.118107e-16
    outer loop
      vertex   -2.345149e+01 7.000000e+00 -2.950000e+00
      vertex   -1.912500e+01 7.000000e+00 -5.617468e+00
      vertex   -1.930348e+01 7.000000e+00 -5.742444e+00
    endloop
  endfacet
  facet normal -2.559427e-16 1.000000e+00 2.559427e-16
    outer loop
      vertex   -1.930348e+01 7.000000e+00 -5.742444e+00
      vertex   -1.945756e+01 7.000000e+00 -5.896515e+00
      vertex   -2.345149e+01 7.000000e+00 -2.950000e+00
    endloop
  endfacet
  facet normal -2.932683e-16 1.000000e+00 2.053487e-16
    outer loop
      vertex   -2.345149e+01 7.000000e+00 -2.950000e+00
      vertex   -1.945756e+01 7.000000e+00 -5.896515e+00
      vertex   -1.958253e+01 7.000000e+00 -6.075000e+00
    endloop
  endfacet
  facet normal -3.335150e-16 1.000000e+00 1.555206e-16
    outer loop
      vertex   -2.345149e+01 7.000000e+00 -2.950000e+00
      vertex   -1.958253e+01 7.000000e+00 -6.075000e+00
      vertex   -1.967462e+01 7.000000e+00 -6.272475e+00
    endloop
  endfacet
  facet normal -3.806103e-16 1.000000e+00 1.019842e-16
    outer loop
      vertex   -1.967462e+01 7.000000e+00 -6.272475e+00
      vertex   -1.973101e+01 7.000000e+00 -6.482940e+00
      vertex   -2.345149e+01 7.000000e+00 -2.950000e+00
    endloop
  endfacet
  facet normal 8.521427e-16 -4.048558e-16 1.000000e+00
    outer loop
      vertex   -2.345149e+01 7.000000e+00 -2.950000e+00
      vertex   2.415680e+01 3.000000e+00 -2.950000e+00
      vertex   2.345149e+01 7.000000e+00 -2.950000e+00
    endloop
  endfacet
  facet normal 8.561317e-16 -4.041524e-16 1.000000e+00
    outer loop
      vertex   2.345149e+01 7.000000e+00 -2.950000e+00
      vertex   2.415680e+01 3.000000e+00 -2.950000e+00
      vertex   6.800000e+01 1.895762e+01 -2.950000e+00
    endloop
  endfacet
  facet normal 9.268956e-16 -6.677857e-16 1.000000e+00
    outer loop
      vertex   2.345149e+01 7.000000e+00 -2.950000e+00
      vertex   6.800000e+01 1.895762e+01 -2.950000e+00
      vertex   5.916869e+01 2.000000e+01 -2.950000e+00
    endloop
  endfacet
  facet normal 1.005716e-15 0.000000e+00 1.000000e+00
    outer loop
      vertex   5.916869e+01 2.000000e+01 -2.950000e+00
      vertex   6.800000e+01 1.895762e+01 -2.950000e+00
      vertex   6.800000e+01 2.000000e+01 -2.950000e+00
    endloop
  endfacet
  facet normal 8.131537e-16 -4.987353e-16 1.000000e+00
    outer loop
      vertex   -5.916869e+01 2.000000e+01 -2.950000e+00
      vertex   -6.800000e+01 1.895762e+01 -2.950000e+00
      vertex   -2.345149e+01 7.000000e+00 -2.950000e+00
    endloop
  endfacet
  facet normal 9.042268e-16 -1.594396e-16 1.000000e+00
    outer loop
      vertex   -2.345149e+01 7.000000e+00 -2.950000e+00
      vertex   -6.800000e+01 1.895762e+01 -2.950000e+00
      vertex   -2.415680e+01 3.000000e+00 -2.950000e+00
    endloop
  endfacet
  facet normal 8.732216e-16 -1.539725e-16 1.000000e+00
    outer loop
      vertex   -2.345149e+01 7.000000e+00 -2.950000e+00
      vertex   -2.415680e+01 3.000000e+00 -2.950000e+00
      vertex   2.415680e+01 3.000000e+00 -2.950000e+00
    endloop
  endfacet
  facet normal 7.542869e-16 0.000000e+00 1.000000e+00
    outer loop
      vertex   -5.916869e+01 2.000000e+01 -2.950000e+00
      vertex   -6.800000e+01 2.000000e+01 -2.950000e+00
      vertex   -6.800000e+01 1.895762e+01 -2.950000e+00
    endloop
  endfacet
  facet normal -2.922204e-14 1.492867e-13 1.000000e+00
    outer loop
      vertex   -1.119906e+01 9.481637e+00 -1.320000e+01
      vertex   -1.173333e+01 9.531743e+00 -1.320000e+01
      vertex   -2.345149e+01 7.000000e+00 -1.320000e+01
    endloop
  endfacet
  facet normal -1.066051e-15 1.896689e-14 1.000000e+00
    outer loop
      vertex   -2.345149e+01 7.000000e+00 -1.320000e+01
      vertex   -1.173333e+01 9.531743e+00 -1.320000e+01
      vertex   -1.387765e+01 9.879498e+00 -1.320000e+01
    endloop
  endfacet
  facet normal 1.796827e-15 9.448313e-15 1.000000e+00
    outer loop
      vertex   -2.345149e+01 7.000000e+00 -1.320000e+01
      vertex   -1.387765e+01 9.879498e+00 -1.320000e+01
      vertex   -1.601174e+01 1.028535e+01 -1.320000e+01
    endloop
  endfacet
  facet normal 1.975653e-15 9.043357e-15 1.000000e+00
    outer loop
      vertex   -1.601174e+01 1.028535e+01 -1.320000e+01
      vertex   -1.813402e+01 1.074899e+01 -1.320000e+01
      vertex   -2.345149e+01 7.000000e+00 -1.320000e+01
    endloop
  endfacet
  facet normal 2.167358e-15 8.771447e-15 1.000000e+00
    outer loop
      vertex   -2.345149e+01 7.000000e+00 -1.320000e+01
      vertex   -1.813402e+01 1.074899e+01 -1.320000e+01
      vertex   -2.024293e+01 1.127009e+01 -1.320000e+01
    endloop
  endfacet
  facet normal 2.378131e-15 8.613072e-15 1.000000e+00
    outer loop
      vertex   -2.345149e+01 7.000000e+00 -1.320000e+01
      vertex   -2.024293e+01 1.127009e+01 -1.320000e+01
      vertex   -2.233692e+01 1.184825e+01 -1.320000e+01
    endloop
  endfacet
  facet normal 2.615164e-15 8.558580e-15 1.000000e+00
    outer loop
      vertex   -2.233692e+01 1.184825e+01 -1.320000e+01
      vertex   -2.441443e+01 1.248306e+01 -1.320000e+01
      vertex   -2.345149e+01 7.000000e+00 -1.320000e+01
    endloop
  endfacet
  facet normal 2.887508e-15 8.606409e-15 1.000000e+00
    outer loop
      vertex   -2.345149e+01 7.000000e+00 -1.320000e+01
      vertex   -2.441443e+01 1.248306e+01 -1.320000e+01
      vertex   -2.647394e+01 1.317404e+01 -1.320000e+01
    endloop
  endfacet
  facet normal 3.207272e-15 8.762947e-15 1.000000e+00
    outer loop
      vertex   -2.345149e+01 7.000000e+00 -1.320000e+01
      vertex   -2.647394e+01 1.317404e+01 -1.320000e+01
      vertex   -2.851393e+01 1.392068e+01 -1.320000e+01
    endloop
  endfacet
  facet normal 6.071602e-15 1.085819e-14 1.000000e+00
    outer loop
      vertex   -2.851393e+01 1.392068e+01 -1.320000e+01
      vertex   -3.053290e+01 1.472244e+01 -1.320000e+01
      vertex   -2.345149e+01 7.000000e+00 -1.320000e+01
    endloop
  endfacet
  facet normal 4.383230e-15 9.309968e-15 1.000000e+00
    outer loop
      vertex   -2.345149e+01 7.000000e+00 -1.320000e+01
      vertex   -3.053290e+01 1.472244e+01 -1.320000e+01
      vertex   -5.916869e+01 2.000000e+01 -1.320000e+01
    endloop
  endfacet
  facet normal 4.677212e-15 1.090510e-14 1.000000e+00
    outer loop
      vertex   -5.916869e+01 2.000000e+01 -1.320000e+01
      vertex   -3.053290e+01 1.472244e+01 -1.320000e+01
      vertex   -3.252935e+01 1.557872e+01 -1.320000e+01
    endloop
  endfacet
  facet normal -3.615863e-15 -3.906279e-14 1.000000e+00
    outer loop
      vertex   -5.916869e+01 2.000000e+01 -1.320000e+01
      vertex   -3.252935e+01 1.557872e+01 -1.320000e+01
      vertex   -3.450182e+01 1.648889e+01 -1.320000e+01
    endloop
  endfacet
  facet normal 2.629903e-15 4.816102e-15 1.000000e+00
    outer loop
      vertex   -3.450182e+01 1.648889e+01 -1.320000e+01
      vertex   -3.497477e+01 1.674716e+01 -1.320000e+01
      vertex   -5.916869e+01 2.000000e+01 -1.320000e+01
    endloop
  endfacet
  facet normal 5.511675e-16 -1.064507e-14 1.000000e+00
    outer loop
      vertex   -5.916869e+01 2.000000e+01 -1.320000e+01
      vertex   -3.497477e+01 1.674716e+01 -1.320000e+01
      vertex   -4.950000e+01 2.000000e+01 -1.320000e+01
    endloop
  endfacet
  facet normal 4.329194e-15 6.225310e-15 1.000000e+00
    outer loop
      vertex   -4.950000e+01 2.000000e+01 -1.320000e+01
      vertex   -3.497477e+01 1.674716e+01 -1.320000e+01
      vertex   -3.541719e+01 1.705482e+01 -1.320000e+01
    endloop
  endfacet
  facet normal 3.986589e-15 4.587093e-15 1.000000e+00
    outer loop
      vertex   -4.950000e+01 2.000000e+01 -1.320000e+01
      vertex   -3.541719e+01 1.705482e+01 -1.320000e+01
      vertex   -3.582392e+01 1.740831e+01 -1.320000e+01
    endloop
  endfacet
  facet normal 3.781576e-15 3.505263e-15 1.000000e+00
    outer loop
      vertex   -3.582392e+01 1.740831e+01 -1.320000e+01
      vertex   -3.619026e+01 1.780352e+01 -1.320000e+01
      vertex   -4.950000e+01 2.000000e+01 -1.320000e+01
    endloop
  endfacet
  facet normal 2.410009e-14 1.266268e-13 1.000000e+00
    outer loop
      vertex   -4.950000e+01 2.000000e+01 -1.320000e+01
      vertex   -3.619026e+01 1.780352e+01 -1.320000e+01
      vertex   -4.918713e+01 2.002462e+01 -1.320000e+01
    endloop
  endfacet
  facet normal 2.014094e-15 -2.610184e-15 1.000000e+00
    outer loop
      vertex   -4.918713e+01 2.002462e+01 -1.320000e+01
      vertex   -3.619026e+01 1.780352e+01 -1.320000e+01
      vertex   -3.651193e+01 1.823585e+01 -1.320000e+01
    endloop
  endfacet
  facet normal 2.598196e-15 1.528762e-15 1.000000e+00
    outer loop
      vertex   -4.918713e+01 2.002462e+01 -1.320000e+01
      vertex   -3.651193e+01 1.823585e+01 -1.320000e+01
      vertex   -3.678520e+01 1.870030e+01 -1.320000e+01
    endloop
  endfacet
  facet normal 1.685335e-15 -7.019927e-15 1.000000e+00
    outer loop
      vertex   -4.918713e+01 2.002462e+01 -1.320000e+01
      vertex   -3.678520e+01 1.870030e+01 -1.320000e+01
      vertex   -4.888197e+01 2.009789e+01 -1.320000e+01
    endloop
  endfacet
  facet normal 2.633729e-15 1.188854e-15 1.000000e+00
    outer loop
      vertex   -4.888197e+01 2.009789e+01 -1.320000e+01
      vertex   -3.678520e+01 1.870030e+01 -1.320000e+01
      vertex   -3.700691e+01 1.919146e+01 -1.320000e+01
    endloop
  endfacet
  facet normal 2.147284e-15 -5.184003e-15 1.000000e+00
    outer loop
      vertex   -4.888197e+01 2.009789e+01 -1.320000e+01
      vertex   -3.700691e+01 1.919146e+01 -1.320000e+01
      vertex   -4.859202e+01 2.021799e+01 -1.320000e+01
    endloop
  endfacet
  facet normal 2.684447e-15 8.782503e-16 1.000000e+00
    outer loop
      vertex   -4.859202e+01 2.021799e+01 -1.320000e+01
      vertex   -3.700691e+01 1.919146e+01 -1.320000e+01
      vertex   -3.717447e+01 1.970362e+01 -1.320000e+01
    endloop
  endfacet
  facet normal 2.463756e-15 -4.020485e-15 1.000000e+00
    outer loop
      vertex   -4.859202e+01 2.021799e+01 -1.320000e+01
      vertex   -3.717447e+01 1.970362e+01 -1.320000e+01
      vertex   -4.832443e+01 2.038197e+01 -1.320000e+01
    endloop
  endfacet
  facet normal 2.743648e-15 5.800823e-16 1.000000e+00
    outer loop
      vertex   -4.832443e+01 2.038197e+01 -1.320000e+01
      vertex   -3.717447e+01 1.970362e+01 -1.320000e+01
      vertex   -3.728594e+01 2.023084e+01 -1.320000e+01
    endloop
  endfacet
  facet normal 2.692545e-15 -3.152565e-15 1.000000e+00
    outer loop
      vertex   -4.832443e+01 2.038197e+01 -1.320000e+01
      vertex   -3.728594e+01 2.023084e+01 -1.320000e+01
      vertex   -4.808579e+01 2.058579e+01 -1.320000e+01
    endloop
  endfacet
  facet normal 2.719812e-15 -2.322939e-15 1.000000e+00
    outer loop
      vertex   -4.808579e+01 2.058579e+01 -1.320000e+01
      vertex   -3.728594e+01 2.023084e+01 -1.320000e+01
      vertex   -4.788197e+01 2.082443e+01 -1.320000e+01
    endloop
  endfacet
  facet normal 2.866138e-15 2.891112e-16 1.000000e+00
    outer loop
      vertex   -4.788197e+01 2.082443e+01 -1.320000e+01
      vertex   -3.728594e+01 2.023084e+01 -1.320000e+01
      vertex   -3.734002e+01 2.076700e+01 -1.320000e+01
    endloop
  endfacet
  facet normal 2.855032e-15 -1.749566e-15 1.000000e+00
    outer loop
      vertex   -4.788197e+01 2.082443e+01 -1.320000e+01
      vertex   -3.734002e+01 2.076700e+01 -1.320000e+01
      vertex   -4.771799e+01 2.109202e+01 -1.320000e+01
    endloop
  endfacet
  facet normal 2.909161e-15 -2.122649e-17 1.000000e+00
    outer loop
      vertex   -4.771799e+01 2.109202e+01 -1.320000e+01
      vertex   -3.734002e+01 2.076700e+01 -1.320000e+01
      vertex   -3.733609e+01 2.130586e+01 -1.320000e+01
    endloop
  endfacet
  facet normal 2.933753e-15 -1.215200e-15 1.000000e+00
    outer loop
      vertex   -4.771799e+01 2.109202e+01 -1.320000e+01
      vertex   -3.733609e+01 2.130586e+01 -1.320000e+01
      vertex   -4.759789e+01 2.138197e+01 -1.320000e+01
    endloop
  endfacet
  facet normal 2.937536e-15 -7.052399e-16 1.000000e+00
    outer loop
      vertex   -4.759789e+01 2.138197e+01 -1.320000e+01
      vertex   -3.733609e+01 2.130586e+01 -1.320000e+01
      vertex   -4.752462e+01 2.168713e+01 -1.320000e+01
    endloop
  endfacet
  facet normal 2.951156e-15 -3.412576e-16 1.000000e+00
    outer loop
      vertex   -4.752462e+01 2.168713e+01 -1.320000e+01
      vertex   -3.733609e+01 2.130586e+01 -1.320000e+01
      vertex   -3.727419e+01 2.184117e+01 -1.320000e+01
    endloop
  endfacet
  facet normal 3.291203e-15 -2.296958e-14 1.000000e+00
    outer loop
      vertex   -4.752462e+01 2.168713e+01 -1.320000e+01
      vertex   -3.727419e+01 2.184117e+01 -1.320000e+01
      vertex   -4.750000e+01 2.200000e+01 -1.320000e+01
    endloop
  endfacet
  facet normal 3.635173e-15 -8.241684e-16 1.000000e+00
    outer loop
      vertex   -4.750000e+01 2.200000e+01 -1.320000e+01
      vertex   -3.727419e+01 2.184117e+01 -1.320000e+01
      vertex   -3.715504e+01 2.236671e+01 -1.320000e+01
    endloop
  endfacet
  facet normal 3.650393e-15 -1.253529e-15 1.000000e+00
    outer loop
      vertex   -4.750000e+01 2.200000e+01 -1.320000e+01
      vertex   -3.715504e+01 2.236671e+01 -1.320000e+01
      vertex   -3.698002e+01 2.287637e+01 -1.320000e+01
    endloop
  endfacet
  facet normal 3.690168e-15 -1.730982e-15 1.000000e+00
    outer loop
      vertex   -3.698002e+01 2.287637e+01 -1.320000e+01
      vertex   -3.675117e+01 2.336424e+01 -1.320000e+01
      vertex   -4.750000e+01 2.200000e+01 -1.320000e+01
    endloop
  endfacet
  facet normal 3.760781e-15 -2.287344e-15 1.000000e+00
    outer loop
      vertex   -4.750000e+01 2.200000e+01 -1.320000e+01
      vertex   -3.675117e+01 2.336424e+01 -1.320000e+01
      vertex   -3.647115e+01 2.382465e+01 -1.320000e+01
    endloop
  endfacet
  facet normal 3.086724e-15 1.786909e-15 1.000000e+00
    outer loop
      vertex   -4.750000e+01 2.200000e+01 -1.320000e+01
      vertex   -3.647115e+01 2.382465e+01 -1.320000e+01
      vertex   -3.614320e+01 2.425225e+01 -1.320000e+01
    endloop
  endfacet
  facet normal 4.244501e-15 -4.051106e-15 1.000000e+00
    outer loop
      vertex   -3.614320e+01 2.425225e+01 -1.320000e+01
      vertex   -3.577114e+01 2.464207e+01 -1.320000e+01
      vertex   -4.750000e+01 2.200000e+01 -1.320000e+01
    endloop
  endfacet
  facet normal 3.481995e-15 -6.661338e-16 1.000000e+00
    outer loop
      vertex   -4.750000e+01 2.200000e+01 -1.320000e+01
      vertex   -3.577114e+01 2.464207e+01 -1.320000e+01
      vertex   -4.750000e+01 3.000000e+01 -1.320000e+01
    endloop
  endfacet
  facet normal 2.456425e-15 -2.911172e-15 1.000000e+00
    outer loop
      vertex   -4.750000e+01 3.000000e+01 -1.320000e+01
      vertex   -3.577114e+01 2.464207e+01 -1.320000e+01
      vertex   -3.535929e+01 2.498958e+01 -1.320000e+01
    endloop
  endfacet
  facet normal 2.268686e-15 -3.366080e-15 1.000000e+00
    outer loop
      vertex   -4.750000e+01 3.000000e+01 -1.320000e+01
      vertex   -3.535929e+01 2.498958e+01 -1.320000e+01
      vertex   -3.491244e+01 2.529076e+01 -1.320000e+01
    endloop
  endfacet
  facet normal 2.063713e-15 -3.913965e-15 1.000000e+00
    outer loop
      vertex   -3.491244e+01 2.529076e+01 -1.320000e+01
      vertex   -3.443576e+01 2.554209e+01 -1.320000e+01
      vertex   -4.750000e+01 3.000000e+01 -1.320000e+01
    endloop
  endfacet
  facet normal 1.826753e-15 -4.608392e-15 1.000000e+00
    outer loop
      vertex   -4.750000e+01 3.000000e+01 -1.320000e+01
      vertex   -3.443576e+01 2.554209e+01 -1.320000e+01
      vertex   -3.393481e+01 2.574067e+01 -1.320000e+01
    endloop
  endfacet
  facet normal 5.170649e-15 6.041310e-15 1.000000e+00
    outer loop
      vertex   -4.750000e+01 3.000000e+01 -1.320000e+01
      vertex   -3.393481e+01 2.574067e+01 -1.320000e+01
      vertex   -3.341539e+01 2.588418e+01 -1.320000e+01
    endloop
  endfacet
  facet normal 1.220111e-15 -7.477698e-15 1.000000e+00
    outer loop
      vertex   -3.341539e+01 2.588418e+01 -1.320000e+01
      vertex   -3.288355e+01 2.597096e+01 -1.320000e+01
      vertex   -4.750000e+01 3.000000e+01 -1.320000e+01
    endloop
  endfacet
  facet normal -4.639497e-14 -1.802146e-13 1.000000e+00
    outer loop
      vertex   -4.750000e+01 3.000000e+01 -1.320000e+01
      vertex   -3.288355e+01 2.597096e+01 -1.320000e+01
      vertex   -3.234545e+01 2.600000e+01 -1.320000e+01
    endloop
  endfacet
  facet normal 1.483810e-15 1.180725e-15 1.000000e+00
    outer loop
      vertex   -4.750000e+01 3.000000e+01 -1.320000e+01
      vertex   -3.234545e+01 2.600000e+01 -1.320000e+01
      vertex   -4.550000e+01 3.200000e+01 -1.320000e+01
    endloop
  endfacet
  facet normal 7.998633e-16 -3.187765e-16 1.000000e+00
    outer loop
      vertex   -4.550000e+01 3.200000e+01 -1.320000e+01
      vertex   -3.234545e+01 2.600000e+01 -1.320000e+01
      vertex   -7.745967e+00 3.200000e+01 -1.320000e+01
    endloop
  endfacet
  facet normal 8.321944e-16 -4.513314e-16 1.000000e+00
    outer loop
      vertex   -7.745967e+00 3.200000e+01 -1.320000e+01
      vertex   -3.234545e+01 2.600000e+01 -1.320000e+01
      vertex   -1.100000e+01 2.600000e+01 -1.320000e+01
    endloop
  endfacet
  facet normal 7.962032e-16 -4.318119e-16 1.000000e+00
    outer loop
      vertex   -7.745967e+00 3.200000e+01 -1.320000e+01
      vertex   -1.100000e+01 2.600000e+01 -1.320000e+01
      vertex   -2.048124e+00 3.016487e+01 -1.320000e+01
    endloop
  endfacet
  facet normal 4.015351e-16 4.164779e-16 1.000000e+00
    outer loop
      vertex   -2.048124e+00 3.016487e+01 -1.320000e+01
      vertex   -1.100000e+01 2.600000e+01 -1.320000e+01
      vertex   -1.759101e+00 2.988622e+01 -1.320000e+01
    endloop
  endfacet
  facet normal 3.631928e-16 5.076506e-16 1.000000e+00
    outer loop
      vertex   -1.759101e+00 2.988622e+01 -1.320000e+01
      vertex   -1.100000e+01 2.600000e+01 -1.320000e+01
      vertex   -1.432586e+00 2.965262e+01 -1.320000e+01
    endloop
  endfacet
  facet normal 2.439704e-15 -4.931418e-15 1.000000e+00
    outer loop
      vertex   -1.432586e+00 2.965262e+01 -1.320000e+01
      vertex   -1.100000e+01 2.600000e+01 -1.320000e+01
      vertex   -1.075538e+00 2.946905e+01 -1.320000e+01
    endloop
  endfacet
  facet normal 1.487162e-14 -4.049740e-14 1.000000e+00
    outer loop
      vertex   -1.075538e+00 2.946905e+01 -1.320000e+01
      vertex   -1.100000e+01 2.600000e+01 -1.320000e+01
      vertex   -1.047736e+01 2.597261e+01 -1.320000e+01
    endloop
  endfacet
  facet normal -9.039654e-17 -2.649739e-16 1.000000e+00
    outer loop
      vertex   -1.075538e+00 2.946905e+01 -1.320000e+01
      vertex   -1.047736e+01 2.597261e+01 -1.320000e+01
      vertex   -6.955668e-01 2.933942e+01 -1.320000e+01
    endloop
  endfacet
  facet normal -5.722984e-17 -3.613350e-16 1.000000e+00
    outer loop
      vertex   -6.955668e-01 2.933942e+01 -1.320000e+01
      vertex   -1.047736e+01 2.597261e+01 -1.320000e+01
      vertex   -9.960442e+00 2.589074e+01 -1.320000e+01
    endloop
  endfacet
  facet normal -6.358727e-17 -3.442558e-16 1.000000e+00
    outer loop
      vertex   -6.955668e-01 2.933942e+01 -1.320000e+01
      vertex   -9.960442e+00 2.589074e+01 -1.320000e+01
      vertex   -3.007708e-01 2.926650e+01 -1.320000e+01
    endloop
  endfacet
  facet normal -7.980694e-17 -2.978435e-16 1.000000e+00
    outer loop
      vertex   -3.007708e-01 2.926650e+01 -1.320000e+01
      vertex   -9.960442e+00 2.589074e+01 -1.320000e+01
      vertex   -9.454915e+00 2.575528e+01 -1.320000e+01
    endloop
  endfacet
  facet normal -9.706247e-17 -2.528564e-16 1.000000e+00
    outer loop
      vertex   -3.007708e-01 2.926650e+01 -1.320000e+01
      vertex   -9.454915e+00 2.575528e+01 -1.320000e+01
      vertex   -8.966317e+00 2.556773e+01 -1.320000e+01
    endloop
  endfacet
  facet normal 2.089832e-16 4.101525e-16 1.000000e+00
    outer loop
      vertex   -8.500000e+00 2.533013e+01 -1.320000e+01
      vertex   8.500000e+00 2.533013e+01 -1.320000e+01
      vertex   -8.966317e+00 2.556773e+01 -1.320000e+01
    endloop
  endfacet
  facet normal 1.981144e-16 -3.888215e-16 1.000000e+00
    outer loop
      vertex   -8.966317e+00 2.556773e+01 -1.320000e+01
      vertex   8.500000e+00 2.533013e+01 -1.320000e+01
      vertex   8.966317e+00 2.556773e+01 -1.320000e+01
    endloop
  endfacet
  facet normal 1.981144e-16 -9.697360e-16 1.000000e+00
    outer loop
      vertex   -8.966317e+00 2.556773e+01 -1.320000e+01
      vertex   8.966317e+00 2.556773e+01 -1.320000e+01
      vertex   1.004356e-01 2.925183e+01 -1.320000e+01
    endloop
  endfacet
  facet normal 2.886303e-16 -7.519077e-16 1.000000e+00
    outer loop
      vertex   1.004356e-01 2.925183e+01 -1.320000e+01
      vertex   8.966317e+00 2.556773e+01 -1.320000e+01
      vertex   9.454915e+00 2.575528e+01 -1.320000e+01
    endloop
  endfacet
  facet normal 1.295593e-16 -1.177477e-15 1.000000e+00
    outer loop
      vertex   1.004356e-01 2.925183e+01 -1.320000e+01
      vertex   9.454915e+00 2.575528e+01 -1.320000e+01
      vertex   4.995013e-01 2.929574e+01 -1.320000e+01
    endloop
  endfacet
  facet normal 2.403883e-16 -8.971412e-16 1.000000e+00
    outer loop
      vertex   4.995013e-01 2.929574e+01 -1.320000e+01
      vertex   9.454915e+00 2.575528e+01 -1.320000e+01
      vertex   9.960442e+00 2.589074e+01 -1.320000e+01
    endloop
  endfacet
  facet normal 1.721315e-16 -1.086795e-15 1.000000e+00
    outer loop
      vertex   4.995013e-01 2.929574e+01 -1.320000e+01
      vertex   9.960442e+00 2.589074e+01 -1.320000e+01
      vertex   1.047736e+01 2.597261e+01 -1.320000e+01
    endloop
  endfacet
  facet normal 2.089832e-16 -3.218058e-16 1.000000e+00
    outer loop
      vertex   8.500000e+00 2.533013e+01 -1.320000e+01
      vertex   -8.500000e+00 2.533013e+01 -1.320000e+01
      vertex   8.061074e+00 2.504508e+01 -1.320000e+01
    endloop
  endfacet
  facet normal 0.000000e+00 -1.246382e-14 1.000000e+00
    outer loop
      vertex   8.061074e+00 2.504508e+01 -1.320000e+01
      vertex   -8.500000e+00 2.533013e+01 -1.320000e+01
      vertex   -8.061074e+00 2.504508e+01 -1.320000e+01
    endloop
  endfacet
  facet normal 0.000000e+00 0.000000e+00 1.000000e+00
    outer loop
      vertex   8.061074e+00 2.504508e+01 -1.320000e+01
      vertex   -8.061074e+00 2.504508e+01 -1.320000e+01
      vertex   7.654347e+00 2.471572e+01 -1.320000e+01
    endloop
  endfacet
  facet normal 0.000000e+00 0.000000e+00 1.000000e+00
    outer loop
      vertex   7.654347e+00 2.471572e+01 -1.320000e+01
      vertex   -8.061074e+00 2.504508e+01 -1.320000e+01
      vertex   -7.654347e+00 2.471572e+01 -1.320000e+01
    endloop
  endfacet
  facet normal 0.000000e+00 0.000000e+00 1.000000e+00
    outer loop
      vertex   7.654347e+00 2.471572e+01 -1.320000e+01
      vertex   -7.654347e+00 2.471572e+01 -1.320000e+01
      vertex   7.284276e+00 2.434565e+01 -1.320000e+01
    endloop
  endfacet
  facet normal 0.000000e+00 0.000000e+00 1.000000e+00
    outer loop
      vertex   7.284276e+00 2.434565e+01 -1.320000e+01
      vertex   -7.654347e+00 2.471572e+01 -1.320000e+01
      vertex   -7.284276e+00 2.434565e+01 -1.320000e+01
    endloop
  endfacet
  facet normal 0.000000e+00 0.000000e+00 1.000000e+00
    outer loop
      vertex   7.284276e+00 2.434565e+01 -1.320000e+01
      vertex   -7.284276e+00 2.434565e+01 -1.320000e+01
      vertex   6.954915e+00 2.393893e+01 -1.320000e+01
    endloop
  endfacet
  facet normal 0.000000e+00 0.000000e+00 1.000000e+00
    outer loop
      vertex   6.954915e+00 2.393893e+01 -1.320000e+01
      vertex   -7.284276e+00 2.434565e+01 -1.320000e+01
      vertex   -6.954915e+00 2.393893e+01 -1.320000e+01
    endloop
  endfacet
  facet normal 0.000000e+00 0.000000e+00 1.000000e+00
    outer loop
      vertex   6.954915e+00 2.393893e+01 -1.320000e+01
      vertex   -6.954915e+00 2.393893e+01 -1.320000e+01
      vertex   6.669873e+00 2.350000e+01 -1.320000e+01
    endloop
  endfacet
  facet normal -1.331627e-16 -4.133528e-15 1.000000e+00
    outer loop
      vertex   6.669873e+00 2.350000e+01 -1.320000e+01
      vertex   -6.954915e+00 2.393893e+01 -1.320000e+01
      vertex   -6.669873e+00 2.350000e+01 -1.320000e+01
    endloop
  endfacet
  facet normal -1.331627e-16 6.784979e-17 1.000000e+00
    outer loop
      vertex   6.669873e+00 2.350000e+01 -1.320000e+01
      vertex   -6.669873e+00 2.350000e+01 -1.320000e+01
      vertex   6.432273e+00 2.303368e+01 -1.320000e+01
    endloop
  endfacet
  facet normal -1.380816e-16 -7.035608e-17 1.000000e+00
    outer loop
      vertex   6.432273e+00 2.303368e+01 -1.320000e+01
      vertex   -6.669873e+00 2.350000e+01 -1.320000e+01
      vertex   -6.432273e+00 2.303368e+01 -1.320000e+01
    endloop
  endfacet
  facet normal -1.380816e-16 5.300455e-17 1.000000e+00
    outer loop
      vertex   6.432273e+00 2.303368e+01 -1.320000e+01
      vertex   -6.432273e+00 2.303368e+01 -1.320000e+01
      vertex   6.244717e+00 2.254508e+01 -1.320000e+01
    endloop
  endfacet
  facet normal -1.422288e-16 -5.459651e-17 1.000000e+00
    outer loop
      vertex   6.244717e+00 2.254508e+01 -1.320000e+01
      vertex   -6.432273e+00 2.303368e+01 -1.320000e+01
      vertex   -6.244717e+00 2.254508e+01 -1.320000e+01
    endloop
  endfacet
  facet normal -1.422288e-16 3.811008e-17 1.000000e+00
    outer loop
      vertex   6.244717e+00 2.254508e+01 -1.320000e+01
      vertex   -6.244717e+00 2.254508e+01 -1.320000e+01
      vertex   6.109262e+00 2.203956e+01 -1.320000e+01
    endloop
  endfacet
  facet normal -1.453823e-16 -3.895506e-17 1.000000e+00
    outer loop
      vertex   6.109262e+00 2.203956e+01 -1.320000e+01
      vertex   -6.244717e+00 2.254508e+01 -1.320000e+01
      vertex   -6.109262e+00 2.203956e+01 -1.320000e+01
    endloop
  endfacet
  facet normal -1.453823e-16 2.302629e-17 1.000000e+00
    outer loop
      vertex   6.109262e+00 2.203956e+01 -1.320000e+01
      vertex   -6.109262e+00 2.203956e+01 -1.320000e+01
      vertex   6.027391e+00 2.152264e+01 -1.320000e+01
    endloop
  endfacet
  facet normal -1.473570e-16 -2.333906e-17 1.000000e+00
    outer loop
      vertex   6.027391e+00 2.152264e+01 -1.320000e+01
      vertex   -6.109262e+00 2.203956e+01 -1.320000e+01
      vertex   -6.027391e+00 2.152264e+01 -1.320000e+01
    endloop
  endfacet
  facet normal -1.473570e-16 -6.789878e-15 1.000000e+00
    outer loop
      vertex   6.027391e+00 2.152264e+01 -1.320000e+01
      vertex   -6.027391e+00 2.152264e+01 -1.320000e+01
      vertex   6.000000e+00 2.100000e+01 -1.320000e+01
    endloop
  endfacet
  facet normal 8.881784e-16 1.704055e-14 1.000000e+00
    outer loop
      vertex   6.000000e+00 2.100000e+01 -1.320000e+01
      vertex   -6.027391e+00 2.152264e+01 -1.320000e+01
      vertex   -6.000000e+00 2.100000e+01 -1.320000e+01
    endloop
  endfacet
  facet normal 8.881784e-16 -2.723502e-16 1.000000e+00
    outer loop
      vertex   6.000000e+00 2.100000e+01 -1.320000e+01
      vertex   -6.000000e+00 2.100000e+01 -1.320000e+01
      vertex   6.000000e+00 1.447767e+01 -1.320000e+01
    endloop
  endfacet
  facet normal 8.881784e-16 -2.723502e-16 1.000000e+00
    outer loop
      vertex   6.000000e+00 1.447767e+01 -1.320000e+01
      vertex   -6.000000e+00 2.100000e+01 -1.320000e+01
      vertex   -6.000000e+00 1.447767e+01 -1.320000e+01
    endloop
  endfacet
  facet normal 8.881784e-16 1.662311e-14 1.000000e+00
    outer loop
      vertex   6.000000e+00 1.447767e+01 -1.320000e+01
      vertex   -6.000000e+00 1.447767e+01 -1.320000e+01
      vertex   6.028796e+00 1.394183e+01 -1.320000e+01
    endloop
  endfacet
  facet normal -4.419681e-16 -1.323655e-14 1.000000e+00
    outer loop
      vertex   6.028796e+00 1.394183e+01 -1.320000e+01
      vertex   -6.000000e+00 1.447767e+01 -1.320000e+01
      vertex   -6.028796e+00 1.394183e+01 -1.320000e+01
    endloop
  endfacet
  facet normal -4.419681e-16 -7.180622e-17 1.000000e+00
    outer loop
      vertex   6.028796e+00 1.394183e+01 -1.320000e+01
      vertex   -6.028796e+00 1.394183e+01 -1.320000e+01
      vertex   6.114851e+00 1.341216e+01 -1.320000e+01
    endloop
  endfacet
  facet normal -4.357482e-16 7.079568e-17 1.000000e+00
    outer loop
      vertex   6.114851e+00 1.341216e+01 -1.320000e+01
      vertex   -6.028796e+00 1.394183e+01 -1.320000e+01
      vertex   -6.114851e+00 1.341216e+01 -1.320000e+01
    endloop
  endfacet
  facet normal -4.357482e-16 -1.198637e-16 1.000000e+00
    outer loop
      vertex   6.114851e+00 1.341216e+01 -1.320000e+01
      vertex   -6.114851e+00 1.341216e+01 -1.320000e+01
      vertex   6.257174e+00 1.289476e+01 -1.320000e+01
    endloop
  endfacet
  facet normal -2.838912e-16 3.511346e-15 1.000000e+00
    outer loop
      vertex   6.257174e+00 1.289476e+01 -1.320000e+01
      vertex   -6.114851e+00 1.341216e+01 -1.320000e+01
      vertex   -6.257174e+00 1.289476e+01 -1.320000e+01
    endloop
  endfacet
  facet normal -2.838912e-16 -1.120132e-16 1.000000e+00
    outer loop
      vertex   6.257174e+00 1.289476e+01 -1.320000e+01
      vertex   -6.257174e+00 1.289476e+01 -1.320000e+01
      vertex   6.454127e+00 1.239560e+01 -1.320000e+01
    endloop
  endfacet
  facet normal -2.752281e-16 1.085950e-16 1.000000e+00
    outer loop
      vertex   6.454127e+00 1.239560e+01 -1.320000e+01
      vertex   -6.257174e+00 1.289476e+01 -1.320000e+01
      vertex   -6.454127e+00 1.239560e+01 -1.320000e+01
    endloop
  endfacet
  facet normal -2.752281e-16 -1.444031e-16 1.000000e+00
    outer loop
      vertex   6.454127e+00 1.239560e+01 -1.320000e+01
      vertex   -6.454127e+00 1.239560e+01 -1.320000e+01
      vertex   6.703439e+00 1.192042e+01 -1.320000e+01
    endloop
  endfacet
  facet normal -2.649919e-16 1.390324e-16 1.000000e+00
    outer loop
      vertex   6.703439e+00 1.192042e+01 -1.320000e+01
      vertex   -6.454127e+00 1.239560e+01 -1.320000e+01
      vertex   -6.703439e+00 1.192042e+01 -1.320000e+01
    endloop
  endfacet
  facet normal -2.649919e-16 -8.148228e-15 1.000000e+00
    outer loop
      vertex   6.703439e+00 1.192042e+01 -1.320000e+01
      vertex   -6.703439e+00 1.192042e+01 -1.320000e+01
      vertex   7.002241e+00 1.147469e+01 -1.320000e+01
    endloop
  endfacet
  facet normal 0.000000e+00 0.000000e+00 1.000000e+00
    outer loop
      vertex   7.002241e+00 1.147469e+01 -1.320000e+01
      vertex   -6.703439e+00 1.192042e+01 -1.320000e+01
      vertex   -7.002241e+00 1.147469e+01 -1.320000e+01
    endloop
  endfacet
  facet normal 0.000000e+00 0.000000e+00 1.000000e+00
    outer loop
      vertex   7.002241e+00 1.147469e+01 -1.320000e+01
      vertex   -7.002241e+00 1.147469e+01 -1.320000e+01
      vertex   7.347090e+00 1.106355e+01 -1.320000e+01
    endloop
  endfacet
  facet normal 0.000000e+00 0.000000e+00 1.000000e+00
    outer loop
      vertex   7.347090e+00 1.106355e+01 -1.320000e+01
      vertex   -7.002241e+00 1.147469e+01 -1.320000e+01
      vertex   -7.347090e+00 1.106355e+01 -1.320000e+01
    endloop
  endfacet
  facet normal 0.000000e+00 0.000000e+00 1.000000e+00
    outer loop
      vertex   7.347090e+00 1.106355e+01 -1.320000e+01
      vertex   -7.347090e+00 1.106355e+01 -1.320000e+01
      vertex   7.734014e+00 1.069173e+01 -1.320000e+01
    endloop
  endfacet
  facet normal 0.000000e+00 0.000000e+00 1.000000e+00
    outer loop
      vertex   7.734014e+00 1.069173e+01 -1.320000e+01
      vertex   -7.347090e+00 1.106355e+01 -1.320000e+01
      vertex   -7.734014e+00 1.069173e+01 -1.320000e+01
    endloop
  endfacet
  facet normal 0.000000e+00 0.000000e+00 1.000000e+00
    outer loop
      vertex   7.734014e+00 1.069173e+01 -1.320000e+01
      vertex   -7.734014e+00 1.069173e+01 -1.320000e+01
      vertex   8.158556e+00 1.036353e+01 -1.320000e+01
    endloop
  endfacet
  facet normal 0.000000e+00 0.000000e+00 1.000000e+00
    outer loop
      vertex   8.158556e+00 1.036353e+01 -1.320000e+01
      vertex   -7.734014e+00 1.069173e+01 -1.320000e+01
      vertex   -8.158556e+00 1.036353e+01 -1.320000e+01
    endloop
  endfacet
  facet normal 0.000000e+00 0.000000e+00 1.000000e+00
    outer loop
      vertex   8.158556e+00 1.036353e+01 -1.320000e+01
      vertex   -8.158556e+00 1.036353e+01 -1.320000e+01
      vertex   8.615827e+00 1.008271e+01 -1.320000e+01
    endloop
  endfacet
  facet normal 0.000000e+00 0.000000e+00 1.000000e+00
    outer loop
      vertex   8.615827e+00 1.008271e+01 -1.320000e+01
      vertex   -8.158556e+00 1.036353e+01 -1.320000e+01
      vertex   -8.615827e+00 1.008271e+01 -1.320000e+01
    endloop
  endfacet
  facet normal 0.000000e+00 -7.716683e-15 1.000000e+00
    outer loop
      vertex   8.615827e+00 1.008271e+01 -1.320000e+01
      vertex   -8.615827e+00 1.008271e+01 -1.320000e+01
      vertex   9.100559e+00 9.852511e+00 -1.320000e+01
    endloop
  endfacet
  facet normal 9.759603e-17 -2.055107e-16 1.000000e+00
    outer loop
      vertex   9.100559e+00 9.852511e+00 -1.320000e+01
      vertex   -8.615827e+00 1.008271e+01 -1.320000e+01
      vertex   -9.100559e+00 9.852511e+00 -1.320000e+01
    endloop
  endfacet
  facet normal 9.759603e-17 2.794611e-16 1.000000e+00
    outer loop
      vertex   9.100559e+00 9.852511e+00 -1.320000e+01
      vertex   -9.100559e+00 9.852511e+00 -1.320000e+01
      vertex   9.607169e+00 9.675588e+00 -1.320000e+01
    endloop
  endfacet
  facet normal 9.244954e-17 -2.647244e-16 1.000000e+00
    outer loop
      vertex   9.607169e+00 9.675588e+00 -1.320000e+01
      vertex   -9.100559e+00 9.852511e+00 -1.320000e+01
      vertex   -9.607169e+00 9.675588e+00 -1.320000e+01
    endloop
  endfacet
  facet normal 9.244954e-17 3.973225e-16 1.000000e+00
    outer loop
      vertex   9.607169e+00 9.675588e+00 -1.320000e+01
      vertex   -9.607169e+00 9.675588e+00 -1.320000e+01
      vertex   1.012982e+01 9.553976e+00 -1.320000e+01
    endloop
  endfacet
  facet normal 8.767956e-17 -3.768225e-16 1.000000e+00
    outer loop
      vertex   1.012982e+01 9.553976e+00 -1.320000e+01
      vertex   -9.607169e+00 9.675588e+00 -1.320000e+01
      vertex   -1.012982e+01 9.553976e+00 -1.320000e+01
    endloop
  endfacet
  facet normal 8.767956e-17 7.196497e-16 1.000000e+00
    outer loop
      vertex   1.012982e+01 9.553976e+00 -1.320000e+01
      vertex   -1.012982e+01 9.553976e+00 -1.320000e+01
      vertex   1.066250e+01 9.489077e+00 -1.320000e+01
    endloop
  endfacet
  facet normal 2.498978e-16 5.269078e-14 1.000000e+00
    outer loop
      vertex   1.066250e+01 9.489077e+00 -1.320000e+01
      vertex   -1.012982e+01 9.553976e+00 -1.320000e+01
      vertex   -1.066250e+01 9.489077e+00 -1.320000e+01
    endloop
  endfacet
  facet normal 2.498978e-16 -7.279945e-15 1.000000e+00
    outer loop
      vertex   1.066250e+01 9.489077e+00 -1.320000e+01
      vertex   -1.066250e+01 9.489077e+00 -1.320000e+01
      vertex   2.345149e+01 7.000000e+00 -1.320000e+01
    endloop
  endfacet
  facet normal 8.332062e-16 7.145752e-16 1.000000e+00
    outer loop
      vertex   2.345149e+01 7.000000e+00 -1.320000e+01
      vertex   -1.066250e+01 9.489077e+00 -1.320000e+01
      vertex   -2.345149e+01 7.000000e+00 -1.320000e+01
    endloop
  endfacet
  facet normal -7.457817e-17 5.378813e-15 1.000000e+00
    outer loop
      vertex   -2.345149e+01 7.000000e+00 -1.320000e+01
      vertex   -1.066250e+01 9.489077e+00 -1.320000e+01
      vertex   -1.119906e+01 9.481637e+00 -1.320000e+01
    endloop
  endfacet
  facet normal 9.053055e-15 2.181634e-14 1.000000e+00
    outer loop
      vertex   1.100000e+01 2.600000e+01 -1.320000e+01
      vertex   1.257416e+00 2.955431e+01 -1.320000e+01
      vertex   1.047736e+01 2.597261e+01 -1.320000e+01
    endloop
  endfacet
  facet normal 3.019580e-16 -7.105664e-16 1.000000e+00
    outer loop
      vertex   1.047736e+01 2.597261e+01 -1.320000e+01
      vertex   1.257416e+00 2.955431e+01 -1.320000e+01
      vertex   8.879211e-01 2.939729e+01 -1.320000e+01
    endloop
  endfacet
  facet normal 2.348744e-16 -8.984070e-16 1.000000e+00
    outer loop
      vertex   1.047736e+01 2.597261e+01 -1.320000e+01
      vertex   8.879211e-01 2.939729e+01 -1.320000e+01
      vertex   4.995013e-01 2.929574e+01 -1.320000e+01
    endloop
  endfacet
  facet normal 8.321944e-16 -1.407875e-16 1.000000e+00
    outer loop
      vertex   3.234545e+01 2.600000e+01 -1.320000e+01
      vertex   7.745967e+00 3.200000e+01 -1.320000e+01
      vertex   1.100000e+01 2.600000e+01 -1.320000e+01
    endloop
  endfacet
  facet normal 9.407258e-16 -8.192675e-17 1.000000e+00
    outer loop
      vertex   1.100000e+01 2.600000e+01 -1.320000e+01
      vertex   7.745967e+00 3.200000e+01 -1.320000e+01
      vertex   1.908704e+00 3.002027e+01 -1.320000e+01
    endloop
  endfacet
  facet normal 6.379608e-16 -7.665897e-16 1.000000e+00
    outer loop
      vertex   1.100000e+01 2.600000e+01 -1.320000e+01
      vertex   1.908704e+00 3.002027e+01 -1.320000e+01
      vertex   1.600112e+00 2.976345e+01 -1.320000e+01
    endloop
  endfacet
  facet normal -3.549138e-14 1.375726e-13 1.000000e+00
    outer loop
      vertex   3.288355e+01 2.597096e+01 -1.320000e+01
      vertex   4.750000e+01 3.000000e+01 -1.320000e+01
      vertex   3.234545e+01 2.600000e+01 -1.320000e+01
    endloop
  endfacet
  facet normal 1.020119e-15 -7.562374e-16 1.000000e+00
    outer loop
      vertex   3.234545e+01 2.600000e+01 -1.320000e+01
      vertex   4.750000e+01 3.000000e+01 -1.320000e+01
      vertex   4.550000e+01 3.200000e+01 -1.320000e+01
    endloop
  endfacet
  facet normal 7.998633e-16 -2.733424e-16 1.000000e+00
    outer loop
      vertex   3.234545e+01 2.600000e+01 -1.320000e+01
      vertex   4.550000e+01 3.200000e+01 -1.320000e+01
      vertex   7.745967e+00 3.200000e+01 -1.320000e+01
    endloop
  endfacet
  facet normal 9.037862e-16 5.539036e-15 1.000000e+00
    outer loop
      vertex   3.288355e+01 2.597096e+01 -1.320000e+01
      vertex   3.341539e+01 2.588418e+01 -1.320000e+01
      vertex   4.750000e+01 3.000000e+01 -1.320000e+01
    endloop
  endfacet
  facet normal 2.983733e-15 -1.578683e-15 1.000000e+00
    outer loop
      vertex   4.750000e+01 3.000000e+01 -1.320000e+01
      vertex   3.341539e+01 2.588418e+01 -1.320000e+01
      vertex   3.393481e+01 2.574067e+01 -1.320000e+01
    endloop
  endfacet
  facet normal 1.388332e-15 3.502378e-15 1.000000e+00
    outer loop
      vertex   4.750000e+01 3.000000e+01 -1.320000e+01
      vertex   3.393481e+01 2.574067e+01 -1.320000e+01
      vertex   3.443576e+01 2.554209e+01 -1.320000e+01
    endloop
  endfacet
  facet normal 1.568422e-15 2.974613e-15 1.000000e+00
    outer loop
      vertex   3.443576e+01 2.554209e+01 -1.320000e+01
      vertex   3.491244e+01 2.529076e+01 -1.320000e+01
      vertex   4.750000e+01 3.000000e+01 -1.320000e+01
    endloop
  endfacet
  facet normal 1.724202e-15 2.558221e-15 1.000000e+00
    outer loop
      vertex   4.750000e+01 3.000000e+01 -1.320000e+01
      vertex   3.491244e+01 2.529076e+01 -1.320000e+01
      vertex   3.535929e+01 2.498958e+01 -1.320000e+01
    endloop
  endfacet
  facet normal 1.866883e-15 2.212490e-15 1.000000e+00
    outer loop
      vertex   4.750000e+01 3.000000e+01 -1.320000e+01
      vertex   3.535929e+01 2.498958e+01 -1.320000e+01
      vertex   3.577114e+01 2.464207e+01 -1.320000e+01
    endloop
  endfacet
  facet normal 2.979019e-15 -2.220446e-16 1.000000e+00
    outer loop
      vertex   4.750000e+01 3.000000e+01 -1.320000e+01
      vertex   3.577114e+01 2.464207e+01 -1.320000e+01
      vertex   4.750000e+01 2.200000e+01 -1.320000e+01
    endloop
  endfacet
  facet normal 3.858637e-15 3.682824e-15 1.000000e+00
    outer loop
      vertex   4.750000e+01 2.200000e+01 -1.320000e+01
      vertex   3.577114e+01 2.464207e+01 -1.320000e+01
      vertex   3.614320e+01 2.425225e+01 -1.320000e+01
    endloop
  endfacet
  facet normal 2.717780e-15 -2.069870e-15 1.000000e+00
    outer loop
      vertex   4.750000e+01 2.200000e+01 -1.320000e+01
      vertex   3.614320e+01 2.425225e+01 -1.320000e+01
      vertex   3.647115e+01 2.382465e+01 -1.320000e+01
    endloop
  endfacet
  facet normal 3.402611e-15 2.069502e-15 1.000000e+00
    outer loop
      vertex   3.647115e+01 2.382465e+01 -1.320000e+01
      vertex   3.675117e+01 2.336424e+01 -1.320000e+01
      vertex   4.750000e+01 2.200000e+01 -1.320000e+01
    endloop
  endfacet
  facet normal 3.338723e-15 1.566126e-15 1.000000e+00
    outer loop
      vertex   4.750000e+01 2.200000e+01 -1.320000e+01
      vertex   3.675117e+01 2.336424e+01 -1.320000e+01
      vertex   3.698002e+01 2.287637e+01 -1.320000e+01
    endloop
  endfacet
  facet normal 3.302737e-15 1.134145e-15 1.000000e+00
    outer loop
      vertex   4.750000e+01 2.200000e+01 -1.320000e+01
      vertex   3.698002e+01 2.287637e+01 -1.320000e+01
      vertex   3.715504e+01 2.236671e+01 -1.320000e+01
    endloop
  endfacet
  facet normal 3.288966e-15 7.456762e-16 1.000000e+00
    outer loop
      vertex   3.715504e+01 2.236671e+01 -1.320000e+01
      vertex   3.727419e+01 2.184117e+01 -1.320000e+01
      vertex   4.750000e+01 2.200000e+01 -1.320000e+01
    endloop
  endfacet
  facet normal 3.032280e-15 1.727156e-14 1.000000e+00
    outer loop
      vertex   4.750000e+01 2.200000e+01 -1.320000e+01
      vertex   3.727419e+01 2.184117e+01 -1.320000e+01
      vertex   4.752462e+01 2.168713e+01 -1.320000e+01
    endloop
  endfacet
  facet normal 2.777559e-15 3.211836e-16 1.000000e+00
    outer loop
      vertex   4.752462e+01 2.168713e+01 -1.320000e+01
      vertex   3.727419e+01 2.184117e+01 -1.320000e+01
      vertex   3.733609e+01 2.130586e+01 -1.320000e+01
    endloop
  endfacet
  facet normal 2.764739e-15 6.637552e-16 1.000000e+00
    outer loop
      vertex   4.752462e+01 2.168713e+01 -1.320000e+01
      vertex   3.733609e+01 2.130586e+01 -1.320000e+01
      vertex   4.759789e+01 2.138197e+01 -1.320000e+01
    endloop
  endfacet
  facet normal 2.761180e-15 1.143718e-15 1.000000e+00
    outer loop
      vertex   4.759789e+01 2.138197e+01 -1.320000e+01
      vertex   3.733609e+01 2.130586e+01 -1.320000e+01
      vertex   4.771799e+01 2.109202e+01 -1.320000e+01
    endloop
  endfacet
  facet normal 2.738034e-15 1.997787e-17 1.000000e+00
    outer loop
      vertex   4.771799e+01 2.109202e+01 -1.320000e+01
      vertex   3.733609e+01 2.130586e+01 -1.320000e+01
      vertex   3.734002e+01 2.076700e+01 -1.320000e+01
    endloop
  endfacet
  facet normal 2.687089e-15 1.646650e-15 1.000000e+00
    outer loop
      vertex   4.771799e+01 2.109202e+01 -1.320000e+01
      vertex   3.734002e+01 2.076700e+01 -1.320000e+01
      vertex   4.788197e+01 2.082443e+01 -1.320000e+01
    endloop
  endfacet
  facet normal 2.697542e-15 -2.721047e-16 1.000000e+00
    outer loop
      vertex   4.788197e+01 2.082443e+01 -1.320000e+01
      vertex   3.734002e+01 2.076700e+01 -1.320000e+01
      vertex   3.728594e+01 2.023084e+01 -1.320000e+01
    endloop
  endfacet
  facet normal 2.559823e-15 2.186295e-15 1.000000e+00
    outer loop
      vertex   4.788197e+01 2.082443e+01 -1.320000e+01
      vertex   3.728594e+01 2.023084e+01 -1.320000e+01
      vertex   4.808579e+01 2.058579e+01 -1.320000e+01
    endloop
  endfacet
  facet normal 2.534160e-15 2.967120e-15 1.000000e+00
    outer loop
      vertex   4.808579e+01 2.058579e+01 -1.320000e+01
      vertex   3.728594e+01 2.023084e+01 -1.320000e+01
      vertex   4.832443e+01 2.038197e+01 -1.320000e+01
    endloop
  endfacet
  facet normal 2.582257e-15 -5.459598e-16 1.000000e+00
    outer loop
      vertex   4.832443e+01 2.038197e+01 -1.320000e+01
      vertex   3.728594e+01 2.023084e+01 -1.320000e+01
      vertex   3.717447e+01 1.970362e+01 -1.320000e+01
    endloop
  endfacet
  facet normal 2.318830e-15 3.783986e-15 1.000000e+00
    outer loop
      vertex   4.832443e+01 2.038197e+01 -1.320000e+01
      vertex   3.717447e+01 1.970362e+01 -1.320000e+01
      vertex   4.859202e+01 2.021799e+01 -1.320000e+01
    endloop
  endfacet
  facet normal 2.526539e-15 -8.265885e-16 1.000000e+00
    outer loop
      vertex   4.859202e+01 2.021799e+01 -1.320000e+01
      vertex   3.717447e+01 1.970362e+01 -1.320000e+01
      vertex   3.700691e+01 1.919146e+01 -1.320000e+01
    endloop
  endfacet
  facet normal 2.020974e-15 4.879062e-15 1.000000e+00
    outer loop
      vertex   4.859202e+01 2.021799e+01 -1.320000e+01
      vertex   3.700691e+01 1.919146e+01 -1.320000e+01
      vertex   4.888197e+01 2.009789e+01 -1.320000e+01
    endloop
  endfacet
  facet normal 2.478804e-15 -1.118922e-15 1.000000e+00
    outer loop
      vertex   4.888197e+01 2.009789e+01 -1.320000e+01
      vertex   3.700691e+01 1.919146e+01 -1.320000e+01
      vertex   3.678520e+01 1.870030e+01 -1.320000e+01
    endloop
  endfacet
  facet normal 1.586198e-15 6.606990e-15 1.000000e+00
    outer loop
      vertex   4.888197e+01 2.009789e+01 -1.320000e+01
      vertex   3.678520e+01 1.870030e+01 -1.320000e+01
      vertex   4.918713e+01 2.002462e+01 -1.320000e+01
    endloop
  endfacet
  facet normal 2.445361e-15 -1.438835e-15 1.000000e+00
    outer loop
      vertex   4.918713e+01 2.002462e+01 -1.320000e+01
      vertex   3.678520e+01 1.870030e+01 -1.320000e+01
      vertex   3.651193e+01 1.823585e+01 -1.320000e+01
    endloop
  endfacet
  facet normal 1.857508e-15 2.726688e-15 1.000000e+00
    outer loop
      vertex   4.918713e+01 2.002462e+01 -1.320000e+01
      vertex   3.651193e+01 1.823585e+01 -1.320000e+01
      vertex   3.619026e+01 1.780352e+01 -1.320000e+01
    endloop
  endfacet
  facet normal 1.628221e-14 -8.167992e-14 1.000000e+00
    outer loop
      vertex   4.918713e+01 2.002462e+01 -1.320000e+01
      vertex   3.619026e+01 1.780352e+01 -1.320000e+01
      vertex   4.950000e+01 2.000000e+01 -1.320000e+01
    endloop
  endfacet
  facet normal 3.308879e-15 -3.067105e-15 1.000000e+00
    outer loop
      vertex   4.950000e+01 2.000000e+01 -1.320000e+01
      vertex   3.619026e+01 1.780352e+01 -1.320000e+01
      vertex   3.582392e+01 1.740831e+01 -1.320000e+01
    endloop
  endfacet
  facet normal 3.488265e-15 -4.013707e-15 1.000000e+00
    outer loop
      vertex   4.950000e+01 2.000000e+01 -1.320000e+01
      vertex   3.582392e+01 1.740831e+01 -1.320000e+01
      vertex   3.541719e+01 1.705482e+01 -1.320000e+01
    endloop
  endfacet
  facet normal 3.788045e-15 -5.447146e-15 1.000000e+00
    outer loop
      vertex   3.541719e+01 1.705482e+01 -1.320000e+01
      vertex   3.497477e+01 1.674716e+01 -1.320000e+01
      vertex   4.950000e+01 2.000000e+01 -1.320000e+01
    endloop
  endfacet
  facet normal 9.186125e-16 7.365998e-15 1.000000e+00
    outer loop
      vertex   4.950000e+01 2.000000e+01 -1.320000e+01
      vertex   3.497477e+01 1.674716e+01 -1.320000e+01
      vertex   5.916869e+01 2.000000e+01 -1.320000e+01
    endloop
  endfacet
  facet normal 3.933653e-14 -2.783779e-13 1.000000e+00
    outer loop
      vertex   5.916869e+01 2.000000e+01 -1.320000e+01
      vertex   3.497477e+01 1.674716e+01 -1.320000e+01
      vertex   3.450182e+01 1.648889e+01 -1.320000e+01
    endloop
  endfacet
  facet normal -7.245843e-15 4.888112e-14 1.000000e+00
    outer loop
      vertex   5.916869e+01 2.000000e+01 -1.320000e+01
      vertex   3.450182e+01 1.648889e+01 -1.320000e+01
      vertex   3.252935e+01 1.557872e+01 -1.320000e+01
    endloop
  endfacet
  facet normal 1.414041e-15 -3.296891e-15 1.000000e+00
    outer loop
      vertex   3.252935e+01 1.557872e+01 -1.320000e+01
      vertex   3.053290e+01 1.472244e+01 -1.320000e+01
      vertex   5.916869e+01 2.000000e+01 -1.320000e+01
    endloop
  endfacet
  facet normal 9.194139e-16 -6.130692e-16 1.000000e+00
    outer loop
      vertex   5.916869e+01 2.000000e+01 -1.320000e+01
      vertex   3.053290e+01 1.472244e+01 -1.320000e+01
      vertex   2.345149e+01 7.000000e+00 -1.320000e+01
    endloop
  endfacet
  facet normal -2.911086e-15 2.899466e-15 1.000000e+00
    outer loop
      vertex   2.345149e+01 7.000000e+00 -1.320000e+01
      vertex   3.053290e+01 1.472244e+01 -1.320000e+01
      vertex   2.851393e+01 1.392068e+01 -1.320000e+01
    endloop
  endfacet
  facet normal -3.848726e-16 1.051554e-15 1.000000e+00
    outer loop
      vertex   2.345149e+01 7.000000e+00 -1.320000e+01
      vertex   2.851393e+01 1.392068e+01 -1.320000e+01
      vertex   2.647394e+01 1.317404e+01 -1.320000e+01
    endloop
  endfacet
  facet normal -3.465010e-16 1.032769e-15 1.000000e+00
    outer loop
      vertex   2.647394e+01 1.317404e+01 -1.320000e+01
      vertex   2.441443e+01 1.248306e+01 -1.320000e+01
      vertex   2.345149e+01 7.000000e+00 -1.320000e+01
    endloop
  endfacet
  facet normal -3.138196e-16 1.027030e-15 1.000000e+00
    outer loop
      vertex   2.345149e+01 7.000000e+00 -1.320000e+01
      vertex   2.441443e+01 1.248306e+01 -1.320000e+01
      vertex   2.233692e+01 1.184825e+01 -1.320000e+01
    endloop
  endfacet
  facet normal -2.853757e-16 1.033569e-15 1.000000e+00
    outer loop
      vertex   2.345149e+01 7.000000e+00 -1.320000e+01
      vertex   2.233692e+01 1.184825e+01 -1.320000e+01
      vertex   2.024293e+01 1.127009e+01 -1.320000e+01
    endloop
  endfacet
  facet normal -2.600830e-16 1.052574e-15 1.000000e+00
    outer loop
      vertex   2.024293e+01 1.127009e+01 -1.320000e+01
      vertex   1.813402e+01 1.074899e+01 -1.320000e+01
      vertex   2.345149e+01 7.000000e+00 -1.320000e+01
    endloop
  endfacet
  facet normal -2.370783e-16 1.085203e-15 1.000000e+00
    outer loop
      vertex   2.345149e+01 7.000000e+00 -1.320000e+01
      vertex   1.813402e+01 1.074899e+01 -1.320000e+01
      vertex   1.601174e+01 1.028535e+01 -1.320000e+01
    endloop
  endfacet
  facet normal -2.156192e-16 1.133798e-15 1.000000e+00
    outer loop
      vertex   2.345149e+01 7.000000e+00 -1.320000e+01
      vertex   1.601174e+01 1.028535e+01 -1.320000e+01
      vertex   1.387765e+01 9.879498e+00 -1.320000e+01
    endloop
  endfacet
  facet normal -3.424201e-15 -9.534184e-15 1.000000e+00
    outer loop
      vertex   1.387765e+01 9.879498e+00 -1.320000e+01
      vertex   1.173333e+01 9.531743e+00 -1.320000e+01
      vertex   2.345149e+01 7.000000e+00 -1.320000e+01
    endloop
  endfacet
  facet normal 4.827430e-14 2.297519e-13 1.000000e+00
    outer loop
      vertex   2.345149e+01 7.000000e+00 -1.320000e+01
      vertex   1.173333e+01 9.531743e+00 -1.320000e+01
      vertex   1.119906e+01 9.481637e+00 -1.320000e+01
    endloop
  endfacet
  facet normal -1.278483e-16 -9.220822e-15 1.000000e+00
    outer loop
      vertex   2.345149e+01 7.000000e+00 -1.320000e+01
      vertex   1.119906e+01 9.481637e+00 -1.320000e+01
      vertex   1.066250e+01 9.489077e+00 -1.320000e+01
    endloop
  endfacet
  facet normal -4.672314e-16 3.419693e-17 1.000000e+00
    outer loop
      vertex   -2.720694e+00 3.240040e+01 -1.320000e+01
      vertex   -6.521222e+00 3.241886e+01 -1.320000e+01
      vertex   -2.750000e+00 3.200000e+01 -1.320000e+01
    endloop
  endfacet
  facet normal -4.023276e-16 6.185586e-16 1.000000e+00
    outer loop
      vertex   -2.750000e+00 3.200000e+01 -1.320000e+01
      vertex   -6.521222e+00 3.241886e+01 -1.320000e+01
      vertex   -6.797147e+00 3.223939e+01 -1.320000e+01
    endloop
  endfacet
  facet normal -3.865786e-16 8.848107e-16 1.000000e+00
    outer loop
      vertex   -2.750000e+00 3.200000e+01 -1.320000e+01
      vertex   -6.797147e+00 3.223939e+01 -1.320000e+01
      vertex   -7.098772e+00 3.210761e+01 -1.320000e+01
    endloop
  endfacet
  facet normal -4.649316e-16 5.077146e-16 1.000000e+00
    outer loop
      vertex   -6.521222e+00 3.241886e+01 -1.320000e+01
      vertex   -2.720694e+00 3.240040e+01 -1.320000e+01
      vertex   -6.278470e+00 3.264116e+01 -1.320000e+01
    endloop
  endfacet
  facet normal -4.918740e-16 1.095696e-16 1.000000e+00
    outer loop
      vertex   -6.278470e+00 3.264116e+01 -1.320000e+01
      vertex   -2.720694e+00 3.240040e+01 -1.320000e+01
      vertex   -2.633402e+00 3.279227e+01 -1.320000e+01
    endloop
  endfacet
  facet normal -5.036922e-16 3.946370e-16 1.000000e+00
    outer loop
      vertex   -6.278470e+00 3.264116e+01 -1.320000e+01
      vertex   -2.633402e+00 3.279227e+01 -1.320000e+01
      vertex   -6.075467e+00 3.290026e+01 -1.320000e+01
    endloop
  endfacet
  facet normal -5.073806e-16 2.770693e-16 1.000000e+00
    outer loop
      vertex   -6.075467e+00 3.290026e+01 -1.320000e+01
      vertex   -2.633402e+00 3.279227e+01 -1.320000e+01
      vertex   -5.917711e+00 3.318915e+01 -1.320000e+01
    endloop
  endfacet
  facet normal -5.169687e-16 1.977238e-16 1.000000e+00
    outer loop
      vertex   -5.917711e+00 3.318915e+01 -1.320000e+01
      vertex   -2.633402e+00 3.279227e+01 -1.320000e+01
      vertex   -2.489983e+00 3.316726e+01 -1.320000e+01
    endloop
  endfacet
  facet normal -6.263300e-16 -1.692535e-14 1.000000e+00
    outer loop
      vertex   -5.917711e+00 3.318915e+01 -1.320000e+01
      vertex   -2.489983e+00 3.316726e+01 -1.320000e+01
      vertex   -5.809475e+00 3.350000e+01 -1.320000e+01
    endloop
  endfacet
  facet normal 1.013255e-15 -5.686664e-16 1.000000e+00
    outer loop
      vertex   -5.809475e+00 3.350000e+01 -1.320000e+01
      vertex   -2.489983e+00 3.316726e+01 -1.320000e+01
      vertex   -2.293494e+00 3.351736e+01 -1.320000e+01
    endloop
  endfacet
  facet normal 1.012001e-15 -3.147120e-16 1.000000e+00
    outer loop
      vertex   -5.809475e+00 3.350000e+01 -1.320000e+01
      vertex   -2.293494e+00 3.351736e+01 -1.320000e+01
      vertex   -5.635581e+00 3.405918e+01 -1.320000e+01
    endloop
  endfacet
  facet normal 9.447533e-16 -7.295148e-16 1.000000e+00
    outer loop
      vertex   -5.635581e+00 3.405918e+01 -1.320000e+01
      vertex   -2.293494e+00 3.351736e+01 -1.320000e+01
      vertex   -2.048124e+00 3.383513e+01 -1.320000e+01
    endloop
  endfacet
  facet normal 9.300662e-16 -9.646777e-16 1.000000e+00
    outer loop
      vertex   -5.635581e+00 3.405918e+01 -1.320000e+01
      vertex   -2.048124e+00 3.383513e+01 -1.320000e+01
      vertex   -1.759101e+00 3.411378e+01 -1.320000e+01
    endloop
  endfacet
  facet normal 9.219562e-16 -3.888599e-16 1.000000e+00
    outer loop
      vertex   -5.635581e+00 3.405918e+01 -1.320000e+01
      vertex   -1.759101e+00 3.411378e+01 -1.320000e+01
      vertex   -5.408004e+00 3.459875e+01 -1.320000e+01
    endloop
  endfacet
  facet normal 8.211015e-16 -1.147690e-15 1.000000e+00
    outer loop
      vertex   -5.408004e+00 3.459875e+01 -1.320000e+01
      vertex   -1.759101e+00 3.411378e+01 -1.320000e+01
      vertex   -1.432586e+00 3.434738e+01 -1.320000e+01
    endloop
  endfacet
  facet normal 1.340652e-15 7.069088e-15 1.000000e+00
    outer loop
      vertex   -5.408004e+00 3.459875e+01 -1.320000e+01
      vertex   -1.432586e+00 3.434738e+01 -1.320000e+01
      vertex   -1.075538e+00 3.453095e+01 -1.320000e+01
    endloop
  endfacet
  facet normal 1.166144e-15 -4.082690e-15 1.000000e+00
    outer loop
      vertex   -5.408004e+00 3.459875e+01 -1.320000e+01
      vertex   -1.075538e+00 3.453095e+01 -1.320000e+01
      vertex   -5.128912e+00 3.511356e+01 -1.320000e+01
    endloop
  endfacet
  facet normal 1.233337e-15 -3.615207e-15 1.000000e+00
    outer loop
      vertex   -5.128912e+00 3.511356e+01 -1.320000e+01
      vertex   -1.075538e+00 3.453095e+01 -1.320000e+01
      vertex   -6.955668e-01 3.466058e+01 -1.320000e+01
    endloop
  endfacet
  facet normal 1.499179e-15 -1.013396e-15 1.000000e+00
    outer loop
      vertex   -5.128912e+00 3.511356e+01 -1.320000e+01
      vertex   -6.955668e-01 3.466058e+01 -1.320000e+01
      vertex   -4.800964e+00 3.559871e+01 -1.320000e+01
    endloop
  endfacet
  facet normal 7.736435e-16 -4.188437e-15 1.000000e+00
    outer loop
      vertex   -4.800964e+00 3.559871e+01 -1.320000e+01
      vertex   -6.955668e-01 3.466058e+01 -1.320000e+01
      vertex   -3.007708e-01 3.473350e+01 -1.320000e+01
    endloop
  endfacet
  facet normal 1.361904e-15 -1.128736e-15 1.000000e+00
    outer loop
      vertex   -4.800964e+00 3.559871e+01 -1.320000e+01
      vertex   -3.007708e-01 3.473350e+01 -1.320000e+01
      vertex   -4.427284e+00 3.604959e+01 -1.320000e+01
    endloop
  endfacet
  facet normal 1.770257e-16 -4.843861e-15 1.000000e+00
    outer loop
      vertex   -4.427284e+00 3.604959e+01 -1.320000e+01
      vertex   -3.007708e-01 3.473350e+01 -1.320000e+01
      vertex   1.004356e-01 3.474817e+01 -1.320000e+01
    endloop
  endfacet
  facet normal 1.003074e-15 -1.969993e-15 1.000000e+00
    outer loop
      vertex   -4.427284e+00 3.604959e+01 -1.320000e+01
      vertex   1.004356e-01 3.474817e+01 -1.320000e+01
      vertex   4.427284e+00 3.604959e+01 -1.320000e+01
    endloop
  endfacet
  facet normal 3.286229e-16 2.723601e-16 1.000000e+00
    outer loop
      vertex   4.427284e+00 3.604959e+01 -1.320000e+01
      vertex   1.004356e-01 3.474817e+01 -1.320000e+01
      vertex   4.800964e+00 3.559871e+01 -1.320000e+01
    endloop
  endfacet
  facet normal 1.429021e-16 1.298740e-15 1.000000e+00
    outer loop
      vertex   4.800964e+00 3.559871e+01 -1.320000e+01
      vertex   1.004356e-01 3.474817e+01 -1.320000e+01
      vertex   4.995013e-01 3.470426e+01 -1.320000e+01
    endloop
  endfacet
  facet normal 3.620720e-16 2.447489e-16 1.000000e+00
    outer loop
      vertex   4.800964e+00 3.559871e+01 -1.320000e+01
      vertex   4.995013e-01 3.470426e+01 -1.320000e+01
      vertex   5.128912e+00 3.511356e+01 -1.320000e+01
    endloop
  endfacet
  facet normal 2.867393e-16 1.096793e-15 1.000000e+00
    outer loop
      vertex   5.128912e+00 3.511356e+01 -1.320000e+01
      vertex   4.995013e-01 3.470426e+01 -1.320000e+01
      vertex   8.879211e-01 3.460271e+01 -1.320000e+01
    endloop
  endfacet
  facet normal 3.263488e-16 7.679627e-16 1.000000e+00
    outer loop
      vertex   5.128912e+00 3.511356e+01 -1.320000e+01
      vertex   8.879211e-01 3.460271e+01 -1.320000e+01
      vertex   1.257416e+00 3.444569e+01 -1.320000e+01
    endloop
  endfacet
  facet normal 1.508261e-15 -6.083329e-15 1.000000e+00
    outer loop
      vertex   5.128912e+00 3.511356e+01 -1.320000e+01
      vertex   1.257416e+00 3.444569e+01 -1.320000e+01
      vertex   5.408004e+00 3.459875e+01 -1.320000e+01
    endloop
  endfacet
  facet normal 1.506131e-15 -6.025569e-15 1.000000e+00
    outer loop
      vertex   5.408004e+00 3.459875e+01 -1.320000e+01
      vertex   1.257416e+00 3.444569e+01 -1.320000e+01
      vertex   1.600112e+00 3.423655e+01 -1.320000e+01
    endloop
  endfacet
  facet normal 8.970004e-16 3.783341e-16 1.000000e+00
    outer loop
      vertex   5.408004e+00 3.459875e+01 -1.320000e+01
      vertex   1.600112e+00 3.423655e+01 -1.320000e+01
      vertex   5.635581e+00 3.405918e+01 -1.320000e+01
    endloop
  endfacet
  facet normal 9.294598e-16 1.116862e-15 1.000000e+00
    outer loop
      vertex   5.635581e+00 3.405918e+01 -1.320000e+01
      vertex   1.600112e+00 3.423655e+01 -1.320000e+01
      vertex   1.908704e+00 3.397973e+01 -1.320000e+01
    endloop
  endfacet
  facet normal 9.354018e-16 8.381237e-16 1.000000e+00
    outer loop
      vertex   5.635581e+00 3.405918e+01 -1.320000e+01
      vertex   1.908704e+00 3.397973e+01 -1.320000e+01
      vertex   2.176615e+00 3.368073e+01 -1.320000e+01
    endloop
  endfacet
  facet normal 9.933057e-16 3.088981e-16 1.000000e+00
    outer loop
      vertex   5.635581e+00 3.405918e+01 -1.320000e+01
      vertex   2.176615e+00 3.368073e+01 -1.320000e+01
      vertex   5.809475e+00 3.350000e+01 -1.320000e+01
    endloop
  endfacet
  facet normal 1.011221e-15 6.690174e-16 1.000000e+00
    outer loop
      vertex   5.809475e+00 3.350000e+01 -1.320000e+01
      vertex   2.176615e+00 3.368073e+01 -1.320000e+01
      vertex   2.398136e+00 3.334590e+01 -1.320000e+01
    endloop
  endfacet
  facet normal 1.533603e-15 -1.089497e-14 1.000000e+00
    outer loop
      vertex   5.809475e+00 3.350000e+01 -1.320000e+01
      vertex   2.398136e+00 3.334590e+01 -1.320000e+01
      vertex   5.917711e+00 3.318915e+01 -1.320000e+01
    endloop
  endfacet
  facet normal 2.061879e-15 9.665692e-16 1.000000e+00
    outer loop
      vertex   5.917711e+00 3.318915e+01 -1.320000e+01
      vertex   2.398136e+00 3.334590e+01 -1.320000e+01
      vertex   2.568544e+00 3.298238e+01 -1.320000e+01
    endloop
  endfacet
  facet normal 2.052361e-15 1.120749e-15 1.000000e+00
    outer loop
      vertex   5.917711e+00 3.318915e+01 -1.320000e+01
      vertex   2.568544e+00 3.298238e+01 -1.320000e+01
      vertex   6.075467e+00 3.290026e+01 -1.320000e+01
    endloop
  endfacet
  facet normal 2.040491e-15 6.138923e-16 1.000000e+00
    outer loop
      vertex   6.075467e+00 3.290026e+01 -1.320000e+01
      vertex   2.568544e+00 3.298238e+01 -1.320000e+01
      vertex   2.684209e+00 3.259793e+01 -1.320000e+01
    endloop
  endfacet
  facet normal 1.958428e-15 1.534406e-15 1.000000e+00
    outer loop
      vertex   6.075467e+00 3.290026e+01 -1.320000e+01
      vertex   2.684209e+00 3.259793e+01 -1.320000e+01
      vertex   6.278470e+00 3.264116e+01 -1.320000e+01
    endloop
  endfacet
  facet normal 1.973388e-15 2.904226e-16 1.000000e+00
    outer loop
      vertex   6.278470e+00 3.264116e+01 -1.320000e+01
      vertex   2.684209e+00 3.259793e+01 -1.320000e+01
      vertex   2.742664e+00 3.220074e+01 -1.320000e+01
    endloop
  endfacet
  facet normal 1.768948e-15 1.931726e-15 1.000000e+00
    outer loop
      vertex   6.278470e+00 3.264116e+01 -1.320000e+01
      vertex   2.742664e+00 3.220074e+01 -1.320000e+01
      vertex   6.521222e+00 3.241886e+01 -1.320000e+01
    endloop
  endfacet
  facet normal 1.727170e-15 2.655438e-15 1.000000e+00
    outer loop
      vertex   6.521222e+00 3.241886e+01 -1.320000e+01
      vertex   2.742664e+00 3.220074e+01 -1.320000e+01
      vertex   6.797147e+00 3.223939e+01 -1.320000e+01
    endloop
  endfacet
  facet normal 1.752487e-15 0.000000e+00 1.000000e+00
    outer loop
      vertex   6.797147e+00 3.223939e+01 -1.320000e+01
      vertex   2.742664e+00 3.220074e+01 -1.320000e+01
      vertex   2.742664e+00 3.179926e+01 -1.320000e+01
    endloop
  endfacet
  facet normal 1.403718e-15 3.212865e-15 1.000000e+00
    outer loop
      vertex   6.797147e+00 3.223939e+01 -1.320000e+01
      vertex   2.742664e+00 3.179926e+01 -1.320000e+01
      vertex   7.098772e+00 3.210761e+01 -1.320000e+01
    endloop
  endfacet
  facet normal 1.648312e-15 -2.425813e-16 1.000000e+00
    outer loop
      vertex   7.098772e+00 3.210761e+01 -1.320000e+01
      vertex   2.742664e+00 3.179926e+01 -1.320000e+01
      vertex   2.684209e+00 3.140207e+01 -1.320000e+01
    endloop
  endfacet
  facet normal 9.853656e-16 3.905456e-15 1.000000e+00
    outer loop
      vertex   7.098772e+00 3.210761e+01 -1.320000e+01
      vertex   2.684209e+00 3.140207e+01 -1.320000e+01
      vertex   7.417927e+00 3.202709e+01 -1.320000e+01
    endloop
  endfacet
  facet normal 1.563117e-15 -4.702719e-16 1.000000e+00
    outer loop
      vertex   7.417927e+00 3.202709e+01 -1.320000e+01
      vertex   2.684209e+00 3.140207e+01 -1.320000e+01
      vertex   2.568544e+00 3.101762e+01 -1.320000e+01
    endloop
  endfacet
  facet normal -3.461044e-15 2.366522e-14 1.000000e+00
    outer loop
      vertex   7.417927e+00 3.202709e+01 -1.320000e+01
      vertex   2.568544e+00 3.101762e+01 -1.320000e+01
      vertex   7.745967e+00 3.200000e+01 -1.320000e+01
    endloop
  endfacet
  facet normal 1.129783e-15 -5.296203e-16 1.000000e+00
    outer loop
      vertex   7.745967e+00 3.200000e+01 -1.320000e+01
      vertex   2.568544e+00 3.101762e+01 -1.320000e+01
      vertex   2.398136e+00 3.065410e+01 -1.320000e+01
    endloop
  endfacet
  facet normal 1.195558e-15 -7.909736e-16 1.000000e+00
    outer loop
      vertex   7.745967e+00 3.200000e+01 -1.320000e+01
      vertex   2.398136e+00 3.065410e+01 -1.320000e+01
      vertex   2.176615e+00 3.031927e+01 -1.320000e+01
    endloop
  endfacet
  facet normal 1.311477e-15 -1.175088e-15 1.000000e+00
    outer loop
      vertex   2.176615e+00 3.031927e+01 -1.320000e+01
      vertex   1.908704e+00 3.002027e+01 -1.320000e+01
      vertex   7.745967e+00 3.200000e+01 -1.320000e+01
    endloop
  endfacet
  facet normal 2.623995e-15 4.193880e-15 1.000000e+00
    outer loop
      vertex   1.600112e+00 2.976345e+01 -1.320000e+01
      vertex   1.257416e+00 2.955431e+01 -1.320000e+01
      vertex   1.100000e+01 2.600000e+01 -1.320000e+01
    endloop
  endfacet
  facet normal -1.616736e-17 -4.423789e-16 1.000000e+00
    outer loop
      vertex   1.004356e-01 2.925183e+01 -1.320000e+01
      vertex   -3.007708e-01 2.926650e+01 -1.320000e+01
      vertex   -8.966317e+00 2.556773e+01 -1.320000e+01
    endloop
  endfacet
  facet normal 1.244876e-15 9.612620e-16 1.000000e+00
    outer loop
      vertex   -2.048124e+00 3.016487e+01 -1.320000e+01
      vertex   -2.293494e+00 3.048264e+01 -1.320000e+01
      vertex   -7.745967e+00 3.200000e+01 -1.320000e+01
    endloop
  endfacet
  facet normal 1.158270e-15 6.500526e-16 1.000000e+00
    outer loop
      vertex   -7.745967e+00 3.200000e+01 -1.320000e+01
      vertex   -2.293494e+00 3.048264e+01 -1.320000e+01
      vertex   -2.489983e+00 3.083274e+01 -1.320000e+01
    endloop
  endfacet
  facet normal 1.108019e-15 4.237815e-16 1.000000e+00
    outer loop
      vertex   -7.745967e+00 3.200000e+01 -1.320000e+01
      vertex   -2.489983e+00 3.083274e+01 -1.320000e+01
      vertex   -2.633402e+00 3.120773e+01 -1.320000e+01
    endloop
  endfacet
  facet normal 1.449329e-14 8.679944e-14 1.000000e+00
    outer loop
      vertex   -7.745967e+00 3.200000e+01 -1.320000e+01
      vertex   -2.633402e+00 3.120773e+01 -1.320000e+01
      vertex   -7.417927e+00 3.202709e+01 -1.320000e+01
    endloop
  endfacet
  facet normal -3.859963e-16 -8.598434e-17 1.000000e+00
    outer loop
      vertex   -7.417927e+00 3.202709e+01 -1.320000e+01
      vertex   -2.633402e+00 3.120773e+01 -1.320000e+01
      vertex   -2.720694e+00 3.159960e+01 -1.320000e+01
    endloop
  endfacet
  facet normal -2.779219e-16 1.101532e-15 1.000000e+00
    outer loop
      vertex   -7.417927e+00 3.202709e+01 -1.320000e+01
      vertex   -2.720694e+00 3.159960e+01 -1.320000e+01
      vertex   -7.098772e+00 3.210761e+01 -1.320000e+01
    endloop
  endfacet
  facet normal -4.092143e-16 -2.995063e-17 1.000000e+00
    outer loop
      vertex   -7.098772e+00 3.210761e+01 -1.320000e+01
      vertex   -2.720694e+00 3.159960e+01 -1.320000e+01
      vertex   -2.750000e+00 3.200000e+01 -1.320000e+01
    endloop
  endfacet
  facet normal 1.928102e-15 1.517449e-16 1.000000e+00
    outer loop
      vertex   4.750000e+01 3.000000e+01 -1.320000e+01
      vertex   4.747538e+01 3.031287e+01 -1.320000e+01
      vertex   4.550000e+01 3.200000e+01 -1.320000e+01
    endloop
  endfacet
  facet normal 2.262396e-15 5.431532e-16 1.000000e+00
    outer loop
      vertex   4.550000e+01 3.200000e+01 -1.320000e+01
      vertex   4.747538e+01 3.031287e+01 -1.320000e+01
      vertex   4.740211e+01 3.061803e+01 -1.320000e+01
    endloop
  endfacet
  facet normal 2.671848e-15 1.106716e-15 1.000000e+00
    outer loop
      vertex   4.550000e+01 3.200000e+01 -1.320000e+01
      vertex   4.740211e+01 3.061803e+01 -1.320000e+01
      vertex   4.728201e+01 3.090798e+01 -1.320000e+01
    endloop
  endfacet
  facet normal 3.192524e-15 1.956381e-15 1.000000e+00
    outer loop
      vertex   4.728201e+01 3.090798e+01 -1.320000e+01
      vertex   4.711803e+01 3.117557e+01 -1.320000e+01
      vertex   4.550000e+01 3.200000e+01 -1.320000e+01
    endloop
  endfacet
  facet normal 3.887401e-15 3.320154e-15 1.000000e+00
    outer loop
      vertex   4.550000e+01 3.200000e+01 -1.320000e+01
      vertex   4.711803e+01 3.117557e+01 -1.320000e+01
      vertex   4.691421e+01 3.141421e+01 -1.320000e+01
    endloop
  endfacet
  facet normal 4.877784e-15 5.711152e-15 1.000000e+00
    outer loop
      vertex   4.550000e+01 3.200000e+01 -1.320000e+01
      vertex   4.691421e+01 3.141421e+01 -1.320000e+01
      vertex   4.667557e+01 3.161803e+01 -1.320000e+01
    endloop
  endfacet
  facet normal 6.433061e-15 1.049780e-14 1.000000e+00
    outer loop
      vertex   4.667557e+01 3.161803e+01 -1.320000e+01
      vertex   4.640798e+01 3.178201e+01 -1.320000e+01
      vertex   4.550000e+01 3.200000e+01 -1.320000e+01
    endloop
  endfacet
  facet normal 9.307267e-15 2.246973e-14 1.000000e+00
    outer loop
      vertex   4.550000e+01 3.200000e+01 -1.320000e+01
      vertex   4.640798e+01 3.178201e+01 -1.320000e+01
      vertex   4.611803e+01 3.190211e+01 -1.320000e+01
    endloop
  endfacet
  facet normal 1.689311e-14 7.036489e-14 1.000000e+00
    outer loop
      vertex   4.550000e+01 3.200000e+01 -1.320000e+01
      vertex   4.611803e+01 3.190211e+01 -1.320000e+01
      vertex   4.581287e+01 3.197538e+01 -1.320000e+01
    endloop
  endfacet
  facet normal 1.003074e-15 -1.011722e-15 1.000000e+00
    outer loop
      vertex   -4.427284e+00 3.604959e+01 -1.320000e+01
      vertex   4.427284e+00 3.604959e+01 -1.320000e+01
      vertex   -4.011431e+00 3.646189e+01 -1.320000e+01
    endloop
  endfacet
  facet normal 1.107059e-15 1.116604e-15 1.000000e+00
    outer loop
      vertex   -4.011431e+00 3.646189e+01 -1.320000e+01
      vertex   4.427284e+00 3.604959e+01 -1.320000e+01
      vertex   4.011431e+00 3.646189e+01 -1.320000e+01
    endloop
  endfacet
  facet normal 1.107059e-15 3.444280e-15 1.000000e+00
    outer loop
      vertex   -4.011431e+00 3.646189e+01 -1.320000e+01
      vertex   4.011431e+00 3.646189e+01 -1.320000e+01
      vertex   -3.557367e+00 3.683168e+01 -1.320000e+01
    endloop
  endfacet
  facet normal 7.490190e-16 -3.883910e-15 1.000000e+00
    outer loop
      vertex   -3.557367e+00 3.683168e+01 -1.320000e+01
      vertex   4.011431e+00 3.646189e+01 -1.320000e+01
      vertex   3.557367e+00 3.683168e+01 -1.320000e+01
    endloop
  endfacet
  facet normal 7.490190e-16 -1.128836e-15 1.000000e+00
    outer loop
      vertex   -3.557367e+00 3.683168e+01 -1.320000e+01
      vertex   3.557367e+00 3.683168e+01 -1.320000e+01
      vertex   -3.069416e+00 3.715545e+01 -1.320000e+01
    endloop
  endfacet
  facet normal 8.680919e-16 1.308289e-15 1.000000e+00
    outer loop
      vertex   -3.069416e+00 3.715545e+01 -1.320000e+01
      vertex   3.557367e+00 3.683168e+01 -1.320000e+01
      vertex   3.069416e+00 3.715545e+01 -1.320000e+01
    endloop
  endfacet
  facet normal 8.680919e-16 -1.634619e-15 1.000000e+00
    outer loop
      vertex   -3.069416e+00 3.715545e+01 -1.320000e+01
      vertex   3.069416e+00 3.715545e+01 -1.320000e+01
      vertex   -2.552227e+00 3.743011e+01 -1.320000e+01
    endloop
  endfacet
  facet normal 1.044004e-15 1.965861e-15 1.000000e+00
    outer loop
      vertex   -2.552227e+00 3.743011e+01 -1.320000e+01
      vertex   3.069416e+00 3.715545e+01 -1.320000e+01
      vertex   2.552227e+00 3.743011e+01 -1.320000e+01
    endloop
  endfacet
  facet normal 1.044004e-15 -2.535828e-15 1.000000e+00
    outer loop
      vertex   -2.552227e+00 3.743011e+01 -1.320000e+01
      vertex   2.552227e+00 3.743011e+01 -1.320000e+01
      vertex   -2.010727e+00 3.765305e+01 -1.320000e+01
    endloop
  endfacet
  facet normal 1.325160e-15 3.218741e-15 1.000000e+00
    outer loop
      vertex   -2.010727e+00 3.765305e+01 -1.320000e+01
      vertex   2.552227e+00 3.743011e+01 -1.320000e+01
      vertex   2.010727e+00 3.765305e+01 -1.320000e+01
    endloop
  endfacet
  facet normal 1.325160e-15 -4.393916e-15 1.000000e+00
    outer loop
      vertex   -2.010727e+00 3.765305e+01 -1.320000e+01
      vertex   2.010727e+00 3.765305e+01 -1.320000e+01
      vertex   -1.450073e+00 3.782214e+01 -1.320000e+01
    endloop
  endfacet
  facet normal 1.837518e-15 6.092773e-15 1.000000e+00
    outer loop
      vertex   -1.450073e+00 3.782214e+01 -1.320000e+01
      vertex   2.010727e+00 3.765305e+01 -1.320000e+01
      vertex   1.450073e+00 3.782214e+01 -1.320000e+01
    endloop
  endfacet
  facet normal 1.837518e-15 2.197630e-14 1.000000e+00
    outer loop
      vertex   -1.450073e+00 3.782214e+01 -1.320000e+01
      vertex   1.450073e+00 3.782214e+01 -1.320000e+01
      vertex   -8.756059e-01 3.793577e+01 -1.320000e+01
    endloop
  endfacet
  facet normal 0.000000e+00 -1.563311e-14 1.000000e+00
    outer loop
      vertex   -8.756059e-01 3.793577e+01 -1.320000e+01
      vertex   1.450073e+00 3.782214e+01 -1.320000e+01
      vertex   8.756059e-01 3.793577e+01 -1.320000e+01
    endloop
  endfacet
  facet normal 0.000000e+00 0.000000e+00 1.000000e+00
    outer loop
      vertex   -8.756059e-01 3.793577e+01 -1.320000e+01
      vertex   8.756059e-01 3.793577e+01 -1.320000e+01
      vertex   -2.927983e-01 3.799285e+01 -1.320000e+01
    endloop
  endfacet
  facet normal -0.000000e+00 0.000000e+00 1.000000e+00
    outer loop
      vertex   -2.927983e-01 3.799285e+01 -1.320000e+01
      vertex   8.756059e-01 3.793577e+01 -1.320000e+01
      vertex   2.927983e-01 3.799285e+01 -1.320000e+01
    endloop
  endfacet
  facet normal -3.378623e-14 1.407298e-13 1.000000e+00
    outer loop
      vertex   -4.581287e+01 3.197538e+01 -1.320000e+01
      vertex   -4.611803e+01 3.190211e+01 -1.320000e+01
      vertex   -4.550000e+01 3.200000e+01 -1.320000e+01
    endloop
  endfacet
  facet normal -1.861453e-14 4.493946e-14 1.000000e+00
    outer loop
      vertex   -4.550000e+01 3.200000e+01 -1.320000e+01
      vertex   -4.611803e+01 3.190211e+01 -1.320000e+01
      vertex   -4.640798e+01 3.178201e+01 -1.320000e+01
    endloop
  endfacet
  facet normal -1.286612e-14 2.099560e-14 1.000000e+00
    outer loop
      vertex   -4.550000e+01 3.200000e+01 -1.320000e+01
      vertex   -4.640798e+01 3.178201e+01 -1.320000e+01
      vertex   -4.667557e+01 3.161803e+01 -1.320000e+01
    endloop
  endfacet
  facet normal -9.755569e-15 1.142230e-14 1.000000e+00
    outer loop
      vertex   -4.667557e+01 3.161803e+01 -1.320000e+01
      vertex   -4.691421e+01 3.141421e+01 -1.320000e+01
      vertex   -4.550000e+01 3.200000e+01 -1.320000e+01
    endloop
  endfacet
  facet normal -7.774801e-15 6.640308e-15 1.000000e+00
    outer loop
      vertex   -4.550000e+01 3.200000e+01 -1.320000e+01
      vertex   -4.691421e+01 3.141421e+01 -1.320000e+01
      vertex   -4.711803e+01 3.117557e+01 -1.320000e+01
    endloop
  endfacet
  facet normal -6.385047e-15 3.912762e-15 1.000000e+00
    outer loop
      vertex   -4.550000e+01 3.200000e+01 -1.320000e+01
      vertex   -4.711803e+01 3.117557e+01 -1.320000e+01
      vertex   -4.728201e+01 3.090798e+01 -1.320000e+01
    endloop
  endfacet
  facet normal -5.343696e-15 2.213431e-15 1.000000e+00
    outer loop
      vertex   -4.728201e+01 3.090798e+01 -1.320000e+01
      vertex   -4.740211e+01 3.061803e+01 -1.320000e+01
      vertex   -4.550000e+01 3.200000e+01 -1.320000e+01
    endloop
  endfacet
  facet normal -4.524792e-15 1.086306e-15 1.000000e+00
    outer loop
      vertex   -4.550000e+01 3.200000e+01 -1.320000e+01
      vertex   -4.740211e+01 3.061803e+01 -1.320000e+01
      vertex   -4.747538e+01 3.031287e+01 -1.320000e+01
    endloop
  endfacet
  facet normal -4.024640e-14 4.291093e-14 1.000000e+00
    outer loop
      vertex   -4.550000e+01 3.200000e+01 -1.320000e+01
      vertex   -4.747538e+01 3.031287e+01 -1.320000e+01
      vertex   -4.750000e+01 3.000000e+01 -1.320000e+01
    endloop
  endfacet
  facet normal 5.654123e-01 -8.248084e-01 0.000000e+00
    outer loop
      vertex   7.067878e+01 1.626335e+01 -1.320000e+01
      vertex   7.067878e+01 1.626335e+01 -1.470000e+01
      vertex   7.094887e+01 1.644850e+01 -1.320000e+01
    endloop
  endfacet
  facet normal 5.654123e-01 -8.248084e-01 -5.356661e-15
    outer loop
      vertex   7.094887e+01 1.644850e+01 -1.320000e+01
      vertex   7.067878e+01 1.626335e+01 -1.470000e+01
      vertex   7.094887e+01 1.644850e+01 -1.470000e+01
    endloop
  endfacet
  facet normal 6.924263e-01 -7.214886e-01 -6.559980e-15
    outer loop
      vertex   7.094887e+01 1.644850e+01 -1.320000e+01
      vertex   7.094887e+01 1.644850e+01 -1.470000e+01
      vertex   7.118513e+01 1.667524e+01 -1.320000e+01
    endloop
  endfacet
  facet normal 6.924263e-01 -7.214886e-01 0.000000e+00
    outer loop
      vertex   7.118513e+01 1.667524e+01 -1.320000e+01
      vertex   7.094887e+01 1.644850e+01 -1.470000e+01
      vertex   7.118513e+01 1.667524e+01 -1.470000e+01
    endloop
  endfacet
  facet normal 8.008781e-01 -5.988275e-01 0.000000e+00
    outer loop
      vertex   7.118513e+01 1.667524e+01 -1.320000e+01
      vertex   7.118513e+01 1.667524e+01 -1.470000e+01
      vertex   7.138123e+01 1.693749e+01 -1.320000e+01
    endloop
  endfacet
  facet normal 8.008781e-01 -5.988275e-01 0.000000e+00
    outer loop
      vertex   7.138123e+01 1.693749e+01 -1.320000e+01
      vertex   7.118513e+01 1.667524e+01 -1.470000e+01
      vertex   7.138123e+01 1.693749e+01 -1.470000e+01
    endloop
  endfacet
  facet normal 8.878602e-01 -4.601132e-01 0.000000e+00
    outer loop
      vertex   7.138123e+01 1.693749e+01 -1.320000e+01
      vertex   7.138123e+01 1.693749e+01 -1.470000e+01
      vertex   7.153189e+01 1.722823e+01 -1.320000e+01
    endloop
  endfacet
  facet normal 8.878602e-01 -4.601132e-01 0.000000e+00
    outer loop
      vertex   7.153189e+01 1.722823e+01 -1.320000e+01
      vertex   7.138123e+01 1.693749e+01 -1.470000e+01
      vertex   7.153189e+01 1.722823e+01 -1.470000e+01
    endloop
  endfacet
  facet normal 9.510411e-01 -3.090645e-01 0.000000e+00
    outer loop
      vertex   7.153189e+01 1.722823e+01 -1.320000e+01
      vertex   7.153189e+01 1.722823e+01 -1.470000e+01
      vertex   7.163310e+01 1.753966e+01 -1.320000e+01
    endloop
  endfacet
  facet normal 9.510411e-01 -3.090645e-01 0.000000e+00
    outer loop
      vertex   7.163310e+01 1.753966e+01 -1.320000e+01
      vertex   7.153189e+01 1.722823e+01 -1.470000e+01
      vertex   7.163310e+01 1.753966e+01 -1.470000e+01
    endloop
  endfacet
  facet normal 9.887268e-01 -1.497305e-01 0.000000e+00
    outer loop
      vertex   7.163310e+01 1.753966e+01 -1.320000e+01
      vertex   7.163310e+01 1.753966e+01 -1.470000e+01
      vertex   7.168213e+01 1.786343e+01 -1.320000e+01
    endloop
  endfacet
  facet normal 9.887268e-01 -1.497305e-01 0.000000e+00
    outer loop
      vertex   7.168213e+01 1.786343e+01 -1.320000e+01
      vertex   7.163310e+01 1.753966e+01 -1.470000e+01
      vertex   7.168213e+01 1.786343e+01 -1.470000e+01
    endloop
  endfacet
  facet normal 9.999073e-01 1.361742e-02 0.000000e+00
    outer loop
      vertex   7.168213e+01 1.786343e+01 -1.320000e+01
      vertex   7.168213e+01 1.786343e+01 -1.470000e+01
      vertex   7.167767e+01 1.819086e+01 -1.320000e+01
    endloop
  endfacet
  facet normal 9.999073e-01 1.361742e-02 0.000000e+00
    outer loop
      vertex   7.167767e+01 1.819086e+01 -1.320000e+01
      vertex   7.168213e+01 1.786343e+01 -1.470000e+01
      vertex   7.167767e+01 1.819086e+01 -1.470000e+01
    endloop
  endfacet
  facet normal 9.842827e-01 1.766003e-01 0.000000e+00
    outer loop
      vertex   7.167767e+01 1.819086e+01 -1.320000e+01
      vertex   7.167767e+01 1.819086e+01 -1.470000e+01
      vertex   7.161984e+01 1.851317e+01 -1.320000e+01
    endloop
  endfacet
  facet normal 9.842827e-01 1.766003e-01 0.000000e+00
    outer loop
      vertex   7.161984e+01 1.851317e+01 -1.320000e+01
      vertex   7.167767e+01 1.819086e+01 -1.470000e+01
      vertex   7.161984e+01 1.851317e+01 -1.470000e+01
    endloop
  endfacet
  facet normal 9.422718e-01 3.348489e-01 0.000000e+00
    outer loop
      vertex   7.161984e+01 1.851317e+01 -1.320000e+01
      vertex   7.161984e+01 1.851317e+01 -1.470000e+01
      vertex   7.151019e+01 1.882173e+01 -1.320000e+01
    endloop
  endfacet
  facet normal 9.422718e-01 3.348489e-01 0.000000e+00
    outer loop
      vertex   7.151019e+01 1.882173e+01 -1.320000e+01
      vertex   7.161984e+01 1.851317e+01 -1.470000e+01
      vertex   7.151019e+01 1.882173e+01 -1.470000e+01
    endloop
  endfacet
  facet normal 8.750010e-01 4.841211e-01 0.000000e+00
    outer loop
      vertex   7.151019e+01 1.882173e+01 -1.320000e+01
      vertex   7.151019e+01 1.882173e+01 -1.470000e+01
      vertex   7.135166e+01 1.910826e+01 -1.320000e+01
    endloop
  endfacet
  facet normal 8.750010e-01 4.841211e-01 0.000000e+00
    outer loop
      vertex   7.135166e+01 1.910826e+01 -1.320000e+01
      vertex   7.151019e+01 1.882173e+01 -1.470000e+01
      vertex   7.135166e+01 1.910826e+01 -1.470000e+01
    endloop
  endfacet
  facet normal 7.842736e-01 6.204152e-01 0.000000e+00
    outer loop
      vertex   7.135166e+01 1.910826e+01 -1.320000e+01
      vertex   7.135166e+01 1.910826e+01 -1.470000e+01
      vertex   7.114850e+01 1.936507e+01 -1.320000e+01
    endloop
  endfacet
  facet normal 7.842736e-01 6.204152e-01 0.000000e+00
    outer loop
      vertex   7.114850e+01 1.936507e+01 -1.320000e+01
      vertex   7.135166e+01 1.910826e+01 -1.470000e+01
      vertex   7.114850e+01 1.936507e+01 -1.470000e+01
    endloop
  endfacet
  facet normal 6.725217e-01 7.400774e-01 0.000000e+00
    outer loop
      vertex   7.114850e+01 1.936507e+01 -1.320000e+01
      vertex   7.114850e+01 1.936507e+01 -1.470000e+01
      vertex   7.090616e+01 1.958530e+01 -1.320000e+01
    endloop
  endfacet
  facet normal 6.725217e-01 7.400774e-01 0.000000e+00
    outer loop
      vertex   7.090616e+01 1.958530e+01 -1.320000e+01
      vertex   7.114850e+01 1.936507e+01 -1.470000e+01
      vertex   7.090616e+01 1.958530e+01 -1.470000e+01
    endloop
  endfacet
  facet normal 5.427411e-01 8.399000e-01 0.000000e+00
    outer loop
      vertex   7.090616e+01 1.958530e+01 -1.320000e+01
      vertex   7.090616e+01 1.958530e+01 -1.470000e+01
      vertex   7.063112e+01 1.976302e+01 -1.320000e+01
    endloop
  endfacet
  facet normal 5.427411e-01 8.399000e-01 0.000000e+00
    outer loop
      vertex   7.063112e+01 1.976302e+01 -1.320000e+01
      vertex   7.090616e+01 1.958530e+01 -1.470000e+01
      vertex   7.063112e+01 1.976302e+01 -1.470000e+01
    endloop
  endfacet
  facet normal 3.984110e-01 9.172070e-01 0.000000e+00
    outer loop
      vertex   7.063112e+01 1.976302e+01 -1.320000e+01
      vertex   7.063112e+01 1.976302e+01 -1.470000e+01
      vertex   7.033077e+01 1.989349e+01 -1.320000e+01
    endloop
  endfacet
  facet normal 3.984110e-01 9.172070e-01 0.000000e+00
    outer loop
      vertex   7.033077e+01 1.989349e+01 -1.320000e+01
      vertex   7.063112e+01 1.976302e+01 -1.470000e+01
      vertex   7.033077e+01 1.989349e+01 -1.470000e+01
    endloop
  endfacet
  facet normal 2.434005e-01 9.699259e-01 0.000000e+00
    outer loop
      vertex   7.033077e+01 1.989349e+01 -1.320000e+01
      vertex   7.033077e+01 1.989349e+01 -1.470000e+01
      vertex   7.001316e+01 1.997319e+01 -1.320000e+01
    endloop
  endfacet
  facet normal 2.434005e-01 9.699259e-01 0.000000e+00
    outer loop
      vertex   7.001316e+01 1.997319e+01 -1.320000e+01
      vertex   7.033077e+01 1.989349e+01 -1.470000e+01
      vertex   7.001316e+01 1.997319e+01 -1.470000e+01
    endloop
  endfacet
  facet normal 8.186504e-02 9.966434e-01 0.000000e+00
    outer loop
      vertex   7.001316e+01 1.997319e+01 -1.320000e+01
      vertex   7.001316e+01 1.997319e+01 -1.470000e+01
      vertex   6.968680e+01 2.000000e+01 -1.320000e+01
    endloop
  endfacet
  facet normal 8.186504e-02 9.966434e-01 0.000000e+00
    outer loop
      vertex   6.968680e+01 2.000000e+01 -1.320000e+01
      vertex   7.001316e+01 1.997319e+01 -1.470000e+01
      vertex   6.968680e+01 2.000000e+01 -1.470000e+01
    endloop
  endfacet
  facet normal -2.444959e-15 0.000000e+00 1.000000e+00
    outer loop
      vertex   -6.800000e+01 2.000000e+01 -1.320000e+01
      vertex   -7.090616e+01 1.958530e+01 -1.320000e+01
      vertex   -6.800000e+01 1.895762e+01 -1.320000e+01
    endloop
  endfacet
  facet normal -1.975441e-15 2.173876e-15 1.000000e+00
    outer loop
      vertex   -6.800000e+01 1.895762e+01 -1.320000e+01
      vertex   -7.090616e+01 1.958530e+01 -1.320000e+01
      vertex   -7.114850e+01 1.936507e+01 -1.320000e+01
    endloop
  endfacet
  facet normal -2.047188e-15 1.619468e-15 1.000000e+00
    outer loop
      vertex   -6.800000e+01 1.895762e+01 -1.320000e+01
      vertex   -7.114850e+01 1.936507e+01 -1.320000e+01
      vertex   -7.135166e+01 1.910826e+01 -1.320000e+01
    endloop
  endfacet
  facet normal 1.053094e-15 -8.975506e-14 1.000000e+00
    outer loop
      vertex   -6.968680e+01 2.000000e+01 -1.320000e+01
      vertex   -7.033077e+01 1.989349e+01 -1.320000e+01
      vertex   -6.800000e+01 2.000000e+01 -1.320000e+01
    endloop
  endfacet
  facet normal -3.406956e-15 7.843367e-15 1.000000e+00
    outer loop
      vertex   -6.800000e+01 2.000000e+01 -1.320000e+01
      vertex   -7.033077e+01 1.989349e+01 -1.320000e+01
      vertex   -7.063112e+01 1.976302e+01 -1.320000e+01
    endloop
  endfacet
  facet normal -3.137889e-15 4.855930e-15 1.000000e+00
    outer loop
      vertex   -6.800000e+01 2.000000e+01 -1.320000e+01
      vertex   -7.063112e+01 1.976302e+01 -1.320000e+01
      vertex   -7.090616e+01 1.958530e+01 -1.320000e+01
    endloop
  endfacet
  facet normal -4.045712e-14 1.612174e-13 1.000000e+00
    outer loop
      vertex   -6.968680e+01 2.000000e+01 -1.320000e+01
      vertex   -7.001316e+01 1.997319e+01 -1.320000e+01
      vertex   -7.033077e+01 1.989349e+01 -1.320000e+01
    endloop
  endfacet
  facet normal -2.068535e-15 1.144480e-15 1.000000e+00
    outer loop
      vertex   -7.135166e+01 1.910826e+01 -1.320000e+01
      vertex   -7.151019e+01 1.882173e+01 -1.320000e+01
      vertex   -6.800000e+01 1.895762e+01 -1.320000e+01
    endloop
  endfacet
  facet normal -2.052465e-15 7.293708e-16 1.000000e+00
    outer loop
      vertex   -6.800000e+01 1.895762e+01 -1.320000e+01
      vertex   -7.151019e+01 1.882173e+01 -1.320000e+01
      vertex   -7.161984e+01 1.851317e+01 -1.320000e+01
    endloop
  endfacet
  facet normal -2.007127e-15 3.601194e-16 1.000000e+00
    outer loop
      vertex   -6.800000e+01 1.895762e+01 -1.320000e+01
      vertex   -7.161984e+01 1.851317e+01 -1.320000e+01
      vertex   -7.167767e+01 1.819086e+01 -1.320000e+01
    endloop
  endfacet
  facet normal -1.937547e-15 2.638684e-17 1.000000e+00
    outer loop
      vertex   -7.167767e+01 1.819086e+01 -1.320000e+01
      vertex   -7.168213e+01 1.786343e+01 -1.320000e+01
      vertex   -6.800000e+01 1.895762e+01 -1.320000e+01
    endloop
  endfacet
  facet normal -1.846605e-15 -2.796456e-16 1.000000e+00
    outer loop
      vertex   -6.800000e+01 1.895762e+01 -1.320000e+01
      vertex   -7.168213e+01 1.786343e+01 -1.320000e+01
      vertex   -7.163310e+01 1.753966e+01 -1.320000e+01
    endloop
  endfacet
  facet normal -1.735613e-15 -5.640306e-16 1.000000e+00
    outer loop
      vertex   -6.800000e+01 1.895762e+01 -1.320000e+01
      vertex   -7.163310e+01 1.753966e+01 -1.320000e+01
      vertex   -7.153189e+01 1.722823e+01 -1.320000e+01
    endloop
  endfacet
  facet normal -1.604619e-15 -8.315569e-16 1.000000e+00
    outer loop
      vertex   -7.153189e+01 1.722823e+01 -1.320000e+01
      vertex   -7.138123e+01 1.693749e+01 -1.320000e+01
      vertex   -6.800000e+01 1.895762e+01 -1.320000e+01
    endloop
  endfacet
  facet normal -1.452547e-15 -1.086089e-15 1.000000e+00
    outer loop
      vertex   -6.800000e+01 1.895762e+01 -1.320000e+01
      vertex   -7.138123e+01 1.693749e+01 -1.320000e+01
      vertex   -7.118513e+01 1.667524e+01 -1.320000e+01
    endloop
  endfacet
  facet normal -1.277194e-15 -1.330800e-15 1.000000e+00
    outer loop
      vertex   -6.800000e+01 1.895762e+01 -1.320000e+01
      vertex   -7.118513e+01 1.667524e+01 -1.320000e+01
      vertex   -7.094887e+01 1.644850e+01 -1.320000e+01
    endloop
  endfacet
  facet normal -1.928700e-14 1.983539e-14 1.000000e+00
    outer loop
      vertex   -7.094887e+01 1.644850e+01 -1.320000e+01
      vertex   -7.067878e+01 1.626335e+01 -1.320000e+01
      vertex   -6.800000e+01 1.895762e+01 -1.320000e+01
    endloop
  endfacet
  facet normal 6.877150e-16 -2.445230e-17 1.000000e+00
    outer loop
      vertex   -6.800000e+01 1.895762e+01 -1.320000e+01
      vertex   -7.067878e+01 1.626335e+01 -1.320000e+01
      vertex   -6.814603e+01 1.485061e+01 -1.320000e+01
    endloop
  endfacet
  facet normal 6.807618e-16 -2.420508e-17 1.000000e+00
    outer loop
      vertex   -6.800000e+01 1.895762e+01 -1.320000e+01
      vertex   -6.814603e+01 1.485061e+01 -1.320000e+01
      vertex   -6.558505e+01 1.348972e+01 -1.320000e+01
    endloop
  endfacet
  facet normal 2.439507e-15 7.525613e-16 1.000000e+00
    outer loop
      vertex   -6.558505e+01 1.348972e+01 -1.320000e+01
      vertex   -6.299691e+01 1.218122e+01 -1.320000e+01
      vertex   -6.800000e+01 1.895762e+01 -1.320000e+01
    endloop
  endfacet
  facet normal 8.078259e-16 -4.521279e-16 1.000000e+00
    outer loop
      vertex   -6.800000e+01 1.895762e+01 -1.320000e+01
      vertex   -6.299691e+01 1.218122e+01 -1.320000e+01
      vertex   -2.415680e+01 3.000000e+00 -1.320000e+01
    endloop
  endfacet
  facet normal 1.142672e-15 9.644007e-16 1.000000e+00
    outer loop
      vertex   -2.415680e+01 3.000000e+00 -1.320000e+01
      vertex   -6.299691e+01 1.218122e+01 -1.320000e+01
      vertex   -6.038267e+01 1.092567e+01 -1.320000e+01
    endloop
  endfacet
  facet normal 1.170739e-15 1.092687e-15 1.000000e+00
    outer loop
      vertex   -2.415680e+01 3.000000e+00 -1.320000e+01
      vertex   -6.038267e+01 1.092567e+01 -1.320000e+01
      vertex   -5.774343e+01 9.723576e+00 -1.320000e+01
    endloop
  endfacet
  facet normal 1.199045e-15 1.234085e-15 1.000000e+00
    outer loop
      vertex   -5.774343e+01 9.723576e+00 -1.320000e+01
      vertex   -5.508026e+01 8.575442e+00 -1.320000e+01
      vertex   -2.415680e+01 3.000000e+00 -1.320000e+01
    endloop
  endfacet
  facet normal 7.014766e-16 -1.525615e-15 1.000000e+00
    outer loop
      vertex   -2.415680e+01 3.000000e+00 -1.320000e+01
      vertex   -5.508026e+01 8.575442e+00 -1.320000e+01
      vertex   -5.239429e+01 7.481742e+00 -1.320000e+01
    endloop
  endfacet
  facet normal 6.836222e-16 -1.638108e-15 1.000000e+00
    outer loop
      vertex   -2.415680e+01 3.000000e+00 -1.320000e+01
      vertex   -5.239429e+01 7.481742e+00 -1.320000e+01
      vertex   -4.968661e+01 6.442931e+00 -1.320000e+01
    endloop
  endfacet
  facet normal 6.668518e-16 -1.762462e-15 1.000000e+00
    outer loop
      vertex   -4.968661e+01 6.442931e+00 -1.320000e+01
      vertex   -4.695835e+01 5.459437e+00 -1.320000e+01
      vertex   -2.415680e+01 3.000000e+00 -1.320000e+01
    endloop
  endfacet
  facet normal 9.557494e-16 9.159209e-16 1.000000e+00
    outer loop
      vertex   -2.415680e+01 3.000000e+00 -1.320000e+01
      vertex   -4.695835e+01 5.459437e+00 -1.320000e+01
      vertex   -4.421065e+01 4.531669e+00 -1.320000e+01
    endloop
  endfacet
  facet normal 9.637173e-16 1.020242e-15 1.000000e+00
    outer loop
      vertex   -2.415680e+01 3.000000e+00 -1.320000e+01
      vertex   -4.421065e+01 4.531669e+00 -1.320000e+01
      vertex   -4.144463e+01 3.660010e+00 -1.320000e+01
    endloop
  endfacet
  facet normal 9.677108e-16 1.124846e-15 1.000000e+00
    outer loop
      vertex   -4.144463e+01 3.660010e+00 -1.320000e+01
      vertex   -3.866144e+01 2.844822e+00 -1.320000e+01
      vertex   -2.415680e+01 3.000000e+00 -1.320000e+01
    endloop
  endfacet
  facet normal 9.666333e-16 1.225561e-15 1.000000e+00
    outer loop
      vertex   -2.415680e+01 3.000000e+00 -1.320000e+01
      vertex   -3.866144e+01 2.844822e+00 -1.320000e+01
      vertex   -3.586225e+01 2.086443e+00 -1.320000e+01
    endloop
  endfacet
  facet normal 1.110031e-15 -6.118005e-16 1.000000e+00
    outer loop
      vertex   -2.415680e+01 3.000000e+00 -1.320000e+01
      vertex   -3.586225e+01 2.086443e+00 -1.320000e+01
      vertex   -3.304820e+01 1.385186e+00 -1.320000e+01
    endloop
  endfacet
  facet normal 8.344198e-16 9.057544e-16 1.000000e+00
    outer loop
      vertex   -3.304820e+01 1.385186e+00 -1.320000e+01
      vertex   -3.022046e+01 7.413412e-01 -1.320000e+01
      vertex   -2.415680e+01 3.000000e+00 -1.320000e+01
    endloop
  endfacet
  facet normal 2.027558e-15 -2.297379e-15 1.000000e+00
    outer loop
      vertex   -2.415680e+01 3.000000e+00 -1.320000e+01
      vertex   -3.022046e+01 7.413412e-01 -1.320000e+01
      vertex   -2.738020e+01 1.551764e-01 -1.320000e+01
    endloop
  endfacet
  facet normal 5.148657e-16 -5.833823e-16 1.000000e+00
    outer loop
      vertex   -2.415680e+01 3.000000e+00 -1.320000e+01
      vertex   -2.738020e+01 1.551764e-01 -1.320000e+01
      vertex   -2.452860e+01 -3.730661e-01 -1.320000e+01
    endloop
  endfacet
  facet normal 5.247119e-16 -5.844676e-16 1.000000e+00
    outer loop
      vertex   -2.452860e+01 -3.730661e-01 -1.320000e+01
      vertex   -2.166685e+01 -8.431674e-01 -1.320000e+01
      vertex   -2.415680e+01 3.000000e+00 -1.320000e+01
    endloop
  endfacet
  facet normal 5.359973e-16 -5.771559e-16 1.000000e+00
    outer loop
      vertex   -2.415680e+01 3.000000e+00 -1.320000e+01
      vertex   -2.166685e+01 -8.431674e-01 -1.320000e+01
      vertex   -1.879611e+01 -1.254933e+00 -1.320000e+01
    endloop
  endfacet
  facet normal 1.278132e-15 3.578411e-16 1.000000e+00
    outer loop
      vertex   -2.415680e+01 3.000000e+00 -1.320000e+01
      vertex   -1.879611e+01 -1.254933e+00 -1.320000e+01
      vertex   -1.591760e+01 -1.608192e+00 -1.320000e+01
    endloop
  endfacet
  facet normal 5.124455e-16 -1.011165e-15 1.000000e+00
    outer loop
      vertex   -1.591760e+01 -1.608192e+00 -1.320000e+01
      vertex   -1.303249e+01 -1.902798e+00 -1.320000e+01
      vertex   -2.415680e+01 3.000000e+00 -1.320000e+01
    endloop
  endfacet
  facet normal 8.859642e-16 -1.636624e-16 1.000000e+00
    outer loop
      vertex   -2.415680e+01 3.000000e+00 -1.320000e+01
      vertex   -1.303249e+01 -1.902798e+00 -1.320000e+01
      vertex   1.303249e+01 -1.902798e+00 -1.320000e+01
    endloop
  endfacet
  facet normal 8.456462e-16 -4.694870e-16 1.000000e+00
    outer loop
      vertex   -2.415680e+01 3.000000e+00 -1.320000e+01
      vertex   1.303249e+01 -1.902798e+00 -1.320000e+01
      vertex   2.415680e+01 3.000000e+00 -1.320000e+01
    endloop
  endfacet
  facet normal 6.087530e-16 6.801677e-17 1.000000e+00
    outer loop
      vertex   2.415680e+01 3.000000e+00 -1.320000e+01
      vertex   1.303249e+01 -1.902798e+00 -1.320000e+01
      vertex   1.591760e+01 -1.608192e+00 -1.320000e+01
    endloop
  endfacet
  facet normal 6.087637e-16 6.799761e-17 1.000000e+00
    outer loop
      vertex   2.415680e+01 3.000000e+00 -1.320000e+01
      vertex   1.591760e+01 -1.608192e+00 -1.320000e+01
      vertex   1.879611e+01 -1.254933e+00 -1.320000e+01
    endloop
  endfacet
  facet normal 8.859642e-16 4.205661e-15 1.000000e+00
    outer loop
      vertex   1.303249e+01 -1.902798e+00 -1.320000e+01
      vertex   -1.303249e+01 -1.902798e+00 -1.320000e+01
      vertex   1.014198e+01 -2.138630e+00 -1.320000e+01
    endloop
  endfacet
  facet normal 8.757443e-16 3.201385e-15 1.000000e+00
    outer loop
      vertex   1.014198e+01 -2.138630e+00 -1.320000e+01
      vertex   -1.303249e+01 -1.902798e+00 -1.320000e+01
      vertex   -1.014198e+01 -2.138630e+00 -1.320000e+01
    endloop
  endfacet
  facet normal 8.757443e-16 -4.287239e-15 1.000000e+00
    outer loop
      vertex   1.014198e+01 -2.138630e+00 -1.320000e+01
      vertex   -1.014198e+01 -2.138630e+00 -1.320000e+01
      vertex   7.247276e+00 -2.315589e+00 -1.320000e+01
    endloop
  endfacet
  facet normal 8.578739e-16 -6.043308e-15 1.000000e+00
    outer loop
      vertex   7.247276e+00 -2.315589e+00 -1.320000e+01
      vertex   -1.014198e+01 -2.138630e+00 -1.320000e+01
      vertex   -7.247276e+00 -2.315589e+00 -1.320000e+01
    endloop
  endfacet
  facet normal 8.578739e-16 -6.012124e-15 1.000000e+00
    outer loop
      vertex   7.247276e+00 -2.315589e+00 -1.320000e+01
      vertex   -7.247276e+00 -2.315589e+00 -1.320000e+01
      vertex   4.349566e+00 -2.433603e+00 -1.320000e+01
    endloop
  endfacet
  facet normal 1.020996e-15 1.001744e-14 1.000000e+00
    outer loop
      vertex   4.349566e+00 -2.433603e+00 -1.320000e+01
      vertex   -7.247276e+00 -2.315589e+00 -1.320000e+01
      vertex   -4.349566e+00 -2.433603e+00 -1.320000e+01
    endloop
  endfacet
  facet normal 1.020996e-15 1.003614e-14 1.000000e+00
    outer loop
      vertex   4.349566e+00 -2.433603e+00 -1.320000e+01
      vertex   -4.349566e+00 -2.433603e+00 -1.320000e+01
      vertex   1.450056e+00 -2.492622e+00 -1.320000e+01
    endloop
  endfacet
  facet normal 1.225027e-15 3.008557e-14 1.000000e+00
    outer loop
      vertex   1.450056e+00 -2.492622e+00 -1.320000e+01
      vertex   -4.349566e+00 -2.433603e+00 -1.320000e+01
      vertex   -1.450056e+00 -2.492622e+00 -1.320000e+01
    endloop
  endfacet
  facet normal 6.090873e-16 6.758994e-17 1.000000e+00
    outer loop
      vertex   1.879611e+01 -1.254933e+00 -1.320000e+01
      vertex   2.166685e+01 -8.431674e-01 -1.320000e+01
      vertex   2.415680e+01 3.000000e+00 -1.320000e+01
    endloop
  endfacet
  facet normal 6.096829e-16 6.720404e-17 1.000000e+00
    outer loop
      vertex   2.415680e+01 3.000000e+00 -1.320000e+01
      vertex   2.166685e+01 -8.431674e-01 -1.320000e+01
      vertex   2.452860e+01 -3.730661e-01 -1.320000e+01
    endloop
  endfacet
  facet normal 1.220938e-15 1.345813e-16 1.000000e+00
    outer loop
      vertex   2.415680e+01 3.000000e+00 -1.320000e+01
      vertex   2.452860e+01 -3.730661e-01 -1.320000e+01
      vertex   2.738020e+01 1.551764e-01 -1.320000e+01
    endloop
  endfacet
  facet normal 7.157747e-16 -4.378069e-16 1.000000e+00
    outer loop
      vertex   2.738020e+01 1.551764e-01 -1.320000e+01
      vertex   3.022046e+01 7.413412e-01 -1.320000e+01
      vertex   2.415680e+01 3.000000e+00 -1.320000e+01
    endloop
  endfacet
  facet normal 7.232836e-16 -4.176485e-16 1.000000e+00
    outer loop
      vertex   2.415680e+01 3.000000e+00 -1.320000e+01
      vertex   3.022046e+01 7.413412e-01 -1.320000e+01
      vertex   3.304820e+01 1.385186e+00 -1.320000e+01
    endloop
  endfacet
  facet normal 9.944688e-16 1.075536e-15 1.000000e+00
    outer loop
      vertex   2.415680e+01 3.000000e+00 -1.320000e+01
      vertex   3.304820e+01 1.385186e+00 -1.320000e+01
      vertex   3.586225e+01 2.086443e+00 -1.320000e+01
    endloop
  endfacet
  facet normal 8.488175e-16 -7.907003e-16 1.000000e+00
    outer loop
      vertex   3.586225e+01 2.086443e+00 -1.320000e+01
      vertex   3.866144e+01 2.844822e+00 -1.320000e+01
      vertex   2.415680e+01 3.000000e+00 -1.320000e+01
    endloop
  endfacet
  facet normal 8.495583e-16 -7.214540e-16 1.000000e+00
    outer loop
      vertex   2.415680e+01 3.000000e+00 -1.320000e+01
      vertex   3.866144e+01 2.844822e+00 -1.320000e+01
      vertex   4.144463e+01 3.660010e+00 -1.320000e+01
    endloop
  endfacet
  facet normal 8.468012e-16 -6.492343e-16 1.000000e+00
    outer loop
      vertex   2.415680e+01 3.000000e+00 -1.320000e+01
      vertex   4.144463e+01 3.660010e+00 -1.320000e+01
      vertex   4.421065e+01 4.531669e+00 -1.320000e+01
    endloop
  endfacet
  facet normal 8.412758e-16 -5.768924e-16 1.000000e+00
    outer loop
      vertex   4.421065e+01 4.531669e+00 -1.320000e+01
      vertex   4.695835e+01 5.459437e+00 -1.320000e+01
      vertex   2.415680e+01 3.000000e+00 -1.320000e+01
    endloop
  endfacet
  facet normal 5.556834e-16 2.070849e-15 1.000000e+00
    outer loop
      vertex   2.415680e+01 3.000000e+00 -1.320000e+01
      vertex   4.695835e+01 5.459437e+00 -1.320000e+01
      vertex   4.968661e+01 6.442931e+00 -1.320000e+01
    endloop
  endfacet
  facet normal 1.287544e-15 -3.356003e-15 1.000000e+00
    outer loop
      vertex   2.415680e+01 3.000000e+00 -1.320000e+01
      vertex   4.968661e+01 6.442931e+00 -1.320000e+01
      vertex   5.239429e+01 7.481742e+00 -1.320000e+01
    endloop
  endfacet
  facet normal 8.146482e-16 -3.764917e-16 1.000000e+00
    outer loop
      vertex   5.239429e+01 7.481742e+00 -1.320000e+01
      vertex   5.508026e+01 8.575442e+00 -1.320000e+01
      vertex   2.415680e+01 3.000000e+00 -1.320000e+01
    endloop
  endfacet
  facet normal 8.040999e-16 -3.179871e-16 1.000000e+00
    outer loop
      vertex   2.415680e+01 3.000000e+00 -1.320000e+01
      vertex   5.508026e+01 8.575442e+00 -1.320000e+01
      vertex   5.774343e+01 9.723576e+00 -1.320000e+01
    endloop
  endfacet
  facet normal 2.654951e-16 2.372534e-15 1.000000e+00
    outer loop
      vertex   2.415680e+01 3.000000e+00 -1.320000e+01
      vertex   5.774343e+01 9.723576e+00 -1.320000e+01
      vertex   6.038267e+01 1.092567e+01 -1.320000e+01
    endloop
  endfacet
  facet normal 8.724840e-16 -4.018321e-16 1.000000e+00
    outer loop
      vertex   6.038267e+01 1.092567e+01 -1.320000e+01
      vertex   6.299691e+01 1.218122e+01 -1.320000e+01
      vertex   2.415680e+01 3.000000e+00 -1.320000e+01
    endloop
  endfacet
  facet normal 8.668124e-16 -3.778388e-16 1.000000e+00
    outer loop
      vertex   2.415680e+01 3.000000e+00 -1.320000e+01
      vertex   6.299691e+01 1.218122e+01 -1.320000e+01
      vertex   6.800000e+01 1.895762e+01 -1.320000e+01
    endloop
  endfacet
  facet normal -2.114634e-16 4.182647e-16 1.000000e+00
    outer loop
      vertex   6.800000e+01 1.895762e+01 -1.320000e+01
      vertex   6.299691e+01 1.218122e+01 -1.320000e+01
      vertex   6.558505e+01 1.348972e+01 -1.320000e+01
    endloop
  endfacet
  facet normal 6.807618e-16 2.420508e-17 1.000000e+00
    outer loop
      vertex   6.800000e+01 1.895762e+01 -1.320000e+01
      vertex   6.558505e+01 1.348972e+01 -1.320000e+01
      vertex   6.814603e+01 1.485061e+01 -1.320000e+01
    endloop
  endfacet
  facet normal 6.877150e-16 2.445230e-17 1.000000e+00
    outer loop
      vertex   6.814603e+01 1.485061e+01 -1.320000e+01
      vertex   7.067878e+01 1.626335e+01 -1.320000e+01
      vertex   6.800000e+01 1.895762e+01 -1.320000e+01
    endloop
  endfacet
  facet normal -1.928700e-14 -1.983539e-14 1.000000e+00
    outer loop
      vertex   6.800000e+01 1.895762e+01 -1.320000e+01
      vertex   7.067878e+01 1.626335e+01 -1.320000e+01
      vertex   7.094887e+01 1.644850e+01 -1.320000e+01
    endloop
  endfacet
  facet normal -1.277194e-15 1.330800e-15 1.000000e+00
    outer loop
      vertex   6.800000e+01 1.895762e+01 -1.320000e+01
      vertex   7.094887e+01 1.644850e+01 -1.320000e+01
      vertex   7.118513e+01 1.667524e+01 -1.320000e+01
    endloop
  endfacet
  facet normal -1.452547e-15 1.086089e-15 1.000000e+00
    outer loop
      vertex   7.118513e+01 1.667524e+01 -1.320000e+01
      vertex   7.138123e+01 1.693749e+01 -1.320000e+01
      vertex   6.800000e+01 1.895762e+01 -1.320000e+01
    endloop
  endfacet
  facet normal -1.604619e-15 8.315569e-16 1.000000e+00
    outer loop
      vertex   6.800000e+01 1.895762e+01 -1.320000e+01
      vertex   7.138123e+01 1.693749e+01 -1.320000e+01
      vertex   7.153189e+01 1.722823e+01 -1.320000e+01
    endloop
  endfacet
  facet normal -1.735613e-15 5.640306e-16 1.000000e+00
    outer loop
      vertex   6.800000e+01 1.895762e+01 -1.320000e+01
      vertex   7.153189e+01 1.722823e+01 -1.320000e+01
      vertex   7.163310e+01 1.753966e+01 -1.320000e+01
    endloop
  endfacet
  facet normal -1.846605e-15 2.796456e-16 1.000000e+00
    outer loop
      vertex   7.163310e+01 1.753966e+01 -1.320000e+01
      vertex   7.168213e+01 1.786343e+01 -1.320000e+01
      vertex   6.800000e+01 1.895762e+01 -1.320000e+01
    endloop
  endfacet
  facet normal -1.937547e-15 -2.638684e-17 1.000000e+00
    outer loop
      vertex   6.800000e+01 1.895762e+01 -1.320000e+01
      vertex   7.168213e+01 1.786343e+01 -1.320000e+01
      vertex   7.167767e+01 1.819086e+01 -1.320000e+01
    endloop
  endfacet
  facet normal -2.007127e-15 -3.601194e-16 1.000000e+00
    outer loop
      vertex   6.800000e+01 1.895762e+01 -1.320000e+01
      vertex   7.167767e+01 1.819086e+01 -1.320000e+01
      vertex   7.161984e+01 1.851317e+01 -1.320000e+01
    endloop
  endfacet
  facet normal -2.052465e-15 -7.293708e-16 1.000000e+00
    outer loop
      vertex   7.161984e+01 1.851317e+01 -1.320000e+01
      vertex   7.151019e+01 1.882173e+01 -1.320000e+01
      vertex   6.800000e+01 1.895762e+01 -1.320000e+01
    endloop
  endfacet
  facet normal -2.068535e-15 -1.144480e-15 1.000000e+00
    outer loop
      vertex   6.800000e+01 1.895762e+01 -1.320000e+01
      vertex   7.151019e+01 1.882173e+01 -1.320000e+01
      vertex   7.135166e+01 1.910826e+01 -1.320000e+01
    endloop
  endfacet
  facet normal -2.047188e-15 -1.619468e-15 1.000000e+00
    outer loop
      vertex   6.800000e+01 1.895762e+01 -1.320000e+01
      vertex   7.135166e+01 1.910826e+01 -1.320000e+01
      vertex   7.114850e+01 1.936507e+01 -1.320000e+01
    endloop
  endfacet
  facet normal -1.975441e-15 -2.173876e-15 1.000000e+00
    outer loop
      vertex   7.114850e+01 1.936507e+01 -1.320000e+01
      vertex   7.090616e+01 1.958530e+01 -1.320000e+01
      vertex   6.800000e+01 1.895762e+01 -1.320000e+01
    endloop
  endfacet
  facet normal -2.444959e-15 0.000000e+00 1.000000e+00
    outer loop
      vertex   6.800000e+01 1.895762e+01 -1.320000e+01
      vertex   7.090616e+01 1.958530e+01 -1.320000e+01
      vertex   6.800000e+01 2.000000e+01 -1.320000e+01
    endloop
  endfacet
  facet normal -3.137889e-15 -4.855930e-15 1.000000e+00
    outer loop
      vertex   6.800000e+01 2.000000e+01 -1.320000e+01
      vertex   7.090616e+01 1.958530e+01 -1.320000e+01
      vertex   7.063112e+01 1.976302e+01 -1.320000e+01
    endloop
  endfacet
  facet normal -3.406956e-15 -7.843367e-15 1.000000e+00
    outer loop
      vertex   6.800000e+01 2.000000e+01 -1.320000e+01
      vertex   7.063112e+01 1.976302e+01 -1.320000e+01
      vertex   7.033077e+01 1.989349e+01 -1.320000e+01
    endloop
  endfacet
  facet normal -3.236569e-14 -1.289739e-13 1.000000e+00
    outer loop
      vertex   7.001316e+01 1.997319e+01 -1.320000e+01
      vertex   6.968680e+01 2.000000e+01 -1.320000e+01
      vertex   7.033077e+01 1.989349e+01 -1.320000e+01
    endloop
  endfacet
  facet normal 0.000000e+00 6.671041e-14 1.000000e+00
    outer loop
      vertex   7.033077e+01 1.989349e+01 -1.320000e+01
      vertex   6.968680e+01 2.000000e+01 -1.320000e+01
      vertex   6.800000e+01 2.000000e+01 -1.320000e+01
    endloop
  endfacet
  facet normal -1.105408e-15 1.000000e+00 1.029174e-16
    outer loop
      vertex   6.205370e+01 2.000000e+01 -6.482940e+00
      vertex   6.203349e+01 2.000000e+01 -6.700000e+00
      vertex   5.916869e+01 2.000000e+01 -2.950000e+00
    endloop
  endfacet
  facet normal -1.412238e-15 1.000000e+00 -1.314843e-16
    outer loop
      vertex   5.916869e+01 2.000000e+01 -2.950000e+00
      vertex   6.203349e+01 2.000000e+01 -6.700000e+00
      vertex   6.205370e+01 2.000000e+01 -6.917060e+00
    endloop
  endfacet
  facet normal -7.548351e-16 1.000000e+00 3.466062e-16
    outer loop
      vertex   5.916869e+01 2.000000e+01 -2.950000e+00
      vertex   6.205370e+01 2.000000e+01 -6.917060e+00
      vertex   5.916869e+01 2.000000e+01 -1.320000e+01
    endloop
  endfacet
  facet normal 0.000000e+00 1.000000e+00 0.000000e+00
    outer loop
      vertex   5.916869e+01 2.000000e+01 -1.320000e+01
      vertex   6.205370e+01 2.000000e+01 -6.917060e+00
      vertex   6.211372e+01 2.000000e+01 -7.127525e+00
    endloop
  endfacet
  facet normal 0.000000e+00 1.000000e+00 0.000000e+00
    outer loop
      vertex   5.916869e+01 2.000000e+01 -1.320000e+01
      vertex   6.211372e+01 2.000000e+01 -7.127525e+00
      vertex   6.221171e+01 2.000000e+01 -7.325000e+00
    endloop
  endfacet
  facet normal 0.000000e+00 1.000000e+00 0.000000e+00
    outer loop
      vertex   6.221171e+01 2.000000e+01 -7.325000e+00
      vertex   6.234471e+01 2.000000e+01 -7.503485e+00
      vertex   5.916869e+01 2.000000e+01 -1.320000e+01
    endloop
  endfacet
  facet normal 0.000000e+00 1.000000e+00 0.000000e+00
    outer loop
      vertex   5.916869e+01 2.000000e+01 -1.320000e+01
      vertex   6.234471e+01 2.000000e+01 -7.503485e+00
      vertex   6.250867e+01 2.000000e+01 -7.657556e+00
    endloop
  endfacet
  facet normal 0.000000e+00 1.000000e+00 0.000000e+00
    outer loop
      vertex   5.916869e+01 2.000000e+01 -1.320000e+01
      vertex   6.250867e+01 2.000000e+01 -7.657556e+00
      vertex   6.269861e+01 2.000000e+01 -7.782532e+00
    endloop
  endfacet
  facet normal 0.000000e+00 1.000000e+00 0.000000e+00
    outer loop
      vertex   6.269861e+01 2.000000e+01 -7.782532e+00
      vertex   6.290875e+01 2.000000e+01 -7.874616e+00
      vertex   5.916869e+01 2.000000e+01 -1.320000e+01
    endloop
  endfacet
  facet normal 0.000000e+00 1.000000e+00 0.000000e+00
    outer loop
      vertex   5.916869e+01 2.000000e+01 -1.320000e+01
      vertex   6.290875e+01 2.000000e+01 -7.874616e+00
      vertex   6.313273e+01 2.000000e+01 -7.931010e+00
    endloop
  endfacet
  facet normal 0.000000e+00 1.000000e+00 0.000000e+00
    outer loop
      vertex   5.916869e+01 2.000000e+01 -1.320000e+01
      vertex   6.313273e+01 2.000000e+01 -7.931010e+00
      vertex   6.336372e+01 2.000000e+01 -7.950000e+00
    endloop
  endfacet
  facet normal -0.000000e+00 1.000000e+00 0.000000e+00
    outer loop
      vertex   5.916869e+01 2.000000e+01 -1.320000e+01
      vertex   6.336372e+01 2.000000e+01 -7.950000e+00
      vertex   6.800000e+01 2.000000e+01 -1.320000e+01
    endloop
  endfacet
  facet normal 0.000000e+00 1.000000e+00 0.000000e+00
    outer loop
      vertex   6.800000e+01 2.000000e+01 -1.320000e+01
      vertex   6.336372e+01 2.000000e+01 -7.950000e+00
      vertex   6.359471e+01 2.000000e+01 -7.931010e+00
    endloop
  endfacet
  facet normal 0.000000e+00 1.000000e+00 0.000000e+00
    outer loop
      vertex   6.800000e+01 2.000000e+01 -1.320000e+01
      vertex   6.359471e+01 2.000000e+01 -7.931010e+00
      vertex   6.381868e+01 2.000000e+01 -7.874616e+00
    endloop
  endfacet
  facet normal -0.000000e+00 1.000000e+00 0.000000e+00
    outer loop
      vertex   6.381868e+01 2.000000e+01 -7.874616e+00
      vertex   6.402883e+01 2.000000e+01 -7.782532e+00
      vertex   6.800000e+01 2.000000e+01 -1.320000e+01
    endloop
  endfacet
  facet normal 0.000000e+00 1.000000e+00 0.000000e+00
    outer loop
      vertex   6.800000e+01 2.000000e+01 -1.320000e+01
      vertex   6.402883e+01 2.000000e+01 -7.782532e+00
      vertex   6.421877e+01 2.000000e+01 -7.657556e+00
    endloop
  endfacet
  facet normal 0.000000e+00 1.000000e+00 0.000000e+00
    outer loop
      vertex   6.800000e+01 2.000000e+01 -1.320000e+01
      vertex   6.421877e+01 2.000000e+01 -7.657556e+00
      vertex   6.438273e+01 2.000000e+01 -7.503485e+00
    endloop
  endfacet
  facet normal -0.000000e+00 1.000000e+00 0.000000e+00
    outer loop
      vertex   6.438273e+01 2.000000e+01 -7.503485e+00
      vertex   6.451572e+01 2.000000e+01 -7.325000e+00
      vertex   6.800000e+01 2.000000e+01 -1.320000e+01
    endloop
  endfacet
  facet normal 0.000000e+00 1.000000e+00 0.000000e+00
    outer loop
      vertex   6.800000e+01 2.000000e+01 -1.320000e+01
      vertex   6.451572e+01 2.000000e+01 -7.325000e+00
      vertex   6.461372e+01 2.000000e+01 -7.127525e+00
    endloop
  endfacet
  facet normal 0.000000e+00 1.000000e+00 0.000000e+00
    outer loop
      vertex   6.800000e+01 2.000000e+01 -1.320000e+01
      vertex   6.461372e+01 2.000000e+01 -7.127525e+00
      vertex   6.467373e+01 2.000000e+01 -6.917060e+00
    endloop
  endfacet
  facet normal 6.546989e-16 1.000000e+00 3.466062e-16
    outer loop
      vertex   6.800000e+01 2.000000e+01 -1.320000e+01
      vertex   6.467373e+01 2.000000e+01 -6.917060e+00
      vertex   6.800000e+01 2.000000e+01 -2.950000e+00
    endloop
  endfacet
  facet normal 1.201490e-15 1.000000e+00 -1.118629e-16
    outer loop
      vertex   6.800000e+01 2.000000e+01 -2.950000e+00
      vertex   6.467373e+01 2.000000e+01 -6.917060e+00
      vertex   6.469394e+01 2.000000e+01 -6.700000e+00
    endloop
  endfacet
  facet normal 9.719615e-16 1.000000e+00 9.049301e-17
    outer loop
      vertex   6.800000e+01 2.000000e+01 -2.950000e+00
      vertex   6.469394e+01 2.000000e+01 -6.700000e+00
      vertex   6.467373e+01 2.000000e+01 -6.482940e+00
    endloop
  endfacet
  facet normal 8.197927e-16 1.000000e+00 2.337603e-16
    outer loop
      vertex   6.467373e+01 2.000000e+01 -6.482940e+00
      vertex   6.461372e+01 2.000000e+01 -6.272475e+00
      vertex   6.800000e+01 2.000000e+01 -2.950000e+00
    endloop
  endfacet
  facet normal 7.056021e-16 1.000000e+00 3.501439e-16
    outer loop
      vertex   6.800000e+01 2.000000e+01 -2.950000e+00
      vertex   6.461372e+01 2.000000e+01 -6.272475e+00
      vertex   6.451572e+01 2.000000e+01 -6.075000e+00
    endloop
  endfacet
  facet normal 6.111820e-16 1.000000e+00 4.554194e-16
    outer loop
      vertex   6.800000e+01 2.000000e+01 -2.950000e+00
      vertex   6.451572e+01 2.000000e+01 -6.075000e+00
      vertex   6.438273e+01 2.000000e+01 -5.896515e+00
    endloop
  endfacet
  facet normal 5.261026e-16 1.000000e+00 5.598667e-16
    outer loop
      vertex   6.438273e+01 2.000000e+01 -5.896515e+00
      vertex   6.421877e+01 2.000000e+01 -5.742444e+00
      vertex   6.800000e+01 2.000000e+01 -2.950000e+00
    endloop
  endfacet
  facet normal 4.426947e-16 1.000000e+00 6.728089e-16
    outer loop
      vertex   6.800000e+01 2.000000e+01 -2.950000e+00
      vertex   6.421877e+01 2.000000e+01 -5.742444e+00
      vertex   6.402883e+01 2.000000e+01 -5.617468e+00
    endloop
  endfacet
  facet normal 3.531981e-16 1.000000e+00 8.060463e-16
    outer loop
      vertex   6.800000e+01 2.000000e+01 -2.950000e+00
      vertex   6.402883e+01 2.000000e+01 -5.617468e+00
      vertex   6.381868e+01 2.000000e+01 -5.525384e+00
    endloop
  endfacet
  facet normal 2.465514e-16 1.000000e+00 9.791949e-16
    outer loop
      vertex   6.381868e+01 2.000000e+01 -5.525384e+00
      vertex   6.359471e+01 2.000000e+01 -5.468990e+00
      vertex   6.800000e+01 2.000000e+01 -2.950000e+00
    endloop
  endfacet
  facet normal 1.013749e-16 1.000000e+00 1.233084e-15
    outer loop
      vertex   6.800000e+01 2.000000e+01 -2.950000e+00
      vertex   6.359471e+01 2.000000e+01 -5.468990e+00
      vertex   6.336372e+01 2.000000e+01 -5.450000e+00
    endloop
  endfacet
  facet normal 1.429208e-30 1.000000e+00 1.421085e-15
    outer loop
      vertex   6.800000e+01 2.000000e+01 -2.950000e+00
      vertex   6.336372e+01 2.000000e+01 -5.450000e+00
      vertex   5.916869e+01 2.000000e+01 -2.950000e+00
    endloop
  endfacet
  facet normal -1.026676e-16 1.000000e+00 1.248808e-15
    outer loop
      vertex   5.916869e+01 2.000000e+01 -2.950000e+00
      vertex   6.336372e+01 2.000000e+01 -5.450000e+00
      vertex   6.313273e+01 2.000000e+01 -5.468990e+00
    endloop
  endfacet
  facet normal -2.543400e-16 1.000000e+00 1.010128e-15
    outer loop
      vertex   5.916869e+01 2.000000e+01 -2.950000e+00
      vertex   6.313273e+01 2.000000e+01 -5.468990e+00
      vertex   6.290875e+01 2.000000e+01 -5.525384e+00
    endloop
  endfacet
  facet normal -3.694033e-16 1.000000e+00 8.430289e-16
    outer loop
      vertex   6.290875e+01 2.000000e+01 -5.525384e+00
      vertex   6.269861e+01 2.000000e+01 -5.617468e+00
      vertex   5.916869e+01 2.000000e+01 -2.950000e+00
    endloop
  endfacet
  facet normal -4.684524e-16 1.000000e+00 7.119555e-16
    outer loop
      vertex   5.916869e+01 2.000000e+01 -2.950000e+00
      vertex   6.269861e+01 2.000000e+01 -5.617468e+00
      vertex   6.250867e+01 2.000000e+01 -5.742444e+00
    endloop
  endfacet
  facet normal -5.628838e-16 1.000000e+00 5.990084e-16
    outer loop
      vertex   5.916869e+01 2.000000e+01 -2.950000e+00
      vertex   6.250867e+01 2.000000e+01 -5.742444e+00
      vertex   6.234471e+01 2.000000e+01 -5.896515e+00
    endloop
  endfacet
  facet normal -6.613890e-16 1.000000e+00 4.928309e-16
    outer loop
      vertex   6.234471e+01 2.000000e+01 -5.896515e+00
      vertex   6.221171e+01 2.000000e+01 -6.075000e+00
      vertex   5.916869e+01 2.000000e+01 -2.950000e+00
    endloop
  endfacet
  facet normal -7.733802e-16 1.000000e+00 3.837777e-16
    outer loop
      vertex   5.916869e+01 2.000000e+01 -2.950000e+00
      vertex   6.221171e+01 2.000000e+01 -6.075000e+00
      vertex   6.211372e+01 2.000000e+01 -6.272475e+00
    endloop
  endfacet
  facet normal -9.127283e-16 1.000000e+00 2.602604e-16
    outer loop
      vertex   5.916869e+01 2.000000e+01 -2.950000e+00
      vertex   6.211372e+01 2.000000e+01 -6.272475e+00
      vertex   6.205370e+01 2.000000e+01 -6.482940e+00
    endloop
  endfacet
  facet normal 0.000000e+00 1.000000e+00 0.000000e+00
    outer loop
      vertex   6.968680e+01 2.000000e+01 -1.320000e+01
      vertex   6.968680e+01 2.000000e+01 -1.470000e+01
      vertex   6.800000e+01 2.000000e+01 -1.320000e+01
    endloop
  endfacet
  facet normal 0.000000e+00 1.000000e+00 0.000000e+00
    outer loop
      vertex   6.800000e+01 2.000000e+01 -1.320000e+01
      vertex   6.968680e+01 2.000000e+01 -1.470000e+01
      vertex   5.916869e+01 2.000000e+01 -1.320000e+01
    endloop
  endfacet
  facet normal 0.000000e+00 1.000000e+00 0.000000e+00
    outer loop
      vertex   6.968680e+01 2.000000e+01 -1.470000e+01
      vertex   4.950000e+01 2.000000e+01 -1.470000e+01
      vertex   5.916869e+01 2.000000e+01 -1.320000e+01
    endloop
  endfacet
  facet normal 0.000000e+00 1.000000e+00 0.000000e+00
    outer loop
      vertex   5.916869e+01 2.000000e+01 -1.320000e+01
      vertex   4.950000e+01 2.000000e+01 -1.470000e+01
      vertex   4.950000e+01 2.000000e+01 -1.320000e+01
    endloop
  endfacet
  facet normal 9.969173e-01 7.845910e-02 -0.000000e+00
    outer loop
      vertex   4.750000e+01 2.200000e+01 -1.470000e+01
      vertex   4.750000e+01 2.200000e+01 -1.320000e+01
      vertex   4.752462e+01 2.168713e+01 -1.470000e+01
    endloop
  endfacet
  facet normal 9.969173e-01 7.845910e-02 -0.000000e+00
    outer loop
      vertex   4.752462e+01 2.168713e+01 -1.470000e+01
      vertex   4.750000e+01 2.200000e+01 -1.320000e+01
      vertex   4.752462e+01 2.168713e+01 -1.320000e+01
    endloop
  endfacet
  facet normal 9.723699e-01 2.334454e-01 -0.000000e+00
    outer loop
      vertex   4.752462e+01 2.168713e+01 -1.470000e+01
      vertex   4.752462e+01 2.168713e+01 -1.320000e+01
      vertex   4.759789e+01 2.138197e+01 -1.320000e+01
    endloop
  endfacet
  facet normal 9.723699e-01 2.334454e-01 0.000000e+00
    outer loop
      vertex   4.752462e+01 2.168713e+01 -1.470000e+01
      vertex   4.759789e+01 2.138197e+01 -1.320000e+01
      vertex   4.759789e+01 2.138197e+01 -1.470000e+01
    endloop
  endfacet
  facet normal 9.238795e-01 3.826834e-01 -0.000000e+00
    outer loop
      vertex   4.759789e+01 2.138197e+01 -1.470000e+01
      vertex   4.759789e+01 2.138197e+01 -1.320000e+01
      vertex   4.771799e+01 2.109202e+01 -1.320000e+01
    endloop
  endfacet
  facet normal 9.238795e-01 3.826834e-01 0.000000e+00
    outer loop
      vertex   4.759789e+01 2.138197e+01 -1.470000e+01
      vertex   4.771799e+01 2.109202e+01 -1.320000e+01
      vertex   4.771799e+01 2.109202e+01 -1.470000e+01
    endloop
  endfacet
  facet normal 8.526402e-01 5.224986e-01 -0.000000e+00
    outer loop
      vertex   4.771799e+01 2.109202e+01 -1.470000e+01
      vertex   4.771799e+01 2.109202e+01 -1.320000e+01
      vertex   4.788197e+01 2.082443e+01 -1.320000e+01
    endloop
  endfacet
  facet normal 8.526402e-01 5.224986e-01 0.000000e+00
    outer loop
      vertex   4.771799e+01 2.109202e+01 -1.470000e+01
      vertex   4.788197e+01 2.082443e+01 -1.320000e+01
      vertex   4.788197e+01 2.082443e+01 -1.470000e+01
    endloop
  endfacet
  facet normal 7.604060e-01 6.494480e-01 -0.000000e+00
    outer loop
      vertex   4.788197e+01 2.082443e+01 -1.470000e+01
      vertex   4.788197e+01 2.082443e+01 -1.320000e+01
      vertex   4.808579e+01 2.058579e+01 -1.320000e+01
    endloop
  endfacet
  facet normal 7.604060e-01 6.494480e-01 0.000000e+00
    outer loop
      vertex   4.788197e+01 2.082443e+01 -1.470000e+01
      vertex   4.808579e+01 2.058579e+01 -1.320000e+01
      vertex   4.808579e+01 2.058579e+01 -1.470000e+01
    endloop
  endfacet
  facet normal 6.494480e-01 7.604060e-01 -0.000000e+00
    outer loop
      vertex   4.808579e+01 2.058579e+01 -1.470000e+01
      vertex   4.808579e+01 2.058579e+01 -1.320000e+01
      vertex   4.832443e+01 2.038197e+01 -1.320000e+01
    endloop
  endfacet
  facet normal 6.494480e-01 7.604060e-01 0.000000e+00
    outer loop
      vertex   4.808579e+01 2.058579e+01 -1.470000e+01
      vertex   4.832443e+01 2.038197e+01 -1.320000e+01
      vertex   4.832443e+01 2.038197e+01 -1.470000e+01
    endloop
  endfacet
  facet normal 5.224986e-01 8.526402e-01 -0.000000e+00
    outer loop
      vertex   4.832443e+01 2.038197e+01 -1.470000e+01
      vertex   4.832443e+01 2.038197e+01 -1.320000e+01
      vertex   4.859202e+01 2.021799e+01 -1.320000e+01
    endloop
  endfacet
  facet normal 5.224986e-01 8.526402e-01 0.000000e+00
    outer loop
      vertex   4.832443e+01 2.038197e+01 -1.470000e+01
      vertex   4.859202e+01 2.021799e+01 -1.320000e+01
      vertex   4.859202e+01 2.021799e+01 -1.470000e+01
    endloop
  endfacet
  facet normal 3.826834e-01 9.238795e-01 -0.000000e+00
    outer loop
      vertex   4.859202e+01 2.021799e+01 -1.470000e+01
      vertex   4.859202e+01 2.021799e+01 -1.320000e+01
      vertex   4.888197e+01 2.009789e+01 -1.320000e+01
    endloop
  endfacet
  facet normal 3.826834e-01 9.238795e-01 0.000000e+00
    outer loop
      vertex   4.859202e+01 2.021799e+01 -1.470000e+01
      vertex   4.888197e+01 2.009789e+01 -1.320000e+01
      vertex   4.888197e+01 2.009789e+01 -1.470000e+01
    endloop
  endfacet
  facet normal 2.334454e-01 9.723699e-01 -0.000000e+00
    outer loop
      vertex   4.888197e+01 2.009789e+01 -1.470000e+01
      vertex   4.888197e+01 2.009789e+01 -1.320000e+01
      vertex   4.918713e+01 2.002462e+01 -1.320000e+01
    endloop
  endfacet
  facet normal 2.334454e-01 9.723699e-01 0.000000e+00
    outer loop
      vertex   4.888197e+01 2.009789e+01 -1.470000e+01
      vertex   4.918713e+01 2.002462e+01 -1.320000e+01
      vertex   4.918713e+01 2.002462e+01 -1.470000e+01
    endloop
  endfacet
  facet normal 7.845910e-02 9.969173e-01 -0.000000e+00
    outer loop
      vertex   4.918713e+01 2.002462e+01 -1.470000e+01
      vertex   4.918713e+01 2.002462e+01 -1.320000e+01
      vertex   4.950000e+01 2.000000e+01 -1.470000e+01
    endloop
  endfacet
  facet normal 7.845910e-02 9.969173e-01 -0.000000e+00
    outer loop
      vertex   4.950000e+01 2.000000e+01 -1.470000e+01
      vertex   4.918713e+01 2.002462e+01 -1.320000e+01
      vertex   4.950000e+01 2.000000e+01 -1.320000e+01
    endloop
  endfacet
  facet normal 9.969173e-01 7.845910e-02 0.000000e+00
    outer loop
      vertex   4.750000e+01 3.000000e+01 -1.320000e+01
      vertex   4.750000e+01 3.000000e+01 -1.470000e+01
      vertex   4.747538e+01 3.031287e+01 -1.320000e+01
    endloop
  endfacet
  facet normal 9.969173e-01 7.845910e-02 0.000000e+00
    outer loop
      vertex   4.747538e+01 3.031287e+01 -1.320000e+01
      vertex   4.750000e+01 3.000000e+01 -1.470000e+01
      vertex   4.747538e+01 3.031287e+01 -1.470000e+01
    endloop
  endfacet
  facet normal 9.723699e-01 2.334454e-01 0.000000e+00
    outer loop
      vertex   4.747538e+01 3.031287e+01 -1.320000e+01
      vertex   4.747538e+01 3.031287e+01 -1.470000e+01
      vertex   4.740211e+01 3.061803e+01 -1.470000e+01
    endloop
  endfacet
  facet normal 9.723699e-01 2.334454e-01 0.000000e+00
    outer loop
      vertex   4.747538e+01 3.031287e+01 -1.320000e+01
      vertex   4.740211e+01 3.061803e+01 -1.470000e+01
      vertex   4.740211e+01 3.061803e+01 -1.320000e+01
    endloop
  endfacet
  facet normal 9.238795e-01 3.826834e-01 0.000000e+00
    outer loop
      vertex   4.740211e+01 3.061803e+01 -1.320000e+01
      vertex   4.740211e+01 3.061803e+01 -1.470000e+01
      vertex   4.728201e+01 3.090798e+01 -1.470000e+01
    endloop
  endfacet
  facet normal 9.238795e-01 3.826834e-01 0.000000e+00
    outer loop
      vertex   4.740211e+01 3.061803e+01 -1.320000e+01
      vertex   4.728201e+01 3.090798e+01 -1.470000e+01
      vertex   4.728201e+01 3.090798e+01 -1.320000e+01
    endloop
  endfacet
  facet normal 8.526402e-01 5.224986e-01 0.000000e+00
    outer loop
      vertex   4.728201e+01 3.090798e+01 -1.320000e+01
      vertex   4.728201e+01 3.090798e+01 -1.470000e+01
      vertex   4.711803e+01 3.117557e+01 -1.470000e+01
    endloop
  endfacet
  facet normal 8.526402e-01 5.224986e-01 0.000000e+00
    outer loop
      vertex   4.728201e+01 3.090798e+01 -1.320000e+01
      vertex   4.711803e+01 3.117557e+01 -1.470000e+01
      vertex   4.711803e+01 3.117557e+01 -1.320000e+01
    endloop
  endfacet
  facet normal 7.604060e-01 6.494480e-01 0.000000e+00
    outer loop
      vertex   4.711803e+01 3.117557e+01 -1.320000e+01
      vertex   4.711803e+01 3.117557e+01 -1.470000e+01
      vertex   4.691421e+01 3.141421e+01 -1.470000e+01
    endloop
  endfacet
  facet normal 7.604060e-01 6.494480e-01 0.000000e+00
    outer loop
      vertex   4.711803e+01 3.117557e+01 -1.320000e+01
      vertex   4.691421e+01 3.141421e+01 -1.470000e+01
      vertex   4.691421e+01 3.141421e+01 -1.320000e+01
    endloop
  endfacet
  facet normal 6.494480e-01 7.604060e-01 0.000000e+00
    outer loop
      vertex   4.691421e+01 3.141421e+01 -1.320000e+01
      vertex   4.691421e+01 3.141421e+01 -1.470000e+01
      vertex   4.667557e+01 3.161803e+01 -1.470000e+01
    endloop
  endfacet
  facet normal 6.494480e-01 7.604060e-01 0.000000e+00
    outer loop
      vertex   4.691421e+01 3.141421e+01 -1.320000e+01
      vertex   4.667557e+01 3.161803e+01 -1.470000e+01
      vertex   4.667557e+01 3.161803e+01 -1.320000e+01
    endloop
  endfacet
  facet normal 5.224986e-01 8.526402e-01 0.000000e+00
    outer loop
      vertex   4.667557e+01 3.161803e+01 -1.320000e+01
      vertex   4.667557e+01 3.161803e+01 -1.470000e+01
      vertex   4.640798e+01 3.178201e+01 -1.470000e+01
    endloop
  endfacet
  facet normal 5.224986e-01 8.526402e-01 0.000000e+00
    outer loop
      vertex   4.667557e+01 3.161803e+01 -1.320000e+01
      vertex   4.640798e+01 3.178201e+01 -1.470000e+01
      vertex   4.640798e+01 3.178201e+01 -1.320000e+01
    endloop
  endfacet
  facet normal 3.826834e-01 9.238795e-01 0.000000e+00
    outer loop
      vertex   4.640798e+01 3.178201e+01 -1.320000e+01
      vertex   4.640798e+01 3.178201e+01 -1.470000e+01
      vertex   4.611803e+01 3.190211e+01 -1.470000e+01
    endloop
  endfacet
  facet normal 3.826834e-01 9.238795e-01 0.000000e+00
    outer loop
      vertex   4.640798e+01 3.178201e+01 -1.320000e+01
      vertex   4.611803e+01 3.190211e+01 -1.470000e+01
      vertex   4.611803e+01 3.190211e+01 -1.320000e+01
    endloop
  endfacet
  facet normal 2.334454e-01 9.723699e-01 0.000000e+00
    outer loop
      vertex   4.611803e+01 3.190211e+01 -1.320000e+01
      vertex   4.611803e+01 3.190211e+01 -1.470000e+01
      vertex   4.581287e+01 3.197538e+01 -1.470000e+01
    endloop
  endfacet
  facet normal 2.334454e-01 9.723699e-01 0.000000e+00
    outer loop
      vertex   4.611803e+01 3.190211e+01 -1.320000e+01
      vertex   4.581287e+01 3.197538e+01 -1.470000e+01
      vertex   4.581287e+01 3.197538e+01 -1.320000e+01
    endloop
  endfacet
  facet normal 7.845910e-02 9.969173e-01 0.000000e+00
    outer loop
      vertex   4.581287e+01 3.197538e+01 -1.320000e+01
      vertex   4.581287e+01 3.197538e+01 -1.470000e+01
      vertex   4.550000e+01 3.200000e+01 -1.320000e+01
    endloop
  endfacet
  facet normal 7.845910e-02 9.969173e-01 0.000000e+00
    outer loop
      vertex   4.550000e+01 3.200000e+01 -1.320000e+01
      vertex   4.581287e+01 3.197538e+01 -1.470000e+01
      vertex   4.550000e+01 3.200000e+01 -1.470000e+01
    endloop
  endfacet
  facet normal 0.000000e+00 1.000000e+00 -0.000000e+00
    outer loop
      vertex   4.550000e+01 3.200000e+01 -1.470000e+01
      vertex   7.745967e+00 3.200000e+01 -1.470000e+01
      vertex   4.550000e+01 3.200000e+01 -1.320000e+01
    endloop
  endfacet
  facet normal 0.000000e+00 1.000000e+00 0.000000e+00
    outer loop
      vertex   4.550000e+01 3.200000e+01 -1.320000e+01
      vertex   7.745967e+00 3.200000e+01 -1.470000e+01
      vertex   7.745967e+00 3.200000e+01 -1.320000e+01
    endloop
  endfacet
  facet normal 9.443898e-01 3.288282e-01 -5.591911e-16
    outer loop
      vertex   5.809475e+00 3.350000e+01 -1.470000e+01
      vertex   5.809475e+00 3.350000e+01 -1.320000e+01
      vertex   5.917711e+00 3.318915e+01 -1.470000e+01
    endloop
  endfacet
  facet normal 9.443898e-01 3.288282e-01 -5.591911e-16
    outer loop
      vertex   5.917711e+00 3.318915e+01 -1.470000e+01
      vertex   5.809475e+00 3.350000e+01 -1.320000e+01
      vertex   5.917711e+00 3.318915e+01 -1.320000e+01
    endloop
  endfacet
  facet normal 8.776655e-01 4.792737e-01 -5.196824e-16
    outer loop
      vertex   5.917711e+00 3.318915e+01 -1.470000e+01
      vertex   5.917711e+00 3.318915e+01 -1.320000e+01
      vertex   6.075467e+00 3.290026e+01 -1.470000e+01
    endloop
  endfacet
  facet normal 8.776655e-01 4.792737e-01 -5.196824e-16
    outer loop
      vertex   6.075467e+00 3.290026e+01 -1.470000e+01
      vertex   5.917711e+00 3.318915e+01 -1.320000e+01
      vertex   6.075467e+00 3.290026e+01 -1.320000e+01
    endloop
  endfacet
  facet normal 7.871688e-01 6.167376e-01 -4.660975e-16
    outer loop
      vertex   6.075467e+00 3.290026e+01 -1.470000e+01
      vertex   6.075467e+00 3.290026e+01 -1.320000e+01
      vertex   6.278470e+00 3.264116e+01 -1.470000e+01
    endloop
  endfacet
  facet normal 7.871688e-01 6.167376e-01 -9.321951e-16
    outer loop
      vertex   6.278470e+00 3.264116e+01 -1.470000e+01
      vertex   6.075467e+00 3.290026e+01 -1.320000e+01
      vertex   6.278470e+00 3.264116e+01 -1.320000e+01
    endloop
  endfacet
  facet normal 6.753508e-01 7.374966e-01 -7.997760e-16
    outer loop
      vertex   6.278470e+00 3.264116e+01 -1.470000e+01
      vertex   6.278470e+00 3.264116e+01 -1.320000e+01
      vertex   6.521222e+00 3.241886e+01 -1.470000e+01
    endloop
  endfacet
  facet normal 6.753508e-01 7.374966e-01 -3.998880e-16
    outer loop
      vertex   6.521222e+00 3.241886e+01 -1.470000e+01
      vertex   6.278470e+00 3.264116e+01 -1.320000e+01
      vertex   6.521222e+00 3.241886e+01 -1.320000e+01
    endloop
  endfacet
  facet normal 5.452403e-01 8.382798e-01 -3.228471e-16
    outer loop
      vertex   6.521222e+00 3.241886e+01 -1.470000e+01
      vertex   6.521222e+00 3.241886e+01 -1.320000e+01
      vertex   6.797147e+00 3.223939e+01 -1.470000e+01
    endloop
  endfacet
  facet normal 5.452403e-01 8.382798e-01 -0.000000e+00
    outer loop
      vertex   6.797147e+00 3.223939e+01 -1.470000e+01
      vertex   6.521222e+00 3.241886e+01 -1.320000e+01
      vertex   6.797147e+00 3.223939e+01 -1.320000e+01
    endloop
  endfacet
  facet normal 4.003615e-01 9.163573e-01 -0.000000e+00
    outer loop
      vertex   6.797147e+00 3.223939e+01 -1.470000e+01
      vertex   6.797147e+00 3.223939e+01 -1.320000e+01
      vertex   7.098772e+00 3.210761e+01 -1.470000e+01
    endloop
  endfacet
  facet normal 4.003615e-01 9.163573e-01 -2.370616e-16
    outer loop
      vertex   7.098772e+00 3.210761e+01 -1.470000e+01
      vertex   6.797147e+00 3.223939e+01 -1.320000e+01
      vertex   7.098772e+00 3.210761e+01 -1.320000e+01
    endloop
  endfacet
  facet normal 2.446384e-01 9.696144e-01 -1.448550e-16
    outer loop
      vertex   7.098772e+00 3.210761e+01 -1.470000e+01
      vertex   7.098772e+00 3.210761e+01 -1.320000e+01
      vertex   7.417927e+00 3.202709e+01 -1.470000e+01
    endloop
  endfacet
  facet normal 2.446384e-01 9.696144e-01 -1.448550e-16
    outer loop
      vertex   7.417927e+00 3.202709e+01 -1.470000e+01
      vertex   7.098772e+00 3.210761e+01 -1.320000e+01
      vertex   7.417927e+00 3.202709e+01 -1.320000e+01
    endloop
  endfacet
  facet normal 8.228910e-02 9.966085e-01 -4.872494e-17
    outer loop
      vertex   7.417927e+00 3.202709e+01 -1.470000e+01
      vertex   7.417927e+00 3.202709e+01 -1.320000e+01
      vertex   7.745967e+00 3.200000e+01 -1.470000e+01
    endloop
  endfacet
  facet normal 8.228910e-02 9.966085e-01 -0.000000e+00
    outer loop
      vertex   7.745967e+00 3.200000e+01 -1.470000e+01
      vertex   7.417927e+00 3.202709e+01 -1.320000e+01
      vertex   7.745967e+00 3.200000e+01 -1.320000e+01
    endloop
  endfacet
  facet normal -8.228910e-02 9.966085e-01 0.000000e+00
    outer loop
      vertex   -7.745967e+00 3.200000e+01 -1.470000e+01
      vertex   -7.745967e+00 3.200000e+01 -1.320000e+01
      vertex   -7.417927e+00 3.202709e+01 -1.470000e+01
    endloop
  endfacet
  facet normal -8.228910e-02 9.966085e-01 9.744987e-17
    outer loop
      vertex   -7.417927e+00 3.202709e+01 -1.470000e+01
      vertex   -7.745967e+00 3.200000e+01 -1.320000e+01
      vertex   -7.417927e+00 3.202709e+01 -1.320000e+01
    endloop
  endfacet
  facet normal -2.446384e-01 9.696144e-01 2.897101e-16
    outer loop
      vertex   -7.417927e+00 3.202709e+01 -1.470000e+01
      vertex   -7.417927e+00 3.202709e+01 -1.320000e+01
      vertex   -7.098772e+00 3.210761e+01 -1.470000e+01
    endloop
  endfacet
  facet normal -2.446384e-01 9.696144e-01 2.897101e-16
    outer loop
      vertex   -7.098772e+00 3.210761e+01 -1.470000e+01
      vertex   -7.417927e+00 3.202709e+01 -1.320000e+01
      vertex   -7.098772e+00 3.210761e+01 -1.320000e+01
    endloop
  endfacet
  facet normal -4.003615e-01 9.163573e-01 4.741232e-16
    outer loop
      vertex   -7.098772e+00 3.210761e+01 -1.470000e+01
      vertex   -7.098772e+00 3.210761e+01 -1.320000e+01
      vertex   -6.797147e+00 3.223939e+01 -1.470000e+01
    endloop
  endfacet
  facet normal -4.003615e-01 9.163573e-01 4.741232e-16
    outer loop
      vertex   -6.797147e+00 3.223939e+01 -1.470000e+01
      vertex   -7.098772e+00 3.210761e+01 -1.320000e+01
      vertex   -6.797147e+00 3.223939e+01 -1.320000e+01
    endloop
  endfacet
  facet normal -5.452403e-01 8.382798e-01 6.456943e-16
    outer loop
      vertex   -6.797147e+00 3.223939e+01 -1.470000e+01
      vertex   -6.797147e+00 3.223939e+01 -1.320000e+01
      vertex   -6.521222e+00 3.241886e+01 -1.470000e+01
    endloop
  endfacet
  facet normal -5.452403e-01 8.382798e-01 0.000000e+00
    outer loop
      vertex   -6.521222e+00 3.241886e+01 -1.470000e+01
      vertex   -6.797147e+00 3.223939e+01 -1.320000e+01
      vertex   -6.521222e+00 3.241886e+01 -1.320000e+01
    endloop
  endfacet
  facet normal -6.753508e-01 7.374966e-01 0.000000e+00
    outer loop
      vertex   -6.521222e+00 3.241886e+01 -1.470000e+01
      vertex   -6.521222e+00 3.241886e+01 -1.320000e+01
      vertex   -6.278470e+00 3.264116e+01 -1.470000e+01
    endloop
  endfacet
  facet normal -6.753508e-01 7.374966e-01 7.997760e-16
    outer loop
      vertex   -6.278470e+00 3.264116e+01 -1.470000e+01
      vertex   -6.521222e+00 3.241886e+01 -1.320000e+01
      vertex   -6.278470e+00 3.264116e+01 -1.320000e+01
    endloop
  endfacet
  facet normal -7.871688e-01 6.167376e-01 9.321951e-16
    outer loop
      vertex   -6.278470e+00 3.264116e+01 -1.470000e+01
      vertex   -6.278470e+00 3.264116e+01 -1.320000e+01
      vertex   -6.075467e+00 3.290026e+01 -1.470000e+01
    endloop
  endfacet
  facet normal -7.871688e-01 6.167376e-01 4.660975e-16
    outer loop
      vertex   -6.075467e+00 3.290026e+01 -1.470000e+01
      vertex   -6.278470e+00 3.264116e+01 -1.320000e+01
      vertex   -6.075467e+00 3.290026e+01 -1.320000e+01
    endloop
  endfacet
  facet normal -8.776655e-01 4.792737e-01 5.196824e-16
    outer loop
      vertex   -6.075467e+00 3.290026e+01 -1.470000e+01
      vertex   -6.075467e+00 3.290026e+01 -1.320000e+01
      vertex   -5.917711e+00 3.318915e+01 -1.470000e+01
    endloop
  endfacet
  facet normal -8.776655e-01 4.792737e-01 5.196824e-16
    outer loop
      vertex   -5.917711e+00 3.318915e+01 -1.470000e+01
      vertex   -6.075467e+00 3.290026e+01 -1.320000e+01
      vertex   -5.917711e+00 3.318915e+01 -1.320000e+01
    endloop
  endfacet
  facet normal -9.443898e-01 3.288282e-01 5.591911e-16
    outer loop
      vertex   -5.917711e+00 3.318915e+01 -1.470000e+01
      vertex   -5.917711e+00 3.318915e+01 -1.320000e+01
      vertex   -5.809475e+00 3.350000e+01 -1.470000e+01
    endloop
  endfacet
  facet normal -9.443898e-01 3.288282e-01 5.591911e-16
    outer loop
      vertex   -5.809475e+00 3.350000e+01 -1.470000e+01
      vertex   -5.917711e+00 3.318915e+01 -1.320000e+01
      vertex   -5.809475e+00 3.350000e+01 -1.320000e+01
    endloop
  endfacet
  facet normal 9.548923e-01 2.969523e-01 -5.654098e-16
    outer loop
      vertex   5.809475e+00 3.350000e+01 -1.320000e+01
      vertex   5.809475e+00 3.350000e+01 -1.470000e+01
      vertex   5.635581e+00 3.405918e+01 -1.320000e+01
    endloop
  endfacet
  facet normal 9.548923e-01 2.969523e-01 -5.654098e-16
    outer loop
      vertex   5.635581e+00 3.405918e+01 -1.320000e+01
      vertex   5.809475e+00 3.350000e+01 -1.470000e+01
      vertex   5.635581e+00 3.405918e+01 -1.470000e+01
    endloop
  endfacet
  facet normal 9.213965e-01 3.886239e-01 -5.455763e-16
    outer loop
      vertex   5.635581e+00 3.405918e+01 -1.320000e+01
      vertex   5.635581e+00 3.405918e+01 -1.470000e+01
      vertex   5.408004e+00 3.459875e+01 -1.320000e+01
    endloop
  endfacet
  facet normal 9.213965e-01 3.886239e-01 -5.455763e-16
    outer loop
      vertex   5.408004e+00 3.459875e+01 -1.320000e+01
      vertex   5.635581e+00 3.405918e+01 -1.470000e+01
      vertex   5.408004e+00 3.459875e+01 -1.470000e+01
    endloop
  endfacet
  facet normal 8.791238e-01 4.765936e-01 -5.205458e-16
    outer loop
      vertex   5.408004e+00 3.459875e+01 -1.320000e+01
      vertex   5.408004e+00 3.459875e+01 -1.470000e+01
      vertex   5.128912e+00 3.511356e+01 -1.320000e+01
    endloop
  endfacet
  facet normal 8.791238e-01 4.765936e-01 -5.205458e-16
    outer loop
      vertex   5.128912e+00 3.511356e+01 -1.320000e+01
      vertex   5.408004e+00 3.459875e+01 -1.470000e+01
      vertex   5.128912e+00 3.511356e+01 -1.470000e+01
    endloop
  endfacet
  facet normal 8.284768e-01 5.600234e-01 -4.905568e-16
    outer loop
      vertex   5.128912e+00 3.511356e+01 -1.320000e+01
      vertex   5.128912e+00 3.511356e+01 -1.470000e+01
      vertex   4.800964e+00 3.559871e+01 -1.320000e+01
    endloop
  endfacet
  facet normal 8.284768e-01 5.600234e-01 -9.811136e-16
    outer loop
      vertex   4.800964e+00 3.559871e+01 -1.320000e+01
      vertex   5.128912e+00 3.511356e+01 -1.470000e+01
      vertex   4.800964e+00 3.559871e+01 -1.470000e+01
    endloop
  endfacet
  facet normal 7.699380e-01 6.381187e-01 -9.117898e-16
    outer loop
      vertex   4.800964e+00 3.559871e+01 -1.320000e+01
      vertex   4.800964e+00 3.559871e+01 -1.470000e+01
      vertex   4.427284e+00 3.604959e+01 -1.320000e+01
    endloop
  endfacet
  facet normal 7.699380e-01 6.381187e-01 -4.558949e-16
    outer loop
      vertex   4.427284e+00 3.604959e+01 -1.320000e+01
      vertex   4.800964e+00 3.559871e+01 -1.470000e+01
      vertex   4.427284e+00 3.604959e+01 -1.470000e+01
    endloop
  endfacet
  facet normal 7.040651e-01 7.101354e-01 -4.168903e-16
    outer loop
      vertex   4.427284e+00 3.604959e+01 -1.320000e+01
      vertex   4.427284e+00 3.604959e+01 -1.470000e+01
      vertex   4.011431e+00 3.646189e+01 -1.320000e+01
    endloop
  endfacet
  facet normal 7.040651e-01 7.101354e-01 -4.168903e-16
    outer loop
      vertex   4.011431e+00 3.646189e+01 -1.320000e+01
      vertex   4.427284e+00 3.604959e+01 -1.470000e+01
      vertex   4.011431e+00 3.646189e+01 -1.470000e+01
    endloop
  endfacet
  facet normal 6.314855e-01 7.753877e-01 -3.739146e-16
    outer loop
      vertex   4.011431e+00 3.646189e+01 -1.320000e+01
      vertex   4.011431e+00 3.646189e+01 -1.470000e+01
      vertex   3.557367e+00 3.683168e+01 -1.320000e+01
    endloop
  endfacet
  facet normal 6.314855e-01 7.753877e-01 -5.608718e-16
    outer loop
      vertex   3.557367e+00 3.683168e+01 -1.320000e+01
      vertex   4.011431e+00 3.646189e+01 -1.470000e+01
      vertex   3.557367e+00 3.683168e+01 -1.470000e+01
    endloop
  endfacet
  facet normal 5.528906e-01 8.332538e-01 -4.910655e-16
    outer loop
      vertex   3.557367e+00 3.683168e+01 -1.320000e+01
      vertex   3.557367e+00 3.683168e+01 -1.470000e+01
      vertex   3.069416e+00 3.715545e+01 -1.320000e+01
    endloop
  endfacet
  facet normal 5.528906e-01 8.332538e-01 -3.273770e-16
    outer loop
      vertex   3.069416e+00 3.715545e+01 -1.320000e+01
      vertex   3.557367e+00 3.683168e+01 -1.470000e+01
      vertex   3.069416e+00 3.715545e+01 -1.470000e+01
    endloop
  endfacet
  facet normal 4.690291e-01 8.831827e-01 -2.777210e-16
    outer loop
      vertex   3.069416e+00 3.715545e+01 -1.320000e+01
      vertex   3.069416e+00 3.715545e+01 -1.470000e+01
      vertex   2.552227e+00 3.743011e+01 -1.320000e+01
    endloop
  endfacet
  facet normal 4.690291e-01 8.831827e-01 -2.777210e-16
    outer loop
      vertex   2.552227e+00 3.743011e+01 -1.320000e+01
      vertex   3.069416e+00 3.715545e+01 -1.470000e+01
      vertex   2.552227e+00 3.743011e+01 -1.470000e+01
    endloop
  endfacet
  facet normal 3.806997e-01 9.246987e-01 -2.254195e-16
    outer loop
      vertex   2.552227e+00 3.743011e+01 -1.320000e+01
      vertex   2.552227e+00 3.743011e+01 -1.470000e+01
      vertex   2.010727e+00 3.765305e+01 -1.320000e+01
    endloop
  endfacet
  facet normal 3.806997e-01 9.246987e-01 -2.254195e-16
    outer loop
      vertex   2.010727e+00 3.765305e+01 -1.320000e+01
      vertex   2.552227e+00 3.743011e+01 -1.470000e+01
      vertex   2.010727e+00 3.765305e+01 -1.470000e+01
    endloop
  endfacet
  facet normal 2.887440e-01 9.574063e-01 -1.709708e-16
    outer loop
      vertex   2.010727e+00 3.765305e+01 -1.320000e+01
      vertex   2.010727e+00 3.765305e+01 -1.470000e+01
      vertex   1.450073e+00 3.782214e+01 -1.320000e+01
    endloop
  endfacet
  facet normal 2.887440e-01 9.574063e-01 -2.137135e-16
    outer loop
      vertex   1.450073e+00 3.782214e+01 -1.320000e+01
      vertex   2.010727e+00 3.765305e+01 -1.470000e+01
      vertex   1.450073e+00 3.782214e+01 -1.470000e+01
    endloop
  endfacet
  facet normal 1.940377e-01 9.809941e-01 -1.436168e-16
    outer loop
      vertex   1.450073e+00 3.782214e+01 -1.320000e+01
      vertex   1.450073e+00 3.782214e+01 -1.470000e+01
      vertex   8.756059e-01 3.793577e+01 -1.320000e+01
    endloop
  endfacet
  facet normal 1.940377e-01 9.809941e-01 -1.436168e-16
    outer loop
      vertex   8.756059e-01 3.793577e+01 -1.320000e+01
      vertex   1.450073e+00 3.782214e+01 -1.470000e+01
      vertex   8.756059e-01 3.793577e+01 -1.470000e+01
    endloop
  endfacet
  facet normal 9.748317e-02 9.952372e-01 -7.215204e-17
    outer loop
      vertex   8.756059e-01 3.793577e+01 -1.320000e+01
      vertex   8.756059e-01 3.793577e+01 -1.470000e+01
      vertex   2.927983e-01 3.799285e+01 -1.320000e+01
    endloop
  endfacet
  facet normal 9.748317e-02 9.952372e-01 -7.215204e-17
    outer loop
      vertex   2.927983e-01 3.799285e+01 -1.320000e+01
      vertex   8.756059e-01 3.793577e+01 -1.470000e+01
      vertex   2.927983e-01 3.799285e+01 -1.470000e+01
    endloop
  endfacet
  facet normal 0.000000e+00 1.000000e+00 0.000000e+00
    outer loop
      vertex   2.927983e-01 3.799285e+01 -1.320000e+01
      vertex   2.927983e-01 3.799285e+01 -1.470000e+01
      vertex   -2.927983e-01 3.799285e+01 -1.320000e+01
    endloop
  endfacet
  facet normal 0.000000e+00 1.000000e+00 0.000000e+00
    outer loop
      vertex   -2.927983e-01 3.799285e+01 -1.320000e+01
      vertex   2.927983e-01 3.799285e+01 -1.470000e+01
      vertex   -2.927983e-01 3.799285e+01 -1.470000e+01
    endloop
  endfacet
  facet normal -9.748317e-02 9.952372e-01 7.215204e-17
    outer loop
      vertex   -2.927983e-01 3.799285e+01 -1.320000e+01
      vertex   -2.927983e-01 3.799285e+01 -1.470000e+01
      vertex   -8.756059e-01 3.793577e+01 -1.320000e+01
    endloop
  endfacet
  facet normal -9.748317e-02 9.952372e-01 7.215204e-17
    outer loop
      vertex   -8.756059e-01 3.793577e+01 -1.320000e+01
      vertex   -2.927983e-01 3.799285e+01 -1.470000e+01
      vertex   -8.756059e-01 3.793577e+01 -1.470000e+01
    endloop
  endfacet
  facet normal -1.940377e-01 9.809941e-01 1.436168e-16
    outer loop
      vertex   -8.756059e-01 3.793577e+01 -1.320000e+01
      vertex   -8.756059e-01 3.793577e+01 -1.470000e+01
      vertex   -1.450073e+00 3.782214e+01 -1.320000e+01
    endloop
  endfacet
  facet normal -1.940377e-01 9.809941e-01 1.436168e-16
    outer loop
      vertex   -1.450073e+00 3.782214e+01 -1.320000e+01
      vertex   -8.756059e-01 3.793577e+01 -1.470000e+01
      vertex   -1.450073e+00 3.782214e+01 -1.470000e+01
    endloop
  endfacet
  facet normal -2.887440e-01 9.574063e-01 2.137135e-16
    outer loop
      vertex   -1.450073e+00 3.782214e+01 -1.320000e+01
      vertex   -1.450073e+00 3.782214e+01 -1.470000e+01
      vertex   -2.010727e+00 3.765305e+01 -1.320000e+01
    endloop
  endfacet
  facet normal -2.887440e-01 9.574063e-01 2.564562e-16
    outer loop
      vertex   -2.010727e+00 3.765305e+01 -1.320000e+01
      vertex   -1.450073e+00 3.782214e+01 -1.470000e+01
      vertex   -2.010727e+00 3.765305e+01 -1.470000e+01
    endloop
  endfacet
  facet normal -3.806997e-01 9.246987e-01 3.381293e-16
    outer loop
      vertex   -2.010727e+00 3.765305e+01 -1.320000e+01
      vertex   -2.010727e+00 3.765305e+01 -1.470000e+01
      vertex   -2.552227e+00 3.743011e+01 -1.320000e+01
    endloop
  endfacet
  facet normal -3.806997e-01 9.246987e-01 3.381293e-16
    outer loop
      vertex   -2.552227e+00 3.743011e+01 -1.320000e+01
      vertex   -2.010727e+00 3.765305e+01 -1.470000e+01
      vertex   -2.552227e+00 3.743011e+01 -1.470000e+01
    endloop
  endfacet
  facet normal -4.690291e-01 8.831827e-01 4.165815e-16
    outer loop
      vertex   -2.552227e+00 3.743011e+01 -1.320000e+01
      vertex   -2.552227e+00 3.743011e+01 -1.470000e+01
      vertex   -3.069416e+00 3.715545e+01 -1.320000e+01
    endloop
  endfacet
  facet normal -4.690291e-01 8.831827e-01 4.165815e-16
    outer loop
      vertex   -3.069416e+00 3.715545e+01 -1.320000e+01
      vertex   -2.552227e+00 3.743011e+01 -1.470000e+01
      vertex   -3.069416e+00 3.715545e+01 -1.470000e+01
    endloop
  endfacet
  facet normal -5.528906e-01 8.332538e-01 4.910655e-16
    outer loop
      vertex   -3.069416e+00 3.715545e+01 -1.320000e+01
      vertex   -3.069416e+00 3.715545e+01 -1.470000e+01
      vertex   -3.557367e+00 3.683168e+01 -1.320000e+01
    endloop
  endfacet
  facet normal -5.528906e-01 8.332538e-01 3.273770e-16
    outer loop
      vertex   -3.557367e+00 3.683168e+01 -1.320000e+01
      vertex   -3.069416e+00 3.715545e+01 -1.470000e+01
      vertex   -3.557367e+00 3.683168e+01 -1.470000e+01
    endloop
  endfacet
  facet normal -6.314855e-01 7.753877e-01 3.739146e-16
    outer loop
      vertex   -3.557367e+00 3.683168e+01 -1.320000e+01
      vertex   -3.557367e+00 3.683168e+01 -1.470000e+01
      vertex   -4.011431e+00 3.646189e+01 -1.320000e+01
    endloop
  endfacet
  facet normal -6.314855e-01 7.753877e-01 3.739146e-16
    outer loop
      vertex   -4.011431e+00 3.646189e+01 -1.320000e+01
      vertex   -3.557367e+00 3.683168e+01 -1.470000e+01
      vertex   -4.011431e+00 3.646189e+01 -1.470000e+01
    endloop
  endfacet
  facet normal -7.040651e-01 7.101354e-01 4.168903e-16
    outer loop
      vertex   -4.011431e+00 3.646189e+01 -1.320000e+01
      vertex   -4.011431e+00 3.646189e+01 -1.470000e+01
      vertex   -4.427284e+00 3.604959e+01 -1.320000e+01
    endloop
  endfacet
  facet normal -7.040651e-01 7.101354e-01 4.168903e-16
    outer loop
      vertex   -4.427284e+00 3.604959e+01 -1.320000e+01
      vertex   -4.011431e+00 3.646189e+01 -1.470000e+01
      vertex   -4.427284e+00 3.604959e+01 -1.470000e+01
    endloop
  endfacet
  facet normal -7.699380e-01 6.381187e-01 4.558949e-16
    outer loop
      vertex   -4.427284e+00 3.604959e+01 -1.320000e+01
      vertex   -4.427284e+00 3.604959e+01 -1.470000e+01
      vertex   -4.800964e+00 3.559871e+01 -1.320000e+01
    endloop
  endfacet
  facet normal -7.699380e-01 6.381187e-01 4.558949e-16
    outer loop
      vertex   -4.800964e+00 3.559871e+01 -1.320000e+01
      vertex   -4.427284e+00 3.604959e+01 -1.470000e+01
      vertex   -4.800964e+00 3.559871e+01 -1.470000e+01
    endloop
  endfacet
  facet normal -8.284768e-01 5.600234e-01 4.905568e-16
    outer loop
      vertex   -4.800964e+00 3.559871e+01 -1.320000e+01
      vertex   -4.800964e+00 3.559871e+01 -1.470000e+01
      vertex   -5.128912e+00 3.511356e+01 -1.320000e+01
    endloop
  endfacet
  facet normal -8.284768e-01 5.600234e-01 9.811136e-16
    outer loop
      vertex   -5.128912e+00 3.511356e+01 -1.320000e+01
      vertex   -4.800964e+00 3.559871e+01 -1.470000e+01
      vertex   -5.128912e+00 3.511356e+01 -1.470000e+01
    endloop
  endfacet
  facet normal -8.791238e-01 4.765936e-01 1.041092e-15
    outer loop
      vertex   -5.128912e+00 3.511356e+01 -1.320000e+01
      vertex   -5.128912e+00 3.511356e+01 -1.470000e+01
      vertex   -5.408004e+00 3.459875e+01 -1.320000e+01
    endloop
  endfacet
  facet normal -8.791238e-01 4.765936e-01 5.205458e-16
    outer loop
      vertex   -5.408004e+00 3.459875e+01 -1.320000e+01
      vertex   -5.128912e+00 3.511356e+01 -1.470000e+01
      vertex   -5.408004e+00 3.459875e+01 -1.470000e+01
    endloop
  endfacet
  facet normal -9.213965e-01 3.886239e-01 5.455763e-16
    outer loop
      vertex   -5.408004e+00 3.459875e+01 -1.320000e+01
      vertex   -5.408004e+00 3.459875e+01 -1.470000e+01
      vertex   -5.635581e+00 3.405918e+01 -1.320000e+01
    endloop
  endfacet
  facet normal -9.213965e-01 3.886239e-01 5.455763e-16
    outer loop
      vertex   -5.635581e+00 3.405918e+01 -1.320000e+01
      vertex   -5.408004e+00 3.459875e+01 -1.470000e+01
      vertex   -5.635581e+00 3.405918e+01 -1.470000e+01
    endloop
  endfacet
  facet normal -9.548923e-01 2.969523e-01 5.654098e-16
    outer loop
      vertex   -5.635581e+00 3.405918e+01 -1.320000e+01
      vertex   -5.635581e+00 3.405918e+01 -1.470000e+01
      vertex   -5.809475e+00 3.350000e+01 -1.320000e+01
    endloop
  endfacet
  facet normal -9.548923e-01 2.969523e-01 5.654098e-16
    outer loop
      vertex   -5.809475e+00 3.350000e+01 -1.320000e+01
      vertex   -5.635581e+00 3.405918e+01 -1.470000e+01
      vertex   -5.809475e+00 3.350000e+01 -1.470000e+01
    endloop
  endfacet
  facet normal -7.845910e-02 9.969173e-01 0.000000e+00
    outer loop
      vertex   -4.550000e+01 3.200000e+01 -1.320000e+01
      vertex   -4.550000e+01 3.200000e+01 -1.470000e+01
      vertex   -4.581287e+01 3.197538e+01 -1.320000e+01
    endloop
  endfacet
  facet normal -7.845910e-02 9.969173e-01 0.000000e+00
    outer loop
      vertex   -4.581287e+01 3.197538e+01 -1.320000e+01
      vertex   -4.550000e+01 3.200000e+01 -1.470000e+01
      vertex   -4.581287e+01 3.197538e+01 -1.470000e+01
    endloop
  endfacet
  facet normal -2.334454e-01 9.723699e-01 0.000000e+00
    outer loop
      vertex   -4.581287e+01 3.197538e+01 -1.320000e+01
      vertex   -4.581287e+01 3.197538e+01 -1.470000e+01
      vertex   -4.611803e+01 3.190211e+01 -1.470000e+01
    endloop
  endfacet
  facet normal -2.334454e-01 9.723699e-01 -4.606231e-15
    outer loop
      vertex   -4.581287e+01 3.197538e+01 -1.320000e+01
      vertex   -4.611803e+01 3.190211e+01 -1.470000e+01
      vertex   -4.611803e+01 3.190211e+01 -1.320000e+01
    endloop
  endfacet
  facet normal -3.826834e-01 9.238795e-01 -4.376373e-15
    outer loop
      vertex   -4.611803e+01 3.190211e+01 -1.320000e+01
      vertex   -4.611803e+01 3.190211e+01 -1.470000e+01
      vertex   -4.640798e+01 3.178201e+01 -1.470000e+01
    endloop
  endfacet
  facet normal -3.826834e-01 9.238795e-01 0.000000e+00
    outer loop
      vertex   -4.611803e+01 3.190211e+01 -1.320000e+01
      vertex   -4.640798e+01 3.178201e+01 -1.470000e+01
      vertex   -4.640798e+01 3.178201e+01 -1.320000e+01
    endloop
  endfacet
  facet normal -5.224986e-01 8.526402e-01 0.000000e+00
    outer loop
      vertex   -4.640798e+01 3.178201e+01 -1.320000e+01
      vertex   -4.640798e+01 3.178201e+01 -1.470000e+01
      vertex   -4.667557e+01 3.161803e+01 -1.470000e+01
    endloop
  endfacet
  facet normal -5.224986e-01 8.526402e-01 0.000000e+00
    outer loop
      vertex   -4.640798e+01 3.178201e+01 -1.320000e+01
      vertex   -4.667557e+01 3.161803e+01 -1.470000e+01
      vertex   -4.667557e+01 3.161803e+01 -1.320000e+01
    endloop
  endfacet
  facet normal -6.494480e-01 7.604060e-01 0.000000e+00
    outer loop
      vertex   -4.667557e+01 3.161803e+01 -1.320000e+01
      vertex   -4.667557e+01 3.161803e+01 -1.470000e+01
      vertex   -4.691421e+01 3.141421e+01 -1.470000e+01
    endloop
  endfacet
  facet normal -6.494480e-01 7.604060e-01 0.000000e+00
    outer loop
      vertex   -4.667557e+01 3.161803e+01 -1.320000e+01
      vertex   -4.691421e+01 3.141421e+01 -1.470000e+01
      vertex   -4.691421e+01 3.141421e+01 -1.320000e+01
    endloop
  endfacet
  facet normal -7.604060e-01 6.494480e-01 0.000000e+00
    outer loop
      vertex   -4.691421e+01 3.141421e+01 -1.320000e+01
      vertex   -4.691421e+01 3.141421e+01 -1.470000e+01
      vertex   -4.711803e+01 3.117557e+01 -1.470000e+01
    endloop
  endfacet
  facet normal -7.604060e-01 6.494480e-01 0.000000e+00
    outer loop
      vertex   -4.691421e+01 3.141421e+01 -1.320000e+01
      vertex   -4.711803e+01 3.117557e+01 -1.470000e+01
      vertex   -4.711803e+01 3.117557e+01 -1.320000e+01
    endloop
  endfacet
  facet normal -8.526402e-01 5.224986e-01 0.000000e+00
    outer loop
      vertex   -4.711803e+01 3.117557e+01 -1.320000e+01
      vertex   -4.711803e+01 3.117557e+01 -1.470000e+01
      vertex   -4.728201e+01 3.090798e+01 -1.470000e+01
    endloop
  endfacet
  facet normal -8.526402e-01 5.224986e-01 0.000000e+00
    outer loop
      vertex   -4.711803e+01 3.117557e+01 -1.320000e+01
      vertex   -4.728201e+01 3.090798e+01 -1.470000e+01
      vertex   -4.728201e+01 3.090798e+01 -1.320000e+01
    endloop
  endfacet
  facet normal -9.238795e-01 3.826834e-01 0.000000e+00
    outer loop
      vertex   -4.728201e+01 3.090798e+01 -1.320000e+01
      vertex   -4.728201e+01 3.090798e+01 -1.470000e+01
      vertex   -4.740211e+01 3.061803e+01 -1.470000e+01
    endloop
  endfacet
  facet normal -9.238795e-01 3.826834e-01 0.000000e+00
    outer loop
      vertex   -4.728201e+01 3.090798e+01 -1.320000e+01
      vertex   -4.740211e+01 3.061803e+01 -1.470000e+01
      vertex   -4.740211e+01 3.061803e+01 -1.320000e+01
    endloop
  endfacet
  facet normal -9.723699e-01 2.334454e-01 0.000000e+00
    outer loop
      vertex   -4.740211e+01 3.061803e+01 -1.320000e+01
      vertex   -4.740211e+01 3.061803e+01 -1.470000e+01
      vertex   -4.747538e+01 3.031287e+01 -1.470000e+01
    endloop
  endfacet
  facet normal -9.723699e-01 2.334454e-01 0.000000e+00
    outer loop
      vertex   -4.740211e+01 3.061803e+01 -1.320000e+01
      vertex   -4.747538e+01 3.031287e+01 -1.470000e+01
      vertex   -4.747538e+01 3.031287e+01 -1.320000e+01
    endloop
  endfacet
  facet normal -9.969173e-01 7.845910e-02 0.000000e+00
    outer loop
      vertex   -4.747538e+01 3.031287e+01 -1.320000e+01
      vertex   -4.747538e+01 3.031287e+01 -1.470000e+01
      vertex   -4.750000e+01 3.000000e+01 -1.320000e+01
    endloop
  endfacet
  facet normal -9.969173e-01 7.845910e-02 0.000000e+00
    outer loop
      vertex   -4.750000e+01 3.000000e+01 -1.320000e+01
      vertex   -4.747538e+01 3.031287e+01 -1.470000e+01
      vertex   -4.750000e+01 3.000000e+01 -1.470000e+01
    endloop
  endfacet
  facet normal -1.000000e+00 -0.000000e+00 0.000000e+00
    outer loop
      vertex   -4.750000e+01 3.000000e+01 -1.470000e+01
      vertex   -4.750000e+01 2.200000e+01 -1.470000e+01
      vertex   -4.750000e+01 3.000000e+01 -1.320000e+01
    endloop
  endfacet
  facet normal -1.000000e+00 0.000000e+00 0.000000e+00
    outer loop
      vertex   -4.750000e+01 3.000000e+01 -1.320000e+01
      vertex   -4.750000e+01 2.200000e+01 -1.470000e+01
      vertex   -4.750000e+01 2.200000e+01 -1.320000e+01
    endloop
  endfacet
  facet normal -7.845910e-02 9.969173e-01 0.000000e+00
    outer loop
      vertex   -4.950000e+01 2.000000e+01 -1.470000e+01
      vertex   -4.950000e+01 2.000000e+01 -1.320000e+01
      vertex   -4.918713e+01 2.002462e+01 -1.470000e+01
    endloop
  endfacet
  facet normal -7.845910e-02 9.969173e-01 0.000000e+00
    outer loop
      vertex   -4.918713e+01 2.002462e+01 -1.470000e+01
      vertex   -4.950000e+01 2.000000e+01 -1.320000e+01
      vertex   -4.918713e+01 2.002462e+01 -1.320000e+01
    endloop
  endfacet
  facet normal -2.334454e-01 9.723699e-01 0.000000e+00
    outer loop
      vertex   -4.918713e+01 2.002462e+01 -1.470000e+01
      vertex   -4.918713e+01 2.002462e+01 -1.320000e+01
      vertex   -4.888197e+01 2.009789e+01 -1.320000e+01
    endloop
  endfacet
  facet normal -2.334454e-01 9.723699e-01 0.000000e+00
    outer loop
      vertex   -4.918713e+01 2.002462e+01 -1.470000e+01
      vertex   -4.888197e+01 2.009789e+01 -1.320000e+01
      vertex   -4.888197e+01 2.009789e+01 -1.470000e+01
    endloop
  endfacet
  facet normal -3.826834e-01 9.238795e-01 0.000000e+00
    outer loop
      vertex   -4.888197e+01 2.009789e+01 -1.470000e+01
      vertex   -4.888197e+01 2.009789e+01 -1.320000e+01
      vertex   -4.859202e+01 2.021799e+01 -1.320000e+01
    endloop
  endfacet
  facet normal -3.826834e-01 9.238795e-01 0.000000e+00
    outer loop
      vertex   -4.888197e+01 2.009789e+01 -1.470000e+01
      vertex   -4.859202e+01 2.021799e+01 -1.320000e+01
      vertex   -4.859202e+01 2.021799e+01 -1.470000e+01
    endloop
  endfacet
  facet normal -5.224986e-01 8.526402e-01 0.000000e+00
    outer loop
      vertex   -4.859202e+01 2.021799e+01 -1.470000e+01
      vertex   -4.859202e+01 2.021799e+01 -1.320000e+01
      vertex   -4.832443e+01 2.038197e+01 -1.320000e+01
    endloop
  endfacet
  facet normal -5.224986e-01 8.526402e-01 0.000000e+00
    outer loop
      vertex   -4.859202e+01 2.021799e+01 -1.470000e+01
      vertex   -4.832443e+01 2.038197e+01 -1.320000e+01
      vertex   -4.832443e+01 2.038197e+01 -1.470000e+01
    endloop
  endfacet
  facet normal -6.494480e-01 7.604060e-01 0.000000e+00
    outer loop
      vertex   -4.832443e+01 2.038197e+01 -1.470000e+01
      vertex   -4.832443e+01 2.038197e+01 -1.320000e+01
      vertex   -4.808579e+01 2.058579e+01 -1.320000e+01
    endloop
  endfacet
  facet normal -6.494480e-01 7.604060e-01 0.000000e+00
    outer loop
      vertex   -4.832443e+01 2.038197e+01 -1.470000e+01
      vertex   -4.808579e+01 2.058579e+01 -1.320000e+01
      vertex   -4.808579e+01 2.058579e+01 -1.470000e+01
    endloop
  endfacet
  facet normal -7.604060e-01 6.494480e-01 0.000000e+00
    outer loop
      vertex   -4.808579e+01 2.058579e+01 -1.470000e+01
      vertex   -4.808579e+01 2.058579e+01 -1.320000e+01
      vertex   -4.788197e+01 2.082443e+01 -1.320000e+01
    endloop
  endfacet
  facet normal -7.604060e-01 6.494480e-01 0.000000e+00
    outer loop
      vertex   -4.808579e+01 2.058579e+01 -1.470000e+01
      vertex   -4.788197e+01 2.082443e+01 -1.320000e+01
      vertex   -4.788197e+01 2.082443e+01 -1.470000e+01
    endloop
  endfacet
  facet normal -8.526402e-01 5.224986e-01 0.000000e+00
    outer loop
      vertex   -4.788197e+01 2.082443e+01 -1.470000e+01
      vertex   -4.788197e+01 2.082443e+01 -1.320000e+01
      vertex   -4.771799e+01 2.109202e+01 -1.320000e+01
    endloop
  endfacet
  facet normal -8.526402e-01 5.224986e-01 0.000000e+00
    outer loop
      vertex   -4.788197e+01 2.082443e+01 -1.470000e+01
      vertex   -4.771799e+01 2.109202e+01 -1.320000e+01
      vertex   -4.771799e+01 2.109202e+01 -1.470000e+01
    endloop
  endfacet
  facet normal -9.238795e-01 3.826834e-01 0.000000e+00
    outer loop
      vertex   -4.771799e+01 2.109202e+01 -1.470000e+01
      vertex   -4.771799e+01 2.109202e+01 -1.320000e+01
      vertex   -4.759789e+01 2.138197e+01 -1.320000e+01
    endloop
  endfacet
  facet normal -9.238795e-01 3.826834e-01 0.000000e+00
    outer loop
      vertex   -4.771799e+01 2.109202e+01 -1.470000e+01
      vertex   -4.759789e+01 2.138197e+01 -1.320000e+01
      vertex   -4.759789e+01 2.138197e+01 -1.470000e+01
    endloop
  endfacet
  facet normal -9.723699e-01 2.334454e-01 0.000000e+00
    outer loop
      vertex   -4.759789e+01 2.138197e+01 -1.470000e+01
      vertex   -4.759789e+01 2.138197e+01 -1.320000e+01
      vertex   -4.752462e+01 2.168713e+01 -1.320000e+01
    endloop
  endfacet
  facet normal -9.723699e-01 2.334454e-01 0.000000e+00
    outer loop
      vertex   -4.759789e+01 2.138197e+01 -1.470000e+01
      vertex   -4.752462e+01 2.168713e+01 -1.320000e+01
      vertex   -4.752462e+01 2.168713e+01 -1.470000e+01
    endloop
  endfacet
  facet normal -9.969173e-01 7.845910e-02 0.000000e+00
    outer loop
      vertex   -4.752462e+01 2.168713e+01 -1.470000e+01
      vertex   -4.752462e+01 2.168713e+01 -1.320000e+01
      vertex   -4.750000e+01 2.200000e+01 -1.470000e+01
    endloop
  endfacet
  facet normal -9.969173e-01 7.845910e-02 0.000000e+00
    outer loop
      vertex   -4.750000e+01 2.200000e+01 -1.470000e+01
      vertex   -4.752462e+01 2.168713e+01 -1.320000e+01
      vertex   -4.750000e+01 2.200000e+01 -1.320000e+01
    endloop
  endfacet
  facet normal -8.186504e-02 9.966434e-01 0.000000e+00
    outer loop
      vertex   -6.968680e+01 2.000000e+01 -1.320000e+01
      vertex   -6.968680e+01 2.000000e+01 -1.470000e+01
      vertex   -7.001316e+01 1.997319e+01 -1.320000e+01
    endloop
  endfacet
  facet normal -8.186504e-02 9.966434e-01 0.000000e+00
    outer loop
      vertex   -7.001316e+01 1.997319e+01 -1.320000e+01
      vertex   -6.968680e+01 2.000000e+01 -1.470000e+01
      vertex   -7.001316e+01 1.997319e+01 -1.470000e+01
    endloop
  endfacet
  facet normal -2.434005e-01 9.699259e-01 0.000000e+00
    outer loop
      vertex   -7.001316e+01 1.997319e+01 -1.320000e+01
      vertex   -7.001316e+01 1.997319e+01 -1.470000e+01
      vertex   -7.033077e+01 1.989349e+01 -1.320000e+01
    endloop
  endfacet
  facet normal -2.434005e-01 9.699259e-01 0.000000e+00
    outer loop
      vertex   -7.033077e+01 1.989349e+01 -1.320000e+01
      vertex   -7.001316e+01 1.997319e+01 -1.470000e+01
      vertex   -7.033077e+01 1.989349e+01 -1.470000e+01
    endloop
  endfacet
  facet normal -3.984110e-01 9.172070e-01 0.000000e+00
    outer loop
      vertex   -7.033077e+01 1.989349e+01 -1.320000e+01
      vertex   -7.033077e+01 1.989349e+01 -1.470000e+01
      vertex   -7.063112e+01 1.976302e+01 -1.320000e+01
    endloop
  endfacet
  facet normal -3.984110e-01 9.172070e-01 0.000000e+00
    outer loop
      vertex   -7.063112e+01 1.976302e+01 -1.320000e+01
      vertex   -7.033077e+01 1.989349e+01 -1.470000e+01
      vertex   -7.063112e+01 1.976302e+01 -1.470000e+01
    endloop
  endfacet
  facet normal -5.427411e-01 8.399000e-01 0.000000e+00
    outer loop
      vertex   -7.063112e+01 1.976302e+01 -1.320000e+01
      vertex   -7.063112e+01 1.976302e+01 -1.470000e+01
      vertex   -7.090616e+01 1.958530e+01 -1.320000e+01
    endloop
  endfacet
  facet normal -5.427411e-01 8.399000e-01 0.000000e+00
    outer loop
      vertex   -7.090616e+01 1.958530e+01 -1.320000e+01
      vertex   -7.063112e+01 1.976302e+01 -1.470000e+01
      vertex   -7.090616e+01 1.958530e+01 -1.470000e+01
    endloop
  endfacet
  facet normal -6.725217e-01 7.400774e-01 0.000000e+00
    outer loop
      vertex   -7.090616e+01 1.958530e+01 -1.320000e+01
      vertex   -7.090616e+01 1.958530e+01 -1.470000e+01
      vertex   -7.114850e+01 1.936507e+01 -1.320000e+01
    endloop
  endfacet
  facet normal -6.725217e-01 7.400774e-01 0.000000e+00
    outer loop
      vertex   -7.114850e+01 1.936507e+01 -1.320000e+01
      vertex   -7.090616e+01 1.958530e+01 -1.470000e+01
      vertex   -7.114850e+01 1.936507e+01 -1.470000e+01
    endloop
  endfacet
  facet normal -7.842736e-01 6.204152e-01 0.000000e+00
    outer loop
      vertex   -7.114850e+01 1.936507e+01 -1.320000e+01
      vertex   -7.114850e+01 1.936507e+01 -1.470000e+01
      vertex   -7.135166e+01 1.910826e+01 -1.320000e+01
    endloop
  endfacet
  facet normal -7.842736e-01 6.204152e-01 0.000000e+00
    outer loop
      vertex   -7.135166e+01 1.910826e+01 -1.320000e+01
      vertex   -7.114850e+01 1.936507e+01 -1.470000e+01
      vertex   -7.135166e+01 1.910826e+01 -1.470000e+01
    endloop
  endfacet
  facet normal -8.750010e-01 4.841211e-01 0.000000e+00
    outer loop
      vertex   -7.135166e+01 1.910826e+01 -1.320000e+01
      vertex   -7.135166e+01 1.910826e+01 -1.470000e+01
      vertex   -7.151019e+01 1.882173e+01 -1.320000e+01
    endloop
  endfacet
  facet normal -8.750010e-01 4.841211e-01 0.000000e+00
    outer loop
      vertex   -7.151019e+01 1.882173e+01 -1.320000e+01
      vertex   -7.135166e+01 1.910826e+01 -1.470000e+01
      vertex   -7.151019e+01 1.882173e+01 -1.470000e+01
    endloop
  endfacet
  facet normal -9.422718e-01 3.348489e-01 0.000000e+00
    outer loop
      vertex   -7.151019e+01 1.882173e+01 -1.320000e+01
      vertex   -7.151019e+01 1.882173e+01 -1.470000e+01
      vertex   -7.161984e+01 1.851317e+01 -1.320000e+01
    endloop
  endfacet
  facet normal -9.422718e-01 3.348489e-01 0.000000e+00
    outer loop
      vertex   -7.161984e+01 1.851317e+01 -1.320000e+01
      vertex   -7.151019e+01 1.882173e+01 -1.470000e+01
      vertex   -7.161984e+01 1.851317e+01 -1.470000e+01
    endloop
  endfacet
  facet normal -9.842827e-01 1.766003e-01 0.000000e+00
    outer loop
      vertex   -7.161984e+01 1.851317e+01 -1.320000e+01
      vertex   -7.161984e+01 1.851317e+01 -1.470000e+01
      vertex   -7.167767e+01 1.819086e+01 -1.320000e+01
    endloop
  endfacet
  facet normal -9.842827e-01 1.766003e-01 0.000000e+00
    outer loop
      vertex   -7.167767e+01 1.819086e+01 -1.320000e+01
      vertex   -7.161984e+01 1.851317e+01 -1.470000e+01
      vertex   -7.167767e+01 1.819086e+01 -1.470000e+01
    endloop
  endfacet
  facet normal -9.999073e-01 1.361742e-02 0.000000e+00
    outer loop
      vertex   -7.167767e+01 1.819086e+01 -1.320000e+01
      vertex   -7.167767e+01 1.819086e+01 -1.470000e+01
      vertex   -7.168213e+01 1.786343e+01 -1.320000e+01
    endloop
  endfacet
  facet normal -9.999073e-01 1.361742e-02 0.000000e+00
    outer loop
      vertex   -7.168213e+01 1.786343e+01 -1.320000e+01
      vertex   -7.167767e+01 1.819086e+01 -1.470000e+01
      vertex   -7.168213e+01 1.786343e+01 -1.470000e+01
    endloop
  endfacet
  facet normal -9.887268e-01 -1.497305e-01 -0.000000e+00
    outer loop
      vertex   -7.168213e+01 1.786343e+01 -1.320000e+01
      vertex   -7.168213e+01 1.786343e+01 -1.470000e+01
      vertex   -7.163310e+01 1.753966e+01 -1.320000e+01
    endloop
  endfacet
  facet normal -9.887268e-01 -1.497305e-01 -0.000000e+00
    outer loop
      vertex   -7.163310e+01 1.753966e+01 -1.320000e+01
      vertex   -7.168213e+01 1.786343e+01 -1.470000e+01
      vertex   -7.163310e+01 1.753966e+01 -1.470000e+01
    endloop
  endfacet
  facet normal -9.510411e-01 -3.090645e-01 -0.000000e+00
    outer loop
      vertex   -7.163310e+01 1.753966e+01 -1.320000e+01
      vertex   -7.163310e+01 1.753966e+01 -1.470000e+01
      vertex   -7.153189e+01 1.722823e+01 -1.320000e+01
    endloop
  endfacet
  facet normal -9.510411e-01 -3.090645e-01 -0.000000e+00
    outer loop
      vertex   -7.153189e+01 1.722823e+01 -1.320000e+01
      vertex   -7.163310e+01 1.753966e+01 -1.470000e+01
      vertex   -7.153189e+01 1.722823e+01 -1.470000e+01
    endloop
  endfacet
  facet normal -8.878602e-01 -4.601132e-01 -0.000000e+00
    outer loop
      vertex   -7.153189e+01 1.722823e+01 -1.320000e+01
      vertex   -7.153189e+01 1.722823e+01 -1.470000e+01
      vertex   -7.138123e+01 1.693749e+01 -1.320000e+01
    endloop
  endfacet
  facet normal -8.878602e-01 -4.601132e-01 -0.000000e+00
    outer loop
      vertex   -7.138123e+01 1.693749e+01 -1.320000e+01
      vertex   -7.153189e+01 1.722823e+01 -1.470000e+01
      vertex   -7.138123e+01 1.693749e+01 -1.470000e+01
    endloop
  endfacet
  facet normal -8.008781e-01 -5.988275e-01 -0.000000e+00
    outer loop
      vertex   -7.138123e+01 1.693749e+01 -1.320000e+01
      vertex   -7.138123e+01 1.693749e+01 -1.470000e+01
      vertex   -7.118513e+01 1.667524e+01 -1.320000e+01
    endloop
  endfacet
  facet normal -8.008781e-01 -5.988275e-01 -0.000000e+00
    outer loop
      vertex   -7.118513e+01 1.667524e+01 -1.320000e+01
      vertex   -7.138123e+01 1.693749e+01 -1.470000e+01
      vertex   -7.118513e+01 1.667524e+01 -1.470000e+01
    endloop
  endfacet
  facet normal -6.924263e-01 -7.214886e-01 -0.000000e+00
    outer loop
      vertex   -7.118513e+01 1.667524e+01 -1.320000e+01
      vertex   -7.118513e+01 1.667524e+01 -1.470000e+01
      vertex   -7.094887e+01 1.644850e+01 -1.320000e+01
    endloop
  endfacet
  facet normal -6.924263e-01 -7.214886e-01 -0.000000e+00
    outer loop
      vertex   -7.094887e+01 1.644850e+01 -1.320000e+01
      vertex   -7.118513e+01 1.667524e+01 -1.470000e+01
      vertex   -7.094887e+01 1.644850e+01 -1.470000e+01
    endloop
  endfacet
  facet normal -5.654123e-01 -8.248084e-01 -0.000000e+00
    outer loop
      vertex   -7.094887e+01 1.644850e+01 -1.320000e+01
      vertex   -7.094887e+01 1.644850e+01 -1.470000e+01
      vertex   -7.067878e+01 1.626335e+01 -1.320000e+01
    endloop
  endfacet
  facet normal -5.654123e-01 -8.248084e-01 -0.000000e+00
    outer loop
      vertex   -7.067878e+01 1.626335e+01 -1.320000e+01
      vertex   -7.094887e+01 1.644850e+01 -1.470000e+01
      vertex   -7.067878e+01 1.626335e+01 -1.470000e+01
    endloop
  endfacet
  facet normal 4.871298e-01 -8.733296e-01 0.000000e+00
    outer loop
      vertex   7.067878e+01 1.626335e+01 -1.470000e+01
      vertex   7.067878e+01 1.626335e+01 -1.320000e+01
      vertex   6.814603e+01 1.485061e+01 -1.470000e+01
    endloop
  endfacet
  facet normal 4.871298e-01 -8.733296e-01 0.000000e+00
    outer loop
      vertex   6.814603e+01 1.485061e+01 -1.470000e+01
      vertex   7.067878e+01 1.626335e+01 -1.320000e+01
      vertex   6.814603e+01 1.485061e+01 -1.320000e+01
    endloop
  endfacet
  facet normal 4.692562e-01 -8.830621e-01 0.000000e+00
    outer loop
      vertex   6.814603e+01 1.485061e+01 -1.470000e+01
      vertex   6.814603e+01 1.485061e+01 -1.320000e+01
      vertex   6.558505e+01 1.348972e+01 -1.470000e+01
    endloop
  endfacet
  facet normal 4.692562e-01 -8.830621e-01 0.000000e+00
    outer loop
      vertex   6.558505e+01 1.348972e+01 -1.470000e+01
      vertex   6.814603e+01 1.485061e+01 -1.320000e+01
      vertex   6.558505e+01 1.348972e+01 -1.320000e+01
    endloop
  endfacet
  facet normal 4.511881e-01 -8.924289e-01 0.000000e+00
    outer loop
      vertex   6.558505e+01 1.348972e+01 -1.470000e+01
      vertex   6.558505e+01 1.348972e+01 -1.320000e+01
      vertex   6.299691e+01 1.218122e+01 -1.470000e+01
    endloop
  endfacet
  facet normal 4.511881e-01 -8.924289e-01 0.000000e+00
    outer loop
      vertex   6.299691e+01 1.218122e+01 -1.470000e+01
      vertex   6.558505e+01 1.348972e+01 -1.320000e+01
      vertex   6.299691e+01 1.218122e+01 -1.320000e+01
    endloop
  endfacet
  facet normal 4.329332e-01 -9.014260e-01 0.000000e+00
    outer loop
      vertex   6.299691e+01 1.218122e+01 -1.470000e+01
      vertex   6.299691e+01 1.218122e+01 -1.320000e+01
      vertex   6.038267e+01 1.092567e+01 -1.470000e+01
    endloop
  endfacet
  facet normal 4.329332e-01 -9.014260e-01 0.000000e+00
    outer loop
      vertex   6.038267e+01 1.092567e+01 -1.470000e+01
      vertex   6.299691e+01 1.218122e+01 -1.320000e+01
      vertex   6.038267e+01 1.092567e+01 -1.320000e+01
    endloop
  endfacet
  facet normal 4.144990e-01 -9.100498e-01 0.000000e+00
    outer loop
      vertex   6.038267e+01 1.092567e+01 -1.470000e+01
      vertex   6.038267e+01 1.092567e+01 -1.320000e+01
      vertex   5.774343e+01 9.723576e+00 -1.470000e+01
    endloop
  endfacet
  facet normal 4.144990e-01 -9.100498e-01 0.000000e+00
    outer loop
      vertex   5.774343e+01 9.723576e+00 -1.470000e+01
      vertex   6.038267e+01 1.092567e+01 -1.320000e+01
      vertex   5.774343e+01 9.723576e+00 -1.320000e+01
    endloop
  endfacet
  facet normal 3.958931e-01 -9.182966e-01 0.000000e+00
    outer loop
      vertex   5.774343e+01 9.723576e+00 -1.470000e+01
      vertex   5.774343e+01 9.723576e+00 -1.320000e+01
      vertex   5.508026e+01 8.575442e+00 -1.470000e+01
    endloop
  endfacet
  facet normal 3.958931e-01 -9.182966e-01 0.000000e+00
    outer loop
      vertex   5.508026e+01 8.575442e+00 -1.470000e+01
      vertex   5.774343e+01 9.723576e+00 -1.320000e+01
      vertex   5.508026e+01 8.575442e+00 -1.320000e+01
    endloop
  endfacet
  facet normal 3.771232e-01 -9.261631e-01 0.000000e+00
    outer loop
      vertex   5.508026e+01 8.575442e+00 -1.470000e+01
      vertex   5.508026e+01 8.575442e+00 -1.320000e+01
      vertex   5.239429e+01 7.481742e+00 -1.470000e+01
    endloop
  endfacet
  facet normal 3.771232e-01 -9.261631e-01 0.000000e+00
    outer loop
      vertex   5.239429e+01 7.481742e+00 -1.470000e+01
      vertex   5.508026e+01 8.575442e+00 -1.320000e+01
      vertex   5.239429e+01 7.481742e+00 -1.320000e+01
    endloop
  endfacet
  facet normal 3.581971e-01 -9.336460e-01 0.000000e+00
    outer loop
      vertex   5.239429e+01 7.481742e+00 -1.470000e+01
      vertex   5.239429e+01 7.481742e+00 -1.320000e+01
      vertex   4.968661e+01 6.442931e+00 -1.470000e+01
    endloop
  endfacet
  facet normal 3.581971e-01 -9.336460e-01 0.000000e+00
    outer loop
      vertex   4.968661e+01 6.442931e+00 -1.470000e+01
      vertex   5.239429e+01 7.481742e+00 -1.320000e+01
      vertex   4.968661e+01 6.442931e+00 -1.320000e+01
    endloop
  endfacet
  facet normal 3.391227e-01 -9.407422e-01 0.000000e+00
    outer loop
      vertex   4.968661e+01 6.442931e+00 -1.470000e+01
      vertex   4.968661e+01 6.442931e+00 -1.320000e+01
      vertex   4.695835e+01 5.459437e+00 -1.470000e+01
    endloop
  endfacet
  facet normal 3.391227e-01 -9.407422e-01 0.000000e+00
    outer loop
      vertex   4.695835e+01 5.459437e+00 -1.470000e+01
      vertex   4.968661e+01 6.442931e+00 -1.320000e+01
      vertex   4.695835e+01 5.459437e+00 -1.320000e+01
    endloop
  endfacet
  facet normal 3.199078e-01 -9.474487e-01 0.000000e+00
    outer loop
      vertex   4.695835e+01 5.459437e+00 -1.470000e+01
      vertex   4.695835e+01 5.459437e+00 -1.320000e+01
      vertex   4.421065e+01 4.531669e+00 -1.470000e+01
    endloop
  endfacet
  facet normal 3.199078e-01 -9.474487e-01 0.000000e+00
    outer loop
      vertex   4.421065e+01 4.531669e+00 -1.470000e+01
      vertex   4.695835e+01 5.459437e+00 -1.320000e+01
      vertex   4.421065e+01 4.531669e+00 -1.320000e+01
    endloop
  endfacet
  facet normal 3.005604e-01 -9.537628e-01 0.000000e+00
    outer loop
      vertex   4.421065e+01 4.531669e+00 -1.470000e+01
      vertex   4.421065e+01 4.531669e+00 -1.320000e+01
      vertex   4.144463e+01 3.660010e+00 -1.470000e+01
    endloop
  endfacet
  facet normal 3.005604e-01 -9.537628e-01 0.000000e+00
    outer loop
      vertex   4.144463e+01 3.660010e+00 -1.470000e+01
      vertex   4.421065e+01 4.531669e+00 -1.320000e+01
      vertex   4.144463e+01 3.660010e+00 -1.320000e+01
    endloop
  endfacet
  facet normal 2.810885e-01 -9.596819e-01 0.000000e+00
    outer loop
      vertex   4.144463e+01 3.660010e+00 -1.470000e+01
      vertex   4.144463e+01 3.660010e+00 -1.320000e+01
      vertex   3.866144e+01 2.844822e+00 -1.470000e+01
    endloop
  endfacet
  facet normal 2.810885e-01 -9.596819e-01 0.000000e+00
    outer loop
      vertex   3.866144e+01 2.844822e+00 -1.470000e+01
      vertex   4.144463e+01 3.660010e+00 -1.320000e+01
      vertex   3.866144e+01 2.844822e+00 -1.320000e+01
    endloop
  endfacet
  facet normal 2.615002e-01 -9.652034e-01 0.000000e+00
    outer loop
      vertex   3.866144e+01 2.844822e+00 -1.470000e+01
      vertex   3.866144e+01 2.844822e+00 -1.320000e+01
      vertex   3.586225e+01 2.086443e+00 -1.470000e+01
    endloop
  endfacet
  facet normal 2.615002e-01 -9.652034e-01 0.000000e+00
    outer loop
      vertex   3.586225e+01 2.086443e+00 -1.470000e+01
      vertex   3.866144e+01 2.844822e+00 -1.320000e+01
      vertex   3.586225e+01 2.086443e+00 -1.320000e+01
    endloop
  endfacet
  facet normal 2.418035e-01 -9.703252e-01 0.000000e+00
    outer loop
      vertex   3.586225e+01 2.086443e+00 -1.470000e+01
      vertex   3.586225e+01 2.086443e+00 -1.320000e+01
      vertex   3.304820e+01 1.385186e+00 -1.470000e+01
    endloop
  endfacet
  facet normal 2.418035e-01 -9.703252e-01 0.000000e+00
    outer loop
      vertex   3.304820e+01 1.385186e+00 -1.470000e+01
      vertex   3.586225e+01 2.086443e+00 -1.320000e+01
      vertex   3.304820e+01 1.385186e+00 -1.320000e+01
    endloop
  endfacet
  facet normal 2.220068e-01 -9.750451e-01 0.000000e+00
    outer loop
      vertex   3.304820e+01 1.385186e+00 -1.470000e+01
      vertex   3.304820e+01 1.385186e+00 -1.320000e+01
      vertex   3.022046e+01 7.413412e-01 -1.470000e+01
    endloop
  endfacet
  facet normal 2.220068e-01 -9.750451e-01 0.000000e+00
    outer loop
      vertex   3.022046e+01 7.413412e-01 -1.470000e+01
      vertex   3.304820e+01 1.385186e+00 -1.320000e+01
      vertex   3.022046e+01 7.413412e-01 -1.320000e+01
    endloop
  endfacet
  facet normal 2.021180e-01 -9.793612e-01 0.000000e+00
    outer loop
      vertex   3.022046e+01 7.413412e-01 -1.470000e+01
      vertex   3.022046e+01 7.413412e-01 -1.320000e+01
      vertex   2.738020e+01 1.551764e-01 -1.470000e+01
    endloop
  endfacet
  facet normal 2.021180e-01 -9.793612e-01 0.000000e+00
    outer loop
      vertex   2.738020e+01 1.551764e-01 -1.470000e+01
      vertex   3.022046e+01 7.413412e-01 -1.320000e+01
      vertex   2.738020e+01 1.551764e-01 -1.320000e+01
    endloop
  endfacet
  facet normal 1.821456e-01 -9.832716e-01 0.000000e+00
    outer loop
      vertex   2.738020e+01 1.551764e-01 -1.470000e+01
      vertex   2.738020e+01 1.551764e-01 -1.320000e+01
      vertex   2.452860e+01 -3.730661e-01 -1.470000e+01
    endloop
  endfacet
  facet normal 1.821456e-01 -9.832716e-01 0.000000e+00
    outer loop
      vertex   2.452860e+01 -3.730661e-01 -1.470000e+01
      vertex   2.738020e+01 1.551764e-01 -1.320000e+01
      vertex   2.452860e+01 -3.730661e-01 -1.320000e+01
    endloop
  endfacet
  facet normal 1.620977e-01 -9.867747e-01 0.000000e+00
    outer loop
      vertex   2.452860e+01 -3.730661e-01 -1.470000e+01
      vertex   2.452860e+01 -3.730661e-01 -1.320000e+01
      vertex   2.166685e+01 -8.431674e-01 -1.470000e+01
    endloop
  endfacet
  facet normal 1.620977e-01 -9.867747e-01 0.000000e+00
    outer loop
      vertex   2.166685e+01 -8.431674e-01 -1.470000e+01
      vertex   2.452860e+01 -3.730661e-01 -1.320000e+01
      vertex   2.166685e+01 -8.431674e-01 -1.320000e+01
    endloop
  endfacet
  facet normal 1.419827e-01 -9.898691e-01 0.000000e+00
    outer loop
      vertex   2.166685e+01 -8.431674e-01 -1.470000e+01
      vertex   2.166685e+01 -8.431674e-01 -1.320000e+01
      vertex   1.879611e+01 -1.254933e+00 -1.470000e+01
    endloop
  endfacet
  facet normal 1.419827e-01 -9.898691e-01 0.000000e+00
    outer loop
      vertex   1.879611e+01 -1.254933e+00 -1.470000e+01
      vertex   2.166685e+01 -8.431674e-01 -1.320000e+01
      vertex   1.879611e+01 -1.254933e+00 -1.320000e+01
    endloop
  endfacet
  facet normal 1.218088e-01 -9.925536e-01 0.000000e+00
    outer loop
      vertex   1.879611e+01 -1.254933e+00 -1.470000e+01
      vertex   1.879611e+01 -1.254933e+00 -1.320000e+01
      vertex   1.591760e+01 -1.608192e+00 -1.470000e+01
    endloop
  endfacet
  facet normal 1.218088e-01 -9.925536e-01 -1.442506e-16
    outer loop
      vertex   1.591760e+01 -1.608192e+00 -1.470000e+01
      vertex   1.879611e+01 -1.254933e+00 -1.320000e+01
      vertex   1.591760e+01 -1.608192e+00 -1.320000e+01
    endloop
  endfacet
  facet normal 1.015845e-01 -9.948269e-01 -1.203002e-16
    outer loop
      vertex   1.591760e+01 -1.608192e+00 -1.470000e+01
      vertex   1.591760e+01 -1.608192e+00 -1.320000e+01
      vertex   1.303249e+01 -1.902798e+00 -1.470000e+01
    endloop
  endfacet
  facet normal 1.015845e-01 -9.948269e-01 -1.203002e-16
    outer loop
      vertex   1.303249e+01 -1.902798e+00 -1.470000e+01
      vertex   1.591760e+01 -1.608192e+00 -1.320000e+01
      vertex   1.303249e+01 -1.902798e+00 -1.320000e+01
    endloop
  endfacet
  facet normal 8.131815e-02 -9.966882e-01 -9.630004e-17
    outer loop
      vertex   1.303249e+01 -1.902798e+00 -1.470000e+01
      vertex   1.303249e+01 -1.902798e+00 -1.320000e+01
      vertex   1.014198e+01 -2.138630e+00 -1.470000e+01
    endloop
  endfacet
  facet normal 8.131815e-02 -9.966882e-01 -1.926001e-16
    outer loop
      vertex   1.014198e+01 -2.138630e+00 -1.470000e+01
      vertex   1.303249e+01 -1.902798e+00 -1.320000e+01
      vertex   1.014198e+01 -2.138630e+00 -1.320000e+01
    endloop
  endfacet
  facet normal 6.101810e-02 -9.981367e-01 -1.445199e-16
    outer loop
      vertex   1.014198e+01 -2.138630e+00 -1.470000e+01
      vertex   1.014198e+01 -2.138630e+00 -1.320000e+01
      vertex   7.247276e+00 -2.315589e+00 -1.470000e+01
    endloop
  endfacet
  facet normal 6.101810e-02 -9.981367e-01 -3.612997e-17
    outer loop
      vertex   7.247276e+00 -2.315589e+00 -1.470000e+01
      vertex   1.014198e+01 -2.138630e+00 -1.320000e+01
      vertex   7.247276e+00 -2.315589e+00 -1.320000e+01
    endloop
  endfacet
  facet normal 4.069278e-02 -9.991717e-01 -2.409497e-17
    outer loop
      vertex   7.247276e+00 -2.315589e+00 -1.470000e+01
      vertex   7.247276e+00 -2.315589e+00 -1.320000e+01
      vertex   4.349566e+00 -2.433603e+00 -1.470000e+01
    endloop
  endfacet
  facet normal 4.069278e-02 -9.991717e-01 -2.409497e-17
    outer loop
      vertex   4.349566e+00 -2.433603e+00 -1.470000e+01
      vertex   7.247276e+00 -2.315589e+00 -1.320000e+01
      vertex   4.349566e+00 -2.433603e+00 -1.320000e+01
    endloop
  endfacet
  facet normal 2.035061e-02 -9.997929e-01 -1.204998e-17
    outer loop
      vertex   4.349566e+00 -2.433603e+00 -1.470000e+01
      vertex   4.349566e+00 -2.433603e+00 -1.320000e+01
      vertex   1.450056e+00 -2.492622e+00 -1.470000e+01
    endloop
  endfacet
  facet normal 2.035061e-02 -9.997929e-01 -1.506247e-17
    outer loop
      vertex   1.450056e+00 -2.492622e+00 -1.470000e+01
      vertex   4.349566e+00 -2.433603e+00 -1.320000e+01
      vertex   1.450056e+00 -2.492622e+00 -1.320000e+01
    endloop
  endfacet
  facet normal 0.000000e+00 -1.000000e+00 0.000000e+00
    outer loop
      vertex   1.450056e+00 -2.492622e+00 -1.470000e+01
      vertex   1.450056e+00 -2.492622e+00 -1.320000e+01
      vertex   -1.450056e+00 -2.492622e+00 -1.470000e+01
    endloop
  endfacet
  facet normal 0.000000e+00 -1.000000e+00 0.000000e+00
    outer loop
      vertex   -1.450056e+00 -2.492622e+00 -1.470000e+01
      vertex   1.450056e+00 -2.492622e+00 -1.320000e+01
      vertex   -1.450056e+00 -2.492622e+00 -1.320000e+01
    endloop
  endfacet
  facet normal -2.035061e-02 -9.997929e-01 1.506247e-17
    outer loop
      vertex   -1.450056e+00 -2.492622e+00 -1.470000e+01
      vertex   -1.450056e+00 -2.492622e+00 -1.320000e+01
      vertex   -4.349566e+00 -2.433603e+00 -1.470000e+01
    endloop
  endfacet
  facet normal -2.035061e-02 -9.997929e-01 1.204998e-17
    outer loop
      vertex   -4.349566e+00 -2.433603e+00 -1.470000e+01
      vertex   -1.450056e+00 -2.492622e+00 -1.320000e+01
      vertex   -4.349566e+00 -2.433603e+00 -1.320000e+01
    endloop
  endfacet
  facet normal -4.069278e-02 -9.991717e-01 2.409497e-17
    outer loop
      vertex   -4.349566e+00 -2.433603e+00 -1.470000e+01
      vertex   -4.349566e+00 -2.433603e+00 -1.320000e+01
      vertex   -7.247276e+00 -2.315589e+00 -1.470000e+01
    endloop
  endfacet
  facet normal -4.069278e-02 -9.991717e-01 2.409497e-17
    outer loop
      vertex   -7.247276e+00 -2.315589e+00 -1.470000e+01
      vertex   -4.349566e+00 -2.433603e+00 -1.320000e+01
      vertex   -7.247276e+00 -2.315589e+00 -1.320000e+01
    endloop
  endfacet
  facet normal -6.101810e-02 -9.981367e-01 3.612997e-17
    outer loop
      vertex   -7.247276e+00 -2.315589e+00 -1.470000e+01
      vertex   -7.247276e+00 -2.315589e+00 -1.320000e+01
      vertex   -1.014198e+01 -2.138630e+00 -1.470000e+01
    endloop
  endfacet
  facet normal -6.101810e-02 -9.981367e-01 7.225995e-17
    outer loop
      vertex   -1.014198e+01 -2.138630e+00 -1.470000e+01
      vertex   -7.247276e+00 -2.315589e+00 -1.320000e+01
      vertex   -1.014198e+01 -2.138630e+00 -1.320000e+01
    endloop
  endfacet
  facet normal -8.131815e-02 -9.966882e-01 9.630004e-17
    outer loop
      vertex   -1.014198e+01 -2.138630e+00 -1.470000e+01
      vertex   -1.014198e+01 -2.138630e+00 -1.320000e+01
      vertex   -1.303249e+01 -1.902798e+00 -1.470000e+01
    endloop
  endfacet
  facet normal -8.131815e-02 -9.966882e-01 9.630004e-17
    outer loop
      vertex   -1.303249e+01 -1.902798e+00 -1.470000e+01
      vertex   -1.014198e+01 -2.138630e+00 -1.320000e+01
      vertex   -1.303249e+01 -1.902798e+00 -1.320000e+01
    endloop
  endfacet
  facet normal -1.015845e-01 -9.948269e-01 1.203002e-16
    outer loop
      vertex   -1.303249e+01 -1.902798e+00 -1.470000e+01
      vertex   -1.303249e+01 -1.902798e+00 -1.320000e+01
      vertex   -1.591760e+01 -1.608192e+00 -1.470000e+01
    endloop
  endfacet
  facet normal -1.015845e-01 -9.948269e-01 1.203002e-16
    outer loop
      vertex   -1.591760e+01 -1.608192e+00 -1.470000e+01
      vertex   -1.303249e+01 -1.902798e+00 -1.320000e+01
      vertex   -1.591760e+01 -1.608192e+00 -1.320000e+01
    endloop
  endfacet
  facet normal -1.218088e-01 -9.925536e-01 1.442506e-16
    outer loop
      vertex   -1.591760e+01 -1.608192e+00 -1.470000e+01
      vertex   -1.591760e+01 -1.608192e+00 -1.320000e+01
      vertex   -1.879611e+01 -1.254933e+00 -1.470000e+01
    endloop
  endfacet
  facet normal -1.218088e-01 -9.925536e-01 0.000000e+00
    outer loop
      vertex   -1.879611e+01 -1.254933e+00 -1.470000e+01
      vertex   -1.591760e+01 -1.608192e+00 -1.320000e+01
      vertex   -1.879611e+01 -1.254933e+00 -1.320000e+01
    endloop
  endfacet
  facet normal -1.419827e-01 -9.898691e-01 0.000000e+00
    outer loop
      vertex   -1.879611e+01 -1.254933e+00 -1.470000e+01
      vertex   -1.879611e+01 -1.254933e+00 -1.320000e+01
      vertex   -2.166685e+01 -8.431674e-01 -1.470000e+01
    endloop
  endfacet
  facet normal -1.419827e-01 -9.898691e-01 0.000000e+00
    outer loop
      vertex   -2.166685e+01 -8.431674e-01 -1.470000e+01
      vertex   -1.879611e+01 -1.254933e+00 -1.320000e+01
      vertex   -2.166685e+01 -8.431674e-01 -1.320000e+01
    endloop
  endfacet
  facet normal -1.620977e-01 -9.867747e-01 0.000000e+00
    outer loop
      vertex   -2.166685e+01 -8.431674e-01 -1.470000e+01
      vertex   -2.166685e+01 -8.431674e-01 -1.320000e+01
      vertex   -2.452860e+01 -3.730661e-01 -1.470000e+01
    endloop
  endfacet
  facet normal -1.620977e-01 -9.867747e-01 0.000000e+00
    outer loop
      vertex   -2.452860e+01 -3.730661e-01 -1.470000e+01
      vertex   -2.166685e+01 -8.431674e-01 -1.320000e+01
      vertex   -2.452860e+01 -3.730661e-01 -1.320000e+01
    endloop
  endfacet
  facet normal -1.821456e-01 -9.832716e-01 0.000000e+00
    outer loop
      vertex   -2.452860e+01 -3.730661e-01 -1.470000e+01
      vertex   -2.452860e+01 -3.730661e-01 -1.320000e+01
      vertex   -2.738020e+01 1.551764e-01 -1.470000e+01
    endloop
  endfacet
  facet normal -1.821456e-01 -9.832716e-01 0.000000e+00
    outer loop
      vertex   -2.738020e+01 1.551764e-01 -1.470000e+01
      vertex   -2.452860e+01 -3.730661e-01 -1.320000e+01
      vertex   -2.738020e+01 1.551764e-01 -1.320000e+01
    endloop
  endfacet
  facet normal -2.021180e-01 -9.793612e-01 0.000000e+00
    outer loop
      vertex   -2.738020e+01 1.551764e-01 -1.470000e+01
      vertex   -2.738020e+01 1.551764e-01 -1.320000e+01
      vertex   -3.022046e+01 7.413412e-01 -1.470000e+01
    endloop
  endfacet
  facet normal -2.021180e-01 -9.793612e-01 0.000000e+00
    outer loop
      vertex   -3.022046e+01 7.413412e-01 -1.470000e+01
      vertex   -2.738020e+01 1.551764e-01 -1.320000e+01
      vertex   -3.022046e+01 7.413412e-01 -1.320000e+01
    endloop
  endfacet
  facet normal -2.220068e-01 -9.750451e-01 0.000000e+00
    outer loop
      vertex   -3.022046e+01 7.413412e-01 -1.470000e+01
      vertex   -3.022046e+01 7.413412e-01 -1.320000e+01
      vertex   -3.304820e+01 1.385186e+00 -1.470000e+01
    endloop
  endfacet
  facet normal -2.220068e-01 -9.750451e-01 0.000000e+00
    outer loop
      vertex   -3.304820e+01 1.385186e+00 -1.470000e+01
      vertex   -3.022046e+01 7.413412e-01 -1.320000e+01
      vertex   -3.304820e+01 1.385186e+00 -1.320000e+01
    endloop
  endfacet
  facet normal -2.418035e-01 -9.703252e-01 0.000000e+00
    outer loop
      vertex   -3.304820e+01 1.385186e+00 -1.470000e+01
      vertex   -3.304820e+01 1.385186e+00 -1.320000e+01
      vertex   -3.586225e+01 2.086443e+00 -1.470000e+01
    endloop
  endfacet
  facet normal -2.418035e-01 -9.703252e-01 0.000000e+00
    outer loop
      vertex   -3.586225e+01 2.086443e+00 -1.470000e+01
      vertex   -3.304820e+01 1.385186e+00 -1.320000e+01
      vertex   -3.586225e+01 2.086443e+00 -1.320000e+01
    endloop
  endfacet
  facet normal -2.615002e-01 -9.652034e-01 0.000000e+00
    outer loop
      vertex   -3.586225e+01 2.086443e+00 -1.470000e+01
      vertex   -3.586225e+01 2.086443e+00 -1.320000e+01
      vertex   -3.866144e+01 2.844822e+00 -1.470000e+01
    endloop
  endfacet
  facet normal -2.615002e-01 -9.652034e-01 0.000000e+00
    outer loop
      vertex   -3.866144e+01 2.844822e+00 -1.470000e+01
      vertex   -3.586225e+01 2.086443e+00 -1.320000e+01
      vertex   -3.866144e+01 2.844822e+00 -1.320000e+01
    endloop
  endfacet
  facet normal -2.810885e-01 -9.596819e-01 0.000000e+00
    outer loop
      vertex   -3.866144e+01 2.844822e+00 -1.470000e+01
      vertex   -3.866144e+01 2.844822e+00 -1.320000e+01
      vertex   -4.144463e+01 3.660010e+00 -1.470000e+01
    endloop
  endfacet
  facet normal -2.810885e-01 -9.596819e-01 0.000000e+00
    outer loop
      vertex   -4.144463e+01 3.660010e+00 -1.470000e+01
      vertex   -3.866144e+01 2.844822e+00 -1.320000e+01
      vertex   -4.144463e+01 3.660010e+00 -1.320000e+01
    endloop
  endfacet
  facet normal -3.005604e-01 -9.537628e-01 0.000000e+00
    outer loop
      vertex   -4.144463e+01 3.660010e+00 -1.470000e+01
      vertex   -4.144463e+01 3.660010e+00 -1.320000e+01
      vertex   -4.421065e+01 4.531669e+00 -1.470000e+01
    endloop
  endfacet
  facet normal -3.005604e-01 -9.537628e-01 0.000000e+00
    outer loop
      vertex   -4.421065e+01 4.531669e+00 -1.470000e+01
      vertex   -4.144463e+01 3.660010e+00 -1.320000e+01
      vertex   -4.421065e+01 4.531669e+00 -1.320000e+01
    endloop
  endfacet
  facet normal -3.199078e-01 -9.474487e-01 0.000000e+00
    outer loop
      vertex   -4.421065e+01 4.531669e+00 -1.470000e+01
      vertex   -4.421065e+01 4.531669e+00 -1.320000e+01
      vertex   -4.695835e+01 5.459437e+00 -1.470000e+01
    endloop
  endfacet
  facet normal -3.199078e-01 -9.474487e-01 0.000000e+00
    outer loop
      vertex   -4.695835e+01 5.459437e+00 -1.470000e+01
      vertex   -4.421065e+01 4.531669e+00 -1.320000e+01
      vertex   -4.695835e+01 5.459437e+00 -1.320000e+01
    endloop
  endfacet
  facet normal -3.391227e-01 -9.407422e-01 0.000000e+00
    outer loop
      vertex   -4.695835e+01 5.459437e+00 -1.470000e+01
      vertex   -4.695835e+01 5.459437e+00 -1.320000e+01
      vertex   -4.968661e+01 6.442931e+00 -1.470000e+01
    endloop
  endfacet
  facet normal -3.391227e-01 -9.407422e-01 0.000000e+00
    outer loop
      vertex   -4.968661e+01 6.442931e+00 -1.470000e+01
      vertex   -4.695835e+01 5.459437e+00 -1.320000e+01
      vertex   -4.968661e+01 6.442931e+00 -1.320000e+01
    endloop
  endfacet
  facet normal -3.581971e-01 -9.336460e-01 0.000000e+00
    outer loop
      vertex   -4.968661e+01 6.442931e+00 -1.470000e+01
      vertex   -4.968661e+01 6.442931e+00 -1.320000e+01
      vertex   -5.239429e+01 7.481742e+00 -1.470000e+01
    endloop
  endfacet
  facet normal -3.581971e-01 -9.336460e-01 0.000000e+00
    outer loop
      vertex   -5.239429e+01 7.481742e+00 -1.470000e+01
      vertex   -4.968661e+01 6.442931e+00 -1.320000e+01
      vertex   -5.239429e+01 7.481742e+00 -1.320000e+01
    endloop
  endfacet
  facet normal -3.771232e-01 -9.261631e-01 0.000000e+00
    outer loop
      vertex   -5.239429e+01 7.481742e+00 -1.470000e+01
      vertex   -5.239429e+01 7.481742e+00 -1.320000e+01
      vertex   -5.508026e+01 8.575442e+00 -1.470000e+01
    endloop
  endfacet
  facet normal -3.771232e-01 -9.261631e-01 0.000000e+00
    outer loop
      vertex   -5.508026e+01 8.575442e+00 -1.470000e+01
      vertex   -5.239429e+01 7.481742e+00 -1.320000e+01
      vertex   -5.508026e+01 8.575442e+00 -1.320000e+01
    endloop
  endfacet
  facet normal -3.958931e-01 -9.182966e-01 0.000000e+00
    outer loop
      vertex   -5.508026e+01 8.575442e+00 -1.470000e+01
      vertex   -5.508026e+01 8.575442e+00 -1.320000e+01
      vertex   -5.774343e+01 9.723576e+00 -1.470000e+01
    endloop
  endfacet
  facet normal -3.958931e-01 -9.182966e-01 0.000000e+00
    outer loop
      vertex   -5.774343e+01 9.723576e+00 -1.470000e+01
      vertex   -5.508026e+01 8.575442e+00 -1.320000e+01
      vertex   -5.774343e+01 9.723576e+00 -1.320000e+01
    endloop
  endfacet
  facet normal -4.144990e-01 -9.100498e-01 0.000000e+00
    outer loop
      vertex   -5.774343e+01 9.723576e+00 -1.470000e+01
      vertex   -5.774343e+01 9.723576e+00 -1.320000e+01
      vertex   -6.038267e+01 1.092567e+01 -1.470000e+01
    endloop
  endfacet
  facet normal -4.144990e-01 -9.100498e-01 0.000000e+00
    outer loop
      vertex   -6.038267e+01 1.092567e+01 -1.470000e+01
      vertex   -5.774343e+01 9.723576e+00 -1.320000e+01
      vertex   -6.038267e+01 1.092567e+01 -1.320000e+01
    endloop
  endfacet
  facet normal -4.329332e-01 -9.014260e-01 0.000000e+00
    outer loop
      vertex   -6.038267e+01 1.092567e+01 -1.470000e+01
      vertex   -6.038267e+01 1.092567e+01 -1.320000e+01
      vertex   -6.299691e+01 1.218122e+01 -1.470000e+01
    endloop
  endfacet
  facet normal -4.329332e-01 -9.014260e-01 0.000000e+00
    outer loop
      vertex   -6.299691e+01 1.218122e+01 -1.470000e+01
      vertex   -6.038267e+01 1.092567e+01 -1.320000e+01
      vertex   -6.299691e+01 1.218122e+01 -1.320000e+01
    endloop
  endfacet
  facet normal -4.511881e-01 -8.924289e-01 0.000000e+00
    outer loop
      vertex   -6.299691e+01 1.218122e+01 -1.470000e+01
      vertex   -6.299691e+01 1.218122e+01 -1.320000e+01
      vertex   -6.558505e+01 1.348972e+01 -1.470000e+01
    endloop
  endfacet
  facet normal -4.511881e-01 -8.924289e-01 0.000000e+00
    outer loop
      vertex   -6.558505e+01 1.348972e+01 -1.470000e+01
      vertex   -6.299691e+01 1.218122e+01 -1.320000e+01
      vertex   -6.558505e+01 1.348972e+01 -1.320000e+01
    endloop
  endfacet
  facet normal -4.692562e-01 -8.830621e-01 0.000000e+00
    outer loop
      vertex   -6.558505e+01 1.348972e+01 -1.470000e+01
      vertex   -6.558505e+01 1.348972e+01 -1.320000e+01
      vertex   -6.814603e+01 1.485061e+01 -1.470000e+01
    endloop
  endfacet
  facet normal -4.692562e-01 -8.830621e-01 0.000000e+00
    outer loop
      vertex   -6.814603e+01 1.485061e+01 -1.470000e+01
      vertex   -6.558505e+01 1.348972e+01 -1.320000e+01
      vertex   -6.814603e+01 1.485061e+01 -1.320000e+01
    endloop
  endfacet
  facet normal -4.871298e-01 -8.733296e-01 0.000000e+00
    outer loop
      vertex   -6.814603e+01 1.485061e+01 -1.470000e+01
      vertex   -6.814603e+01 1.485061e+01 -1.320000e+01
      vertex   -7.067878e+01 1.626335e+01 -1.470000e+01
    endloop
  endfacet
  facet normal -4.871298e-01 -8.733296e-01 0.000000e+00
    outer loop
      vertex   -7.067878e+01 1.626335e+01 -1.470000e+01
      vertex   -6.814603e+01 1.485061e+01 -1.320000e+01
      vertex   -7.067878e+01 1.626335e+01 -1.320000e+01
    endloop
  endfacet
  facet normal 9.973323e-01 -7.299531e-02 -5.905393e-16
    outer loop
      vertex   -2.720694e+00 3.240040e+01 -1.470000e+01
      vertex   -2.720694e+00 3.240040e+01 -1.320000e+01
      vertex   -2.750000e+00 3.200000e+01 -1.470000e+01
    endloop
  endfacet
  facet normal 9.973323e-01 -7.299531e-02 -8.858090e-16
    outer loop
      vertex   -2.750000e+00 3.200000e+01 -1.470000e+01
      vertex   -2.720694e+00 3.240040e+01 -1.320000e+01
      vertex   -2.750000e+00 3.200000e+01 -1.320000e+01
    endloop
  endfacet
  facet normal 9.973323e-01 7.299531e-02 -8.858090e-16
    outer loop
      vertex   -2.750000e+00 3.200000e+01 -1.470000e+01
      vertex   -2.750000e+00 3.200000e+01 -1.320000e+01
      vertex   -2.720694e+00 3.159960e+01 -1.470000e+01
    endloop
  endfacet
  facet normal 9.973323e-01 7.299531e-02 -5.905393e-16
    outer loop
      vertex   -2.720694e+00 3.159960e+01 -1.470000e+01
      vertex   -2.750000e+00 3.200000e+01 -1.320000e+01
      vertex   -2.720694e+00 3.159960e+01 -1.320000e+01
    endloop
  endfacet
  facet normal 9.760759e-01 2.174302e-01 -5.779530e-16
    outer loop
      vertex   -2.720694e+00 3.159960e+01 -1.470000e+01
      vertex   -2.720694e+00 3.159960e+01 -1.320000e+01
      vertex   -2.633402e+00 3.120773e+01 -1.470000e+01
    endloop
  endfacet
  facet normal 9.760759e-01 2.174302e-01 -8.669295e-16
    outer loop
      vertex   -2.633402e+00 3.120773e+01 -1.470000e+01
      vertex   -2.720694e+00 3.159960e+01 -1.320000e+01
      vertex   -2.633402e+00 3.120773e+01 -1.320000e+01
    endloop
  endfacet
  facet normal 9.340161e-01 3.572309e-01 -8.295730e-16
    outer loop
      vertex   -2.633402e+00 3.120773e+01 -1.470000e+01
      vertex   -2.633402e+00 3.120773e+01 -1.320000e+01
      vertex   -2.489983e+00 3.083274e+01 -1.470000e+01
    endloop
  endfacet
  facet normal 9.340161e-01 3.572309e-01 -8.295730e-16
    outer loop
      vertex   -2.489983e+00 3.083274e+01 -1.470000e+01
      vertex   -2.633402e+00 3.120773e+01 -1.320000e+01
      vertex   -2.489983e+00 3.083274e+01 -1.320000e+01
    endloop
  endfacet
  facet normal 8.720494e-01 4.894178e-01 -7.745355e-16
    outer loop
      vertex   -2.489983e+00 3.083274e+01 -1.470000e+01
      vertex   -2.489983e+00 3.083274e+01 -1.320000e+01
      vertex   -2.293494e+00 3.048264e+01 -1.470000e+01
    endloop
  endfacet
  facet normal 8.720494e-01 4.894178e-01 -7.745355e-16
    outer loop
      vertex   -2.293494e+00 3.048264e+01 -1.470000e+01
      vertex   -2.489983e+00 3.083274e+01 -1.320000e+01
      vertex   -2.293494e+00 3.048264e+01 -1.320000e+01
    endloop
  endfacet
  facet normal 7.914965e-01 6.111737e-01 -7.029901e-16
    outer loop
      vertex   -2.293494e+00 3.048264e+01 -1.470000e+01
      vertex   -2.293494e+00 3.048264e+01 -1.320000e+01
      vertex   -2.048124e+00 3.016487e+01 -1.470000e+01
    endloop
  endfacet
  facet normal 7.914965e-01 6.111737e-01 -4.686601e-16
    outer loop
      vertex   -2.048124e+00 3.016487e+01 -1.470000e+01
      vertex   -2.293494e+00 3.048264e+01 -1.320000e+01
      vertex   -2.048124e+00 3.016487e+01 -1.320000e+01
    endloop
  endfacet
  facet normal 6.940742e-01 7.199035e-01 -4.109745e-16
    outer loop
      vertex   -2.048124e+00 3.016487e+01 -1.470000e+01
      vertex   -2.048124e+00 3.016487e+01 -1.320000e+01
      vertex   -1.759101e+00 2.988622e+01 -1.470000e+01
    endloop
  endfacet
  facet normal 6.940742e-01 7.199035e-01 -5.137181e-16
    outer loop
      vertex   -1.759101e+00 2.988622e+01 -1.470000e+01
      vertex   -2.048124e+00 3.016487e+01 -1.320000e+01
      vertex   -1.759101e+00 2.988622e+01 -1.320000e+01
    endloop
  endfacet
  facet normal 5.818589e-01 8.132897e-01 -4.306621e-16
    outer loop
      vertex   -1.759101e+00 2.988622e+01 -1.470000e+01
      vertex   -1.759101e+00 2.988622e+01 -1.320000e+01
      vertex   -1.432586e+00 2.965262e+01 -1.470000e+01
    endloop
  endfacet
  facet normal 5.818589e-01 8.132897e-01 -4.306621e-16
    outer loop
      vertex   -1.432586e+00 2.965262e+01 -1.470000e+01
      vertex   -1.759101e+00 2.988622e+01 -1.320000e+01
      vertex   -1.432586e+00 2.965262e+01 -1.320000e+01
    endloop
  endfacet
  facet normal 4.572423e-01 8.893421e-01 -3.384273e-16
    outer loop
      vertex   -1.432586e+00 2.965262e+01 -1.470000e+01
      vertex   -1.432586e+00 2.965262e+01 -1.320000e+01
      vertex   -1.075538e+00 2.946905e+01 -1.470000e+01
    endloop
  endfacet
  facet normal 4.572423e-01 8.893421e-01 -3.384273e-16
    outer loop
      vertex   -1.075538e+00 2.946905e+01 -1.470000e+01
      vertex   -1.432586e+00 2.965262e+01 -1.320000e+01
      vertex   -1.075538e+00 2.946905e+01 -1.320000e+01
    endloop
  endfacet
  facet normal 3.228804e-01 9.464398e-01 -2.389795e-16
    outer loop
      vertex   -1.075538e+00 2.946905e+01 -1.470000e+01
      vertex   -1.075538e+00 2.946905e+01 -1.320000e+01
      vertex   -6.955668e-01 2.933942e+01 -1.470000e+01
    endloop
  endfacet
  facet normal 3.228804e-01 9.464398e-01 -2.389795e-16
    outer loop
      vertex   -6.955668e-01 2.933942e+01 -1.470000e+01
      vertex   -1.075538e+00 2.946905e+01 -1.320000e+01
      vertex   -6.955668e-01 2.933942e+01 -1.320000e+01
    endloop
  endfacet
  facet normal 1.816369e-01 9.833657e-01 -1.344383e-16
    outer loop
      vertex   -6.955668e-01 2.933942e+01 -1.470000e+01
      vertex   -6.955668e-01 2.933942e+01 -1.320000e+01
      vertex   -3.007708e-01 2.926650e+01 -1.470000e+01
    endloop
  endfacet
  facet normal 1.816369e-01 9.833657e-01 -1.344383e-16
    outer loop
      vertex   -3.007708e-01 2.926650e+01 -1.470000e+01
      vertex   -6.955668e-01 2.933942e+01 -1.320000e+01
      vertex   -3.007708e-01 2.926650e+01 -1.320000e+01
    endloop
  endfacet
  facet normal 3.652202e-02 9.993328e-01 -2.703173e-17
    outer loop
      vertex   -3.007708e-01 2.926650e+01 -1.470000e+01
      vertex   -3.007708e-01 2.926650e+01 -1.320000e+01
      vertex   1.004356e-01 2.925183e+01 -1.470000e+01
    endloop
  endfacet
  facet normal 3.652202e-02 9.993328e-01 -2.703173e-17
    outer loop
      vertex   1.004356e-01 2.925183e+01 -1.470000e+01
      vertex   -3.007708e-01 2.926650e+01 -1.320000e+01
      vertex   1.004356e-01 2.925183e+01 -1.320000e+01
    endloop
  endfacet
  facet normal -1.093712e-01 9.940010e-01 8.095096e-17
    outer loop
      vertex   1.004356e-01 2.925183e+01 -1.470000e+01
      vertex   1.004356e-01 2.925183e+01 -1.320000e+01
      vertex   4.995013e-01 2.929574e+01 -1.470000e+01
    endloop
  endfacet
  facet normal -1.093712e-01 9.940010e-01 8.095096e-17
    outer loop
      vertex   4.995013e-01 2.929574e+01 -1.470000e+01
      vertex   1.004356e-01 2.925183e+01 -1.320000e+01
      vertex   4.995013e-01 2.929574e+01 -1.320000e+01
    endloop
  endfacet
  facet normal -2.529334e-01 9.674837e-01 1.872083e-16
    outer loop
      vertex   4.995013e-01 2.929574e+01 -1.470000e+01
      vertex   4.995013e-01 2.929574e+01 -1.320000e+01
      vertex   8.879211e-01 2.939729e+01 -1.470000e+01
    endloop
  endfacet
  facet normal -2.529334e-01 9.674837e-01 1.872083e-16
    outer loop
      vertex   8.879211e-01 2.939729e+01 -1.470000e+01
      vertex   4.995013e-01 2.929574e+01 -1.320000e+01
      vertex   8.879211e-01 2.939729e+01 -1.320000e+01
    endloop
  endfacet
  facet normal -3.911047e-01 9.203462e-01 2.894756e-16
    outer loop
      vertex   8.879211e-01 2.939729e+01 -1.470000e+01
      vertex   8.879211e-01 2.939729e+01 -1.320000e+01
      vertex   1.257416e+00 2.955431e+01 -1.470000e+01
    endloop
  endfacet
  facet normal -3.911047e-01 9.203462e-01 2.894756e-16
    outer loop
      vertex   1.257416e+00 2.955431e+01 -1.470000e+01
      vertex   8.879211e-01 2.939729e+01 -1.320000e+01
      vertex   1.257416e+00 2.955431e+01 -1.320000e+01
    endloop
  endfacet
  facet normal -5.209403e-01 8.535931e-01 3.855733e-16
    outer loop
      vertex   1.257416e+00 2.955431e+01 -1.470000e+01
      vertex   1.257416e+00 2.955431e+01 -1.320000e+01
      vertex   1.600112e+00 2.976345e+01 -1.470000e+01
    endloop
  endfacet
  facet normal -5.209403e-01 8.535931e-01 4.626880e-16
    outer loop
      vertex   1.600112e+00 2.976345e+01 -1.470000e+01
      vertex   1.257416e+00 2.955431e+01 -1.320000e+01
      vertex   1.600112e+00 2.976345e+01 -1.320000e+01
    endloop
  endfacet
  facet normal -6.396730e-01 7.686471e-01 5.681438e-16
    outer loop
      vertex   1.600112e+00 2.976345e+01 -1.470000e+01
      vertex   1.600112e+00 2.976345e+01 -1.320000e+01
      vertex   1.908704e+00 3.002027e+01 -1.470000e+01
    endloop
  endfacet
  facet normal -6.396730e-01 7.686471e-01 3.787625e-16
    outer loop
      vertex   1.908704e+00 3.002027e+01 -1.470000e+01
      vertex   1.600112e+00 2.976345e+01 -1.320000e+01
      vertex   1.908704e+00 3.002027e+01 -1.320000e+01
    endloop
  endfacet
  facet normal -7.447722e-01 6.673188e-01 4.409937e-16
    outer loop
      vertex   1.908704e+00 3.002027e+01 -1.470000e+01
      vertex   1.908704e+00 3.002027e+01 -1.320000e+01
      vertex   2.176615e+00 3.031927e+01 -1.470000e+01
    endloop
  endfacet
  facet normal -7.447722e-01 6.673188e-01 4.409937e-16
    outer loop
      vertex   2.176615e+00 3.031927e+01 -1.470000e+01
      vertex   1.908704e+00 3.002027e+01 -1.320000e+01
      vertex   2.176615e+00 3.031927e+01 -1.320000e+01
    endloop
  endfacet
  facet normal -8.339978e-01 5.517677e-01 4.938259e-16
    outer loop
      vertex   2.176615e+00 3.031927e+01 -1.470000e+01
      vertex   2.176615e+00 3.031927e+01 -1.320000e+01
      vertex   2.398136e+00 3.065410e+01 -1.470000e+01
    endloop
  endfacet
  facet normal -8.339978e-01 5.517677e-01 4.938259e-16
    outer loop
      vertex   2.398136e+00 3.065410e+01 -1.470000e+01
      vertex   2.176615e+00 3.031927e+01 -1.320000e+01
      vertex   2.398136e+00 3.065410e+01 -1.320000e+01
    endloop
  endfacet
  facet normal -9.054482e-01 4.244567e-01 5.361331e-16
    outer loop
      vertex   2.398136e+00 3.065410e+01 -1.470000e+01
      vertex   2.398136e+00 3.065410e+01 -1.320000e+01
      vertex   2.568544e+00 3.101762e+01 -1.470000e+01
    endloop
  endfacet
  facet normal -9.054482e-01 4.244567e-01 8.041996e-16
    outer loop
      vertex   2.568544e+00 3.101762e+01 -1.470000e+01
      vertex   2.398136e+00 3.065410e+01 -1.320000e+01
      vertex   2.568544e+00 3.101762e+01 -1.320000e+01
    endloop
  endfacet
  facet normal -9.576006e-01 2.880991e-01 8.505202e-16
    outer loop
      vertex   2.568544e+00 3.101762e+01 -1.470000e+01
      vertex   2.568544e+00 3.101762e+01 -1.320000e+01
      vertex   2.684209e+00 3.140207e+01 -1.470000e+01
    endloop
  endfacet
  facet normal -9.576006e-01 2.880991e-01 5.670135e-16
    outer loop
      vertex   2.684209e+00 3.140207e+01 -1.470000e+01
      vertex   2.568544e+00 3.101762e+01 -1.320000e+01
      vertex   2.684209e+00 3.140207e+01 -1.320000e+01
    endloop
  endfacet
  facet normal -9.893434e-01 1.456012e-01 5.858090e-16
    outer loop
      vertex   2.684209e+00 3.140207e+01 -1.470000e+01
      vertex   2.684209e+00 3.140207e+01 -1.320000e+01
      vertex   2.742664e+00 3.179926e+01 -1.470000e+01
    endloop
  endfacet
  facet normal -9.893434e-01 1.456012e-01 8.787134e-16
    outer loop
      vertex   2.742664e+00 3.179926e+01 -1.470000e+01
      vertex   2.684209e+00 3.140207e+01 -1.320000e+01
      vertex   2.742664e+00 3.179926e+01 -1.320000e+01
    endloop
  endfacet
  facet normal -1.000000e+00 0.000000e+00 8.881784e-16
    outer loop
      vertex   2.742664e+00 3.179926e+01 -1.470000e+01
      vertex   2.742664e+00 3.179926e+01 -1.320000e+01
      vertex   2.742664e+00 3.220074e+01 -1.470000e+01
    endloop
  endfacet
  facet normal -1.000000e+00 0.000000e+00 8.881784e-16
    outer loop
      vertex   2.742664e+00 3.220074e+01 -1.470000e+01
      vertex   2.742664e+00 3.179926e+01 -1.320000e+01
      vertex   2.742664e+00 3.220074e+01 -1.320000e+01
    endloop
  endfacet
  facet normal -9.893434e-01 -1.456012e-01 8.787134e-16
    outer loop
      vertex   2.742664e+00 3.220074e+01 -1.470000e+01
      vertex   2.742664e+00 3.220074e+01 -1.320000e+01
      vertex   2.684209e+00 3.259793e+01 -1.470000e+01
    endloop
  endfacet
  facet normal -9.893434e-01 -1.456012e-01 5.858090e-16
    outer loop
      vertex   2.684209e+00 3.259793e+01 -1.470000e+01
      vertex   2.742664e+00 3.220074e+01 -1.320000e+01
      vertex   2.684209e+00 3.259793e+01 -1.320000e+01
    endloop
  endfacet
  facet normal -9.576006e-01 -2.880991e-01 5.670135e-16
    outer loop
      vertex   2.684209e+00 3.259793e+01 -1.470000e+01
      vertex   2.684209e+00 3.259793e+01 -1.320000e+01
      vertex   2.568544e+00 3.298238e+01 -1.470000e+01
    endloop
  endfacet
  facet normal -9.576006e-01 -2.880991e-01 8.505202e-16
    outer loop
      vertex   2.568544e+00 3.298238e+01 -1.470000e+01
      vertex   2.684209e+00 3.259793e+01 -1.320000e+01
      vertex   2.568544e+00 3.298238e+01 -1.320000e+01
    endloop
  endfacet
  facet normal -9.054482e-01 -4.244567e-01 8.041996e-16
    outer loop
      vertex   2.568544e+00 3.298238e+01 -1.470000e+01
      vertex   2.568544e+00 3.298238e+01 -1.320000e+01
      vertex   2.398136e+00 3.334590e+01 -1.470000e+01
    endloop
  endfacet
  facet normal -9.054482e-01 -4.244567e-01 5.361331e-16
    outer loop
      vertex   2.398136e+00 3.334590e+01 -1.470000e+01
      vertex   2.568544e+00 3.298238e+01 -1.320000e+01
      vertex   2.398136e+00 3.334590e+01 -1.320000e+01
    endloop
  endfacet
  facet normal -8.339978e-01 -5.517677e-01 4.938259e-16
    outer loop
      vertex   2.398136e+00 3.334590e+01 -1.470000e+01
      vertex   2.398136e+00 3.334590e+01 -1.320000e+01
      vertex   2.176615e+00 3.368073e+01 -1.470000e+01
    endloop
  endfacet
  facet normal -8.339978e-01 -5.517677e-01 4.938259e-16
    outer loop
      vertex   2.176615e+00 3.368073e+01 -1.470000e+01
      vertex   2.398136e+00 3.334590e+01 -1.320000e+01
      vertex   2.176615e+00 3.368073e+01 -1.320000e+01
    endloop
  endfacet
  facet normal -7.447722e-01 -6.673188e-01 4.409937e-16
    outer loop
      vertex   2.176615e+00 3.368073e+01 -1.470000e+01
      vertex   2.176615e+00 3.368073e+01 -1.320000e+01
      vertex   1.908704e+00 3.397973e+01 -1.470000e+01
    endloop
  endfacet
  facet normal -7.447722e-01 -6.673188e-01 5.512422e-16
    outer loop
      vertex   1.908704e+00 3.397973e+01 -1.470000e+01
      vertex   2.176615e+00 3.368073e+01 -1.320000e+01
      vertex   1.908704e+00 3.397973e+01 -1.320000e+01
    endloop
  endfacet
  facet normal -6.396730e-01 -7.686471e-01 4.734531e-16
    outer loop
      vertex   1.908704e+00 3.397973e+01 -1.470000e+01
      vertex   1.908704e+00 3.397973e+01 -1.320000e+01
      vertex   1.600112e+00 3.423655e+01 -1.470000e+01
    endloop
  endfacet
  facet normal -6.396730e-01 -7.686471e-01 4.734531e-16
    outer loop
      vertex   1.600112e+00 3.423655e+01 -1.470000e+01
      vertex   1.908704e+00 3.397973e+01 -1.320000e+01
      vertex   1.600112e+00 3.423655e+01 -1.320000e+01
    endloop
  endfacet
  facet normal -5.209403e-01 -8.535931e-01 3.855733e-16
    outer loop
      vertex   1.600112e+00 3.423655e+01 -1.470000e+01
      vertex   1.600112e+00 3.423655e+01 -1.320000e+01
      vertex   1.257416e+00 3.444569e+01 -1.470000e+01
    endloop
  endfacet
  facet normal -5.209403e-01 -8.535931e-01 3.855733e-16
    outer loop
      vertex   1.257416e+00 3.444569e+01 -1.470000e+01
      vertex   1.600112e+00 3.423655e+01 -1.320000e+01
      vertex   1.257416e+00 3.444569e+01 -1.320000e+01
    endloop
  endfacet
  facet normal -3.911047e-01 -9.203462e-01 2.894756e-16
    outer loop
      vertex   1.257416e+00 3.444569e+01 -1.470000e+01
      vertex   1.257416e+00 3.444569e+01 -1.320000e+01
      vertex   8.879211e-01 3.460271e+01 -1.470000e+01
    endloop
  endfacet
  facet normal -3.911047e-01 -9.203462e-01 2.894756e-16
    outer loop
      vertex   8.879211e-01 3.460271e+01 -1.470000e+01
      vertex   1.257416e+00 3.444569e+01 -1.320000e+01
      vertex   8.879211e-01 3.460271e+01 -1.320000e+01
    endloop
  endfacet
  facet normal -2.529334e-01 -9.674837e-01 1.872083e-16
    outer loop
      vertex   8.879211e-01 3.460271e+01 -1.470000e+01
      vertex   8.879211e-01 3.460271e+01 -1.320000e+01
      vertex   4.995013e-01 3.470426e+01 -1.470000e+01
    endloop
  endfacet
  facet normal -2.529334e-01 -9.674837e-01 1.872083e-16
    outer loop
      vertex   4.995013e-01 3.470426e+01 -1.470000e+01
      vertex   8.879211e-01 3.460271e+01 -1.320000e+01
      vertex   4.995013e-01 3.470426e+01 -1.320000e+01
    endloop
  endfacet
  facet normal -1.093712e-01 -9.940010e-01 8.095096e-17
    outer loop
      vertex   4.995013e-01 3.470426e+01 -1.470000e+01
      vertex   4.995013e-01 3.470426e+01 -1.320000e+01
      vertex   1.004356e-01 3.474817e+01 -1.470000e+01
    endloop
  endfacet
  facet normal -1.093712e-01 -9.940010e-01 8.095096e-17
    outer loop
      vertex   1.004356e-01 3.474817e+01 -1.470000e+01
      vertex   4.995013e-01 3.470426e+01 -1.320000e+01
      vertex   1.004356e-01 3.474817e+01 -1.320000e+01
    endloop
  endfacet
  facet normal 3.652202e-02 -9.993328e-01 -2.703173e-17
    outer loop
      vertex   1.004356e-01 3.474817e+01 -1.470000e+01
      vertex   1.004356e-01 3.474817e+01 -1.320000e+01
      vertex   -3.007708e-01 3.473350e+01 -1.470000e+01
    endloop
  endfacet
  facet normal 3.652202e-02 -9.993328e-01 -2.703173e-17
    outer loop
      vertex   -3.007708e-01 3.473350e+01 -1.470000e+01
      vertex   1.004356e-01 3.474817e+01 -1.320000e+01
      vertex   -3.007708e-01 3.473350e+01 -1.320000e+01
    endloop
  endfacet
  facet normal 1.816369e-01 -9.833657e-01 -1.344383e-16
    outer loop
      vertex   -3.007708e-01 3.473350e+01 -1.470000e+01
      vertex   -3.007708e-01 3.473350e+01 -1.320000e+01
      vertex   -6.955668e-01 3.466058e+01 -1.470000e+01
    endloop
  endfacet
  facet normal 1.816369e-01 -9.833657e-01 -1.344383e-16
    outer loop
      vertex   -6.955668e-01 3.466058e+01 -1.470000e+01
      vertex   -3.007708e-01 3.473350e+01 -1.320000e+01
      vertex   -6.955668e-01 3.466058e+01 -1.320000e+01
    endloop
  endfacet
  facet normal 3.228804e-01 -9.464398e-01 -2.389795e-16
    outer loop
      vertex   -6.955668e-01 3.466058e+01 -1.470000e+01
      vertex   -6.955668e-01 3.466058e+01 -1.320000e+01
      vertex   -1.075538e+00 3.453095e+01 -1.470000e+01
    endloop
  endfacet
  facet normal 3.228804e-01 -9.464398e-01 -2.389795e-16
    outer loop
      vertex   -1.075538e+00 3.453095e+01 -1.470000e+01
      vertex   -6.955668e-01 3.466058e+01 -1.320000e+01
      vertex   -1.075538e+00 3.453095e+01 -1.320000e+01
    endloop
  endfacet
  facet normal 4.572423e-01 -8.893421e-01 -3.384273e-16
    outer loop
      vertex   -1.075538e+00 3.453095e+01 -1.470000e+01
      vertex   -1.075538e+00 3.453095e+01 -1.320000e+01
      vertex   -1.432586e+00 3.434738e+01 -1.470000e+01
    endloop
  endfacet
  facet normal 4.572423e-01 -8.893421e-01 -3.384273e-16
    outer loop
      vertex   -1.432586e+00 3.434738e+01 -1.470000e+01
      vertex   -1.075538e+00 3.453095e+01 -1.320000e+01
      vertex   -1.432586e+00 3.434738e+01 -1.320000e+01
    endloop
  endfacet
  facet normal 5.818589e-01 -8.132897e-01 -4.306621e-16
    outer loop
      vertex   -1.432586e+00 3.434738e+01 -1.470000e+01
      vertex   -1.432586e+00 3.434738e+01 -1.320000e+01
      vertex   -1.759101e+00 3.411378e+01 -1.470000e+01
    endloop
  endfacet
  facet normal 5.818589e-01 -8.132897e-01 -4.306621e-16
    outer loop
      vertex   -1.759101e+00 3.411378e+01 -1.470000e+01
      vertex   -1.432586e+00 3.434738e+01 -1.320000e+01
      vertex   -1.759101e+00 3.411378e+01 -1.320000e+01
    endloop
  endfacet
  facet normal 6.940742e-01 -7.199035e-01 -5.137181e-16
    outer loop
      vertex   -1.759101e+00 3.411378e+01 -1.470000e+01
      vertex   -1.759101e+00 3.411378e+01 -1.320000e+01
      vertex   -2.048124e+00 3.383513e+01 -1.470000e+01
    endloop
  endfacet
  facet normal 6.940742e-01 -7.199035e-01 -4.109745e-16
    outer loop
      vertex   -2.048124e+00 3.383513e+01 -1.470000e+01
      vertex   -1.759101e+00 3.411378e+01 -1.320000e+01
      vertex   -2.048124e+00 3.383513e+01 -1.320000e+01
    endloop
  endfacet
  facet normal 7.914965e-01 -6.111737e-01 -4.686601e-16
    outer loop
      vertex   -2.048124e+00 3.383513e+01 -1.470000e+01
      vertex   -2.048124e+00 3.383513e+01 -1.320000e+01
      vertex   -2.293494e+00 3.351736e+01 -1.470000e+01
    endloop
  endfacet
  facet normal 7.914965e-01 -6.111737e-01 -4.686601e-16
    outer loop
      vertex   -2.293494e+00 3.351736e+01 -1.470000e+01
      vertex   -2.048124e+00 3.383513e+01 -1.320000e+01
      vertex   -2.293494e+00 3.351736e+01 -1.320000e+01
    endloop
  endfacet
  facet normal 8.720494e-01 -4.894178e-01 -5.163570e-16
    outer loop
      vertex   -2.293494e+00 3.351736e+01 -1.470000e+01
      vertex   -2.293494e+00 3.351736e+01 -1.320000e+01
      vertex   -2.489983e+00 3.316726e+01 -1.470000e+01
    endloop
  endfacet
  facet normal 8.720494e-01 -4.894178e-01 -7.745355e-16
    outer loop
      vertex   -2.489983e+00 3.316726e+01 -1.470000e+01
      vertex   -2.293494e+00 3.351736e+01 -1.320000e+01
      vertex   -2.489983e+00 3.316726e+01 -1.320000e+01
    endloop
  endfacet
  facet normal 9.340161e-01 -3.572309e-01 -8.295730e-16
    outer loop
      vertex   -2.489983e+00 3.316726e+01 -1.470000e+01
      vertex   -2.489983e+00 3.316726e+01 -1.320000e+01
      vertex   -2.633402e+00 3.279227e+01 -1.470000e+01
    endloop
  endfacet
  facet normal 9.340161e-01 -3.572309e-01 -5.530486e-16
    outer loop
      vertex   -2.633402e+00 3.279227e+01 -1.470000e+01
      vertex   -2.489983e+00 3.316726e+01 -1.320000e+01
      vertex   -2.633402e+00 3.279227e+01 -1.320000e+01
    endloop
  endfacet
  facet normal 9.760759e-01 -2.174302e-01 -5.779530e-16
    outer loop
      vertex   -2.633402e+00 3.279227e+01 -1.470000e+01
      vertex   -2.633402e+00 3.279227e+01 -1.320000e+01
      vertex   -2.720694e+00 3.240040e+01 -1.470000e+01
    endloop
  endfacet
  facet normal 9.760759e-01 -2.174302e-01 -5.779530e-16
    outer loop
      vertex   -2.720694e+00 3.240040e+01 -1.470000e+01
      vertex   -2.633402e+00 3.279227e+01 -1.320000e+01
      vertex   -2.720694e+00 3.240040e+01 -1.320000e+01
    endloop
  endfacet
  facet normal 1.000000e+00 0.000000e+00 0.000000e+00
    outer loop
      vertex   4.750000e+01 2.200000e+01 -1.470000e+01
      vertex   4.750000e+01 3.000000e+01 -1.470000e+01
      vertex   4.750000e+01 2.200000e+01 -1.320000e+01
    endloop
  endfacet
  facet normal 1.000000e+00 -0.000000e+00 0.000000e+00
    outer loop
      vertex   4.750000e+01 2.200000e+01 -1.320000e+01
      vertex   4.750000e+01 3.000000e+01 -1.470000e+01
      vertex   4.750000e+01 3.000000e+01 -1.320000e+01
    endloop
  endfacet
  facet normal 0.000000e+00 1.000000e+00 -0.000000e+00
    outer loop
      vertex   -7.745967e+00 3.200000e+01 -1.470000e+01
      vertex   -4.550000e+01 3.200000e+01 -1.470000e+01
      vertex   -7.745967e+00 3.200000e+01 -1.320000e+01
    endloop
  endfacet
  facet normal 0.000000e+00 1.000000e+00 0.000000e+00
    outer loop
      vertex   -7.745967e+00 3.200000e+01 -1.320000e+01
      vertex   -4.550000e+01 3.200000e+01 -1.470000e+01
      vertex   -4.550000e+01 3.200000e+01 -1.320000e+01
    endloop
  endfacet
  facet normal -9.719615e-16 1.000000e+00 9.049301e-17
    outer loop
      vertex   -6.467373e+01 2.000000e+01 -6.482940e+00
      vertex   -6.469394e+01 2.000000e+01 -6.700000e+00
      vertex   -6.800000e+01 2.000000e+01 -2.950000e+00
    endloop
  endfacet
  facet normal -1.201490e-15 1.000000e+00 -1.118629e-16
    outer loop
      vertex   -6.800000e+01 2.000000e+01 -2.950000e+00
      vertex   -6.469394e+01 2.000000e+01 -6.700000e+00
      vertex   -6.467373e+01 2.000000e+01 -6.917060e+00
    endloop
  endfacet
  facet normal -6.546989e-16 1.000000e+00 3.466062e-16
    outer loop
      vertex   -6.800000e+01 2.000000e+01 -2.950000e+00
      vertex   -6.467373e+01 2.000000e+01 -6.917060e+00
      vertex   -6.800000e+01 2.000000e+01 -1.320000e+01
    endloop
  endfacet
  facet normal 0.000000e+00 1.000000e+00 0.000000e+00
    outer loop
      vertex   -6.800000e+01 2.000000e+01 -1.320000e+01
      vertex   -6.467373e+01 2.000000e+01 -6.917060e+00
      vertex   -6.461372e+01 2.000000e+01 -7.127525e+00
    endloop
  endfacet
  facet normal 0.000000e+00 1.000000e+00 0.000000e+00
    outer loop
      vertex   -6.800000e+01 2.000000e+01 -1.320000e+01
      vertex   -6.461372e+01 2.000000e+01 -7.127525e+00
      vertex   -6.451572e+01 2.000000e+01 -7.325000e+00
    endloop
  endfacet
  facet normal 0.000000e+00 1.000000e+00 0.000000e+00
    outer loop
      vertex   -6.451572e+01 2.000000e+01 -7.325000e+00
      vertex   -6.438273e+01 2.000000e+01 -7.503485e+00
      vertex   -6.800000e+01 2.000000e+01 -1.320000e+01
    endloop
  endfacet
  facet normal 0.000000e+00 1.000000e+00 0.000000e+00
    outer loop
      vertex   -6.800000e+01 2.000000e+01 -1.320000e+01
      vertex   -6.438273e+01 2.000000e+01 -7.503485e+00
      vertex   -6.421877e+01 2.000000e+01 -7.657556e+00
    endloop
  endfacet
  facet normal 0.000000e+00 1.000000e+00 0.000000e+00
    outer loop
      vertex   -6.800000e+01 2.000000e+01 -1.320000e+01
      vertex   -6.421877e+01 2.000000e+01 -7.657556e+00
      vertex   -6.402883e+01 2.000000e+01 -7.782532e+00
    endloop
  endfacet
  facet normal 0.000000e+00 1.000000e+00 0.000000e+00
    outer loop
      vertex   -6.402883e+01 2.000000e+01 -7.782532e+00
      vertex   -6.381868e+01 2.000000e+01 -7.874616e+00
      vertex   -6.800000e+01 2.000000e+01 -1.320000e+01
    endloop
  endfacet
  facet normal 0.000000e+00 1.000000e+00 0.000000e+00
    outer loop
      vertex   -6.800000e+01 2.000000e+01 -1.320000e+01
      vertex   -6.381868e+01 2.000000e+01 -7.874616e+00
      vertex   -6.359471e+01 2.000000e+01 -7.931010e+00
    endloop
  endfacet
  facet normal 0.000000e+00 1.000000e+00 0.000000e+00
    outer loop
      vertex   -6.800000e+01 2.000000e+01 -1.320000e+01
      vertex   -6.359471e+01 2.000000e+01 -7.931010e+00
      vertex   -6.336372e+01 2.000000e+01 -7.950000e+00
    endloop
  endfacet
  facet normal 8.045726e-16 1.000000e+00 -7.105195e-16
    outer loop
      vertex   -6.800000e+01 2.000000e+01 -1.320000e+01
      vertex   -6.336372e+01 2.000000e+01 -7.950000e+00
      vertex   -5.916869e+01 2.000000e+01 -1.320000e+01
    endloop
  endfacet
  facet normal 1.044087e-16 1.000000e+00 -1.269987e-15
    outer loop
      vertex   -5.916869e+01 2.000000e+01 -1.320000e+01
      vertex   -6.336372e+01 2.000000e+01 -7.950000e+00
      vertex   -6.313273e+01 2.000000e+01 -7.931010e+00
    endloop
  endfacet
  facet normal 2.854712e-16 1.000000e+00 -1.133768e-15
    outer loop
      vertex   -5.916869e+01 2.000000e+01 -1.320000e+01
      vertex   -6.313273e+01 2.000000e+01 -7.931010e+00
      vertex   -6.290875e+01 2.000000e+01 -7.874616e+00
    endloop
  endfacet
  facet normal 4.470702e-16 1.000000e+00 -1.020275e-15
    outer loop
      vertex   -6.290875e+01 2.000000e+01 -7.874616e+00
      vertex   -6.269861e+01 2.000000e+01 -7.782532e+00
      vertex   -5.916869e+01 2.000000e+01 -1.320000e+01
    endloop
  endfacet
  facet normal 6.040285e-16 1.000000e+00 -9.180046e-16
    outer loop
      vertex   -5.916869e+01 2.000000e+01 -1.320000e+01
      vertex   -6.269861e+01 2.000000e+01 -7.782532e+00
      vertex   -6.250867e+01 2.000000e+01 -7.657556e+00
    endloop
  endfacet
  facet normal 7.691423e-16 1.000000e+00 -8.185042e-16
    outer loop
      vertex   -5.916869e+01 2.000000e+01 -1.320000e+01
      vertex   -6.250867e+01 2.000000e+01 -7.657556e+00
      vertex   -6.234471e+01 2.000000e+01 -7.503485e+00
    endloop
  endfacet
  facet normal 9.575087e-16 1.000000e+00 -7.134831e-16
    outer loop
      vertex   -6.234471e+01 2.000000e+01 -7.503485e+00
      vertex   -6.221171e+01 2.000000e+01 -7.325000e+00
      vertex   -5.916869e+01 2.000000e+01 -1.320000e+01
    endloop
  endfacet
  facet normal 1.192508e-15 1.000000e+00 -5.917631e-16
    outer loop
      vertex   -5.916869e+01 2.000000e+01 -1.320000e+01
      vertex   -6.221171e+01 2.000000e+01 -7.325000e+00
      vertex   -6.211372e+01 2.000000e+01 -7.127525e+00
    endloop
  endfacet
  facet normal 1.519370e-15 1.000000e+00 -4.332417e-16
    outer loop
      vertex   -5.916869e+01 2.000000e+01 -1.320000e+01
      vertex   -6.211372e+01 2.000000e+01 -7.127525e+00
      vertex   -6.205370e+01 2.000000e+01 -6.917060e+00
    endloop
  endfacet
  facet normal 3.217714e-15 1.000000e+00 3.466062e-16
    outer loop
      vertex   -5.916869e+01 2.000000e+01 -1.320000e+01
      vertex   -6.205370e+01 2.000000e+01 -6.917060e+00
      vertex   -5.916869e+01 2.000000e+01 -2.950000e+00
    endloop
  endfacet
  facet normal 4.236715e-15 1.000000e+00 -3.944529e-16
    outer loop
      vertex   -5.916869e+01 2.000000e+01 -2.950000e+00
      vertex   -6.205370e+01 2.000000e+01 -6.917060e+00
      vertex   -6.203349e+01 2.000000e+01 -6.700000e+00
    endloop
  endfacet
  facet normal 3.316225e-15 1.000000e+00 3.087521e-16
    outer loop
      vertex   -5.916869e+01 2.000000e+01 -2.950000e+00
      vertex   -6.203349e+01 2.000000e+01 -6.700000e+00
      vertex   -6.205370e+01 2.000000e+01 -6.482940e+00
    endloop
  endfacet
  facet normal 2.738185e-15 1.000000e+00 7.807813e-16
    outer loop
      vertex   -6.205370e+01 2.000000e+01 -6.482940e+00
      vertex   -6.211372e+01 2.000000e+01 -6.272475e+00
      vertex   -5.916869e+01 2.000000e+01 -2.950000e+00
    endloop
  endfacet
  facet normal 2.320141e-15 1.000000e+00 1.151333e-15
    outer loop
      vertex   -5.916869e+01 2.000000e+01 -2.950000e+00
      vertex   -6.211372e+01 2.000000e+01 -6.272475e+00
      vertex   -6.221171e+01 2.000000e+01 -6.075000e+00
    endloop
  endfacet
  facet normal 1.984167e-15 1.000000e+00 1.478493e-15
    outer loop
      vertex   -5.916869e+01 2.000000e+01 -2.950000e+00
      vertex   -6.221171e+01 2.000000e+01 -6.075000e+00
      vertex   -6.234471e+01 2.000000e+01 -5.896515e+00
    endloop
  endfacet
  facet normal 1.688651e-15 1.000000e+00 1.797025e-15
    outer loop
      vertex   -6.234471e+01 2.000000e+01 -5.896515e+00
      vertex   -6.250867e+01 2.000000e+01 -5.742444e+00
      vertex   -5.916869e+01 2.000000e+01 -2.950000e+00
    endloop
  endfacet
  facet normal 1.405357e-15 1.000000e+00 2.135866e-15
    outer loop
      vertex   -5.916869e+01 2.000000e+01 -2.950000e+00
      vertex   -6.250867e+01 2.000000e+01 -5.742444e+00
      vertex   -6.269861e+01 2.000000e+01 -5.617468e+00
    endloop
  endfacet
  facet normal 1.108210e-15 1.000000e+00 2.529087e-15
    outer loop
      vertex   -5.916869e+01 2.000000e+01 -2.950000e+00
      vertex   -6.269861e+01 2.000000e+01 -5.617468e+00
      vertex   -6.290875e+01 2.000000e+01 -5.525384e+00
    endloop
  endfacet
  facet normal 7.630199e-16 1.000000e+00 3.030383e-15
    outer loop
      vertex   -6.290875e+01 2.000000e+01 -5.525384e+00
      vertex   -6.313273e+01 2.000000e+01 -5.468990e+00
      vertex   -5.916869e+01 2.000000e+01 -2.950000e+00
    endloop
  endfacet
  facet normal 3.080028e-16 1.000000e+00 3.746425e-15
    outer loop
      vertex   -5.916869e+01 2.000000e+01 -2.950000e+00
      vertex   -6.313273e+01 2.000000e+01 -5.468990e+00
      vertex   -6.336372e+01 2.000000e+01 -5.450000e+00
    endloop
  endfacet
  facet normal 8.045726e-16 1.000000e+00 2.913176e-15
    outer loop
      vertex   -5.916869e+01 2.000000e+01 -2.950000e+00
      vertex   -6.336372e+01 2.000000e+01 -5.450000e+00
      vertex   -6.800000e+01 2.000000e+01 -2.950000e+00
    endloop
  endfacet
  facet normal -1.013749e-16 1.000000e+00 1.233084e-15
    outer loop
      vertex   -6.800000e+01 2.000000e+01 -2.950000e+00
      vertex   -6.336372e+01 2.000000e+01 -5.450000e+00
      vertex   -6.359471e+01 2.000000e+01 -5.468990e+00
    endloop
  endfacet
  facet normal -2.465514e-16 1.000000e+00 9.791949e-16
    outer loop
      vertex   -6.800000e+01 2.000000e+01 -2.950000e+00
      vertex   -6.359471e+01 2.000000e+01 -5.468990e+00
      vertex   -6.381868e+01 2.000000e+01 -5.525384e+00
    endloop
  endfacet
  facet normal -3.531981e-16 1.000000e+00 8.060463e-16
    outer loop
      vertex   -6.381868e+01 2.000000e+01 -5.525384e+00
      vertex   -6.402883e+01 2.000000e+01 -5.617468e+00
      vertex   -6.800000e+01 2.000000e+01 -2.950000e+00
    endloop
  endfacet
  facet normal -4.426947e-16 1.000000e+00 6.728089e-16
    outer loop
      vertex   -6.800000e+01 2.000000e+01 -2.950000e+00
      vertex   -6.402883e+01 2.000000e+01 -5.617468e+00
      vertex   -6.421877e+01 2.000000e+01 -5.742444e+00
    endloop
  endfacet
  facet normal -5.261026e-16 1.000000e+00 5.598667e-16
    outer loop
      vertex   -6.800000e+01 2.000000e+01 -2.950000e+00
      vertex   -6.421877e+01 2.000000e+01 -5.742444e+00
      vertex   -6.438273e+01 2.000000e+01 -5.896515e+00
    endloop
  endfacet
  facet normal -6.111820e-16 1.000000e+00 4.554194e-16
    outer loop
      vertex   -6.438273e+01 2.000000e+01 -5.896515e+00
      vertex   -6.451572e+01 2.000000e+01 -6.075000e+00
      vertex   -6.800000e+01 2.000000e+01 -2.950000e+00
    endloop
  endfacet
  facet normal -7.056021e-16 1.000000e+00 3.501439e-16
    outer loop
      vertex   -6.800000e+01 2.000000e+01 -2.950000e+00
      vertex   -6.451572e+01 2.000000e+01 -6.075000e+00
      vertex   -6.461372e+01 2.000000e+01 -6.272475e+00
    endloop
  endfacet
  facet normal -8.197927e-16 1.000000e+00 2.337603e-16
    outer loop
      vertex   -6.800000e+01 2.000000e+01 -2.950000e+00
      vertex   -6.461372e+01 2.000000e+01 -6.272475e+00
      vertex   -6.467373e+01 2.000000e+01 -6.482940e+00
    endloop
  endfacet
  facet normal -7.348900e-16 1.000000e+00 0.000000e+00
    outer loop
      vertex   -4.950000e+01 2.000000e+01 -1.320000e+01
      vertex   -4.950000e+01 2.000000e+01 -1.470000e+01
      vertex   -5.916869e+01 2.000000e+01 -1.320000e+01
    endloop
  endfacet
  facet normal 3.751494e-30 1.000000e+00 4.736952e-15
    outer loop
      vertex   -5.916869e+01 2.000000e+01 -1.320000e+01
      vertex   -4.950000e+01 2.000000e+01 -1.470000e+01
      vertex   -6.968680e+01 2.000000e+01 -1.470000e+01
    endloop
  endfacet
  facet normal 8.045726e-16 1.000000e+00 -9.047679e-16
    outer loop
      vertex   -5.916869e+01 2.000000e+01 -1.320000e+01
      vertex   -6.968680e+01 2.000000e+01 -1.470000e+01
      vertex   -6.800000e+01 2.000000e+01 -1.320000e+01
    endloop
  endfacet
  facet normal 0.000000e+00 1.000000e+00 0.000000e+00
    outer loop
      vertex   -6.800000e+01 2.000000e+01 -1.320000e+01
      vertex   -6.968680e+01 2.000000e+01 -1.470000e+01
      vertex   -6.968680e+01 2.000000e+01 -1.320000e+01
    endloop
  endfacet
  facet normal -8.321944e-16 1.407875e-16 -1.000000e+00
    outer loop
      vertex   1.100000e+01 2.600000e+01 -1.470000e+01
      vertex   7.745967e+00 3.200000e+01 -1.470000e+01
      vertex   3.234545e+01 2.600000e+01 -1.470000e+01
    endloop
  endfacet
  facet normal -7.998633e-16 2.733424e-16 -1.000000e+00
    outer loop
      vertex   3.234545e+01 2.600000e+01 -1.470000e+01
      vertex   7.745967e+00 3.200000e+01 -1.470000e+01
      vertex   4.550000e+01 3.200000e+01 -1.470000e+01
    endloop
  endfacet
  facet normal -7.419051e-16 1.462733e-16 -1.000000e+00
    outer loop
      vertex   3.234545e+01 2.600000e+01 -1.470000e+01
      vertex   4.550000e+01 3.200000e+01 -1.470000e+01
      vertex   4.750000e+01 3.000000e+01 -1.470000e+01
    endloop
  endfacet
  facet normal -9.640509e-16 -7.587245e-17 -1.000000e+00
    outer loop
      vertex   4.750000e+01 3.000000e+01 -1.470000e+01
      vertex   4.550000e+01 3.200000e+01 -1.470000e+01
      vertex   4.747538e+01 3.031287e+01 -1.470000e+01
    endloop
  endfacet
  facet normal -1.131198e-15 -2.715766e-16 -1.000000e+00
    outer loop
      vertex   4.747538e+01 3.031287e+01 -1.470000e+01
      vertex   4.550000e+01 3.200000e+01 -1.470000e+01
      vertex   4.740211e+01 3.061803e+01 -1.470000e+01
    endloop
  endfacet
  facet normal -1.335924e-15 -5.533579e-16 -1.000000e+00
    outer loop
      vertex   4.740211e+01 3.061803e+01 -1.470000e+01
      vertex   4.550000e+01 3.200000e+01 -1.470000e+01
      vertex   4.728201e+01 3.090798e+01 -1.470000e+01
    endloop
  endfacet
  facet normal -1.596262e-15 -9.781905e-16 -1.000000e+00
    outer loop
      vertex   4.728201e+01 3.090798e+01 -1.470000e+01
      vertex   4.550000e+01 3.200000e+01 -1.470000e+01
      vertex   4.711803e+01 3.117557e+01 -1.470000e+01
    endloop
  endfacet
  facet normal -1.943700e-15 -1.660077e-15 -1.000000e+00
    outer loop
      vertex   4.711803e+01 3.117557e+01 -1.470000e+01
      vertex   4.550000e+01 3.200000e+01 -1.470000e+01
      vertex   4.691421e+01 3.141421e+01 -1.470000e+01
    endloop
  endfacet
  facet normal -2.438892e-15 -2.855576e-15 -1.000000e+00
    outer loop
      vertex   4.691421e+01 3.141421e+01 -1.470000e+01
      vertex   4.550000e+01 3.200000e+01 -1.470000e+01
      vertex   4.667557e+01 3.161803e+01 -1.470000e+01
    endloop
  endfacet
  facet normal -3.216531e-15 -5.248901e-15 -1.000000e+00
    outer loop
      vertex   4.667557e+01 3.161803e+01 -1.470000e+01
      vertex   4.550000e+01 3.200000e+01 -1.470000e+01
      vertex   4.640798e+01 3.178201e+01 -1.470000e+01
    endloop
  endfacet
  facet normal -4.653634e-15 -1.123487e-14 -1.000000e+00
    outer loop
      vertex   4.640798e+01 3.178201e+01 -1.470000e+01
      vertex   4.550000e+01 3.200000e+01 -1.470000e+01
      vertex   4.611803e+01 3.190211e+01 -1.470000e+01
    endloop
  endfacet
  facet normal -8.446557e-15 -3.518244e-14 -1.000000e+00
    outer loop
      vertex   4.611803e+01 3.190211e+01 -1.470000e+01
      vertex   4.550000e+01 3.200000e+01 -1.470000e+01
      vertex   4.581287e+01 3.197538e+01 -1.470000e+01
    endloop
  endfacet
  facet normal -1.202494e-14 -2.996245e-14 -1.000000e+00
    outer loop
      vertex   1.047736e+01 2.597261e+01 -1.470000e+01
      vertex   1.257416e+00 2.955431e+01 -1.470000e+01
      vertex   1.100000e+01 2.600000e+01 -1.470000e+01
    endloop
  endfacet
  facet normal -2.623995e-15 -4.193880e-15 -1.000000e+00
    outer loop
      vertex   1.100000e+01 2.600000e+01 -1.470000e+01
      vertex   1.257416e+00 2.955431e+01 -1.470000e+01
      vertex   1.600112e+00 2.976345e+01 -1.470000e+01
    endloop
  endfacet
  facet normal -6.379608e-16 7.665897e-16 -1.000000e+00
    outer loop
      vertex   1.100000e+01 2.600000e+01 -1.470000e+01
      vertex   1.600112e+00 2.976345e+01 -1.470000e+01
      vertex   1.908704e+00 3.002027e+01 -1.470000e+01
    endloop
  endfacet
  facet normal -2.013053e-16 4.737110e-16 -1.000000e+00
    outer loop
      vertex   1.257416e+00 2.955431e+01 -1.470000e+01
      vertex   1.047736e+01 2.597261e+01 -1.470000e+01
      vertex   8.879211e-01 2.939729e+01 -1.470000e+01
    endloop
  endfacet
  facet normal -1.138252e-16 7.186638e-16 -1.000000e+00
    outer loop
      vertex   8.879211e-01 2.939729e+01 -1.470000e+01
      vertex   1.047736e+01 2.597261e+01 -1.470000e+01
      vertex   9.960442e+00 2.589074e+01 -1.470000e+01
    endloop
  endfacet
  facet normal -1.580018e-16 6.043654e-16 -1.000000e+00
    outer loop
      vertex   8.879211e-01 2.939729e+01 -1.470000e+01
      vertex   9.960442e+00 2.589074e+01 -1.470000e+01
      vertex   4.995013e-01 2.929574e+01 -1.470000e+01
    endloop
  endfacet
  facet normal -1.602588e-16 5.980941e-16 -1.000000e+00
    outer loop
      vertex   4.995013e-01 2.929574e+01 -1.470000e+01
      vertex   9.960442e+00 2.589074e+01 -1.470000e+01
      vertex   9.454915e+00 2.575528e+01 -1.470000e+01
    endloop
  endfacet
  facet normal -8.637289e-17 7.849848e-16 -1.000000e+00
    outer loop
      vertex   4.995013e-01 2.929574e+01 -1.470000e+01
      vertex   9.454915e+00 2.575528e+01 -1.470000e+01
      vertex   1.004356e-01 2.925183e+01 -1.470000e+01
    endloop
  endfacet
  facet normal -1.924202e-16 5.012718e-16 -1.000000e+00
    outer loop
      vertex   1.004356e-01 2.925183e+01 -1.470000e+01
      vertex   9.454915e+00 2.575528e+01 -1.470000e+01
      vertex   8.966317e+00 2.556773e+01 -1.470000e+01
    endloop
  endfacet
  facet normal -2.207155e-16 4.331786e-16 -1.000000e+00
    outer loop
      vertex   1.004356e-01 2.925183e+01 -1.470000e+01
      vertex   8.966317e+00 2.556773e+01 -1.470000e+01
      vertex   8.500000e+00 2.533013e+01 -1.470000e+01
    endloop
  endfacet
  facet normal 0.000000e+00 0.000000e+00 -1.000000e+00
    outer loop
      vertex   8.061074e+00 2.504508e+01 -1.470000e+01
      vertex   -8.061074e+00 2.504508e+01 -1.470000e+01
      vertex   8.500000e+00 2.533013e+01 -1.470000e+01
    endloop
  endfacet
  facet normal -1.044916e-16 6.071009e-15 -1.000000e+00
    outer loop
      vertex   8.500000e+00 2.533013e+01 -1.470000e+01
      vertex   -8.061074e+00 2.504508e+01 -1.470000e+01
      vertex   -8.500000e+00 2.533013e+01 -1.470000e+01
    endloop
  endfacet
  facet normal -1.044916e-16 6.821085e-16 -1.000000e+00
    outer loop
      vertex   8.500000e+00 2.533013e+01 -1.470000e+01
      vertex   -8.500000e+00 2.533013e+01 -1.470000e+01
      vertex   1.004356e-01 2.925183e+01 -1.470000e+01
    endloop
  endfacet
  facet normal 1.089975e-16 2.139197e-16 -1.000000e+00
    outer loop
      vertex   1.004356e-01 2.925183e+01 -1.470000e+01
      vertex   -8.500000e+00 2.533013e+01 -1.470000e+01
      vertex   -8.966317e+00 2.556773e+01 -1.470000e+01
    endloop
  endfacet
  facet normal 1.616736e-17 4.423789e-16 -1.000000e+00
    outer loop
      vertex   1.004356e-01 2.925183e+01 -1.470000e+01
      vertex   -8.966317e+00 2.556773e+01 -1.470000e+01
      vertex   -3.007708e-01 2.926650e+01 -1.470000e+01
    endloop
  endfacet
  facet normal 9.706247e-17 2.528564e-16 -1.000000e+00
    outer loop
      vertex   -3.007708e-01 2.926650e+01 -1.470000e+01
      vertex   -8.966317e+00 2.556773e+01 -1.470000e+01
      vertex   -9.454915e+00 2.575528e+01 -1.470000e+01
    endloop
  endfacet
  facet normal 7.980694e-17 2.978435e-16 -1.000000e+00
    outer loop
      vertex   -3.007708e-01 2.926650e+01 -1.470000e+01
      vertex   -9.454915e+00 2.575528e+01 -1.470000e+01
      vertex   -9.960442e+00 2.589074e+01 -1.470000e+01
    endloop
  endfacet
  facet normal 0.000000e+00 0.000000e+00 -1.000000e+00
    outer loop
      vertex   -8.061074e+00 2.504508e+01 -1.470000e+01
      vertex   8.061074e+00 2.504508e+01 -1.470000e+01
      vertex   -7.654347e+00 2.471572e+01 -1.470000e+01
    endloop
  endfacet
  facet normal 0.000000e+00 0.000000e+00 -1.000000e+00
    outer loop
      vertex   -7.654347e+00 2.471572e+01 -1.470000e+01
      vertex   8.061074e+00 2.504508e+01 -1.470000e+01
      vertex   7.654347e+00 2.471572e+01 -1.470000e+01
    endloop
  endfacet
  facet normal 0.000000e+00 0.000000e+00 -1.000000e+00
    outer loop
      vertex   -7.654347e+00 2.471572e+01 -1.470000e+01
      vertex   7.654347e+00 2.471572e+01 -1.470000e+01
      vertex   -7.284276e+00 2.434565e+01 -1.470000e+01
    endloop
  endfacet
  facet normal 0.000000e+00 0.000000e+00 -1.000000e+00
    outer loop
      vertex   -7.284276e+00 2.434565e+01 -1.470000e+01
      vertex   7.654347e+00 2.471572e+01 -1.470000e+01
      vertex   7.284276e+00 2.434565e+01 -1.470000e+01
    endloop
  endfacet
  facet normal 0.000000e+00 0.000000e+00 -1.000000e+00
    outer loop
      vertex   -7.284276e+00 2.434565e+01 -1.470000e+01
      vertex   7.284276e+00 2.434565e+01 -1.470000e+01
      vertex   -6.954915e+00 2.393893e+01 -1.470000e+01
    endloop
  endfacet
  facet normal 0.000000e+00 0.000000e+00 -1.000000e+00
    outer loop
      vertex   -6.954915e+00 2.393893e+01 -1.470000e+01
      vertex   7.284276e+00 2.434565e+01 -1.470000e+01
      vertex   6.954915e+00 2.393893e+01 -1.470000e+01
    endloop
  endfacet
  facet normal 0.000000e+00 8.094101e-15 -1.000000e+00
    outer loop
      vertex   -6.954915e+00 2.393893e+01 -1.470000e+01
      vertex   6.954915e+00 2.393893e+01 -1.470000e+01
      vertex   -6.669873e+00 2.350000e+01 -1.470000e+01
    endloop
  endfacet
  facet normal 2.663254e-16 -1.729538e-16 -1.000000e+00
    outer loop
      vertex   -6.669873e+00 2.350000e+01 -1.470000e+01
      vertex   6.954915e+00 2.393893e+01 -1.470000e+01
      vertex   6.669873e+00 2.350000e+01 -1.470000e+01
    endloop
  endfacet
  facet normal 2.663254e-16 1.356996e-16 -1.000000e+00
    outer loop
      vertex   -6.669873e+00 2.350000e+01 -1.470000e+01
      vertex   6.669873e+00 2.350000e+01 -1.470000e+01
      vertex   -6.432273e+00 2.303368e+01 -1.470000e+01
    endloop
  endfacet
  facet normal 2.761632e-16 -1.407122e-16 -1.000000e+00
    outer loop
      vertex   -6.432273e+00 2.303368e+01 -1.470000e+01
      vertex   6.669873e+00 2.350000e+01 -1.470000e+01
      vertex   6.432273e+00 2.303368e+01 -1.470000e+01
    endloop
  endfacet
  facet normal 2.761632e-16 1.060091e-16 -1.000000e+00
    outer loop
      vertex   -6.432273e+00 2.303368e+01 -1.470000e+01
      vertex   6.432273e+00 2.303368e+01 -1.470000e+01
      vertex   -6.244717e+00 2.254508e+01 -1.470000e+01
    endloop
  endfacet
  facet normal 2.844575e-16 -1.091930e-16 -1.000000e+00
    outer loop
      vertex   -6.244717e+00 2.254508e+01 -1.470000e+01
      vertex   6.432273e+00 2.303368e+01 -1.470000e+01
      vertex   6.244717e+00 2.254508e+01 -1.470000e+01
    endloop
  endfacet
  facet normal 2.844575e-16 7.622016e-17 -1.000000e+00
    outer loop
      vertex   -6.244717e+00 2.254508e+01 -1.470000e+01
      vertex   6.244717e+00 2.254508e+01 -1.470000e+01
      vertex   -6.109262e+00 2.203956e+01 -1.470000e+01
    endloop
  endfacet
  facet normal 2.907646e-16 -7.791013e-17 -1.000000e+00
    outer loop
      vertex   -6.109262e+00 2.203956e+01 -1.470000e+01
      vertex   6.244717e+00 2.254508e+01 -1.470000e+01
      vertex   6.109262e+00 2.203956e+01 -1.470000e+01
    endloop
  endfacet
  facet normal 2.907646e-16 4.605258e-17 -1.000000e+00
    outer loop
      vertex   -6.109262e+00 2.203956e+01 -1.470000e+01
      vertex   6.109262e+00 2.203956e+01 -1.470000e+01
      vertex   -6.027391e+00 2.152264e+01 -1.470000e+01
    endloop
  endfacet
  facet normal 2.947141e-16 -4.667812e-17 -1.000000e+00
    outer loop
      vertex   -6.027391e+00 2.152264e+01 -1.470000e+01
      vertex   6.109262e+00 2.203956e+01 -1.470000e+01
      vertex   6.027391e+00 2.152264e+01 -1.470000e+01
    endloop
  endfacet
  facet normal 2.947141e-16 -2.037736e-14 -1.000000e+00
    outer loop
      vertex   -6.027391e+00 2.152264e+01 -1.470000e+01
      vertex   6.027391e+00 2.152264e+01 -1.470000e+01
      vertex   -6.000000e+00 2.100000e+01 -1.470000e+01
    endloop
  endfacet
  facet normal -1.036208e-15 1.025071e-14 -1.000000e+00
    outer loop
      vertex   -6.000000e+00 2.100000e+01 -1.470000e+01
      vertex   6.027391e+00 2.152264e+01 -1.470000e+01
      vertex   6.000000e+00 2.100000e+01 -1.470000e+01
    endloop
  endfacet
  facet normal -1.036208e-15 5.447003e-16 -1.000000e+00
    outer loop
      vertex   -6.000000e+00 2.100000e+01 -1.470000e+01
      vertex   6.000000e+00 2.100000e+01 -1.470000e+01
      vertex   -6.000000e+00 1.447767e+01 -1.470000e+01
    endloop
  endfacet
  facet normal -8.881784e-16 2.723502e-16 -1.000000e+00
    outer loop
      vertex   -6.000000e+00 1.447767e+01 -1.470000e+01
      vertex   6.000000e+00 2.100000e+01 -1.470000e+01
      vertex   6.000000e+00 1.447767e+01 -1.470000e+01
    endloop
  endfacet
  facet normal -8.881784e-16 1.330803e-14 -1.000000e+00
    outer loop
      vertex   -6.000000e+00 1.447767e+01 -1.470000e+01
      vertex   6.000000e+00 1.447767e+01 -1.470000e+01
      vertex   -6.028796e+00 1.394183e+01 -1.470000e+01
    endloop
  endfacet
  facet normal 4.419681e-16 -1.655163e-14 -1.000000e+00
    outer loop
      vertex   -6.028796e+00 1.394183e+01 -1.470000e+01
      vertex   6.000000e+00 1.447767e+01 -1.470000e+01
      vertex   6.028796e+00 1.394183e+01 -1.470000e+01
    endloop
  endfacet
  facet normal 4.419681e-16 -7.180622e-17 -1.000000e+00
    outer loop
      vertex   -6.028796e+00 1.394183e+01 -1.470000e+01
      vertex   6.028796e+00 1.394183e+01 -1.470000e+01
      vertex   -6.114851e+00 1.341216e+01 -1.470000e+01
    endloop
  endfacet
  facet normal 4.357482e-16 7.079568e-17 -1.000000e+00
    outer loop
      vertex   -6.114851e+00 1.341216e+01 -1.470000e+01
      vertex   6.028796e+00 1.394183e+01 -1.470000e+01
      vertex   6.114851e+00 1.341216e+01 -1.470000e+01
    endloop
  endfacet
  facet normal 4.357482e-16 -6.986374e-15 -1.000000e+00
    outer loop
      vertex   -6.114851e+00 1.341216e+01 -1.470000e+01
      vertex   6.114851e+00 1.341216e+01 -1.470000e+01
      vertex   -6.257174e+00 1.289476e+01 -1.470000e+01
    endloop
  endfacet
  facet normal 1.419456e-16 3.904578e-17 -1.000000e+00
    outer loop
      vertex   -6.257174e+00 1.289476e+01 -1.470000e+01
      vertex   6.114851e+00 1.341216e+01 -1.470000e+01
      vertex   6.257174e+00 1.289476e+01 -1.470000e+01
    endloop
  endfacet
  facet normal 1.419456e-16 -5.600659e-17 -1.000000e+00
    outer loop
      vertex   -6.257174e+00 1.289476e+01 -1.470000e+01
      vertex   6.257174e+00 1.289476e+01 -1.470000e+01
      vertex   -6.454127e+00 1.239560e+01 -1.470000e+01
    endloop
  endfacet
  facet normal 1.376140e-16 5.429751e-17 -1.000000e+00
    outer loop
      vertex   -6.454127e+00 1.239560e+01 -1.470000e+01
      vertex   6.257174e+00 1.289476e+01 -1.470000e+01
      vertex   6.454127e+00 1.239560e+01 -1.470000e+01
    endloop
  endfacet
  facet normal 1.376140e-16 -7.220153e-17 -1.000000e+00
    outer loop
      vertex   -6.454127e+00 1.239560e+01 -1.470000e+01
      vertex   6.454127e+00 1.239560e+01 -1.470000e+01
      vertex   -6.703439e+00 1.192042e+01 -1.470000e+01
    endloop
  endfacet
  facet normal 1.324959e-16 6.951622e-17 -1.000000e+00
    outer loop
      vertex   -6.703439e+00 1.192042e+01 -1.470000e+01
      vertex   6.454127e+00 1.239560e+01 -1.470000e+01
      vertex   6.703439e+00 1.192042e+01 -1.470000e+01
    endloop
  endfacet
  facet normal 1.324959e-16 -8.882098e-17 -1.000000e+00
    outer loop
      vertex   -6.703439e+00 1.192042e+01 -1.470000e+01
      vertex   6.703439e+00 1.192042e+01 -1.470000e+01
      vertex   -7.002241e+00 1.147469e+01 -1.470000e+01
    endloop
  endfacet
  facet normal 0.000000e+00 3.985293e-15 -1.000000e+00
    outer loop
      vertex   -7.002241e+00 1.147469e+01 -1.470000e+01
      vertex   6.703439e+00 1.192042e+01 -1.470000e+01
      vertex   7.002241e+00 1.147469e+01 -1.470000e+01
    endloop
  endfacet
  facet normal 0.000000e+00 -0.000000e+00 -1.000000e+00
    outer loop
      vertex   -7.002241e+00 1.147469e+01 -1.470000e+01
      vertex   7.002241e+00 1.147469e+01 -1.470000e+01
      vertex   -7.347090e+00 1.106355e+01 -1.470000e+01
    endloop
  endfacet
  facet normal 0.000000e+00 0.000000e+00 -1.000000e+00
    outer loop
      vertex   -7.347090e+00 1.106355e+01 -1.470000e+01
      vertex   7.002241e+00 1.147469e+01 -1.470000e+01
      vertex   7.347090e+00 1.106355e+01 -1.470000e+01
    endloop
  endfacet
  facet normal 0.000000e+00 -0.000000e+00 -1.000000e+00
    outer loop
      vertex   -7.347090e+00 1.106355e+01 -1.470000e+01
      vertex   7.347090e+00 1.106355e+01 -1.470000e+01
      vertex   -7.734014e+00 1.069173e+01 -1.470000e+01
    endloop
  endfacet
  facet normal 0.000000e+00 0.000000e+00 -1.000000e+00
    outer loop
      vertex   -7.734014e+00 1.069173e+01 -1.470000e+01
      vertex   7.347090e+00 1.106355e+01 -1.470000e+01
      vertex   7.734014e+00 1.069173e+01 -1.470000e+01
    endloop
  endfacet
  facet normal 0.000000e+00 -0.000000e+00 -1.000000e+00
    outer loop
      vertex   -7.734014e+00 1.069173e+01 -1.470000e+01
      vertex   7.734014e+00 1.069173e+01 -1.470000e+01
      vertex   -8.158556e+00 1.036353e+01 -1.470000e+01
    endloop
  endfacet
  facet normal 0.000000e+00 0.000000e+00 -1.000000e+00
    outer loop
      vertex   -8.158556e+00 1.036353e+01 -1.470000e+01
      vertex   7.734014e+00 1.069173e+01 -1.470000e+01
      vertex   8.158556e+00 1.036353e+01 -1.470000e+01
    endloop
  endfacet
  facet normal 0.000000e+00 -0.000000e+00 -1.000000e+00
    outer loop
      vertex   -8.158556e+00 1.036353e+01 -1.470000e+01
      vertex   8.158556e+00 1.036353e+01 -1.470000e+01
      vertex   -8.615827e+00 1.008271e+01 -1.470000e+01
    endloop
  endfacet
  facet normal 0.000000e+00 0.000000e+00 -1.000000e+00
    outer loop
      vertex   -8.615827e+00 1.008271e+01 -1.470000e+01
      vertex   8.158556e+00 1.036353e+01 -1.470000e+01
      vertex   8.615827e+00 1.008271e+01 -1.470000e+01
    endloop
  endfacet
  facet normal 0.000000e+00 -0.000000e+00 -1.000000e+00
    outer loop
      vertex   -8.615827e+00 1.008271e+01 -1.470000e+01
      vertex   8.615827e+00 1.008271e+01 -1.470000e+01
      vertex   -9.100559e+00 9.852511e+00 -1.470000e+01
    endloop
  endfacet
  facet normal -1.951921e-16 1.502234e-14 -1.000000e+00
    outer loop
      vertex   -9.100559e+00 9.852511e+00 -1.470000e+01
      vertex   8.615827e+00 1.008271e+01 -1.470000e+01
      vertex   9.100559e+00 9.852511e+00 -1.470000e+01
    endloop
  endfacet
  facet normal -1.951921e-16 5.589222e-16 -1.000000e+00
    outer loop
      vertex   -9.100559e+00 9.852511e+00 -1.470000e+01
      vertex   9.100559e+00 9.852511e+00 -1.470000e+01
      vertex   -9.607169e+00 9.675588e+00 -1.470000e+01
    endloop
  endfacet
  facet normal -1.848991e-16 -5.294488e-16 -1.000000e+00
    outer loop
      vertex   -9.607169e+00 9.675588e+00 -1.470000e+01
      vertex   9.100559e+00 9.852511e+00 -1.470000e+01
      vertex   9.607169e+00 9.675588e+00 -1.470000e+01
    endloop
  endfacet
  facet normal -1.848991e-16 7.946450e-16 -1.000000e+00
    outer loop
      vertex   -9.607169e+00 9.675588e+00 -1.470000e+01
      vertex   9.607169e+00 9.675588e+00 -1.470000e+01
      vertex   -1.012982e+01 9.553976e+00 -1.470000e+01
    endloop
  endfacet
  facet normal -1.753591e-16 -7.536449e-16 -1.000000e+00
    outer loop
      vertex   -1.012982e+01 9.553976e+00 -1.470000e+01
      vertex   9.607169e+00 9.675588e+00 -1.470000e+01
      vertex   1.012982e+01 9.553976e+00 -1.470000e+01
    endloop
  endfacet
  facet normal -1.753591e-16 3.160223e-16 -1.000000e+00
    outer loop
      vertex   -1.012982e+01 9.553976e+00 -1.470000e+01
      vertex   1.012982e+01 9.553976e+00 -1.470000e+01
      vertex   -1.450056e+00 -2.492622e+00 -1.470000e+01
    endloop
  endfacet
  facet normal -1.225027e-15 1.325023e-15 -1.000000e+00
    outer loop
      vertex   -1.450056e+00 -2.492622e+00 -1.470000e+01
      vertex   1.012982e+01 9.553976e+00 -1.470000e+01
      vertex   1.450056e+00 -2.492622e+00 -1.470000e+01
    endloop
  endfacet
  facet normal -6.308973e-16 8.969430e-16 -1.000000e+00
    outer loop
      vertex   1.450056e+00 -2.492622e+00 -1.470000e+01
      vertex   1.012982e+01 9.553976e+00 -1.470000e+01
      vertex   4.349566e+00 -2.433603e+00 -1.470000e+01
    endloop
  endfacet
  facet normal 6.820926e-17 5.598428e-16 -1.000000e+00
    outer loop
      vertex   4.349566e+00 -2.433603e+00 -1.470000e+01
      vertex   1.012982e+01 9.553976e+00 -1.470000e+01
      vertex   1.066250e+01 9.489077e+00 -1.470000e+01
    endloop
  endfacet
  facet normal -1.277870e-15 1.272577e-15 -1.000000e+00
    outer loop
      vertex   4.349566e+00 -2.433603e+00 -1.470000e+01
      vertex   1.066250e+01 9.489077e+00 -1.470000e+01
      vertex   7.247276e+00 -2.315589e+00 -1.470000e+01
    endloop
  endfacet
  facet normal -6.808938e-16 1.099866e-15 -1.000000e+00
    outer loop
      vertex   7.247276e+00 -2.315589e+00 -1.470000e+01
      vertex   1.066250e+01 9.489077e+00 -1.470000e+01
      vertex   1.014198e+01 -2.138630e+00 -1.470000e+01
    endloop
  endfacet
  facet normal -7.043705e-16 1.100916e-15 -1.000000e+00
    outer loop
      vertex   1.014198e+01 -2.138630e+00 -1.470000e+01
      vertex   1.066250e+01 9.489077e+00 -1.470000e+01
      vertex   1.303249e+01 -1.902798e+00 -1.470000e+01
    endloop
  endfacet
  facet normal -1.330513e-15 9.706524e-16 -1.000000e+00
    outer loop
      vertex   1.303249e+01 -1.902798e+00 -1.470000e+01
      vertex   1.066250e+01 9.489077e+00 -1.470000e+01
      vertex   1.591760e+01 -1.608192e+00 -1.470000e+01
    endloop
  endfacet
  facet normal -7.688696e-16 1.236618e-15 -1.000000e+00
    outer loop
      vertex   1.591760e+01 -1.608192e+00 -1.470000e+01
      vertex   1.066250e+01 9.489077e+00 -1.470000e+01
      vertex   1.879611e+01 -1.254933e+00 -1.470000e+01
    endloop
  endfacet
  facet normal 2.548382e-17 1.837973e-15 -1.000000e+00
    outer loop
      vertex   1.879611e+01 -1.254933e+00 -1.470000e+01
      vertex   1.066250e+01 9.489077e+00 -1.470000e+01
      vertex   1.119906e+01 9.481637e+00 -1.470000e+01
    endloop
  endfacet
  facet normal -7.987582e-16 1.254751e-15 -1.000000e+00
    outer loop
      vertex   1.879611e+01 -1.254933e+00 -1.470000e+01
      vertex   1.119906e+01 9.481637e+00 -1.470000e+01
      vertex   2.166685e+01 -8.431674e-01 -1.470000e+01
    endloop
  endfacet
  facet normal -8.228314e-16 1.230344e-15 -1.000000e+00
    outer loop
      vertex   2.166685e+01 -8.431674e-01 -1.470000e+01
      vertex   1.119906e+01 9.481637e+00 -1.470000e+01
      vertex   2.452860e+01 -3.730661e-01 -1.470000e+01
    endloop
  endfacet
  facet normal -8.452349e-16 1.200041e-15 -1.000000e+00
    outer loop
      vertex   2.452860e+01 -3.730661e-01 -1.470000e+01
      vertex   1.119906e+01 9.481637e+00 -1.470000e+01
      vertex   2.738020e+01 1.551764e-01 -1.470000e+01
    endloop
  endfacet
  facet normal -6.026546e-14 -1.018923e-13 -1.000000e+00
    outer loop
      vertex   2.738020e+01 1.551764e-01 -1.470000e+01
      vertex   1.119906e+01 9.481637e+00 -1.470000e+01
      vertex   1.173333e+01 9.531743e+00 -1.470000e+01
    endloop
  endfacet
  facet normal -7.268450e-16 -2.539026e-15 -1.000000e+00
    outer loop
      vertex   2.738020e+01 1.551764e-01 -1.470000e+01
      vertex   1.173333e+01 9.531743e+00 -1.470000e+01
      vertex   3.022046e+01 7.413412e-01 -1.470000e+01
    endloop
  endfacet
  facet normal -2.692182e-16 -1.576589e-15 -1.000000e+00
    outer loop
      vertex   3.022046e+01 7.413412e-01 -1.470000e+01
      vertex   1.173333e+01 9.531743e+00 -1.470000e+01
      vertex   3.304820e+01 1.385186e+00 -1.470000e+01
    endloop
  endfacet
  facet normal 4.170595e-15 1.003985e-14 -1.000000e+00
    outer loop
      vertex   3.304820e+01 1.385186e+00 -1.470000e+01
      vertex   1.173333e+01 9.531743e+00 -1.470000e+01
      vertex   1.387765e+01 9.879498e+00 -1.470000e+01
    endloop
  endfacet
  facet normal -5.040840e-16 -5.102817e-16 -1.000000e+00
    outer loop
      vertex   3.304820e+01 1.385186e+00 -1.470000e+01
      vertex   1.387765e+01 9.879498e+00 -1.470000e+01
      vertex   3.586225e+01 2.086443e+00 -1.470000e+01
    endloop
  endfacet
  facet normal -1.128507e-16 5.934066e-16 -1.000000e+00
    outer loop
      vertex   3.586225e+01 2.086443e+00 -1.470000e+01
      vertex   1.387765e+01 9.879498e+00 -1.470000e+01
      vertex   1.601174e+01 1.028535e+01 -1.470000e+01
    endloop
  endfacet
  facet normal -9.082321e-16 -1.332305e-15 -1.000000e+00
    outer loop
      vertex   3.586225e+01 2.086443e+00 -1.470000e+01
      vertex   1.601174e+01 1.028535e+01 -1.470000e+01
      vertex   3.866144e+01 2.844822e+00 -1.470000e+01
    endloop
  endfacet
  facet normal -5.592094e-16 -2.698446e-16 -1.000000e+00
    outer loop
      vertex   3.866144e+01 2.844822e+00 -1.470000e+01
      vertex   1.601174e+01 1.028535e+01 -1.470000e+01
      vertex   4.144463e+01 3.660010e+00 -1.470000e+01
    endloop
  endfacet
  facet normal -2.230014e-16 1.020767e-15 -1.000000e+00
    outer loop
      vertex   4.144463e+01 3.660010e+00 -1.470000e+01
      vertex   1.601174e+01 1.028535e+01 -1.470000e+01
      vertex   1.813402e+01 1.074899e+01 -1.470000e+01
    endloop
  endfacet
  facet normal -5.868488e-16 -1.756677e-16 -1.000000e+00
    outer loop
      vertex   4.144463e+01 3.660010e+00 -1.470000e+01
      vertex   1.813402e+01 1.074899e+01 -1.470000e+01
      vertex   4.421065e+01 4.531669e+00 -1.470000e+01
    endloop
  endfacet
  facet normal -2.773469e-16 1.122442e-15 -1.000000e+00
    outer loop
      vertex   4.421065e+01 4.531669e+00 -1.470000e+01
      vertex   1.813402e+01 1.074899e+01 -1.470000e+01
      vertex   2.024293e+01 1.127009e+01 -1.470000e+01
    endloop
  endfacet
  facet normal -6.172559e-16 -8.657199e-17 -1.000000e+00
    outer loop
      vertex   4.421065e+01 4.531669e+00 -1.470000e+01
      vertex   2.024293e+01 1.127009e+01 -1.470000e+01
      vertex   4.695835e+01 5.459437e+00 -1.470000e+01
    endloop
  endfacet
  facet normal -3.347384e-16 1.212349e-15 -1.000000e+00
    outer loop
      vertex   4.695835e+01 5.459437e+00 -1.470000e+01
      vertex   2.024293e+01 1.127009e+01 -1.470000e+01
      vertex   2.233692e+01 1.184825e+01 -1.470000e+01
    endloop
  endfacet
  facet normal -6.500637e-16 -2.863172e-18 -1.000000e+00
    outer loop
      vertex   4.695835e+01 5.459437e+00 -1.470000e+01
      vertex   2.233692e+01 1.184825e+01 -1.470000e+01
      vertex   4.968661e+01 6.442931e+00 -1.470000e+01
    endloop
  endfacet
  facet normal -3.943994e-16 1.290741e-15 -1.000000e+00
    outer loop
      vertex   4.968661e+01 6.442931e+00 -1.470000e+01
      vertex   2.233692e+01 1.184825e+01 -1.470000e+01
      vertex   2.441443e+01 1.248306e+01 -1.470000e+01
    endloop
  endfacet
  facet normal -4.330903e-16 1.128856e-15 -1.000000e+00
    outer loop
      vertex   4.968661e+01 6.442931e+00 -1.470000e+01
      vertex   2.441443e+01 1.248306e+01 -1.470000e+01
      vertex   5.239429e+01 7.481742e+00 -1.470000e+01
    endloop
  endfacet
  facet normal -4.141985e-16 1.234546e-15 -1.000000e+00
    outer loop
      vertex   5.239429e+01 7.481742e+00 -1.470000e+01
      vertex   2.441443e+01 1.248306e+01 -1.470000e+01
      vertex   2.647394e+01 1.317404e+01 -1.470000e+01
    endloop
  endfacet
  facet normal -9.086278e-16 -1.016880e-15 -1.000000e+00
    outer loop
      vertex   5.239429e+01 7.481742e+00 -1.470000e+01
      vertex   2.647394e+01 1.317404e+01 -1.470000e+01
      vertex   5.508026e+01 8.575442e+00 -1.470000e+01
    endloop
  endfacet
  facet normal -5.177542e-16 1.414614e-15 -1.000000e+00
    outer loop
      vertex   5.508026e+01 8.575442e+00 -1.470000e+01
      vertex   2.647394e+01 1.317404e+01 -1.470000e+01
      vertex   2.851393e+01 1.392068e+01 -1.470000e+01
    endloop
  endfacet
  facet normal -2.366803e-16 2.811578e-15 -1.000000e+00
    outer loop
      vertex   5.508026e+01 8.575442e+00 -1.470000e+01
      vertex   2.851393e+01 1.392068e+01 -1.470000e+01
      vertex   3.053290e+01 1.472244e+01 -1.470000e+01
    endloop
  endfacet
  facet normal -8.401626e-16 4.016367e-16 -1.000000e+00
    outer loop
      vertex   5.508026e+01 8.575442e+00 -1.470000e+01
      vertex   3.053290e+01 1.472244e+01 -1.470000e+01
      vertex   5.774343e+01 9.723576e+00 -1.470000e+01
    endloop
  endfacet
  facet normal -6.398721e-16 1.491887e-15 -1.000000e+00
    outer loop
      vertex   5.774343e+01 9.723576e+00 -1.470000e+01
      vertex   3.053290e+01 1.472244e+01 -1.470000e+01
      vertex   3.252935e+01 1.557872e+01 -1.470000e+01
    endloop
  endfacet
  facet normal -8.805328e-16 4.555267e-16 -1.000000e+00
    outer loop
      vertex   5.774343e+01 9.723576e+00 -1.470000e+01
      vertex   3.252935e+01 1.557872e+01 -1.470000e+01
      vertex   6.038267e+01 1.092567e+01 -1.470000e+01
    endloop
  endfacet
  facet normal -4.771742e-15 -2.283739e-14 -1.000000e+00
    outer loop
      vertex   6.038267e+01 1.092567e+01 -1.470000e+01
      vertex   3.252935e+01 1.557872e+01 -1.470000e+01
      vertex   3.450182e+01 1.648889e+01 -1.470000e+01
    endloop
  endfacet
  facet normal -3.253493e-16 -2.152176e-15 -1.000000e+00
    outer loop
      vertex   6.038267e+01 1.092567e+01 -1.470000e+01
      vertex   3.450182e+01 1.648889e+01 -1.470000e+01
      vertex   6.299691e+01 1.218122e+01 -1.470000e+01
    endloop
  endfacet
  facet normal 2.442994e-14 1.616033e-13 -1.000000e+00
    outer loop
      vertex   6.299691e+01 1.218122e+01 -1.470000e+01
      vertex   3.450182e+01 1.648889e+01 -1.470000e+01
      vertex   3.497477e+01 1.674716e+01 -1.470000e+01
    endloop
  endfacet
  facet normal -1.438216e-15 2.844724e-15 -1.000000e+00
    outer loop
      vertex   6.299691e+01 1.218122e+01 -1.470000e+01
      vertex   3.497477e+01 1.674716e+01 -1.470000e+01
      vertex   6.558505e+01 1.348972e+01 -1.470000e+01
    endloop
  endfacet
  facet normal -1.509890e-15 2.171198e-15 -1.000000e+00
    outer loop
      vertex   6.558505e+01 1.348972e+01 -1.470000e+01
      vertex   3.497477e+01 1.674716e+01 -1.470000e+01
      vertex   3.541719e+01 1.705482e+01 -1.470000e+01
    endloop
  endfacet
  facet normal -2.085063e-15 -2.695911e-15 -1.000000e+00
    outer loop
      vertex   6.558505e+01 1.348972e+01 -1.470000e+01
      vertex   3.541719e+01 1.705482e+01 -1.470000e+01
      vertex   4.950000e+01 2.000000e+01 -1.470000e+01
    endloop
  endfacet
  facet normal -3.488265e-15 4.013707e-15 -1.000000e+00
    outer loop
      vertex   4.950000e+01 2.000000e+01 -1.470000e+01
      vertex   3.541719e+01 1.705482e+01 -1.470000e+01
      vertex   3.582392e+01 1.740831e+01 -1.470000e+01
    endloop
  endfacet
  facet normal -3.308879e-15 3.067105e-15 -1.000000e+00
    outer loop
      vertex   4.950000e+01 2.000000e+01 -1.470000e+01
      vertex   3.582392e+01 1.740831e+01 -1.470000e+01
      vertex   3.619026e+01 1.780352e+01 -1.470000e+01
    endloop
  endfacet
  facet normal -1.243791e-14 5.838512e-14 -1.000000e+00
    outer loop
      vertex   4.950000e+01 2.000000e+01 -1.470000e+01
      vertex   3.619026e+01 1.780352e+01 -1.470000e+01
      vertex   4.918713e+01 2.002462e+01 -1.470000e+01
    endloop
  endfacet
  facet normal -2.014094e-15 -2.610184e-15 -1.000000e+00
    outer loop
      vertex   4.918713e+01 2.002462e+01 -1.470000e+01
      vertex   3.619026e+01 1.780352e+01 -1.470000e+01
      vertex   3.651193e+01 1.823585e+01 -1.470000e+01
    endloop
  endfacet
  facet normal -2.598196e-15 1.528762e-15 -1.000000e+00
    outer loop
      vertex   4.918713e+01 2.002462e+01 -1.470000e+01
      vertex   3.651193e+01 1.823585e+01 -1.470000e+01
      vertex   3.678520e+01 1.870030e+01 -1.470000e+01
    endloop
  endfacet
  facet normal -1.685335e-15 -7.019927e-15 -1.000000e+00
    outer loop
      vertex   4.918713e+01 2.002462e+01 -1.470000e+01
      vertex   3.678520e+01 1.870030e+01 -1.470000e+01
      vertex   4.888197e+01 2.009789e+01 -1.470000e+01
    endloop
  endfacet
  facet normal -2.633729e-15 1.188854e-15 -1.000000e+00
    outer loop
      vertex   4.888197e+01 2.009789e+01 -1.470000e+01
      vertex   3.678520e+01 1.870030e+01 -1.470000e+01
      vertex   3.700691e+01 1.919146e+01 -1.470000e+01
    endloop
  endfacet
  facet normal -2.147284e-15 -5.184003e-15 -1.000000e+00
    outer loop
      vertex   4.888197e+01 2.009789e+01 -1.470000e+01
      vertex   3.700691e+01 1.919146e+01 -1.470000e+01
      vertex   4.859202e+01 2.021799e+01 -1.470000e+01
    endloop
  endfacet
  facet normal -2.684447e-15 8.782503e-16 -1.000000e+00
    outer loop
      vertex   4.859202e+01 2.021799e+01 -1.470000e+01
      vertex   3.700691e+01 1.919146e+01 -1.470000e+01
      vertex   3.717447e+01 1.970362e+01 -1.470000e+01
    endloop
  endfacet
  facet normal -2.463756e-15 -4.020485e-15 -1.000000e+00
    outer loop
      vertex   4.859202e+01 2.021799e+01 -1.470000e+01
      vertex   3.717447e+01 1.970362e+01 -1.470000e+01
      vertex   4.832443e+01 2.038197e+01 -1.470000e+01
    endloop
  endfacet
  facet normal -2.743648e-15 5.800823e-16 -1.000000e+00
    outer loop
      vertex   4.832443e+01 2.038197e+01 -1.470000e+01
      vertex   3.717447e+01 1.970362e+01 -1.470000e+01
      vertex   3.728594e+01 2.023084e+01 -1.470000e+01
    endloop
  endfacet
  facet normal -2.692545e-15 -3.152565e-15 -1.000000e+00
    outer loop
      vertex   4.832443e+01 2.038197e+01 -1.470000e+01
      vertex   3.728594e+01 2.023084e+01 -1.470000e+01
      vertex   4.808579e+01 2.058579e+01 -1.470000e+01
    endloop
  endfacet
  facet normal -2.719812e-15 -2.322939e-15 -1.000000e+00
    outer loop
      vertex   4.808579e+01 2.058579e+01 -1.470000e+01
      vertex   3.728594e+01 2.023084e+01 -1.470000e+01
      vertex   4.788197e+01 2.082443e+01 -1.470000e+01
    endloop
  endfacet
  facet normal -2.866138e-15 2.891112e-16 -1.000000e+00
    outer loop
      vertex   4.788197e+01 2.082443e+01 -1.470000e+01
      vertex   3.728594e+01 2.023084e+01 -1.470000e+01
      vertex   3.734002e+01 2.076700e+01 -1.470000e+01
    endloop
  endfacet
  facet normal -2.855032e-15 -1.749566e-15 -1.000000e+00
    outer loop
      vertex   4.788197e+01 2.082443e+01 -1.470000e+01
      vertex   3.734002e+01 2.076700e+01 -1.470000e+01
      vertex   4.771799e+01 2.109202e+01 -1.470000e+01
    endloop
  endfacet
  facet normal -2.909161e-15 -2.122649e-17 -1.000000e+00
    outer loop
      vertex   4.771799e+01 2.109202e+01 -1.470000e+01
      vertex   3.734002e+01 2.076700e+01 -1.470000e+01
      vertex   3.733609e+01 2.130586e+01 -1.470000e+01
    endloop
  endfacet
  facet normal -2.933753e-15 -1.215200e-15 -1.000000e+00
    outer loop
      vertex   4.771799e+01 2.109202e+01 -1.470000e+01
      vertex   3.733609e+01 2.130586e+01 -1.470000e+01
      vertex   4.759789e+01 2.138197e+01 -1.470000e+01
    endloop
  endfacet
  facet normal -2.937536e-15 -7.052399e-16 -1.000000e+00
    outer loop
      vertex   4.759789e+01 2.138197e+01 -1.470000e+01
      vertex   3.733609e+01 2.130586e+01 -1.470000e+01
      vertex   4.752462e+01 2.168713e+01 -1.470000e+01
    endloop
  endfacet
  facet normal -2.951156e-15 -3.412576e-16 -1.000000e+00
    outer loop
      vertex   4.752462e+01 2.168713e+01 -1.470000e+01
      vertex   3.733609e+01 2.130586e+01 -1.470000e+01
      vertex   3.727419e+01 2.184117e+01 -1.470000e+01
    endloop
  endfacet
  facet normal -3.120360e-15 -1.160086e-14 -1.000000e+00
    outer loop
      vertex   4.752462e+01 2.168713e+01 -1.470000e+01
      vertex   3.727419e+01 2.184117e+01 -1.470000e+01
      vertex   4.750000e+01 2.200000e+01 -1.470000e+01
    endloop
  endfacet
  facet normal -3.288966e-15 -7.456762e-16 -1.000000e+00
    outer loop
      vertex   4.750000e+01 2.200000e+01 -1.470000e+01
      vertex   3.727419e+01 2.184117e+01 -1.470000e+01
      vertex   3.715504e+01 2.236671e+01 -1.470000e+01
    endloop
  endfacet
  facet normal -3.302737e-15 -1.134145e-15 -1.000000e+00
    outer loop
      vertex   4.750000e+01 2.200000e+01 -1.470000e+01
      vertex   3.715504e+01 2.236671e+01 -1.470000e+01
      vertex   3.698002e+01 2.287637e+01 -1.470000e+01
    endloop
  endfacet
  facet normal -3.338723e-15 -1.566126e-15 -1.000000e+00
    outer loop
      vertex   3.698002e+01 2.287637e+01 -1.470000e+01
      vertex   3.675117e+01 2.336424e+01 -1.470000e+01
      vertex   4.750000e+01 2.200000e+01 -1.470000e+01
    endloop
  endfacet
  facet normal -3.402611e-15 -2.069502e-15 -1.000000e+00
    outer loop
      vertex   4.750000e+01 2.200000e+01 -1.470000e+01
      vertex   3.675117e+01 2.336424e+01 -1.470000e+01
      vertex   3.647115e+01 2.382465e+01 -1.470000e+01
    endloop
  endfacet
  facet normal -2.717780e-15 2.069870e-15 -1.000000e+00
    outer loop
      vertex   4.750000e+01 2.200000e+01 -1.470000e+01
      vertex   3.647115e+01 2.382465e+01 -1.470000e+01
      vertex   3.614320e+01 2.425225e+01 -1.470000e+01
    endloop
  endfacet
  facet normal -3.858637e-15 -3.682824e-15 -1.000000e+00
    outer loop
      vertex   3.614320e+01 2.425225e+01 -1.470000e+01
      vertex   3.577114e+01 2.464207e+01 -1.470000e+01
      vertex   4.750000e+01 2.200000e+01 -1.470000e+01
    endloop
  endfacet
  facet normal -2.929000e-15 4.440892e-16 -1.000000e+00
    outer loop
      vertex   4.750000e+01 2.200000e+01 -1.470000e+01
      vertex   3.577114e+01 2.464207e+01 -1.470000e+01
      vertex   4.750000e+01 3.000000e+01 -1.470000e+01
    endloop
  endfacet
  facet normal -1.768626e-15 -2.096044e-15 -1.000000e+00
    outer loop
      vertex   4.750000e+01 3.000000e+01 -1.470000e+01
      vertex   3.577114e+01 2.464207e+01 -1.470000e+01
      vertex   3.535929e+01 2.498958e+01 -1.470000e+01
    endloop
  endfacet
  facet normal -1.633454e-15 -2.423578e-15 -1.000000e+00
    outer loop
      vertex   4.750000e+01 3.000000e+01 -1.470000e+01
      vertex   3.535929e+01 2.498958e+01 -1.470000e+01
      vertex   3.491244e+01 2.529076e+01 -1.470000e+01
    endloop
  endfacet
  facet normal -1.485873e-15 -2.818055e-15 -1.000000e+00
    outer loop
      vertex   3.491244e+01 2.529076e+01 -1.470000e+01
      vertex   3.443576e+01 2.554209e+01 -1.470000e+01
      vertex   4.750000e+01 3.000000e+01 -1.470000e+01
    endloop
  endfacet
  facet normal -1.315262e-15 -3.318042e-15 -1.000000e+00
    outer loop
      vertex   4.750000e+01 3.000000e+01 -1.470000e+01
      vertex   3.443576e+01 2.554209e+01 -1.470000e+01
      vertex   3.393481e+01 2.574067e+01 -1.470000e+01
    endloop
  endfacet
  facet normal -4.741594e-15 7.594203e-15 -1.000000e+00
    outer loop
      vertex   4.750000e+01 3.000000e+01 -1.470000e+01
      vertex   3.393481e+01 2.574067e+01 -1.470000e+01
      vertex   3.341539e+01 2.588418e+01 -1.470000e+01
    endloop
  endfacet
  facet normal -9.037862e-16 -5.539036e-15 -1.000000e+00
    outer loop
      vertex   3.341539e+01 2.588418e+01 -1.470000e+01
      vertex   3.288355e+01 2.597096e+01 -1.470000e+01
      vertex   4.750000e+01 3.000000e+01 -1.470000e+01
    endloop
  endfacet
  facet normal 3.825210e-14 -1.475878e-13 -1.000000e+00
    outer loop
      vertex   4.750000e+01 3.000000e+01 -1.470000e+01
      vertex   3.288355e+01 2.597096e+01 -1.470000e+01
      vertex   3.234545e+01 2.600000e+01 -1.470000e+01
    endloop
  endfacet
  facet normal -5.796607e-15 1.866469e-14 -1.000000e+00
    outer loop
      vertex   -3.252935e+01 1.557872e+01 -1.470000e+01
      vertex   -6.038267e+01 1.092567e+01 -1.470000e+01
      vertex   -3.450182e+01 1.648889e+01 -1.470000e+01
    endloop
  endfacet
  facet normal -1.442872e-15 -1.589458e-15 -1.000000e+00
    outer loop
      vertex   -3.450182e+01 1.648889e+01 -1.470000e+01
      vertex   -6.038267e+01 1.092567e+01 -1.470000e+01
      vertex   -6.299691e+01 1.218122e+01 -1.470000e+01
    endloop
  endfacet
  facet normal -1.318219e-15 -2.414035e-15 -1.000000e+00
    outer loop
      vertex   -3.450182e+01 1.648889e+01 -1.470000e+01
      vertex   -6.299691e+01 1.218122e+01 -1.470000e+01
      vertex   -3.497477e+01 1.674716e+01 -1.470000e+01
    endloop
  endfacet
  facet normal -1.796253e-15 5.197649e-16 -1.000000e+00
    outer loop
      vertex   -3.497477e+01 1.674716e+01 -1.470000e+01
      vertex   -6.299691e+01 1.218122e+01 -1.470000e+01
      vertex   -6.558505e+01 1.348972e+01 -1.470000e+01
    endloop
  endfacet
  facet normal -1.509890e-15 -2.171198e-15 -1.000000e+00
    outer loop
      vertex   -3.497477e+01 1.674716e+01 -1.470000e+01
      vertex   -6.558505e+01 1.348972e+01 -1.470000e+01
      vertex   -3.541719e+01 1.705482e+01 -1.470000e+01
    endloop
  endfacet
  facet normal -2.221689e-15 3.852036e-15 -1.000000e+00
    outer loop
      vertex   -3.541719e+01 1.705482e+01 -1.470000e+01
      vertex   -6.558505e+01 1.348972e+01 -1.470000e+01
      vertex   -4.950000e+01 2.000000e+01 -1.470000e+01
    endloop
  endfacet
  facet normal -3.986589e-15 -4.587093e-15 -1.000000e+00
    outer loop
      vertex   -3.541719e+01 1.705482e+01 -1.470000e+01
      vertex   -4.950000e+01 2.000000e+01 -1.470000e+01
      vertex   -3.582392e+01 1.740831e+01 -1.470000e+01
    endloop
  endfacet
  facet normal -3.781576e-15 -3.505263e-15 -1.000000e+00
    outer loop
      vertex   -3.582392e+01 1.740831e+01 -1.470000e+01
      vertex   -4.950000e+01 2.000000e+01 -1.470000e+01
      vertex   -3.619026e+01 1.780352e+01 -1.470000e+01
    endloop
  endfacet
  facet normal -1.641149e-14 -8.003717e-14 -1.000000e+00
    outer loop
      vertex   -3.619026e+01 1.780352e+01 -1.470000e+01
      vertex   -4.950000e+01 2.000000e+01 -1.470000e+01
      vertex   -4.918713e+01 2.002462e+01 -1.470000e+01
    endloop
  endfacet
  facet normal -2.327266e-15 2.377175e-15 -1.000000e+00
    outer loop
      vertex   -3.619026e+01 1.780352e+01 -1.470000e+01
      vertex   -4.918713e+01 2.002462e+01 -1.470000e+01
      vertex   -3.651193e+01 1.823585e+01 -1.470000e+01
    endloop
  endfacet
  facet normal -2.903867e-15 -1.708616e-15 -1.000000e+00
    outer loop
      vertex   -3.651193e+01 1.823585e+01 -1.470000e+01
      vertex   -4.918713e+01 2.002462e+01 -1.470000e+01
      vertex   -3.678520e+01 1.870030e+01 -1.470000e+01
    endloop
  endfacet
  facet normal -1.883610e-15 7.845801e-15 -1.000000e+00
    outer loop
      vertex   -3.678520e+01 1.870030e+01 -1.470000e+01
      vertex   -4.918713e+01 2.002462e+01 -1.470000e+01
      vertex   -4.888197e+01 2.009789e+01 -1.470000e+01
    endloop
  endfacet
  facet normal -2.943580e-15 -1.328719e-15 -1.000000e+00
    outer loop
      vertex   -3.678520e+01 1.870030e+01 -1.470000e+01
      vertex   -4.888197e+01 2.009789e+01 -1.470000e+01
      vertex   -3.700691e+01 1.919146e+01 -1.470000e+01
    endloop
  endfacet
  facet normal -2.399906e-15 5.793886e-15 -1.000000e+00
    outer loop
      vertex   -3.700691e+01 1.919146e+01 -1.470000e+01
      vertex   -4.888197e+01 2.009789e+01 -1.470000e+01
      vertex   -4.859202e+01 2.021799e+01 -1.470000e+01
    endloop
  endfacet
  facet normal -3.000265e-15 -9.815738e-16 -1.000000e+00
    outer loop
      vertex   -3.700691e+01 1.919146e+01 -1.470000e+01
      vertex   -4.859202e+01 2.021799e+01 -1.470000e+01
      vertex   -3.717447e+01 1.970362e+01 -1.470000e+01
    endloop
  endfacet
  facet normal -2.753610e-15 4.493483e-15 -1.000000e+00
    outer loop
      vertex   -3.717447e+01 1.970362e+01 -1.470000e+01
      vertex   -4.859202e+01 2.021799e+01 -1.470000e+01
      vertex   -4.832443e+01 2.038197e+01 -1.470000e+01
    endloop
  endfacet
  facet normal -3.066430e-15 -6.483272e-16 -1.000000e+00
    outer loop
      vertex   -3.717447e+01 1.970362e+01 -1.470000e+01
      vertex   -4.832443e+01 2.038197e+01 -1.470000e+01
      vertex   -3.728594e+01 2.023084e+01 -1.470000e+01
    endloop
  endfacet
  facet normal -3.009315e-15 3.523456e-15 -1.000000e+00
    outer loop
      vertex   -3.728594e+01 2.023084e+01 -1.470000e+01
      vertex   -4.832443e+01 2.038197e+01 -1.470000e+01
      vertex   -4.808579e+01 2.058579e+01 -1.470000e+01
    endloop
  endfacet
  facet normal -3.039789e-15 2.596225e-15 -1.000000e+00
    outer loop
      vertex   -3.728594e+01 2.023084e+01 -1.470000e+01
      vertex   -4.808579e+01 2.058579e+01 -1.470000e+01
      vertex   -4.788197e+01 2.082443e+01 -1.470000e+01
    endloop
  endfacet
  facet normal -2.140384e-15 -3.221582e-15 -1.000000e+00
    outer loop
      vertex   -6.038267e+01 1.092567e+01 -1.470000e+01
      vertex   -3.252935e+01 1.557872e+01 -1.470000e+01
      vertex   -5.774343e+01 9.723576e+00 -1.470000e+01
    endloop
  endfacet
  facet normal -1.873911e-15 -4.369097e-15 -1.000000e+00
    outer loop
      vertex   -5.774343e+01 9.723576e+00 -1.470000e+01
      vertex   -3.252935e+01 1.557872e+01 -1.470000e+01
      vertex   -3.053290e+01 1.472244e+01 -1.470000e+01
    endloop
  endfacet
  facet normal -2.076106e-15 -3.268479e-15 -1.000000e+00
    outer loop
      vertex   -5.774343e+01 9.723576e+00 -1.470000e+01
      vertex   -3.053290e+01 1.472244e+01 -1.470000e+01
      vertex   -5.508026e+01 8.575442e+00 -1.470000e+01
    endloop
  endfacet
  facet normal -2.115430e-15 -3.111443e-15 -1.000000e+00
    outer loop
      vertex   -5.508026e+01 8.575442e+00 -1.470000e+01
      vertex   -3.053290e+01 1.472244e+01 -1.470000e+01
      vertex   -2.851393e+01 1.392068e+01 -1.470000e+01
    endloop
  endfacet
  facet normal -1.768994e-15 -4.833266e-15 -1.000000e+00
    outer loop
      vertex   -5.508026e+01 8.575442e+00 -1.470000e+01
      vertex   -2.851393e+01 1.392068e+01 -1.470000e+01
      vertex   -2.647394e+01 1.317404e+01 -1.470000e+01
    endloop
  endfacet
  facet normal -2.012528e-15 -3.318321e-15 -1.000000e+00
    outer loop
      vertex   -5.508026e+01 8.575442e+00 -1.470000e+01
      vertex   -2.647394e+01 1.317404e+01 -1.470000e+01
      vertex   -5.239429e+01 7.481742e+00 -1.470000e+01
    endloop
  endfacet
  facet normal -1.656794e-15 -4.938185e-15 -1.000000e+00
    outer loop
      vertex   -5.239429e+01 7.481742e+00 -1.470000e+01
      vertex   -2.647394e+01 1.317404e+01 -1.470000e+01
      vertex   -2.441443e+01 1.248306e+01 -1.470000e+01
    endloop
  endfacet
  facet normal -2.357890e-15 -1.015905e-15 -1.000000e+00
    outer loop
      vertex   -5.239429e+01 7.481742e+00 -1.470000e+01
      vertex   -2.441443e+01 1.248306e+01 -1.470000e+01
      vertex   -4.968661e+01 6.442931e+00 -1.470000e+01
    endloop
  endfacet
  facet normal -1.459278e-15 -4.775741e-15 -1.000000e+00
    outer loop
      vertex   -4.968661e+01 6.442931e+00 -1.470000e+01
      vertex   -2.441443e+01 1.248306e+01 -1.470000e+01
      vertex   -2.233692e+01 1.184825e+01 -1.470000e+01
    endloop
  endfacet
  facet normal -1.782722e-15 -3.139184e-15 -1.000000e+00
    outer loop
      vertex   -4.968661e+01 6.442931e+00 -1.470000e+01
      vertex   -2.233692e+01 1.184825e+01 -1.470000e+01
      vertex   -4.695835e+01 5.459437e+00 -1.470000e+01
    endloop
  endfacet
  facet normal -1.338953e-15 -4.849397e-15 -1.000000e+00
    outer loop
      vertex   -4.695835e+01 5.459437e+00 -1.470000e+01
      vertex   -2.233692e+01 1.184825e+01 -1.470000e+01
      vertex   -2.024293e+01 1.127009e+01 -1.470000e+01
    endloop
  endfacet
  facet normal -1.962454e-15 -1.982751e-15 -1.000000e+00
    outer loop
      vertex   -4.695835e+01 5.459437e+00 -1.470000e+01
      vertex   -2.024293e+01 1.127009e+01 -1.470000e+01
      vertex   -4.421065e+01 4.531669e+00 -1.470000e+01
    endloop
  endfacet
  facet normal -1.178724e-15 -4.770379e-15 -1.000000e+00
    outer loop
      vertex   -4.421065e+01 4.531669e+00 -1.470000e+01
      vertex   -2.024293e+01 1.127009e+01 -1.470000e+01
      vertex   -1.813402e+01 1.074899e+01 -1.470000e+01
    endloop
  endfacet
  facet normal -1.595130e-15 -3.023894e-15 -1.000000e+00
    outer loop
      vertex   -4.421065e+01 4.531669e+00 -1.470000e+01
      vertex   -1.813402e+01 1.074899e+01 -1.470000e+01
      vertex   -4.144463e+01 3.660010e+00 -1.470000e+01
    endloop
  endfacet
  facet normal -1.051292e-15 -4.812189e-15 -1.000000e+00
    outer loop
      vertex   -4.144463e+01 3.660010e+00 -1.470000e+01
      vertex   -1.813402e+01 1.074899e+01 -1.470000e+01
      vertex   -1.601174e+01 1.028535e+01 -1.470000e+01
    endloop
  endfacet
  facet normal -1.520344e-15 -3.011626e-15 -1.000000e+00
    outer loop
      vertex   -4.144463e+01 3.660010e+00 -1.470000e+01
      vertex   -1.601174e+01 1.028535e+01 -1.470000e+01
      vertex   -3.866144e+01 2.844822e+00 -1.470000e+01
    endloop
  endfacet
  facet normal -1.482083e-15 -3.128097e-15 -1.000000e+00
    outer loop
      vertex   -3.866144e+01 2.844822e+00 -1.470000e+01
      vertex   -1.601174e+01 1.028535e+01 -1.470000e+01
      vertex   -3.586225e+01 2.086443e+00 -1.470000e+01
    endloop
  endfacet
  facet normal -8.745929e-16 -4.598901e-15 -1.000000e+00
    outer loop
      vertex   -3.586225e+01 2.086443e+00 -1.470000e+01
      vertex   -1.601174e+01 1.028535e+01 -1.470000e+01
      vertex   -1.387765e+01 9.879498e+00 -1.470000e+01
    endloop
  endfacet
  facet normal -1.404652e-15 -3.103578e-15 -1.000000e+00
    outer loop
      vertex   -3.586225e+01 2.086443e+00 -1.470000e+01
      vertex   -1.387765e+01 9.879498e+00 -1.470000e+01
      vertex   -3.304820e+01 1.385186e+00 -1.470000e+01
    endloop
  endfacet
  facet normal 1.074495e-15 -8.698685e-15 -1.000000e+00
    outer loop
      vertex   -3.304820e+01 1.385186e+00 -1.470000e+01
      vertex   -1.387765e+01 9.879498e+00 -1.470000e+01
      vertex   -1.173333e+01 9.531743e+00 -1.470000e+01
    endloop
  endfacet
  facet normal -1.627382e-15 -1.629427e-15 -1.000000e+00
    outer loop
      vertex   -3.304820e+01 1.385186e+00 -1.470000e+01
      vertex   -1.173333e+01 9.531743e+00 -1.470000e+01
      vertex   -3.022046e+01 7.413412e-01 -1.470000e+01
    endloop
  endfacet
  facet normal -2.471561e-15 1.459684e-16 -1.000000e+00
    outer loop
      vertex   -3.022046e+01 7.413412e-01 -1.470000e+01
      vertex   -1.173333e+01 9.531743e+00 -1.470000e+01
      vertex   -2.738020e+01 1.551764e-01 -1.470000e+01
    endloop
  endfacet
  facet normal 3.992605e-14 -7.060378e-14 -1.000000e+00
    outer loop
      vertex   -2.738020e+01 1.551764e-01 -1.470000e+01
      vertex   -1.173333e+01 9.531743e+00 -1.470000e+01
      vertex   -1.119906e+01 9.481637e+00 -1.470000e+01
    endloop
  endfacet
  facet normal -6.583284e-16 -1.910688e-16 -1.000000e+00
    outer loop
      vertex   -2.738020e+01 1.551764e-01 -1.470000e+01
      vertex   -1.119906e+01 9.481637e+00 -1.470000e+01
      vertex   -2.452860e+01 -3.730661e-01 -1.470000e+01
    endloop
  endfacet
  facet normal -6.532401e-16 -1.979513e-16 -1.000000e+00
    outer loop
      vertex   -2.452860e+01 -3.730661e-01 -1.470000e+01
      vertex   -1.119906e+01 9.481637e+00 -1.470000e+01
      vertex   -2.166685e+01 -8.431674e-01 -1.470000e+01
    endloop
  endfacet
  facet normal -6.479454e-16 -2.033194e-16 -1.000000e+00
    outer loop
      vertex   -2.166685e+01 -8.431674e-01 -1.470000e+01
      vertex   -1.119906e+01 9.481637e+00 -1.470000e+01
      vertex   -1.879611e+01 -1.254933e+00 -1.470000e+01
    endloop
  endfacet
  facet normal 9.266842e-18 -6.683539e-16 -1.000000e+00
    outer loop
      vertex   -1.879611e+01 -1.254933e+00 -1.470000e+01
      vertex   -1.119906e+01 9.481637e+00 -1.470000e+01
      vertex   -1.066250e+01 9.489077e+00 -1.470000e+01
    endloop
  endfacet
  facet normal -6.389113e-16 -1.776588e-16 -1.000000e+00
    outer loop
      vertex   -1.879611e+01 -1.254933e+00 -1.470000e+01
      vertex   -1.066250e+01 9.489077e+00 -1.470000e+01
      vertex   -1.591760e+01 -1.608192e+00 -1.470000e+01
    endloop
  endfacet
  facet normal -1.221373e-15 9.816522e-17 -1.000000e+00
    outer loop
      vertex   -1.591760e+01 -1.608192e+00 -1.470000e+01
      vertex   -1.066250e+01 9.489077e+00 -1.470000e+01
      vertex   -1.303249e+01 -1.902798e+00 -1.470000e+01
    endloop
  endfacet
  facet normal -6.168013e-16 -2.761118e-17 -1.000000e+00
    outer loop
      vertex   -1.303249e+01 -1.902798e+00 -1.470000e+01
      vertex   -1.066250e+01 9.489077e+00 -1.470000e+01
      vertex   -1.014198e+01 -2.138630e+00 -1.470000e+01
    endloop
  endfacet
  facet normal -6.153407e-16 -2.754580e-17 -1.000000e+00
    outer loop
      vertex   -1.014198e+01 -2.138630e+00 -1.470000e+01
      vertex   -1.066250e+01 9.489077e+00 -1.470000e+01
      vertex   -7.247276e+00 -2.315589e+00 -1.470000e+01
    endloop
  endfacet
  facet normal -1.234459e-15 -2.066637e-16 -1.000000e+00
    outer loop
      vertex   -7.247276e+00 -2.315589e+00 -1.470000e+01
      vertex   -1.066250e+01 9.489077e+00 -1.470000e+01
      vertex   -4.349566e+00 -2.433603e+00 -1.470000e+01
    endloop
  endfacet
  facet normal -3.183842e-15 -1.238841e-15 -1.000000e+00
    outer loop
      vertex   -4.349566e+00 -2.433603e+00 -1.470000e+01
      vertex   -1.066250e+01 9.489077e+00 -1.470000e+01
      vertex   -1.012982e+01 9.553976e+00 -1.470000e+01
    endloop
  endfacet
  facet normal -6.126205e-16 9.685394e-19 -1.000000e+00
    outer loop
      vertex   -4.349566e+00 -2.433603e+00 -1.470000e+01
      vertex   -1.012982e+01 9.553976e+00 -1.470000e+01
      vertex   -1.450056e+00 -2.492622e+00 -1.470000e+01
    endloop
  endfacet
  facet normal 6.358727e-17 3.442558e-16 -1.000000e+00
    outer loop
      vertex   -3.007708e-01 2.926650e+01 -1.470000e+01
      vertex   -9.960442e+00 2.589074e+01 -1.470000e+01
      vertex   -6.955668e-01 2.933942e+01 -1.470000e+01
    endloop
  endfacet
  facet normal 5.722984e-17 3.613350e-16 -1.000000e+00
    outer loop
      vertex   -6.955668e-01 2.933942e+01 -1.470000e+01
      vertex   -9.960442e+00 2.589074e+01 -1.470000e+01
      vertex   -1.047736e+01 2.597261e+01 -1.470000e+01
    endloop
  endfacet
  facet normal 9.039654e-17 2.649739e-16 -1.000000e+00
    outer loop
      vertex   -6.955668e-01 2.933942e+01 -1.470000e+01
      vertex   -1.047736e+01 2.597261e+01 -1.470000e+01
      vertex   -1.075538e+00 2.946905e+01 -1.470000e+01
    endloop
  endfacet
  facet normal -4.066761e-15 1.144345e-14 -1.000000e+00
    outer loop
      vertex   -1.075538e+00 2.946905e+01 -1.470000e+01
      vertex   -1.047736e+01 2.597261e+01 -1.470000e+01
      vertex   -1.432586e+00 2.965262e+01 -1.470000e+01
    endloop
  endfacet
  facet normal -1.498758e-14 3.828477e-14 -1.000000e+00
    outer loop
      vertex   -1.432586e+00 2.965262e+01 -1.470000e+01
      vertex   -1.047736e+01 2.597261e+01 -1.470000e+01
      vertex   -1.100000e+01 2.600000e+01 -1.470000e+01
    endloop
  endfacet
  facet normal -2.421286e-16 -3.384337e-16 -1.000000e+00
    outer loop
      vertex   -1.432586e+00 2.965262e+01 -1.470000e+01
      vertex   -1.100000e+01 2.600000e+01 -1.470000e+01
      vertex   -1.759101e+00 2.988622e+01 -1.470000e+01
    endloop
  endfacet
  facet normal -2.676901e-16 -2.776519e-16 -1.000000e+00
    outer loop
      vertex   -1.759101e+00 2.988622e+01 -1.470000e+01
      vertex   -1.100000e+01 2.600000e+01 -1.470000e+01
      vertex   -2.048124e+00 3.016487e+01 -1.470000e+01
    endloop
  endfacet
  facet normal -5.308021e-16 2.878746e-16 -1.000000e+00
    outer loop
      vertex   -2.048124e+00 3.016487e+01 -1.470000e+01
      vertex   -1.100000e+01 2.600000e+01 -1.470000e+01
      vertex   -7.745967e+00 3.200000e+01 -1.470000e+01
    endloop
  endfacet
  facet normal -8.299173e-16 -6.408413e-16 -1.000000e+00
    outer loop
      vertex   -2.048124e+00 3.016487e+01 -1.470000e+01
      vertex   -7.745967e+00 3.200000e+01 -1.470000e+01
      vertex   -2.293494e+00 3.048264e+01 -1.470000e+01
    endloop
  endfacet
  facet normal -7.721800e-16 -4.333684e-16 -1.000000e+00
    outer loop
      vertex   -2.293494e+00 3.048264e+01 -1.470000e+01
      vertex   -7.745967e+00 3.200000e+01 -1.470000e+01
      vertex   -2.489983e+00 3.083274e+01 -1.470000e+01
    endloop
  endfacet
  facet normal -7.386796e-16 -2.825210e-16 -1.000000e+00
    outer loop
      vertex   -2.489983e+00 3.083274e+01 -1.470000e+01
      vertex   -7.745967e+00 3.200000e+01 -1.470000e+01
      vertex   -2.633402e+00 3.120773e+01 -1.470000e+01
    endloop
  endfacet
  facet normal -1.437251e-14 -8.826216e-14 -1.000000e+00
    outer loop
      vertex   -2.633402e+00 3.120773e+01 -1.470000e+01
      vertex   -7.745967e+00 3.200000e+01 -1.470000e+01
      vertex   -7.417927e+00 3.202709e+01 -1.470000e+01
    endloop
  endfacet
  facet normal 7.719926e-16 1.719687e-16 -1.000000e+00
    outer loop
      vertex   -2.633402e+00 3.120773e+01 -1.470000e+01
      vertex   -7.417927e+00 3.202709e+01 -1.470000e+01
      vertex   -2.720694e+00 3.159960e+01 -1.470000e+01
    endloop
  endfacet
  facet normal 5.558438e-16 -2.203064e-15 -1.000000e+00
    outer loop
      vertex   -2.720694e+00 3.159960e+01 -1.470000e+01
      vertex   -7.417927e+00 3.202709e+01 -1.470000e+01
      vertex   -7.098772e+00 3.210761e+01 -1.470000e+01
    endloop
  endfacet
  facet normal 8.184287e-16 5.990126e-17 -1.000000e+00
    outer loop
      vertex   -2.720694e+00 3.159960e+01 -1.470000e+01
      vertex   -7.098772e+00 3.210761e+01 -1.470000e+01
      vertex   -2.750000e+00 3.200000e+01 -1.470000e+01
    endloop
  endfacet
  facet normal 7.731572e-16 -1.769621e-15 -1.000000e+00
    outer loop
      vertex   -2.750000e+00 3.200000e+01 -1.470000e+01
      vertex   -7.098772e+00 3.210761e+01 -1.470000e+01
      vertex   -6.797147e+00 3.223939e+01 -1.470000e+01
    endloop
  endfacet
  facet normal 8.046552e-16 -1.237117e-15 -1.000000e+00
    outer loop
      vertex   -2.750000e+00 3.200000e+01 -1.470000e+01
      vertex   -6.797147e+00 3.223939e+01 -1.470000e+01
      vertex   -6.521222e+00 3.241886e+01 -1.470000e+01
    endloop
  endfacet
  facet normal -8.321944e-16 4.513314e-16 -1.000000e+00
    outer loop
      vertex   -1.100000e+01 2.600000e+01 -1.470000e+01
      vertex   -3.234545e+01 2.600000e+01 -1.470000e+01
      vertex   -7.745967e+00 3.200000e+01 -1.470000e+01
    endloop
  endfacet
  facet normal -8.469141e-16 5.116807e-16 -1.000000e+00
    outer loop
      vertex   -7.745967e+00 3.200000e+01 -1.470000e+01
      vertex   -3.234545e+01 2.600000e+01 -1.470000e+01
      vertex   -4.550000e+01 3.200000e+01 -1.470000e+01
    endloop
  endfacet
  facet normal -1.298334e-15 -4.780230e-16 -1.000000e+00
    outer loop
      vertex   -4.550000e+01 3.200000e+01 -1.470000e+01
      vertex   -3.234545e+01 2.600000e+01 -1.470000e+01
      vertex   -4.750000e+01 3.000000e+01 -1.470000e+01
    endloop
  endfacet
  facet normal 3.504780e-14 -3.682416e-14 -1.000000e+00
    outer loop
      vertex   -4.550000e+01 3.200000e+01 -1.470000e+01
      vertex   -4.750000e+01 3.000000e+01 -1.470000e+01
      vertex   -4.747538e+01 3.031287e+01 -1.470000e+01
    endloop
  endfacet
  facet normal 4.365415e-14 1.698306e-13 -1.000000e+00
    outer loop
      vertex   -3.234545e+01 2.600000e+01 -1.470000e+01
      vertex   -3.288355e+01 2.597096e+01 -1.470000e+01
      vertex   -4.750000e+01 3.000000e+01 -1.470000e+01
    endloop
  endfacet
  facet normal -1.174922e-15 7.200746e-15 -1.000000e+00
    outer loop
      vertex   -4.750000e+01 3.000000e+01 -1.470000e+01
      vertex   -3.288355e+01 2.597096e+01 -1.470000e+01
      vertex   -3.341539e+01 2.588418e+01 -1.470000e+01
    endloop
  endfacet
  facet normal -3.351494e-15 -2.476323e-16 -1.000000e+00
    outer loop
      vertex   -4.750000e+01 3.000000e+01 -1.470000e+01
      vertex   -3.341539e+01 2.588418e+01 -1.470000e+01
      vertex   -3.393481e+01 2.574067e+01 -1.470000e+01
    endloop
  endfacet
  facet normal -1.826753e-15 4.608392e-15 -1.000000e+00
    outer loop
      vertex   -3.393481e+01 2.574067e+01 -1.470000e+01
      vertex   -3.443576e+01 2.554209e+01 -1.470000e+01
      vertex   -4.750000e+01 3.000000e+01 -1.470000e+01
    endloop
  endfacet
  facet normal -2.063713e-15 3.913965e-15 -1.000000e+00
    outer loop
      vertex   -4.750000e+01 3.000000e+01 -1.470000e+01
      vertex   -3.443576e+01 2.554209e+01 -1.470000e+01
      vertex   -3.491244e+01 2.529076e+01 -1.470000e+01
    endloop
  endfacet
  facet normal -2.268686e-15 3.366080e-15 -1.000000e+00
    outer loop
      vertex   -4.750000e+01 3.000000e+01 -1.470000e+01
      vertex   -3.491244e+01 2.529076e+01 -1.470000e+01
      vertex   -3.535929e+01 2.498958e+01 -1.470000e+01
    endloop
  endfacet
  facet normal -2.456425e-15 2.911172e-15 -1.000000e+00
    outer loop
      vertex   -3.535929e+01 2.498958e+01 -1.470000e+01
      vertex   -3.577114e+01 2.464207e+01 -1.470000e+01
      vertex   -4.750000e+01 3.000000e+01 -1.470000e+01
    endloop
  endfacet
  facet normal -3.583429e-15 4.440892e-16 -1.000000e+00
    outer loop
      vertex   -4.750000e+01 3.000000e+01 -1.470000e+01
      vertex   -3.577114e+01 2.464207e+01 -1.470000e+01
      vertex   -4.750000e+01 2.200000e+01 -1.470000e+01
    endloop
  endfacet
  facet normal -4.437433e-15 4.235247e-15 -1.000000e+00
    outer loop
      vertex   -4.750000e+01 2.200000e+01 -1.470000e+01
      vertex   -3.577114e+01 2.464207e+01 -1.470000e+01
      vertex   -3.614320e+01 2.425225e+01 -1.470000e+01
    endloop
  endfacet
  facet normal -3.271195e-15 -1.645428e-15 -1.000000e+00
    outer loop
      vertex   -4.750000e+01 2.200000e+01 -1.470000e+01
      vertex   -3.614320e+01 2.425225e+01 -1.470000e+01
      vertex   -3.647115e+01 2.382465e+01 -1.470000e+01
    endloop
  endfacet
  facet normal -3.939866e-15 2.396265e-15 -1.000000e+00
    outer loop
      vertex   -3.647115e+01 2.382465e+01 -1.470000e+01
      vertex   -3.675117e+01 2.336424e+01 -1.470000e+01
      vertex   -4.750000e+01 2.200000e+01 -1.470000e+01
    endloop
  endfacet
  facet normal -3.865890e-15 1.813410e-15 -1.000000e+00
    outer loop
      vertex   -4.750000e+01 2.200000e+01 -1.470000e+01
      vertex   -3.675117e+01 2.336424e+01 -1.470000e+01
      vertex   -3.698002e+01 2.287637e+01 -1.470000e+01
    endloop
  endfacet
  facet normal -3.824221e-15 1.313221e-15 -1.000000e+00
    outer loop
      vertex   -4.750000e+01 2.200000e+01 -1.470000e+01
      vertex   -3.698002e+01 2.287637e+01 -1.470000e+01
      vertex   -3.715504e+01 2.236671e+01 -1.470000e+01
    endloop
  endfacet
  facet normal -3.808277e-15 8.634145e-16 -1.000000e+00
    outer loop
      vertex   -3.715504e+01 2.236671e+01 -1.470000e+01
      vertex   -3.727419e+01 2.184117e+01 -1.470000e+01
      vertex   -4.750000e+01 2.200000e+01 -1.470000e+01
    endloop
  endfacet
  facet normal -3.552783e-15 1.731253e-14 -1.000000e+00
    outer loop
      vertex   -4.750000e+01 2.200000e+01 -1.470000e+01
      vertex   -3.727419e+01 2.184117e+01 -1.470000e+01
      vertex   -4.752462e+01 2.168713e+01 -1.470000e+01
    endloop
  endfacet
  facet normal -3.298351e-15 3.814055e-16 -1.000000e+00
    outer loop
      vertex   -4.752462e+01 2.168713e+01 -1.470000e+01
      vertex   -3.727419e+01 2.184117e+01 -1.470000e+01
      vertex   -3.733609e+01 2.130586e+01 -1.470000e+01
    endloop
  endfacet
  facet normal -3.283128e-15 7.882093e-16 -1.000000e+00
    outer loop
      vertex   -4.752462e+01 2.168713e+01 -1.470000e+01
      vertex   -3.733609e+01 2.130586e+01 -1.470000e+01
      vertex   -4.759789e+01 2.138197e+01 -1.470000e+01
    endloop
  endfacet
  facet normal -3.278901e-15 1.358165e-15 -1.000000e+00
    outer loop
      vertex   -4.759789e+01 2.138197e+01 -1.470000e+01
      vertex   -3.733609e+01 2.130586e+01 -1.470000e+01
      vertex   -4.771799e+01 2.109202e+01 -1.470000e+01
    endloop
  endfacet
  facet normal -3.251415e-15 2.372373e-17 -1.000000e+00
    outer loop
      vertex   -4.771799e+01 2.109202e+01 -1.470000e+01
      vertex   -3.733609e+01 2.130586e+01 -1.470000e+01
      vertex   -3.734002e+01 2.076700e+01 -1.470000e+01
    endloop
  endfacet
  facet normal -3.190918e-15 1.955397e-15 -1.000000e+00
    outer loop
      vertex   -4.771799e+01 2.109202e+01 -1.470000e+01
      vertex   -3.734002e+01 2.076700e+01 -1.470000e+01
      vertex   -4.788197e+01 2.082443e+01 -1.470000e+01
    endloop
  endfacet
  facet normal -3.203331e-15 -3.231243e-16 -1.000000e+00
    outer loop
      vertex   -4.788197e+01 2.082443e+01 -1.470000e+01
      vertex   -3.734002e+01 2.076700e+01 -1.470000e+01
      vertex   -3.728594e+01 2.023084e+01 -1.470000e+01
    endloop
  endfacet
  facet normal 3.236569e-14 1.289739e-13 -1.000000e+00
    outer loop
      vertex   7.001316e+01 1.997319e+01 -1.470000e+01
      vertex   7.033077e+01 1.989349e+01 -1.470000e+01
      vertex   6.968680e+01 2.000000e+01 -1.470000e+01
    endloop
  endfacet
  facet normal 1.781853e-14 4.102114e-14 -1.000000e+00
    outer loop
      vertex   6.968680e+01 2.000000e+01 -1.470000e+01
      vertex   7.033077e+01 1.989349e+01 -1.470000e+01
      vertex   7.063112e+01 1.976302e+01 -1.470000e+01
    endloop
  endfacet
  facet normal 1.230166e-14 1.903700e-14 -1.000000e+00
    outer loop
      vertex   6.968680e+01 2.000000e+01 -1.470000e+01
      vertex   7.063112e+01 1.976302e+01 -1.470000e+01
      vertex   7.090616e+01 1.958530e+01 -1.470000e+01
    endloop
  endfacet
  facet normal 9.312524e-15 1.024798e-14 -1.000000e+00
    outer loop
      vertex   7.090616e+01 1.958530e+01 -1.470000e+01
      vertex   7.114850e+01 1.936507e+01 -1.470000e+01
      vertex   6.968680e+01 2.000000e+01 -1.470000e+01
    endloop
  endfacet
  facet normal 7.405875e-15 5.858564e-15 -1.000000e+00
    outer loop
      vertex   6.968680e+01 2.000000e+01 -1.470000e+01
      vertex   7.114850e+01 1.936507e+01 -1.470000e+01
      vertex   7.135166e+01 1.910826e+01 -1.470000e+01
    endloop
  endfacet
  facet normal 6.065351e-15 3.355841e-15 -1.000000e+00
    outer loop
      vertex   6.968680e+01 2.000000e+01 -1.470000e+01
      vertex   7.135166e+01 1.910826e+01 -1.470000e+01
      vertex   7.151019e+01 1.882173e+01 -1.470000e+01
    endloop
  endfacet
  facet normal 5.058401e-15 1.797571e-15 -1.000000e+00
    outer loop
      vertex   7.151019e+01 1.882173e+01 -1.470000e+01
      vertex   7.161984e+01 1.851317e+01 -1.470000e+01
      vertex   6.968680e+01 2.000000e+01 -1.470000e+01
    endloop
  endfacet
  facet normal 4.264257e-15 7.650942e-16 -1.000000e+00
    outer loop
      vertex   6.968680e+01 2.000000e+01 -1.470000e+01
      vertex   7.161984e+01 1.851317e+01 -1.470000e+01
      vertex   7.167767e+01 1.819086e+01 -1.470000e+01
    endloop
  endfacet
  facet normal -8.799596e-16 -4.895866e-15 -1.000000e+00
    outer loop
      vertex   6.968680e+01 2.000000e+01 -1.470000e+01
      vertex   7.167767e+01 1.819086e+01 -1.470000e+01
      vertex   4.950000e+01 2.000000e+01 -1.470000e+01
    endloop
  endfacet
  facet normal -4.811143e-16 -6.552143e-18 -1.000000e+00
    outer loop
      vertex   4.950000e+01 2.000000e+01 -1.470000e+01
      vertex   7.167767e+01 1.819086e+01 -1.470000e+01
      vertex   7.168213e+01 1.786343e+01 -1.470000e+01
    endloop
  endfacet
  facet normal -4.735754e-16 7.171716e-17 -1.000000e+00
    outer loop
      vertex   4.950000e+01 2.000000e+01 -1.470000e+01
      vertex   7.168213e+01 1.786343e+01 -1.470000e+01
      vertex   7.163310e+01 1.753966e+01 -1.470000e+01
    endloop
  endfacet
  facet normal -4.647584e-16 1.510348e-16 -1.000000e+00
    outer loop
      vertex   7.163310e+01 1.753966e+01 -1.470000e+01
      vertex   7.153189e+01 1.722823e+01 -1.470000e+01
      vertex   4.950000e+01 2.000000e+01 -1.470000e+01
    endloop
  endfacet
  facet normal -4.541506e-16 2.353531e-16 -1.000000e+00
    outer loop
      vertex   4.950000e+01 2.000000e+01 -1.470000e+01
      vertex   7.153189e+01 1.722823e+01 -1.470000e+01
      vertex   7.138123e+01 1.693749e+01 -1.470000e+01
    endloop
  endfacet
  facet normal 8.623183e-16 9.641356e-15 -1.000000e+00
    outer loop
      vertex   4.950000e+01 2.000000e+01 -1.470000e+01
      vertex   7.138123e+01 1.693749e+01 -1.470000e+01
      vertex   7.067878e+01 1.626335e+01 -1.470000e+01
    endloop
  endfacet
  facet normal 3.581845e-14 -2.678194e-14 -1.000000e+00
    outer loop
      vertex   7.067878e+01 1.626335e+01 -1.470000e+01
      vertex   7.138123e+01 1.693749e+01 -1.470000e+01
      vertex   7.118513e+01 1.667524e+01 -1.470000e+01
    endloop
  endfacet
  facet normal 9.207399e-14 -9.593849e-14 -1.000000e+00
    outer loop
      vertex   7.067878e+01 1.626335e+01 -1.470000e+01
      vertex   7.118513e+01 1.667524e+01 -1.470000e+01
      vertex   7.094887e+01 1.644850e+01 -1.470000e+01
    endloop
  endfacet
  facet normal -6.371922e-16 1.142362e-15 -1.000000e+00
    outer loop
      vertex   7.067878e+01 1.626335e+01 -1.470000e+01
      vertex   6.814603e+01 1.485061e+01 -1.470000e+01
      vertex   4.950000e+01 2.000000e+01 -1.470000e+01
    endloop
  endfacet
  facet normal -8.640850e-16 3.207788e-16 -1.000000e+00
    outer loop
      vertex   4.950000e+01 2.000000e+01 -1.470000e+01
      vertex   6.814603e+01 1.485061e+01 -1.470000e+01
      vertex   6.558505e+01 1.348972e+01 -1.470000e+01
    endloop
  endfacet
  facet normal -6.760200e-16 3.312835e-17 -1.000000e+00
    outer loop
      vertex   -6.558505e+01 1.348972e+01 -1.470000e+01
      vertex   -6.814603e+01 1.485061e+01 -1.470000e+01
      vertex   -4.950000e+01 2.000000e+01 -1.470000e+01
    endloop
  endfacet
  facet normal -1.142802e-15 1.723355e-15 -1.000000e+00
    outer loop
      vertex   -4.950000e+01 2.000000e+01 -1.470000e+01
      vertex   -6.814603e+01 1.485061e+01 -1.470000e+01
      vertex   -7.067878e+01 1.626335e+01 -1.470000e+01
    endloop
  endfacet
  facet normal 2.040428e-15 -1.631870e-14 -1.000000e+00
    outer loop
      vertex   -4.950000e+01 2.000000e+01 -1.470000e+01
      vertex   -7.067878e+01 1.626335e+01 -1.470000e+01
      vertex   -7.138123e+01 1.693749e+01 -1.470000e+01
    endloop
  endfacet
  facet normal 6.268229e-14 4.686840e-14 -1.000000e+00
    outer loop
      vertex   -7.138123e+01 1.693749e+01 -1.470000e+01
      vertex   -7.067878e+01 1.626335e+01 -1.470000e+01
      vertex   -7.118513e+01 1.667524e+01 -1.470000e+01
    endloop
  endfacet
  facet normal 1.611295e-13 1.678924e-13 -1.000000e+00
    outer loop
      vertex   -7.118513e+01 1.667524e+01 -1.470000e+01
      vertex   -7.067878e+01 1.626335e+01 -1.470000e+01
      vertex   -7.094887e+01 1.644850e+01 -1.470000e+01
    endloop
  endfacet
  facet normal -2.270753e-16 -1.176766e-16 -1.000000e+00
    outer loop
      vertex   -7.138123e+01 1.693749e+01 -1.470000e+01
      vertex   -7.153189e+01 1.722823e+01 -1.470000e+01
      vertex   -4.950000e+01 2.000000e+01 -1.470000e+01
    endloop
  endfacet
  facet normal -2.323792e-16 -7.551741e-17 -1.000000e+00
    outer loop
      vertex   -4.950000e+01 2.000000e+01 -1.470000e+01
      vertex   -7.153189e+01 1.722823e+01 -1.470000e+01
      vertex   -7.163310e+01 1.753966e+01 -1.470000e+01
    endloop
  endfacet
  facet normal -2.367877e-16 -3.585858e-17 -1.000000e+00
    outer loop
      vertex   -4.950000e+01 2.000000e+01 -1.470000e+01
      vertex   -7.163310e+01 1.753966e+01 -1.470000e+01
      vertex   -7.168213e+01 1.786343e+01 -1.470000e+01
    endloop
  endfacet
  facet normal -2.405571e-16 3.276072e-18 -1.000000e+00
    outer loop
      vertex   -7.168213e+01 1.786343e+01 -1.470000e+01
      vertex   -7.167767e+01 1.819086e+01 -1.470000e+01
      vertex   -4.950000e+01 2.000000e+01 -1.470000e+01
    endloop
  endfacet
  facet normal -7.919637e-16 6.762787e-15 -1.000000e+00
    outer loop
      vertex   -4.950000e+01 2.000000e+01 -1.470000e+01
      vertex   -7.167767e+01 1.819086e+01 -1.470000e+01
      vertex   -6.968680e+01 2.000000e+01 -1.470000e+01
    endloop
  endfacet
  facet normal 6.396385e-15 -1.147641e-15 -1.000000e+00
    outer loop
      vertex   -6.968680e+01 2.000000e+01 -1.470000e+01
      vertex   -7.167767e+01 1.819086e+01 -1.470000e+01
      vertex   -7.161984e+01 1.851317e+01 -1.470000e+01
    endloop
  endfacet
  facet normal 7.587602e-15 -2.696356e-15 -1.000000e+00
    outer loop
      vertex   -6.968680e+01 2.000000e+01 -1.470000e+01
      vertex   -7.161984e+01 1.851317e+01 -1.470000e+01
      vertex   -7.151019e+01 1.882173e+01 -1.470000e+01
    endloop
  endfacet
  facet normal 9.098027e-15 -5.033762e-15 -1.000000e+00
    outer loop
      vertex   -7.151019e+01 1.882173e+01 -1.470000e+01
      vertex   -7.135166e+01 1.910826e+01 -1.470000e+01
      vertex   -6.968680e+01 2.000000e+01 -1.470000e+01
    endloop
  endfacet
  facet normal 1.110881e-14 -8.787846e-15 -1.000000e+00
    outer loop
      vertex   -6.968680e+01 2.000000e+01 -1.470000e+01
      vertex   -7.135166e+01 1.910826e+01 -1.470000e+01
      vertex   -7.114850e+01 1.936507e+01 -1.470000e+01
    endloop
  endfacet
  facet normal 1.396879e-14 -1.537197e-14 -1.000000e+00
    outer loop
      vertex   -6.968680e+01 2.000000e+01 -1.470000e+01
      vertex   -7.114850e+01 1.936507e+01 -1.470000e+01
      vertex   -7.090616e+01 1.958530e+01 -1.470000e+01
    endloop
  endfacet
  facet normal 1.845249e-14 -2.855550e-14 -1.000000e+00
    outer loop
      vertex   -7.090616e+01 1.958530e+01 -1.470000e+01
      vertex   -7.063112e+01 1.976302e+01 -1.470000e+01
      vertex   -6.968680e+01 2.000000e+01 -1.470000e+01
    endloop
  endfacet
  facet normal 2.672779e-14 -6.153171e-14 -1.000000e+00
    outer loop
      vertex   -6.968680e+01 2.000000e+01 -1.470000e+01
      vertex   -7.063112e+01 1.976302e+01 -1.470000e+01
      vertex   -7.033077e+01 1.989349e+01 -1.470000e+01
    endloop
  endfacet
  facet normal 4.854854e-14 -1.934609e-13 -1.000000e+00
    outer loop
      vertex   -6.968680e+01 2.000000e+01 -1.470000e+01
      vertex   -7.033077e+01 1.989349e+01 -1.470000e+01
      vertex   -7.001316e+01 1.997319e+01 -1.470000e+01
    endloop
  endfacet
  facet normal 4.524792e-15 -1.086306e-15 -1.000000e+00
    outer loop
      vertex   -4.747538e+01 3.031287e+01 -1.470000e+01
      vertex   -4.740211e+01 3.061803e+01 -1.470000e+01
      vertex   -4.550000e+01 3.200000e+01 -1.470000e+01
    endloop
  endfacet
  facet normal 5.343696e-15 -2.213431e-15 -1.000000e+00
    outer loop
      vertex   -4.550000e+01 3.200000e+01 -1.470000e+01
      vertex   -4.740211e+01 3.061803e+01 -1.470000e+01
      vertex   -4.728201e+01 3.090798e+01 -1.470000e+01
    endloop
  endfacet
  facet normal 6.385047e-15 -3.912762e-15 -1.000000e+00
    outer loop
      vertex   -4.550000e+01 3.200000e+01 -1.470000e+01
      vertex   -4.728201e+01 3.090798e+01 -1.470000e+01
      vertex   -4.711803e+01 3.117557e+01 -1.470000e+01
    endloop
  endfacet
  facet normal 7.774801e-15 -6.640308e-15 -1.000000e+00
    outer loop
      vertex   -4.711803e+01 3.117557e+01 -1.470000e+01
      vertex   -4.691421e+01 3.141421e+01 -1.470000e+01
      vertex   -4.550000e+01 3.200000e+01 -1.470000e+01
    endloop
  endfacet
  facet normal 9.755569e-15 -1.142230e-14 -1.000000e+00
    outer loop
      vertex   -4.550000e+01 3.200000e+01 -1.470000e+01
      vertex   -4.691421e+01 3.141421e+01 -1.470000e+01
      vertex   -4.667557e+01 3.161803e+01 -1.470000e+01
    endloop
  endfacet
  facet normal 1.286612e-14 -2.099560e-14 -1.000000e+00
    outer loop
      vertex   -4.550000e+01 3.200000e+01 -1.470000e+01
      vertex   -4.667557e+01 3.161803e+01 -1.470000e+01
      vertex   -4.640798e+01 3.178201e+01 -1.470000e+01
    endloop
  endfacet
  facet normal 1.861453e-14 -4.493946e-14 -1.000000e+00
    outer loop
      vertex   -4.640798e+01 3.178201e+01 -1.470000e+01
      vertex   -4.611803e+01 3.190211e+01 -1.470000e+01
      vertex   -4.550000e+01 3.200000e+01 -1.470000e+01
    endloop
  endfacet
  facet normal 3.378623e-14 -1.407298e-13 -1.000000e+00
    outer loop
      vertex   -4.550000e+01 3.200000e+01 -1.470000e+01
      vertex   -4.611803e+01 3.190211e+01 -1.470000e+01
      vertex   -4.581287e+01 3.197538e+01 -1.470000e+01
    endloop
  endfacet
  facet normal 9.344627e-16 -6.839385e-17 -1.000000e+00
    outer loop
      vertex   -2.750000e+00 3.200000e+01 -1.470000e+01
      vertex   -6.521222e+00 3.241886e+01 -1.470000e+01
      vertex   -2.720694e+00 3.240040e+01 -1.470000e+01
    endloop
  endfacet
  facet normal 9.298633e-16 -1.015429e-15 -1.000000e+00
    outer loop
      vertex   -2.720694e+00 3.240040e+01 -1.470000e+01
      vertex   -6.521222e+00 3.241886e+01 -1.470000e+01
      vertex   -6.278470e+00 3.264116e+01 -1.470000e+01
    endloop
  endfacet
  facet normal 9.837481e-16 -2.191392e-16 -1.000000e+00
    outer loop
      vertex   -2.720694e+00 3.240040e+01 -1.470000e+01
      vertex   -6.278470e+00 3.264116e+01 -1.470000e+01
      vertex   -2.633402e+00 3.279227e+01 -1.470000e+01
    endloop
  endfacet
  facet normal 1.007384e-15 -7.892740e-16 -1.000000e+00
    outer loop
      vertex   -2.633402e+00 3.279227e+01 -1.470000e+01
      vertex   -6.278470e+00 3.264116e+01 -1.470000e+01
      vertex   -6.075467e+00 3.290026e+01 -1.470000e+01
    endloop
  endfacet
  facet normal 1.014761e-15 -5.541387e-16 -1.000000e+00
    outer loop
      vertex   -2.633402e+00 3.279227e+01 -1.470000e+01
      vertex   -6.075467e+00 3.290026e+01 -1.470000e+01
      vertex   -5.917711e+00 3.318915e+01 -1.470000e+01
    endloop
  endfacet
  facet normal 1.033937e-15 -3.954475e-16 -1.000000e+00
    outer loop
      vertex   -2.633402e+00 3.279227e+01 -1.470000e+01
      vertex   -5.917711e+00 3.318915e+01 -1.470000e+01
      vertex   -2.489983e+00 3.316726e+01 -1.470000e+01
    endloop
  endfacet
  facet normal 1.179828e-15 2.244711e-14 -1.000000e+00
    outer loop
      vertex   -2.489983e+00 3.316726e+01 -1.470000e+01
      vertex   -5.917711e+00 3.318915e+01 -1.470000e+01
      vertex   -5.809475e+00 3.350000e+01 -1.470000e+01
    endloop
  endfacet
  facet normal -1.013255e-15 5.686664e-16 -1.000000e+00
    outer loop
      vertex   -2.489983e+00 3.316726e+01 -1.470000e+01
      vertex   -5.809475e+00 3.350000e+01 -1.470000e+01
      vertex   -2.293494e+00 3.351736e+01 -1.470000e+01
    endloop
  endfacet
  facet normal -9.962912e-16 -2.866881e-15 -1.000000e+00
    outer loop
      vertex   -2.293494e+00 3.351736e+01 -1.470000e+01
      vertex   -5.809475e+00 3.350000e+01 -1.470000e+01
      vertex   -5.635581e+00 3.405918e+01 -1.470000e+01
    endloop
  endfacet
  facet normal -4.723767e-16 3.647574e-16 -1.000000e+00
    outer loop
      vertex   -2.293494e+00 3.351736e+01 -1.470000e+01
      vertex   -5.635581e+00 3.405918e+01 -1.470000e+01
      vertex   -2.048124e+00 3.383513e+01 -1.470000e+01
    endloop
  endfacet
  facet normal -4.650331e-16 4.823388e-16 -1.000000e+00
    outer loop
      vertex   -2.048124e+00 3.383513e+01 -1.470000e+01
      vertex   -5.635581e+00 3.405918e+01 -1.470000e+01
      vertex   -1.759101e+00 3.411378e+01 -1.470000e+01
    endloop
  endfacet
  facet normal -4.609781e-16 1.944300e-16 -1.000000e+00
    outer loop
      vertex   -1.759101e+00 3.411378e+01 -1.470000e+01
      vertex   -5.635581e+00 3.405918e+01 -1.470000e+01
      vertex   -5.408004e+00 3.459875e+01 -1.470000e+01
    endloop
  endfacet
  facet normal -4.105508e-16 5.738448e-16 -1.000000e+00
    outer loop
      vertex   -1.759101e+00 3.411378e+01 -1.470000e+01
      vertex   -5.408004e+00 3.459875e+01 -1.470000e+01
      vertex   -1.432586e+00 3.434738e+01 -1.470000e+01
    endloop
  endfacet
  facet normal -1.487605e-15 -1.645994e-14 -1.000000e+00
    outer loop
      vertex   -1.432586e+00 3.434738e+01 -1.470000e+01
      vertex   -5.408004e+00 3.459875e+01 -1.470000e+01
      vertex   -1.075538e+00 3.453095e+01 -1.470000e+01
    endloop
  endfacet
  facet normal -1.166144e-15 4.082690e-15 -1.000000e+00
    outer loop
      vertex   -1.075538e+00 3.453095e+01 -1.470000e+01
      vertex   -5.408004e+00 3.459875e+01 -1.470000e+01
      vertex   -5.128912e+00 3.511356e+01 -1.470000e+01
    endloop
  endfacet
  facet normal -1.233337e-15 3.615207e-15 -1.000000e+00
    outer loop
      vertex   -1.075538e+00 3.453095e+01 -1.470000e+01
      vertex   -5.128912e+00 3.511356e+01 -1.470000e+01
      vertex   -6.955668e-01 3.466058e+01 -1.470000e+01
    endloop
  endfacet
  facet normal -1.499179e-15 1.013396e-15 -1.000000e+00
    outer loop
      vertex   -6.955668e-01 3.466058e+01 -1.470000e+01
      vertex   -5.128912e+00 3.511356e+01 -1.470000e+01
      vertex   -4.800964e+00 3.559871e+01 -1.470000e+01
    endloop
  endfacet
  facet normal -7.736435e-16 4.188437e-15 -1.000000e+00
    outer loop
      vertex   -6.955668e-01 3.466058e+01 -1.470000e+01
      vertex   -4.800964e+00 3.559871e+01 -1.470000e+01
      vertex   -3.007708e-01 3.473350e+01 -1.470000e+01
    endloop
  endfacet
  facet normal -1.361904e-15 1.128736e-15 -1.000000e+00
    outer loop
      vertex   -3.007708e-01 3.473350e+01 -1.470000e+01
      vertex   -4.800964e+00 3.559871e+01 -1.470000e+01
      vertex   -4.427284e+00 3.604959e+01 -1.470000e+01
    endloop
  endfacet
  facet normal -1.770257e-16 4.843861e-15 -1.000000e+00
    outer loop
      vertex   -3.007708e-01 3.473350e+01 -1.470000e+01
      vertex   -4.427284e+00 3.604959e+01 -1.470000e+01
      vertex   1.004356e-01 3.474817e+01 -1.470000e+01
    endloop
  endfacet
  facet normal -1.216607e-15 1.227097e-15 -1.000000e+00
    outer loop
      vertex   1.004356e-01 3.474817e+01 -1.470000e+01
      vertex   -4.427284e+00 3.604959e+01 -1.470000e+01
      vertex   -4.011431e+00 3.646189e+01 -1.470000e+01
    endloop
  endfacet
  facet normal -1.107059e-15 1.489944e-15 -1.000000e+00
    outer loop
      vertex   1.004356e-01 3.474817e+01 -1.470000e+01
      vertex   -4.011431e+00 3.646189e+01 -1.470000e+01
      vertex   4.011431e+00 3.646189e+01 -1.470000e+01
    endloop
  endfacet
  facet normal -1.107059e-15 3.444280e-15 -1.000000e+00
    outer loop
      vertex   4.011431e+00 3.646189e+01 -1.470000e+01
      vertex   -4.011431e+00 3.646189e+01 -1.470000e+01
      vertex   3.557367e+00 3.683168e+01 -1.470000e+01
    endloop
  endfacet
  facet normal -7.490190e-16 -3.883910e-15 -1.000000e+00
    outer loop
      vertex   3.557367e+00 3.683168e+01 -1.470000e+01
      vertex   -4.011431e+00 3.646189e+01 -1.470000e+01
      vertex   -3.557367e+00 3.683168e+01 -1.470000e+01
    endloop
  endfacet
  facet normal -7.490190e-16 -1.128836e-15 -1.000000e+00
    outer loop
      vertex   3.557367e+00 3.683168e+01 -1.470000e+01
      vertex   -3.557367e+00 3.683168e+01 -1.470000e+01
      vertex   3.069416e+00 3.715545e+01 -1.470000e+01
    endloop
  endfacet
  facet normal -8.680919e-16 1.308289e-15 -1.000000e+00
    outer loop
      vertex   3.069416e+00 3.715545e+01 -1.470000e+01
      vertex   -3.557367e+00 3.683168e+01 -1.470000e+01
      vertex   -3.069416e+00 3.715545e+01 -1.470000e+01
    endloop
  endfacet
  facet normal -8.680919e-16 -1.634619e-15 -1.000000e+00
    outer loop
      vertex   3.069416e+00 3.715545e+01 -1.470000e+01
      vertex   -3.069416e+00 3.715545e+01 -1.470000e+01
      vertex   2.552227e+00 3.743011e+01 -1.470000e+01
    endloop
  endfacet
  facet normal -1.044004e-15 1.965861e-15 -1.000000e+00
    outer loop
      vertex   2.552227e+00 3.743011e+01 -1.470000e+01
      vertex   -3.069416e+00 3.715545e+01 -1.470000e+01
      vertex   -2.552227e+00 3.743011e+01 -1.470000e+01
    endloop
  endfacet
  facet normal -1.044004e-15 -2.535828e-15 -1.000000e+00
    outer loop
      vertex   2.552227e+00 3.743011e+01 -1.470000e+01
      vertex   -2.552227e+00 3.743011e+01 -1.470000e+01
      vertex   2.010727e+00 3.765305e+01 -1.470000e+01
    endloop
  endfacet
  facet normal -1.325160e-15 3.218741e-15 -1.000000e+00
    outer loop
      vertex   2.010727e+00 3.765305e+01 -1.470000e+01
      vertex   -2.552227e+00 3.743011e+01 -1.470000e+01
      vertex   -2.010727e+00 3.765305e+01 -1.470000e+01
    endloop
  endfacet
  facet normal -1.325160e-15 -4.393916e-15 -1.000000e+00
    outer loop
      vertex   2.010727e+00 3.765305e+01 -1.470000e+01
      vertex   -2.010727e+00 3.765305e+01 -1.470000e+01
      vertex   1.450073e+00 3.782214e+01 -1.470000e+01
    endloop
  endfacet
  facet normal -1.837518e-15 6.092773e-15 -1.000000e+00
    outer loop
      vertex   1.450073e+00 3.782214e+01 -1.470000e+01
      vertex   -2.010727e+00 3.765305e+01 -1.470000e+01
      vertex   -1.450073e+00 3.782214e+01 -1.470000e+01
    endloop
  endfacet
  facet normal -1.837518e-15 2.197630e-14 -1.000000e+00
    outer loop
      vertex   1.450073e+00 3.782214e+01 -1.470000e+01
      vertex   -1.450073e+00 3.782214e+01 -1.470000e+01
      vertex   8.756059e-01 3.793577e+01 -1.470000e+01
    endloop
  endfacet
  facet normal -0.000000e+00 -1.563311e-14 -1.000000e+00
    outer loop
      vertex   8.756059e-01 3.793577e+01 -1.470000e+01
      vertex   -1.450073e+00 3.782214e+01 -1.470000e+01
      vertex   -8.756059e-01 3.793577e+01 -1.470000e+01
    endloop
  endfacet
  facet normal 0.000000e+00 0.000000e+00 -1.000000e+00
    outer loop
      vertex   8.756059e-01 3.793577e+01 -1.470000e+01
      vertex   -8.756059e-01 3.793577e+01 -1.470000e+01
      vertex   2.927983e-01 3.799285e+01 -1.470000e+01
    endloop
  endfacet
  facet normal -0.000000e+00 0.000000e+00 -1.000000e+00
    outer loop
      vertex   2.927983e-01 3.799285e+01 -1.470000e+01
      vertex   -8.756059e-01 3.793577e+01 -1.470000e+01
      vertex   -2.927983e-01 3.799285e+01 -1.470000e+01
    endloop
  endfacet
  facet normal -3.149853e-16 -3.177010e-16 -1.000000e+00
    outer loop
      vertex   4.011431e+00 3.646189e+01 -1.470000e+01
      vertex   4.427284e+00 3.604959e+01 -1.470000e+01
      vertex   1.004356e-01 3.474817e+01 -1.470000e+01
    endloop
  endfacet
  facet normal -3.286229e-16 -2.723601e-16 -1.000000e+00
    outer loop
      vertex   1.004356e-01 3.474817e+01 -1.470000e+01
      vertex   4.427284e+00 3.604959e+01 -1.470000e+01
      vertex   4.800964e+00 3.559871e+01 -1.470000e+01
    endloop
  endfacet
  facet normal -1.429021e-16 -1.298740e-15 -1.000000e+00
    outer loop
      vertex   1.004356e-01 3.474817e+01 -1.470000e+01
      vertex   4.800964e+00 3.559871e+01 -1.470000e+01
      vertex   4.995013e-01 3.470426e+01 -1.470000e+01
    endloop
  endfacet
  facet normal -3.620720e-16 -2.447489e-16 -1.000000e+00
    outer loop
      vertex   4.995013e-01 3.470426e+01 -1.470000e+01
      vertex   4.800964e+00 3.559871e+01 -1.470000e+01
      vertex   5.128912e+00 3.511356e+01 -1.470000e+01
    endloop
  endfacet
  facet normal -2.867393e-16 -1.096793e-15 -1.000000e+00
    outer loop
      vertex   4.995013e-01 3.470426e+01 -1.470000e+01
      vertex   5.128912e+00 3.511356e+01 -1.470000e+01
      vertex   8.879211e-01 3.460271e+01 -1.470000e+01
    endloop
  endfacet
  facet normal -3.263488e-16 -7.679627e-16 -1.000000e+00
    outer loop
      vertex   8.879211e-01 3.460271e+01 -1.470000e+01
      vertex   5.128912e+00 3.511356e+01 -1.470000e+01
      vertex   1.257416e+00 3.444569e+01 -1.470000e+01
    endloop
  endfacet
  facet normal -9.639251e-16 2.927930e-15 -1.000000e+00
    outer loop
      vertex   1.257416e+00 3.444569e+01 -1.470000e+01
      vertex   5.128912e+00 3.511356e+01 -1.470000e+01
      vertex   5.408004e+00 3.459875e+01 -1.470000e+01
    endloop
  endfacet
  facet normal -1.102541e-15 6.686877e-15 -1.000000e+00
    outer loop
      vertex   1.257416e+00 3.444569e+01 -1.470000e+01
      vertex   5.408004e+00 3.459875e+01 -1.470000e+01
      vertex   1.600112e+00 3.423655e+01 -1.470000e+01
    endloop
  endfacet
  facet normal -4.186438e-16 -5.030529e-16 -1.000000e+00
    outer loop
      vertex   1.600112e+00 3.423655e+01 -1.470000e+01
      vertex   5.408004e+00 3.459875e+01 -1.470000e+01
      vertex   1.908704e+00 3.397973e+01 -1.470000e+01
    endloop
  endfacet
  facet normal -4.723869e-16 -1.992419e-16 -1.000000e+00
    outer loop
      vertex   1.908704e+00 3.397973e+01 -1.470000e+01
      vertex   5.408004e+00 3.459875e+01 -1.470000e+01
      vertex   5.635581e+00 3.405918e+01 -1.470000e+01
    endloop
  endfacet
  facet normal -4.677009e-16 -4.190618e-16 -1.000000e+00
    outer loop
      vertex   1.908704e+00 3.397973e+01 -1.470000e+01
      vertex   5.635581e+00 3.405918e+01 -1.470000e+01
      vertex   2.176615e+00 3.368073e+01 -1.470000e+01
    endloop
  endfacet
  facet normal -4.966528e-16 -1.544490e-16 -1.000000e+00
    outer loop
      vertex   2.176615e+00 3.368073e+01 -1.470000e+01
      vertex   5.635581e+00 3.405918e+01 -1.470000e+01
      vertex   5.809475e+00 3.350000e+01 -1.470000e+01
    endloop
  endfacet
  facet normal -5.056105e-16 -3.345087e-16 -1.000000e+00
    outer loop
      vertex   2.176615e+00 3.368073e+01 -1.470000e+01
      vertex   5.809475e+00 3.350000e+01 -1.470000e+01
      vertex   2.398136e+00 3.334590e+01 -1.470000e+01
    endloop
  endfacet
  facet normal -1.275089e-15 1.669946e-14 -1.000000e+00
    outer loop
      vertex   2.398136e+00 3.334590e+01 -1.470000e+01
      vertex   5.809475e+00 3.350000e+01 -1.470000e+01
      vertex   5.917711e+00 3.318915e+01 -1.470000e+01
    endloop
  endfacet
  facet normal -2.061879e-15 -9.665692e-16 -1.000000e+00
    outer loop
      vertex   2.398136e+00 3.334590e+01 -1.470000e+01
      vertex   5.917711e+00 3.318915e+01 -1.470000e+01
      vertex   2.568544e+00 3.298238e+01 -1.470000e+01
    endloop
  endfacet
  facet normal -2.052361e-15 -1.120749e-15 -1.000000e+00
    outer loop
      vertex   2.568544e+00 3.298238e+01 -1.470000e+01
      vertex   5.917711e+00 3.318915e+01 -1.470000e+01
      vertex   6.075467e+00 3.290026e+01 -1.470000e+01
    endloop
  endfacet
  facet normal -2.040491e-15 -6.138923e-16 -1.000000e+00
    outer loop
      vertex   2.568544e+00 3.298238e+01 -1.470000e+01
      vertex   6.075467e+00 3.290026e+01 -1.470000e+01
      vertex   2.684209e+00 3.259793e+01 -1.470000e+01
    endloop
  endfacet
  facet normal -1.958428e-15 -1.534406e-15 -1.000000e+00
    outer loop
      vertex   2.684209e+00 3.259793e+01 -1.470000e+01
      vertex   6.075467e+00 3.290026e+01 -1.470000e+01
      vertex   6.278470e+00 3.264116e+01 -1.470000e+01
    endloop
  endfacet
  facet normal -1.973388e-15 -2.904226e-16 -1.000000e+00
    outer loop
      vertex   2.684209e+00 3.259793e+01 -1.470000e+01
      vertex   6.278470e+00 3.264116e+01 -1.470000e+01
      vertex   2.742664e+00 3.220074e+01 -1.470000e+01
    endloop
  endfacet
  facet normal -1.768948e-15 -1.931726e-15 -1.000000e+00
    outer loop
      vertex   2.742664e+00 3.220074e+01 -1.470000e+01
      vertex   6.278470e+00 3.264116e+01 -1.470000e+01
      vertex   6.521222e+00 3.241886e+01 -1.470000e+01
    endloop
  endfacet
  facet normal -1.727170e-15 -2.655438e-15 -1.000000e+00
    outer loop
      vertex   2.742664e+00 3.220074e+01 -1.470000e+01
      vertex   6.521222e+00 3.241886e+01 -1.470000e+01
      vertex   6.797147e+00 3.223939e+01 -1.470000e+01
    endloop
  endfacet
  facet normal -1.752487e-15 -0.000000e+00 -1.000000e+00
    outer loop
      vertex   2.742664e+00 3.220074e+01 -1.470000e+01
      vertex   6.797147e+00 3.223939e+01 -1.470000e+01
      vertex   2.742664e+00 3.179926e+01 -1.470000e+01
    endloop
  endfacet
  facet normal -1.403718e-15 -3.212865e-15 -1.000000e+00
    outer loop
      vertex   2.742664e+00 3.179926e+01 -1.470000e+01
      vertex   6.797147e+00 3.223939e+01 -1.470000e+01
      vertex   7.098772e+00 3.210761e+01 -1.470000e+01
    endloop
  endfacet
  facet normal -1.648312e-15 2.425813e-16 -1.000000e+00
    outer loop
      vertex   2.742664e+00 3.179926e+01 -1.470000e+01
      vertex   7.098772e+00 3.210761e+01 -1.470000e+01
      vertex   2.684209e+00 3.140207e+01 -1.470000e+01
    endloop
  endfacet
  facet normal -9.853656e-16 -3.905456e-15 -1.000000e+00
    outer loop
      vertex   2.684209e+00 3.140207e+01 -1.470000e+01
      vertex   7.098772e+00 3.210761e+01 -1.470000e+01
      vertex   7.417927e+00 3.202709e+01 -1.470000e+01
    endloop
  endfacet
  facet normal -1.563117e-15 4.702719e-16 -1.000000e+00
    outer loop
      vertex   2.684209e+00 3.140207e+01 -1.470000e+01
      vertex   7.417927e+00 3.202709e+01 -1.470000e+01
      vertex   2.568544e+00 3.101762e+01 -1.470000e+01
    endloop
  endfacet
  facet normal 3.461044e-15 -2.366522e-14 -1.000000e+00
    outer loop
      vertex   2.568544e+00 3.101762e+01 -1.470000e+01
      vertex   7.417927e+00 3.202709e+01 -1.470000e+01
      vertex   7.745967e+00 3.200000e+01 -1.470000e+01
    endloop
  endfacet
  facet normal -1.129783e-15 5.296203e-16 -1.000000e+00
    outer loop
      vertex   2.568544e+00 3.101762e+01 -1.470000e+01
      vertex   7.745967e+00 3.200000e+01 -1.470000e+01
      vertex   2.398136e+00 3.065410e+01 -1.470000e+01
    endloop
  endfacet
  facet normal -1.195558e-15 7.909736e-16 -1.000000e+00
    outer loop
      vertex   2.398136e+00 3.065410e+01 -1.470000e+01
      vertex   7.745967e+00 3.200000e+01 -1.470000e+01
      vertex   2.176615e+00 3.031927e+01 -1.470000e+01
    endloop
  endfacet
  facet normal -1.311477e-15 1.175088e-15 -1.000000e+00
    outer loop
      vertex   2.176615e+00 3.031927e+01 -1.470000e+01
      vertex   7.745967e+00 3.200000e+01 -1.470000e+01
      vertex   1.908704e+00 3.002027e+01 -1.470000e+01
    endloop
  endfacet
  facet normal -9.407258e-16 8.192675e-17 -1.000000e+00
    outer loop
      vertex   1.908704e+00 3.002027e+01 -1.470000e+01
      vertex   7.745967e+00 3.200000e+01 -1.470000e+01
      vertex   1.100000e+01 2.600000e+01 -1.470000e+01
    endloop
  endfacet
endsolid
